tree
version=v4
num_class=1
num_tree_per_iteration=1
label_index=0
max_feature_idx=28
objective=binary sigmoid:1
feature_names=open high low close volume buy_pressure sell_pressure net_pressure pressure_ratio volume_surge momentum_2d momentum_5d momentum_10d momentum_acceleration relative_strength gap_size gap_filled vix_level vix_change vix_spike pc_ratio_proxy pc_ratio_change rsi macd macd_signal macd_histogram atr atr_pct volatility_surge
feature_infos=[421.26999999999998:688.72000000000003] [422.11000000000001:689.70000000000005] [419.07999999999998:687.57000000000005] [421.25:687.91999999999996] [557112:383788625] [0:2297914.8335679765] [0:3337799.8342107888] [-3337799.8342107888:2297914.8335679765] [0:2297914.8335679765] [0.14268278394454181:5.0917177891235053] [-0.034778621954414501:0.028817966511535564] [-0.033385806113078842:0.037308335894546296] [-0.046130921583642071:0.053779866172978918] [-0.051840372966680426:0.060882860736160116] [0.010232558139440967:0.99937926752948936] [-0.015763633175521673:0.019740571542899116] [0:1] [14.220000267028809:26.420000076293945] [-0.1789805956097521:0.3183201123002275] [0:1] [0.0090436214920045568:0.01216583770490217] [-0.31934921251187764:-0.097659003252346555] [10.876288659401197:97.85491419122495] [-7.4031693963287353:8.2521258264295057] [-5.6730229843642253:6.7681446611981038] [-3.3960159707262041:2.5753264135145875] [1.9528571428571451:10.382142857142858] [0.0036579149992950599:0.017349100107720786] [0.58782485150114849:1.6870998153666821]
tree_sizes=3194 2977 3199 3097 3310 3085 3097 3192 2987 2641 3207 2855 2971 2859 1929 2874 2034 2239 2237 2026 2549 1510 2342 2450 2042 2448 2133 2040 2244 1725 2037 2136 1179 2557 2035 1613 2660 1593 1608 1513 2135 2239 3108 1712 1510 3190 1615 1599 2344 1400 1396 1398 3216 3302 2148 2780 1612 2033 1935 2897 2444 1291 1297 1295 2653 1295 1610 1931 1938 2238 1935 1181 1398 2783 2471 2760 1616 1402 2039 1920 2128 2661 2891 1401 1406 2668 1949 1404 2658 2026 1613 1296 3104 2139 2563 2879 1829 2460 1725 1509 1175 1394 1391 2350 1194 1719 2795 2038 1834 2880 2354 1717 2038 1614 1934 2984 2573 2032 1817 1613 2237 1412 2239 2249 1302 1709 2146 1505 2138 1933 1506 2041 2865 2446 1831 3109 1520 2352 3118 2335 2023 1734 3096 2953 3001 2970 1835 1628 2892 2771 1827 2160 3003 2468 2043 1935 2557 1717 2035 3071 2042 3012 2886 1928 1725 1930 2229 2041 2658 2358 2357 1931 2246 2568 1732 1919 2248 1826 1297 2576 2044 1940 2359 2579 2258 1945 2245 2140 1720 1299 1927 1502 1405 1611 2247 1419 1718 2271 1517 2362

Tree=0
num_leaves=30
num_cat=0
split_feature=18 15 28 9 18 7 6 14 18 12 12 28 14 18 18 15 18 18 18 27 13 18 18 28 17 0 13 0 0
split_gain=13.1754 17.9229 12.717 11.6176 9.25668 12.1301 8.91706 10.6122 8.73847 8.51583 8.2898 9.47698 8.20454 7.58253 10.9256 9.53741 8.16944 12.6886 14.8694 7.6321 12.4108 5.64719 4.51482 4.46742 4.38034 2.89584 0.974934 0.42939 0.104967
threshold=-0.0045668489381236457 0.00015771083435196291 0.80326510963697384 0.47210050998549424 0.063107496547525913 -913.5078901579426 1873.2435685910166 0.52208469094558552 0.07635531724502366 0.011651830546549615 0.0035603568413520308 0.98803221757931892 0.74949736245054777 -0.014069933050754711 -0.010090417175121656 1.5888909146053367e-05 -0.068038746368588796 -0.051930076870410451 -0.037804181518894746 0.0067341045390415764 0.0017405678349728395 0.12944562994235767 -0.12206806866968693 0.97348812500967896 18.519999504089359 561.45500000000004 0.00093118072518860739 533.11000000000013 549.94500000000005
decision_type=2 2 2 2 2 2 2 2 2 2 2 2 2 2 2 2 2 2 2 2 2 2 2 2 2 2 2 2 2
left_child=3 2 -2 -1 5 9 7 -4 12 -3 -9 -12 27 16 28 -16 22 23 26 20 -20 -10 -5 -18 25 -24 -19 -8 -15
right_child=1 4 6 13 -6 -7 8 10 21 -11 11 -13 -14 14 15 -17 17 18 19 -21 -22 -23 24 -25 -26 -27 -28 -29 -30
leaf_value=0.27702953034170519 0.27140842769767293 0.33534847027354037 0.33616821440912842 0.31075614620589903 0.24748680337733087 0.2601141751629043 0.35256309712088924 0.26554410426615843 0.2902039896636559 0.28288484559590554 0.28719928841478998 0.33534847027354037 0.31918780017194748 0.35871117813779962 0.29391986280574456 0.34594208679498584 0.30045079135850644 0.35900394390050966 0.27000315203666486 0.33093881216485982 0.32743615731264708 0.3313242717897445 0.33411885407015829 0.26034188186723428 0.3180167371211074 0.36485925915470996 0.34026693508706862 0.36485925915470996 0.36485925915470996
leaf_weight=5.1235500723123542 6.0994643718004218 6.0994643718004262 7.3193572461605099 6.0994643718004253 5.3675286471843711 6.5874215215444574 4.8795714974403435 6.3434429466724422 6.8314000964164716 5.123550072312355 9.2711858451366407 6.0994643718004218 8.53925012052059 4.8795714974403399 6.3434429466724378 6.3434429466724396 5.1235500723123533 5.1235500723123533 8.5392501205205971 7.0753786712884894 5.611507222056388 5.3675286471843719 4.8795714974403399 4.8795714974403381 5.1235500723123542 6.3434429466724396 4.8795714974403381 5.3675286471843719 5.123550072312355
leaf_count=21 25 25 30 25 22 27 20 26 28 21 38 25 35 20 26 26 21 21 35 29 23 22 20 20 21 26 20 22 21
internal_value=0.31292 0.304722 0.31268 0.320921 0.282022 0.29243 0.316874 0.304928 0.328068 0.311398 0.294398 0.306306 0.340906 0.323525 0.338416 0.319931 0.318219 0.31029 0.319709 0.305498 0.292778 0.308297 0.332782 0.280885 0.341001 0.351494 0.349864 0.359004 0.36186
internal_weight=0 89.2962 66.1182 91.492 23.178 17.8104 60.0187 29.0335 30.9853 11.223 21.7141 15.3707 18.7864 86.3684 22.69 12.6869 63.6784 41.2324 31.2293 21.2261 14.1508 12.1989 22.446 10.0031 16.3466 11.223 10.0031 10.2471 10.0031
internal_count=741 366 271 375 95 73 246 119 127 46 89 63 77 354 93 52 261 169 128 87 58 50 92 41 67 46 41 42 41
is_linear=0
shrinkage=1


Tree=1
num_leaves=27
num_cat=0
split_feature=18 15 28 9 18 7 6 14 18 12 14 12 28 18 18 15 4 18 17 27 23 5 18 18 22 12
split_gain=12.3996 16.7681 11.8994 10.905 8.56634 11.2895 8.40635 9.98155 8.27516 8.00246 7.82607 7.71729 8.90447 7.1842 10.4221 9.00582 7.72651 9.61273 11.1314 7.78942 7.03184 5.87168 6.70269 5.3066 0.437275 0.107044
threshold=-0.0045668489381236457 0.00015771083435196291 0.80326510963697384 0.47210050998549424 0.063107496547525913 -913.5078901579426 1873.2435685910166 0.52208469094558552 0.07635531724502366 0.011651830546549615 0.74949736245054777 0.0035603568413520308 0.98803221757931892 -0.014069933050754711 -0.010090417175121656 1.5888909146053367e-05 40277275.000000007 -0.033359914959074859 17.650000572204593 0.0067341045390415764 -1.0000000180025095e-35 97079.502773713248 -0.051930076870410451 0.12944562994235767 53.555067453558188 0.011557524005405996
decision_type=2 2 2 2 2 2 2 2 2 2 2 2 2 2 2 2 2 2 2 2 2 2 2 2 2 2
left_child=3 2 -2 -1 5 9 7 -4 10 -3 24 -9 -13 16 25 -16 17 18 21 -19 -20 22 -5 -10 -8 -15
right_child=1 4 6 13 -6 -7 8 11 23 -11 -12 12 -14 14 15 -17 -18 19 20 -21 -22 -23 -24 -25 -26 -27
leaf_value=-0.034628406951089992 -0.040020689937783537 0.021835348032319249 0.022636545911453688 0.00063907395695798712 -0.062885579804876607 -0.050832159387867996 0.038524810765628581 -0.045638082466190971 -0.021958590190134367 -0.029002979326642257 0.0060858285274178383 -0.024852225847180158 0.021835348032319266 0.044674301440325935 -0.018376668799755753 0.032207184695147925 0.034733651400687821 -0.035452742987731455 0.0088185035097364754 0.010442235168083517 -0.037282098858017462 0.046254341308608816 0.033665582876580079 0.01790548482302114 0.050981239796307087 0.050908382861014706
leaf_weight=5.1505463719367972 6.1363007873296729 6.0775250196456945 7.2920358180999783 15.83595798909664 5.416633963584899 6.637100189924241 4.8409189581871086 6.3867487311363247 6.8546620607376081 5.1463538110256195 8.5308658331632596 9.3067635297775251 6.07752501964569 4.8390842825174349 6.3616149723529798 6.3093409538269043 7.0622543692588797 9.5494621843099576 5.6000730395317078 5.1088379323482505 6.3594182878732664 5.5958532392978659 8.4985471814870888 5.3517776131629944 5.3278110325336456 5.08254274725914
leaf_count=21 25 25 30 65 22 27 20 26 28 21 35 38 25 20 26 26 29 39 23 21 26 23 35 22 22 21
internal_value=0 -0.00794113 -0.000230565 0.00777547 -0.0298382 -0.019816 0.00384093 -0.00774183 0.014733 -0.00147496 0.027275 -0.0179168 -0.00640842 0.0103091 0.0248412 0.00681092 0.00514765 0.00145268 0.0087695 -0.019457 -0.0156953 0.0185451 0.0121732 -0.00448063 0.0450512 0.0478678
internal_weight=0 89.383 66.1054 91.3535 23.2776 17.861 59.9691 29.0631 30.906 11.2239 18.6996 21.771 15.3843 86.203 22.5926 12.671 63.6104 56.5481 41.8898 14.6583 11.9595 29.9304 24.3345 12.2064 10.1687 9.92163
internal_count=741 366 271 375 95 73 246 119 127 46 77 89 63 354 93 52 261 232 172 60 49 123 100 50 42 41
is_linear=0
shrinkage=0.03


Tree=2
num_leaves=29
num_cat=0
split_feature=18 15 28 9 5 5 18 7 12 22 18 18 15 18 18 18 27 13 28 10 15 24 10 1 28 17 26 22
split_gain=11.675 15.7093 11.1454 10.2422 8.09823 8.41008 7.96069 10.5298 7.52324 6.95377 6.81346 9.95607 8.50707 7.60673 11.8 13.44 6.82361 11.3585 4.77801 5.42598 6.77014 7.05093 4.40901 4.79339 4.01799 2.50915 0.971391 0.107885
threshold=-0.0045668489381236457 0.00015771083435196291 0.80326510963697384 0.47210050998549424 14876.173321328626 91376.249085141215 0.063107496547525913 -913.5078901579426 0.011651830546549615 55.640449654724584 -0.014069933050754711 -0.010090417175121656 1.5888909146053367e-05 -0.068038746368588796 -0.051930076870410451 -0.037804181518894746 0.0067341045390415764 0.0017405678349728395 0.89079153505212971 0.00058788415808552774 -0.0021610355838234383 1.0005010734194395 0.013911075839517452 466.82500000000005 0.97348812500967896 17.560000419616703 3.4657142857142809 67.567291226400002
decision_type=2 2 2 2 2 2 2 2 2 2 2 2 2 2 2 2 2 2 2 2 2 2 2 2 2 2 2 2
left_child=3 2 -2 -1 18 9 7 8 -3 -6 13 27 -13 22 24 26 17 -17 -4 20 -20 -22 23 -5 -15 -25 -16 -12
right_child=1 6 4 10 5 -7 -8 -9 -10 -11 11 12 -14 14 15 16 -18 -19 19 -21 21 -23 -24 25 -26 -27 -28 -29
leaf_value=-0.033437331952973159 -0.03862321832288601 0.021260931475927829 0.036153792528896118 0.0023375674030445114 -0.0067919021579117174 0.014591186127927983 -0.060581012443727121 -0.049010628984759483 -0.028022557100515048 -0.056764730425435034 0.049930122634948275 -0.017778386850144833 0.031424420656629197 -0.012324631018207676 0.044549618892637866 -0.040542338922450252 0.017192483013065564 0.014326621829753233 -0.01509303431988384 -0.014567804770743049 0.043348310980342648 0.0084979727057417319 -0.0026941655281114067 0.050614580266539082 -0.050274119652048026 0.022300245787428424 0.025740152149039189 0.043642998018070006
leaf_weight=5.1736286133527747 6.1670843511819831 6.0548190027475393 5.6129095405340186 4.8684830218553605 5.1142069548368436 5.6093248128890982 5.4534081220626822 6.6766256242990503 5.1663021147251129 4.9141085296869278 5.0364390760660189 6.3781679272651655 6.2730581164360046 5.1268349438905698 5.0627975165843946 8.6170464605093056 7.0398718714714041 5.6036454886198035 6.3142360299825624 8.5433323681354505 7.7495392411947348 16.037816151976585 6.0801574140787116 6.2749803215265256 4.9212174713611603 5.1111838966608047 4.8270665109157562 4.7951029390096664
leaf_count=21 25 25 23 20 21 23 22 27 21 20 21 26 26 21 21 35 29 23 26 35 32 66 25 26 20 21 20 20
internal_value=0 -0.00769772 -0.00022163 0.00755817 0.00373236 -0.0148255 -0.0288483 -0.0191794 -0.00142962 -0.0312798 0.0100239 0.0242175 0.00661862 0.00500121 -0.0026419 0.00647677 -0.00696318 -0.0189213 0.0102894 0.00653281 0.0125215 0.0198517 0.0190996 0.0272517 -0.0309111 0.0379044 0.0353691 0.0468637
internal_weight=0 89.4137 66.0626 91.1897 59.8955 15.6376 23.3512 17.8977 11.2211 10.0283 86.0161 22.4828 12.6512 63.5333 41.1985 31.1504 21.2606 14.2207 44.2578 38.6449 30.1016 23.7874 22.3348 16.2546 10.0481 11.3862 9.88986 9.83154
internal_count=741 366 271 375 246 64 95 73 46 41 354 93 52 261 169 128 87 58 182 159 124 98 92 67 41 47 41 41
is_linear=0
shrinkage=0.03


Tree=3
num_leaves=28
num_cat=0
split_feature=18 15 28 9 6 17 18 7 12 18 18 15 4 18 17 27 28 16 15 14 5 18 26 11 24 13 27
split_gain=10.9975 14.7378 10.448 9.62606 7.62746 7.54577 7.42579 9.84033 7.07547 6.46533 9.52345 8.03871 7.22493 8.68074 10.2586 6.86244 6.63991 6.15947 7.03755 8.26183 5.6459 6.11004 5.23493 3.18527 3.02663 2.45864 0.108394
threshold=-0.0045668489381236457 0.00015771083435196291 0.80326510963697384 0.47210050998549424 26388.291677726513 16.634999275207523 0.063107496547525913 -913.5078901579426 0.011651830546549615 -0.014069933050754711 -0.010090417175121656 1.5888909146053367e-05 40277275.000000007 -0.033359914959074859 17.650000572204593 0.0067341045390415764 1.1173268390147486 1.0000000180025095e-35 -0.0019133450736111693 0.71288621044139366 97079.502773713248 -0.051930076870410451 3.1714285714285722 -0.0047977816165553069 1.0005010734194395 -0.005448620125305669 0.0062995529077570387
decision_type=2 2 2 2 2 2 2 2 2 2 2 2 2 2 2 2 2 2 2 2 2 2 2 2 2 2 2
left_child=3 2 -2 -1 17 -6 7 8 -3 12 26 -12 13 14 20 -15 -16 25 -19 23 21 -5 -21 -20 -7 -4 -11
right_child=1 6 4 9 5 24 -8 -9 -10 10 11 -13 -14 15 16 -17 -18 18 19 22 -22 -23 -24 -25 -26 -27 -28
leaf_value=-0.032310652893676149 -0.037309548580571519 0.020704222701637402 -0.0098808395500459296 0.00048604304290143595 0.050517178734098583 0.024816164481377415 -0.058485619148507167 -0.047322696740445577 -0.027089683949228071 0.042677120832042649 -0.017203811281686313 0.030671341804047889 0.033605797100092073 -0.03343020383481702 -0.034448120074416749 0.0096605813314962884 0.010708340604325736 -0.028930583208653961 0.041402261237573158 -0.025505516368036264 0.045051505396299457 0.032149932802943031 0.015131246823510441 0.011778054518199327 -0.0031364471843777276 -0.039300955510807735 0.049010626997296462
leaf_weight=5.1931031495332709 6.1922982335090628 6.0314532369375264 5.352411612868309 15.811829611659048 5.0612947344779995 5.7915965467691413 5.4789050817489615 6.7068382948637018 5.1836112141609192 4.747747868299486 6.3932149410247785 6.2348493635654449 7.0013222098350516 9.617596819996832 6.862066522240637 5.084796890616416 5.1152987480163574 5.1432958096265819 6.2913512885570526 6.8722928017377836 5.5360375046730033 8.3977486491203361 4.8783989101648331 6.794374957680704 8.7582094073295575 4.894145652651785 4.9860234707593918
leaf_count=21 25 25 22 65 21 24 22 27 21 20 26 26 29 39 28 21 21 21 26 28 23 35 20 28 36 20 21
internal_value=0 -0.00746341 -0.000213357 0.00735092 0.00362556 0.0189657 -0.0279208 -0.0185768 -0.00138616 0.00975178 0.023622 0.00643357 0.00486166 0.00129506 0.00828009 -0.0185273 -0.0151627 -0.00385305 0.00300994 0.0096244 0.0177196 0.0114695 -0.00863482 0.0260208 0.00799018 -0.023933 0.0459214
internal_weight=0 89.4305 66.0297 90.9816 59.8374 19.6111 23.4008 17.9219 11.2151 85.7885 22.3618 12.6281 63.4267 56.4254 41.723 14.7024 11.9774 40.2263 29.9797 24.8364 29.7456 24.2096 11.7507 13.0857 14.5498 10.2466 9.73377
internal_count=741 366 271 375 246 81 95 73 46 354 93 52 261 232 172 60 49 165 123 102 123 100 48 54 60 42 41
is_linear=0
shrinkage=0.03


Tree=4
num_leaves=30
num_cat=0
split_feature=18 15 28 9 5 5 18 18 22 18 18 18 18 18 18 27 13 15 28 10 10 22 10 1 27 28 17 15 23
split_gain=10.3622 13.8428 9.80244 9.05111 7.3579 7.81392 6.95047 9.39482 6.22481 6.1406 9.12077 7.69806 6.98323 10.988 12.2679 6.11227 10.4312 5.24013 4.53691 4.90383 6.48567 5.35376 4.22626 4.49881 3.8459 3.66291 2.4249 0.981767 0.109074
threshold=-0.0045668489381236457 0.00015771083435196291 0.80326510963697384 0.47210050998549424 14876.173321328626 91376.249085141215 0.063107496547525913 0.02074166080827811 55.640449654724584 -0.014069933050754711 -0.010090417175121656 -0.0080061415002870544 -0.068038746368588796 -0.051930076870410451 -0.037804181518894746 0.0067341045390415764 0.0017405678349728395 0.0026783267505668079 0.89079153505212971 0.00058788415808552774 -0.0048882119314740948 42.263701490069245 0.013911075839517452 466.82500000000005 0.005993287975448216 0.97348812500967896 17.560000419616703 5.5011988734274032e-05 1.2789590612144937
decision_type=2 2 2 2 2 2 2 2 2 2 2 2 2 2 2 2 2 2 2 2 2 2 2 2 2 2 2 2 2
left_child=3 2 -2 -1 18 8 7 -3 -6 12 28 -12 22 25 27 16 -16 -9 -4 20 21 -20 23 -5 -22 -14 -25 -15 -11
right_child=1 6 4 9 5 -7 -8 17 -10 10 11 -13 13 14 15 -17 -18 -19 19 -21 24 -23 -24 26 -26 -27 -28 -29 -30
leaf_value=-0.031242619661271544 -0.036071330229760119 -0.041887624100058335 0.035105168932878662 0.0022002879628921393 -0.0067078311930624515 0.01428044686122935 -0.056571489177744898 -0.020241798969047695 -0.053886317942089104 0.041763303488980358 -0.021052987157568107 0.026387722362814951 -0.01204482060969167 0.024328100377431126 -0.038415028419815651 0.016412396141295749 0.014134693319551169 0.023590843880210287 0.022433913348827689 -0.013875772037180318 0.011579831920612344 -0.012048734241615129 -0.0030626270612292817 0.049324224203760682 0.045155870125804097 -0.048214220879567747 0.021353837990599599 0.04334948433246389 0.048151026109545456
leaf_weight=5.2092538028955451 6.2123917043209067 8.1158622950315529 5.5699715763330451 4.8645210117101731 5.1131957024335843 5.5975258052349082 5.4940988123416892 4.8956698179244977 4.9571616649627686 4.6971056163311022 5.3478366881608963 7.2539753466844541 5.1326122134923917 4.771263122558592 8.6708961725235039 7.0024297386407843 5.5922696292400351 4.9229954183101654 6.2921058535575858 8.5676151216030103 6.0546631515026146 11.383688315749167 6.0655808895826331 6.1907748579978925 6.2290197312831879 4.9503577202558517 5.0775227397680283 5.0026884824037552 4.9320540428161621
leaf_count=21 25 33 23 20 21 23 22 20 20 20 22 30 21 20 35 29 23 20 26 35 25 47 25 26 26 20 21 21 21
internal_value=0 -0.00723956 -0.000205175 0.00715012 0.00352301 -0.0141363 -0.0270491 -0.0180051 -0.0299316 0.00948786 0.0230524 0.00625529 0.00472555 -0.00259421 0.00624425 -0.00654207 -0.0178115 0.00173552 0.00979745 0.00613864 0.0118622 0.000226158 0.0182854 0.0263118 0.0286061 -0.0298026 0.0367207 0.034064 0.0450351
internal_weight=0 89.406 65.9773 90.7611 59.7649 15.6679 23.4286 17.9345 10.0704 85.5519 22.231 12.6018 63.3209 41.1225 31.0395 21.2656 14.2632 9.81867 44.0971 38.5271 29.9595 17.6758 22.1984 16.1328 12.2837 10.083 11.2683 9.77395 9.62916
internal_count=741 366 271 375 246 64 95 73 41 354 93 52 261 169 128 87 58 40 182 159 124 73 92 67 51 41 47 41 41
is_linear=0
shrinkage=0.03


Tree=5
num_leaves=28
num_cat=0
split_feature=18 15 28 9 5 5 18 7 12 9 25 14 5 15 22 15 25 14 25 28 10 10 10 27 18 4 2
split_gain=9.76633 12.994 9.20338 8.51516 6.92888 7.33294 6.53885 9.06925 6.77837 5.87796 10.6579 10.9119 7.42869 6.0827 5.81771 4.73009 5.36809 4.547 7.96817 4.30781 4.61989 6.15436 5.22665 3.68786 2.80734 2.6624 2.05248
threshold=-0.0045668489381236457 0.00015771083435196291 0.80326510963697384 0.47210050998549424 14876.173321328626 91376.249085141215 0.063107496547525913 -913.5078901579426 0.011651830546549615 1.0904287161078463 0.88600995740480071 0.95046286940127556 6168.1460380217241 1.7285124209093905e-05 55.640449654724584 -9.7480686193735088e-05 0.42038125624907219 0.83092115577858139 0.019079135385190463 0.89079153505212971 0.00058788415808552774 -0.0048882119314740948 -0.0081057406369456891 0.005993287975448216 -0.016099229445809656 24410176.000000004 523.17000000000019
decision_type=2 2 2 2 2 2 2 2 2 2 2 2 2 2 2 2 2 2 2 2 2 2 2 2 2 2 2
left_child=3 2 -2 -1 19 14 7 8 -3 10 11 12 17 25 -6 -11 24 18 -5 -4 21 22 -21 -23 26 -14 -17
right_child=1 6 4 9 5 -7 -8 -9 -10 15 -12 -13 13 -15 -16 16 -18 -19 -20 20 -22 23 -24 -25 -26 -27 -28
leaf_value=-0.030228160142652713 -0.034901321154217367 0.020716335704833704 0.034271432324843483 -0.014226076507753599 -0.0064997552259402954 0.013884758638531326 -0.054815448689830806 -0.044953692578225582 -0.026023930172426785 -0.0067546045654807872 0.034999555312915133 -0.042528949545871893 0.044801483778775561 -0.0035433989065881103 -0.052049862182701863 0.010650988737880998 -0.0029140036252971041 -0.030795537517423824 0.031953160575481747 0.01465264467228025 -0.0134335332578708 0.011255621921672969 -0.018221554524740384 0.044229421692333723 0.04863645103209404 0.015195321052647039 0.033556265465337076
leaf_weight=5.2223456203937522 6.2277834862470618 6.0309950262308156 5.5348424762487403 11.207738384604459 5.1184947192668897 5.5845320969820014 5.4998895227909079 6.73592832684517 5.2002510875463486 5.0972023010253933 8.1121033877134305 5.3600008785724631 5.9582599997520465 7.698485240340232 4.9777633398771286 5.8340671360492768 5.0423205494880667 6.106723725795745 4.8043944537639609 9.9144557565450651 8.5839210003614408 6.0423798114061409 7.7590874284505835 6.1696065366268158 6.1311803311109534 5.0512695908546448 8.8799024671316129
leaf_count=21 25 25 23 46 21 23 22 27 21 21 34 22 25 32 20 24 21 25 20 41 35 25 32 26 26 21 37
internal_value=0 -0.00702283 -0.00019761 0.00695781 0.00342352 -0.0136996 -0.0261931 -0.0174316 -0.000925174 0.00923489 0.00328541 -0.00228476 0.00299874 0.0169134 -0.0289573 0.019661 0.0248622 -0.00877018 -0.000370129 0.00952529 0.00596491 0.0115367 0.000220124 0.0279143 0.0315811 0.0312179 0.0244744
internal_weight=0 89.3799 65.9129 90.506 59.6851 15.6808 23.4671 17.9672 11.2312 85.2836 54.299 46.1869 40.8269 18.708 10.0963 30.9847 25.8875 22.1189 16.0121 44.0043 38.4695 29.8855 17.6735 12.212 20.8451 11.0095 14.714
internal_count=741 366 271 375 246 64 95 73 46 354 225 191 169 78 41 129 108 91 66 182 159 124 73 51 87 46 61
is_linear=0
shrinkage=0.03


Tree=6
num_leaves=28
num_cat=0
split_feature=18 15 28 9 15 27 24 15 7 18 18 2 18 18 15 28 12 18 17 10 22 15 12 17 24 13 12
split_gain=9.20553 12.2254 8.64681 8.01156 6.92137 9.21453 8.80746 6.20677 7.46348 6.15886 8.73312 5.83721 5.57132 8.63198 7.40643 6.779 8.71665 9.30189 7.90034 7.11639 6.06339 4.98992 4.27719 2.18824 1.47237 0.625635 0.109904
threshold=-0.0045668489381236457 0.00015771083435196291 0.80326510963697384 0.47210050998549424 -0.0023353549018384576 0.0071425188462550934 0.8659746280181323 -1.5124018059732664e-05 -1749.1567668193068 0.063107496547525913 0.02074166080827811 551.6600000000002 -0.014069933050754711 -0.010090417175121656 1.5888909146053367e-05 1.2769757688378556 -0.0057583470868556854 -0.033359914959074859 15.464999675750734 0.011188592982648517 43.950840895848096 0.0026783267505668079 0.011557524005405996 16.389999389648441 3.7514634678397969 -0.0017539963519040966 0.011557524005405996
decision_type=2 2 2 2 2 2 2 2 2 2 2 2 2 2 2 2 2 2 2 2 2 2 2 2 2 2 2
left_child=3 2 -2 -1 5 -4 25 11 -9 10 -3 -8 15 26 -15 16 -5 19 -19 22 -17 -12 -18 -10 -13 -6 -14
right_child=1 9 4 12 6 -7 7 8 23 -11 21 24 13 14 -16 20 17 18 -20 -21 -22 -23 -24 -25 -26 -27 -28
leaf_value=-0.029262782354462724 -0.033793189260894106 -0.039871192227399613 0.0047247149351667328 -0.030776843145690166 0.039518041283246451 -0.047409361624795622 -0.0060322708734435607 0.011991503012291762 -0.042660835021093899 -0.053198076115144946 -0.019263788210914165 0.036468204091045009 0.040344942937248884 -0.016912616397599736 0.029198333641694836 0.050235904590006285 0.010451762243262023 0.012611051707503736 -0.032011716557806047 -0.013516008512214898 0.0037792287925891756 0.023510106974857239 0.035711585121213953 -0.014349521923217182 0.014604863686611133 0.024817009236858822 0.046821358408136941
leaf_weight=5.232625499367713 6.238861382007598 8.1469866484403664 7.5488815009593946 7.1008661836385718 5.7316555827856064 5.1211444735527039 8.2682832479476911 6.9872429817914989 4.9347748011350649 5.4971102178096762 4.9044125825166685 6.4847085773944837 4.6053466498851794 6.3977515399456006 6.1474157571792603 5.0459567606449109 13.449453935027124 5.8839010596275356 9.0836542099714261 6.5128124207258216 5.0680615156888962 4.9139491468667984 10.940962225198744 4.8936748802661896 4.8423027843236923 4.7765864282846433 4.833077996969223
leaf_count=21 25 33 31 29 24 21 34 29 20 22 20 27 20 26 26 21 56 24 37 27 21 20 46 20 20 20 21
internal_value=0 -0.00681765 -0.000190438 0.00676669 0.0033277 -0.0163475 0.00864078 0.00165814 -0.0117126 -0.0254115 -0.0169092 0.0131323 0.00898287 0.0219885 0.00568279 0.00445078 0.000153647 0.00494173 -0.01447 0.0143436 0.0269568 0.00214393 0.0217827 -0.0285644 0.0271216 0.0328356 0.0436613
internal_weight=0 89.2906 65.8281 90.3019 59.5893 12.67 46.9192 36.411 16.8157 23.4625 17.9653 19.5953 85.0693 21.9836 12.5452 63.0857 52.9717 45.8708 14.9676 30.9032 10.114 9.81836 24.3904 9.82845 11.327 10.5082 9.43842
internal_count=741 366 271 375 246 52 194 150 69 95 73 81 354 93 52 261 219 190 61 129 42 40 102 40 47 44 41
is_linear=0
shrinkage=0.03


Tree=7
num_leaves=29
num_cat=0
split_feature=18 15 28 9 25 14 5 17 15 17 24 15 7 18 7 12 4 14 25 15 14 11 24 15 18 4 17 13
split_gain=8.67808 11.4949 8.12879 7.82002 8.54425 9.05308 9.01039 8.10267 6.512 8.72664 8.36207 5.8476 7.00213 5.82713 8.39178 6.49896 5.54671 5.171 8.8697 4.44111 5.04345 3.22385 2.72192 2.68254 2.28693 2.10114 2.04439 0.601317
threshold=-0.0045668489381236457 0.00015771083435196291 0.80326510963697384 1.0904287161078463 0.88600995740480071 0.95046286940127556 4256.0411871782662 17.515000343322757 -0.0023353549018384576 19.305000305175785 0.8659746280181323 -1.5124018059732664e-05 -1749.1567668193068 0.063107496547525913 -913.5078901579426 0.011651830546549615 4643005.5000000009 0.86651710459287135 -0.26359942925213181 -9.7480686193735088e-05 0.89406244459512474 0.0021622225525359533 3.7606733752918688 1.7285124209093905e-05 -0.016099229445809656 25397616.000000004 16.389999389648441 -0.0017539963519040966
decision_type=2 2 2 2 2 2 2 2 2 2 2 2 2 2 2 2 2 2 2 2 2 2 2 2 2 2 2 2
left_child=3 2 -2 4 5 6 17 23 9 -4 27 16 -13 14 15 -3 -12 18 -1 -5 24 -20 -18 -8 25 -21 -14 -10
right_child=1 13 8 19 -6 -7 7 -9 10 -11 11 12 26 -15 -16 -17 22 -19 21 20 -22 -23 -24 -25 -26 -27 -28 -29
leaf_value=-0.02641703382984676 -0.032741369559341267 0.020704461175689637 0.0047278229616595597 -0.0067360173587553704 0.028057349408627193 -0.041228059456150372 0.041153565404569895 -0.0080805174302886057 0.038660547443743191 -0.045920102384118131 -0.0073733971310884824 0.01165856392832876 -0.041218558223987074 -0.051702974364182301 -0.042835516853779475 -0.025041844569802716 0.037189752437037552 -0.036802565520619591 -0.0017592499650601627 0.011879895013207077 0.0016199682935533022 0.03253804359739372 0.0080529235922010747 0.012386682045604723 0.04717639067195728 0.036120032582546487 -0.013892732282031632 0.024200018150598291
leaf_weight=8.8604207783937472 6.2459871172904959 6.0276841521263158 7.5470469743013364 5.0885414183139828 8.5015890896320325 5.3817386478185645 7.5428098440170306 8.4862208217382413 5.6837453693151474 5.1516880542039871 7.5485585778951636 6.9714203625917461 4.953915476799013 5.4865319430828086 6.7453755140304574 5.2114021927118301 7.1628295183181745 5.914345607161521 5.0694678872823733 6.053681239485746 6.7206269800662986 4.8040312379598618 4.8322852551937103 4.757616251707077 6.0015219002962104 6.8712308406829834 4.9027977585792542 4.7517949342727643
leaf_count=36 25 25 31 21 36 22 32 35 24 21 31 29 20 22 27 21 30 24 21 25 28 20 20 20 26 29 20 20
internal_value=0 -0.0066167 -0.000183223 0.00658426 0.000220693 -0.00443636 -7.84038e-05 0.0144695 0.00323421 -0.0158193 0.00840338 0.0016114 -0.0113518 -0.0246396 -0.0163833 -0.000507441 0.0127734 -0.0123471 -0.00462641 0.0188656 0.0239452 0.0149284 0.0254519 0.030027 0.0318727 0.0247666 -0.0276265 0.032076
internal_weight=0 89.2231 65.7521 90.0538 59.3182 50.8167 45.4349 20.7866 59.5061 12.6987 46.8073 36.3718 16.8281 23.471 17.9845 11.2391 19.5437 24.6483 18.7339 30.7356 25.6471 9.8735 11.9951 12.3004 18.9264 12.9249 9.85671 10.4355
internal_count=741 366 271 375 246 210 188 87 246 52 194 150 69 95 73 46 81 101 77 129 108 41 50 52 80 54 40 44
is_linear=0
shrinkage=0.03


Tree=8
num_leaves=27
num_cat=0
split_feature=18 15 28 9 25 14 5 17 5 28 28 22 14 25 28 15 25 28 10 10 22 25 27 11 15 14
split_gain=8.18324 10.8315 7.6462 7.40243 8.08557 8.47146 8.49235 7.6888 6.2675 6.97013 5.82105 7.50207 4.83851 8.33616 4.22394 5.10315 4.89996 4.14076 4.14212 5.70692 4.86519 4.0977 3.39196 3.05945 2.57659 1.01233
threshold=-0.0045668489381236457 0.00015771083435196291 0.80326510963697384 1.0904287161078463 0.88600995740480071 0.95046286940127556 4256.0411871782662 17.515000343322757 14876.173321328626 1.0423835475991832 0.94111707827927826 66.270661298688097 0.86651710459287135 -0.26359942925213181 1.2873580850416309 1.5707840957242442e-05 0.42038125624907219 0.89079153505212971 0.00058788415808552774 -0.0048882119314740948 42.263701490069245 -0.36846025892320639 0.005993287975448216 0.0021622225525359533 1.7285124209093905e-05 0.73052850635159106
decision_type=2 2 2 2 2 2 2 2 2 2 2 2 2 2 2 2 2 2 2 2 2 2 2 2 2 2
left_child=3 2 -2 4 5 6 12 24 17 -10 -3 -12 13 -1 15 -5 21 -4 19 20 -19 -17 -21 -15 -8 -23
right_child=1 10 8 14 -6 -7 7 -9 9 -11 11 -13 -14 23 -16 16 -18 18 -20 22 -22 25 -24 -25 -26 -27
leaf_value=-0.025561114375493542 -0.031740972736726242 -0.0039186314910570055 0.033349182419766865 -0.012101405572071386 0.027394216473058616 -0.039798443443053812 0.040313934264644323 -0.0078280925108470453 -0.030088939268651013 0.010494645530213276 -0.01729337153772206 -0.060303450976473126 -0.035572106265349332 -0.0017059571403546141 0.042518506274979148 0.0066282402523192918 -0.0059820890583608503 0.021221194751967293 -0.012861998344093219 0.010752402391354488 -0.011755489520999834 0.029968017717792436 0.042583852697604875 0.031754513184487805 0.012045938767037493 0.049170760215681585
leaf_weight=8.8820570558309573 6.2494967132806769 8.3944472819566744 5.4860180914401999 5.5715166330337587 8.4469972401857358 5.4073967039585105 7.4700106382370013 8.4969061166048032 9.1208472400903684 6.5396026074886313 8.8156011849641782 6.2288362234830847 5.9350275248289099 5.0709745585918444 5.3810420930385581 4.9454936534166398 4.7824472188949576 6.2300355881452552 8.5925328284502012 6.0138053447008186 11.384100899100302 4.699974492192263 6.037730947136879 4.7753273099660873 4.745613306760788 5.2094014137983322
leaf_count=36 25 34 23 23 36 22 32 35 37 27 36 25 24 21 23 21 20 26 35 25 47 20 26 20 20 22
internal_value=0 -0.00642637 -0.000176349 0.00640569 0.000216441 -0.00430415 -7.43359e-05 0.0140879 0.00314432 -0.0131418 -0.0239332 -0.0351008 -0.0119679 -0.00448774 0.0183898 0.0132393 0.020429 0.00897474 0.00547957 0.0107921 -9.17945e-05 0.0289319 0.0266997 0.0145219 0.0293322 0.040063
internal_weight=0 89.0931 65.6542 89.8202 59.2303 50.7833 45.3759 20.7125 59.4047 15.6604 23.4389 15.0444 24.6634 18.7284 30.5899 25.2088 19.6373 43.7442 38.2582 29.6657 17.6141 14.8549 12.0515 9.8463 12.2156 9.90938
internal_count=741 366 271 375 246 210 188 87 246 64 95 61 101 77 129 106 83 182 159 124 73 63 51 41 52 42
is_linear=0
shrinkage=0.03


Tree=9
num_leaves=24
num_cat=0
split_feature=9 18 15 28 5 5 28 22 1 26 17 18 14 28 17 26 22 28 18 22 10 11 27
split_gain=7.71894 9.81749 10.0631 7.39944 7.17975 7.06632 5.99402 7.07972 5.31947 5.58071 8.97373 7.26047 6.6936 7.63164 4.42447 8.44018 8.34272 4.41199 4.36573 3.804 2.53344 2.97521 1.28789
threshold=0.42672057136818736 -0.0045668489381236457 0.00015771083435196291 0.80326510963697384 10640.605149719344 91376.249085141215 0.94111707827927826 66.270661298688097 664.58000000000004 4.4392857142857096 19.095000267028812 -0.015553345739007572 0.94811627177665403 1.0360506961422093 19.305000305175785 3.3324999999999982 41.707838332127217 0.971034352456836 -0.010090417175121656 55.640449654724584 0.0040655194529996006 0.0084612453894248336 0.0071425188462550934
decision_type=2 2 2 2 2 2 2 2 2 2 2 2 2 2 2 2 2 2 2 2 2 2 2
left_child=-1 8 3 -3 14 19 -4 -8 9 10 11 12 13 -2 15 17 -16 -5 -13 -6 -11 -22 -17
right_child=1 2 6 4 5 -7 7 -9 -10 20 -12 18 -14 -15 16 22 -18 -19 -20 -21 21 -23 -24
leaf_value=-0.033561054861100857 0.019487324234480873 -0.030787674651406513 -0.0020922778398642611 0.01539543735369338 -0.0089711968518119758 0.013669233682188373 -0.016758723119489088 -0.058542514803306266 -0.013837016231994364 0.042818155574830319 -0.032278982102648138 0.042064006912379714 -0.019367461551362451 -0.014928454563138585 0.021158313791322669 0.044486555530468715 -0.031023825417352879 -0.013730965574173229 0.01136878882162652 -0.045402036146664382 0.0025051453655020664 0.033688345702444 0.024135274583425272
leaf_weight=5.9560158550739279 21.054312527179722 6.2497027218341819 8.1465147137641925 11.773855388164526 4.87371778488159 5.5628033876419059 8.823808088898657 6.223761022090911 8.6696522682905179 5.5810275673866299 4.8843384236097327 8.315046504139902 9.1886664330959302 8.0031774640083295 5.2491831779479963 6.8285622298717481 5.8089250177145004 7.7692152261734 8.3659538328647596 5.4799903184175491 5.5389213114976865 5.4762853533029556 4.7420332431793213
leaf_count=24 88 25 33 49 20 23 36 25 36 24 20 37 38 33 22 29 24 32 35 22 23 23 20
internal_value=0 0.00117564 -0.00587799 0.000229456 0.00356658 -0.0136014 -0.0228194 -0.0340407 0.00843279 0.0109596 0.00668884 0.010154 0.00295078 0.0100083 0.0100461 0.0158392 -0.00625344 0.00381643 0.0266696 -0.0282532 0.0263513 0.0180081 0.0361459
internal_weight=0 172.609 87.5321 64.338 58.0883 15.9165 23.1941 15.0476 85.0774 76.4077 59.8115 54.9272 38.2462 29.0575 42.1718 31.1137 11.0581 19.5431 16.681 10.3537 16.5962 11.0152 11.5706
internal_count=741 717 360 266 241 65 94 61 357 321 251 231 159 121 176 130 46 81 72 42 70 46 49
is_linear=0
shrinkage=0.03


Tree=10
num_leaves=29
num_cat=0
split_feature=18 15 9 25 14 5 17 28 15 27 24 18 18 15 7 2 14 25 15 15 14 11 15 18 4 26 26 24
split_gain=7.26878 9.59768 6.91096 7.56968 7.76836 7.83463 7.03346 6.77821 6.08544 8.30275 7.78508 5.63251 7.87957 5.45741 6.18987 5.18425 4.56215 7.63181 4.56038 4.13898 4.62118 2.90532 2.51048 2.2207 2.62738 1.95551 1.33787 0.562416
threshold=-0.0045668489381236457 0.00015771083435196291 1.0904287161078463 0.88600995740480071 0.95046286940127556 4256.0411871782662 17.515000343322757 0.80326510963697384 -0.0023353549018384576 0.0071425188462550934 0.8659746280181323 0.063107496547525913 0.02074166080827811 -1.5124018059732664e-05 -1749.1567668193068 551.6600000000002 0.86651710459287135 -0.26359942925213181 0.0026783267505668079 -9.7480686193735088e-05 0.94811627177665403 0.0021622225525359533 1.7285124209093905e-05 -0.016555003938435228 25397616.000000004 3.2667857142857217 3.5585714285714407 0.21937007168989445
decision_type=2 2 2 2 2 2 2 2 2 2 2 2 2 2 2 2 2 2 2 2 2 2 2 2 2 2 2 2
left_child=2 7 3 4 5 16 22 -2 9 -9 27 12 -3 15 -15 -12 17 -1 -14 -4 23 -19 -7 24 -21 -16 -17 -10
right_child=1 11 19 -5 -6 6 -8 8 10 -11 13 -13 18 14 25 26 -18 21 -20 20 -22 -23 -24 -25 -26 -27 -28 -29
leaf_value=-0.024455396727953372 -0.029877633423764718 -0.036235267927389091 -0.0070506829639427216 0.026528258877369731 -0.038196770235258332 0.03915325622694555 -0.0074327854028944313 0.0046752449675440217 0.02338107093168881 -0.044713076833509613 -0.0057250298505932854 -0.04925429541667866 -0.016784793494715011 0.010695312024481712 -0.039605418742914435 0.013654751184034433 -0.034511704098750456 -0.0018727031676093017 0.024079131154450546 0.0076029722701249037 -0.0031108770385766308 0.030825152988549029 0.011091063782848593 0.042330319529817917 0.034590534575779576 -0.012895542796340066 0.034637316489167659 0.037455612030476731
leaf_weight=8.8988202661275881 6.2468957155942908 8.1565843075513893 5.0686313956975964 8.3566413670778257 5.4293968677520743 7.3469612598419207 8.5063244849443418 7.5244623124599439 4.7066918611526471 5.1672719568014145 8.2648009806871396 5.4479865133762351 4.9153783321380597 6.9136536121368435 4.9606176912784594 4.7952908277511579 5.9476998001337043 5.0614527165889758 4.9161951541900635 6.2521394789218956 5.0217903703451148 4.7322763502597809 4.7076006531715393 7.2582994550466529 6.7539086043834686 4.9074108451604843 6.3650227189064026 5.5900416225194931
leaf_count=36 25 33 21 36 22 32 35 31 20 21 34 22 20 29 20 20 24 21 20 26 21 20 20 32 29 20 27 24
internal_value=0 -0.00605636 0.00606091 7.54554e-05 -0.00429062 -0.000217933 0.0134549 -0.000156784 0.00297967 -0.0154326 0.00800473 -0.0225301 -0.0144363 0.0014589 -0.011072 0.0122846 -0.0116271 -0.00434556 0.00364887 0.0176922 0.0226519 0.0139267 0.0281943 0.0290363 0.0216173 -0.0263225 0.0256217 0.0310221
internal_weight=0 88.8783 89.3419 58.9872 50.6305 45.2011 20.5609 65.4422 59.1953 12.6917 46.5035 23.4361 17.9882 36.2068 16.7817 19.4251 24.6402 18.6925 9.83157 30.3548 25.2861 9.79373 12.0546 20.2643 13.006 9.86803 11.1603 10.2967
internal_count=741 366 375 246 210 188 87 271 246 52 194 95 73 150 69 81 101 77 40 129 108 41 52 87 55 40 47 44
is_linear=0
shrinkage=0.03


Tree=11
num_leaves=26
num_cat=0
split_feature=9 18 15 28 5 5 18 12 18 1 28 17 26 2 24 17 26 22 25 28 10 22 11 23 27
split_gain=7.16583 8.77661 8.92171 6.5681 6.63484 6.62426 5.53699 8.65267 5.77757 4.98842 5.3389 9.90858 6.25564 7.39652 4.9911 4.2094 7.84444 7.83152 4.19234 4.15966 3.7244 3.52915 3.44687 1.92 1.25157
threshold=0.42672057136818736 -0.0045668489381236457 0.00015771083435196291 0.80326510963697384 10640.605149719344 91376.249085141215 0.063107496547525913 0.009121920932243734 0.02074166080827811 664.58000000000004 1.2873580850416309 19.095000267028812 2.8121428571428537 455.87500000000006 3.9426174707715127 19.305000305175785 3.3324999999999982 41.707838332127217 0.090049450630203878 0.971034352456836 0.0046652314400797987 55.640449654724584 0.006624678440427135 0.41257636133155989 0.0071425188462550934
decision_type=2 2 2 2 2 2 2 2 2 2 2 2 2 2 2 2 2 2 2 2 2 2 2 2 2
left_child=-1 9 3 -3 15 21 7 -4 -9 10 11 12 13 22 20 16 19 -17 -16 -5 -14 -6 -2 -12 -18
right_child=1 2 6 4 5 -7 -8 8 -10 -11 23 -13 14 -15 18 17 24 -19 -20 -21 -22 -23 -24 -25 -26
leaf_value=-0.03232219490245275 0.028050047022982395 -0.029007444056291326 0.018575083418312616 0.015039902108780034 -0.008715951993830913 0.013345427913843728 -0.048035442675646065 -0.051152293524208158 -0.0096766329277952236 -0.013534456735765435 0.043073881880182893 -0.027441702675415736 0.035083249281648139 -0.029117601473834825 0.017249360582301639 0.020442358081752581 0.04335892012428471 -0.030183008861930927 -0.021183414228764262 -0.013246276659971837 0.014454487989815955 -0.043811008846988055 -0.0069871941617032137 0.016767118265237715 0.023172191377830074
leaf_weight=5.9591814875602713 5.4336670637130755 6.2413454055786124 5.3315600454807344 11.728201761841779 4.8713358938693982 5.5424714386463156 5.419065833091735 5.2177984863519651 7.1852734684944153 8.6666755676269513 5.3818006217479688 6.6145321875810614 13.644852399826048 6.5568817406892768 5.4234157800674421 5.2119095474481565 6.7252286672592145 5.8223638832569122 4.8288230150938034 7.7847044616937628 18.633593574166298 5.4796950966119766 4.7239639610052109 4.658146545290947 4.6931276023387909
leaf_count=24 23 25 22 49 20 23 22 21 29 36 23 27 59 27 23 22 29 24 20 32 79 22 20 20 20
internal_value=0 0.0011408 -0.00553423 0.000231208 0.00338523 -0.0131225 -0.0214957 -0.0133861 -0.0271249 0.00802798 0.0104901 0.00738353 0.0112716 -0.00427852 0.0173828 0.00963716 0.0153121 -0.00627071 -0.000852546 0.00375509 0.0231747 -0.0272948 0.0117554 0.0308686 0.0350619
internal_weight=0 171.82 87.2541 64.1004 57.859 15.8935 23.1537 17.7346 12.4031 84.5664 75.8997 65.8597 59.2452 16.7145 42.5307 41.9655 30.9313 11.0343 10.2522 19.5129 32.2784 10.351 10.1576 10.0399 11.4184
internal_count=741 717 360 266 241 65 94 72 50 357 321 278 251 70 181 176 130 46 43 81 138 42 43 43 49
is_linear=0
shrinkage=0.03


Tree=12
num_leaves=27
num_cat=0
split_feature=9 18 15 15 24 27 28 22 28 17 18 18 17 22 23 27 24 28 23 16 26 4 27 28 0 14
split_gain=6.73779 8.2808 8.42152 6.49722 8.86898 7.24638 5.397 6.59574 4.76859 10.2657 6.64509 7.34188 6.75797 4.54074 3.94532 3.85324 3.46686 7.11351 5.36548 3.37285 5.13422 4.98335 3.96792 3.9557 1.27255 0.589817
threshold=0.42672057136818736 -0.0045668489381236457 0.00015771083435196291 -0.0023353549018384576 0.8659746280181323 0.0072902111468656208 0.94111707827927826 66.270661298688097 1.2769757688378556 19.095000267028812 -0.014069933050754711 -0.033359914959074859 15.464999675750734 43.079140588306537 3.3873810881535751 0.006323109683224879 0.95249016784936569 1.0107926010540551 0.22637888952118604 1.0000000180025095e-35 3.5553571428571398 26015810.000000004 0.0072758356856977516 0.95570362311195722 578.62500000000011 0.46531049250282358
decision_type=2 2 2 2 2 2 2 2 2 2 2 2 2 2 2 2 2 2 2 2 2 2 2 2 2 2
left_child=-1 8 3 5 25 -3 -4 -8 9 10 11 16 -13 -10 24 -14 18 -18 -2 21 23 -6 -22 -21 -12 -5
right_child=1 2 6 4 19 -7 7 -9 13 -11 14 12 15 -15 -16 -17 17 -19 -20 20 22 -23 -24 -25 -26 -27
leaf_value=-0.031325736120712704 0.0056041480815432641 -0.0016623180434248213 -0.0012407263400028132 0.036793769990492123 -0.03672002323732651 -0.04709112935319059 -0.01490710866893768 -0.055373687060739536 0.046924109414904311 -0.028125618016939316 0.025665407558139022 0.011974578282911603 -0.046533835545320035 0.010145024405694137 0.0025351600847137085 -0.0093603025235543327 0.014034379517638147 -0.02777670585407533 0.047561754580606894 0.0067360561106193997 0.038796704132981551 0.0052634845481183742 0.0012928529718951585 -0.020387748861393714 0.045331337584493502 0.02229414085237072
leaf_weight=5.9641930013895026 5.979383632540701 8.7333372831344587 8.1323288977146166 5.5622395575046522 5.1686558425426465 4.9519220590591422 8.7846717089414579 6.1719211786985388 5.0305541604757291 7.6087872982025138 7.029621437191965 5.8325700163841274 5.2076188921928388 7.5632613897323608 5.112258866429328 4.843866690993309 15.113712623715402 4.8333984911441794 5.067923441529274 11.185102939605718 5.4183676242828351 5.011843666434288 4.7776833772659302 8.5291238278150541 5.1169381588697433 4.6238552182912827
leaf_count=24 25 36 33 24 21 20 36 25 22 31 31 24 21 32 22 20 64 20 22 46 23 21 20 35 23 20
internal_value=0 0.00111063 -0.00538009 0.000226127 0.00521458 -0.0181004 -0.0209107 -0.0316059 0.00781 0.00482132 0.00872991 0.00287075 -0.0137136 0.0248363 0.0246446 -0.0286197 0.0113699 0.00390311 0.0248521 -0.00113662 0.00393997 -0.0160516 0.0212231 -0.00499873 0.03395 0.0302118
internal_weight=0 171.391 87.0511 63.9621 50.2769 13.6853 23.0889 14.9566 84.3399 71.7461 64.1373 46.8785 15.8841 12.5938 17.2588 10.0515 30.9944 19.9471 11.0473 40.0908 29.9103 10.1805 10.1961 19.7142 12.1466 10.1861
internal_count=741 717 360 266 210 56 94 61 357 303 272 196 65 54 76 41 131 84 47 166 124 42 43 81 54 44
is_linear=0
shrinkage=0.03


Tree=13
num_leaves=26
num_cat=0
split_feature=9 18 15 28 5 5 18 12 18 1 26 17 18 26 23 14 17 26 22 28 22 10 11 4 27
split_gain=6.3387 7.81516 7.93684 6.19206 6.1525 6.20102 5.32518 8.02151 5.37922 4.6615 5.03105 7.54336 6.30316 6.30095 5.2743 4.67399 4.03031 7.29727 7.2815 3.75384 3.32495 2.32404 2.71663 1.72699 1.17217
threshold=0.42672057136818736 -0.0045668489381236457 0.00015771083435196291 0.80326510963697384 10640.605149719344 91376.249085141215 0.063107496547525913 0.009121920932243734 0.02074166080827811 664.58000000000004 4.4392857142857096 19.095000267028812 -0.016099229445809656 2.7557142857142871 3.3873810881535751 0.94811627177665403 19.305000305175785 3.3324999999999982 41.707838332127217 0.971034352456836 55.640449654724584 0.0040655194529996006 0.0084612453894248336 3125034.5000000005 0.0071425188462550934
decision_type=2 2 2 2 2 2 2 2 2 2 2 2 2 2 2 2 2 2 2 2 2 2 2 2 2
left_child=-1 9 3 -3 16 20 7 -4 -9 10 11 12 13 -2 23 -15 17 19 -18 -5 -6 -12 -23 -14 -19
right_child=1 2 6 4 5 -7 -8 8 -10 -11 21 -13 14 15 -16 -17 18 24 -20 -21 -22 22 -24 -25 -26
leaf_value=-0.030375912488409703 -0.019134191115126722 -0.028184380170243491 0.018418571819763231 0.014566894914386083 -0.0082815720420216545 0.013059283717620012 -0.046482857269427066 -0.048935045921077926 -0.0088281386525227989 -0.013235502864548937 0.040893653460364769 -0.029662432777980644 0.021389749115874043 0.016620381036211933 0.0024841389846159377 -0.01272139485779337 0.019683387964494901 0.042245136087865162 -0.029215073358049872 -0.012293280634564589 -0.042352929120508635 0.0019850620439140921 0.031968260607087171 0.045070689325562019 0.022598988679237458
leaf_weight=5.9661292135715476 9.4900893718004209 6.2327764332294455 5.3236957788467469 11.680163681507116 4.871598541736601 5.5225993841886512 5.3685182332992545 5.1787361204624158 7.1858894824981689 8.6643218994140607 5.3851485848426845 4.9125887006521216 4.5783237069845217 19.808629140257839 6.8216549754142752 6.4858618676662436 5.1681399792432767 6.6109082251787168 5.8354080021381378 7.816504254937171 5.4747500866651535 5.5053278952836973 5.3749375641345978 7.0235161185264587 4.6598347127437592
leaf_count=24 39 25 22 49 20 23 22 21 29 36 24 20 20 84 29 27 22 29 24 32 22 23 23 32 20
internal_value=0 0.00108149 -0.00522523 0.000221099 0.00329267 -0.0126092 -0.0203128 -0.01237 -0.0256263 0.00760425 0.00999942 0.00593436 0.0091603 0.00182013 0.0234174 0.00938287 0.00933386 0.0149067 -0.00624847 0.00379825 -0.0263104 0.0247749 0.016797 0.0357257 0.0341225
internal_weight=0 170.98 86.9295 63.8727 57.6399 15.8689 23.0568 17.6883 12.3646 84.0504 75.3861 59.1207 54.2081 35.7846 18.4235 26.2945 41.771 30.7674 11.0035 19.4967 10.3463 16.2654 10.8803 11.6018 11.2707
internal_count=741 717 360 266 241 65 94 72 50 357 321 251 231 150 81 111 176 130 46 81 42 70 46 52 49
is_linear=0
shrinkage=0.03


Tree=14
num_leaves=17
num_cat=0
split_feature=18 18 18 22 17 22 6 18 23 11 18 9 13 12 28 9
split_gain=6.1074 8.76339 10.4603 6.71772 10.6232 7.68207 5.93337 8.08819 7.31473 5.78592 8.09351 5.77612 4.48951 3.85328 3.22904 1.71985
threshold=-0.068038746368588796 -0.051930076870410451 -0.037804181518894746 36.07998354924154 20.795000076293949 57.342991402952329 1749.1567668193072 -0.010090417175121656 3.9978288052314501 -0.0026970151643287417 0.023648854835596981 1.0059181397446897 0.014320408823433441 0.0078532283158284661 0.97348812500967896 0.90748722423747397
decision_type=2 2 2 2 2 2 2 2 2 2 2 2 2 2 2 2
left_child=12 14 15 -4 5 9 7 -7 -8 10 -5 -11 13 -1 -2 -3
right_child=1 2 3 4 -6 6 8 -9 -10 11 -12 -13 -14 -15 -16 -17
leaf_value=0.0080046817733082608 -0.011972650968887652 0.016539694678135802 0.022784741671121822 -0.032087502896110787 -0.035624174084238076 0.001262176843960268 0.012581963538361281 -0.024681254054276975 -0.016388544919506323 0.0091625411940650468 0.013911225168589055 0.043018028720857256 -0.0044308295003730657 0.037335494724950923 -0.045565762591317692 0.041783368240192069
leaf_weight=7.8094267994165483 5.1063157618045789 4.6414569169282895 8.8476500362157804 5.8247239142656317 9.0187719315290433 18.180682137608521 22.294410422444344 26.696533948183067 12.101496204733847 14.32938599586487 8.4178398102521879 6.6357611566781989 7.9212142676115027 8.3319512605667096 5.1953568160533905 5.0957293957471848
leaf_count=33 21 20 38 24 37 78 94 109 50 61 35 29 33 36 21 22
internal_value=0 -0.00219639 -0.000259229 -0.00246713 -0.0042762 -0.00180661 -0.00698566 -0.014171 0.00238928 0.00985445 -0.00490069 0.0198783 0.0140671 0.0231448 -0.0289144 0.0297504
internal_weight=0 152.386 142.084 132.347 123.5 114.481 79.2731 44.8772 34.3959 35.2077 14.2426 20.9651 24.0626 16.1414 10.3017 9.73719
internal_count=741 639 597 555 517 480 331 187 144 149 59 90 102 69 42 42
is_linear=0
shrinkage=0.03


Tree=15
num_leaves=26
num_cat=0
split_feature=9 18 18 4 23 17 26 22 12 10 17 23 28 17 24 17 28 10 18 16 13 22 14 15 12
split_gain=5.92085 7.11449 11.0446 6.26107 6.1401 7.79072 8.28748 7.30556 11.2582 5.76997 14.6656 6.91802 6.61606 6.80705 7.67188 5.67022 5.55155 4.91799 4.73098 4.4412 6.06984 4.31866 3.20166 2.55471 0.145311
threshold=0.42672057136818736 -0.010090417175121656 -0.014069933050754711 1469287.5000000002 0.54156532997132001 16.150000572204593 2.7557142857142871 69.620869074172717 0.011177411875574196 -0.0028039035802134289 16.634999275207523 4.1832608269783131 1.2426176597623475 20.814999580383304 0.78875037335225062 16.265000343322757 0.90953131373300156 -0.0053709188977938962 0.016631976690828058 1.0000000180025095e-35 0.010807438966916218 68.133548140354279 0.64804650146434872 1.8451127174578529e-05 0.011557524005405996
decision_type=2 2 2 2 2 2 2 2 2 2 2 2 2 2 2 2 2 2 2 2 2 2 2 2 2
left_child=-1 2 4 -3 19 6 -6 8 22 12 11 15 13 14 -5 18 -12 -16 -11 -2 -21 -8 -7 -18 -4
right_child=1 3 24 9 5 7 21 -9 -10 10 16 -13 -14 -15 17 -17 23 -19 -20 20 -22 -23 -24 -25 -26
leaf_value=-0.029362697987323036 0.034217093679626609 0.022916873838720566 0.035929147807031367 0.037457412846023476 -0.016991533858996363 -0.003547797375073789 0.0044417781846051996 -0.038896139756681047 0.035766710969313463 0.013973826518774841 -0.0052746244587880391 -0.024867561492544692 0.036115867329701748 -0.030823412836023942 -0.015176098891574489 0.03524418761401054 -0.027963473595536505 0.012574869482743783 -0.016866895138516729 0.021881847203787132 -0.019982910874724806 0.039802776779260342 -0.038111325311035005 -0.051788955863141098 0.043685049657143524
leaf_weight=5.962488740682601 8.2049125283956528 7.1361279785633078 4.2052479982376081 5.0953567922115353 6.3309924155473736 4.7749907970428485 5.3498611748218519 7.6060147732496253 4.6624618321657172 10.134348854422578 5.3695342093706158 7.381998509168624 4.6335559189319602 6.0985214859247199 13.276959806680681 5.4496691972017279 7.7211931347847012 10.134555339813231 8.0185038149356824 8.2923149615526182 4.9940541237592706 7.4192774593830109 4.8741145133972168 8.519769608974455 4.5011762529611588
leaf_count=24 35 30 20 22 26 20 23 31 20 43 22 30 20 25 55 23 32 43 33 35 21 32 20 35 21
internal_value=0 0.00105154 0.00828252 -0.00415162 0.00387333 -0.00293254 0.0110731 -0.0151378 -0.00251117 -0.00625502 -0.0127502 0.000479763 0.002451 -0.00205662 0.00409751 0.00840747 -0.031719 -0.00316305 0.000350819 0.0168628 0.0061458 0.0249876 -0.0210071 -0.040462 0.0399389
internal_weight=0 170.186 71.2154 98.9701 62.509 41.0177 19.1001 21.9176 14.3116 91.834 52.595 30.9845 39.2389 34.6054 28.5069 23.6025 21.6105 23.4115 18.1529 21.4913 13.2864 12.7691 9.64911 16.241 8.70642
internal_count=741 717 304 413 263 172 81 91 60 383 218 129 165 145 120 99 89 98 76 91 56 55 40 67 41
is_linear=0
shrinkage=0.03


Tree=16
num_leaves=18
num_cat=0
split_feature=18 18 18 22 19 22 11 12 6 18 23 11 13 23 24 28 9
split_gain=5.58872 7.98576 9.6819 6.20437 9.62761 6.21037 8.22332 7.8418 5.67887 7.20451 6.68279 5.19064 4.10997 3.63762 6.452 3.05635 1.6126
threshold=-0.068038746368588796 -0.051930076870410451 -0.037804181518894746 36.07998354924154 1.0000000180025095e-35 57.342991402952329 -0.0033110196980137281 -0.0029997925100643248 1749.1567668193072 -0.010090417175121656 3.9978288052314501 0.0055309357826887071 0.014320408823433441 1.1356029011893158 0.31189574260332481 0.97348812500967896 0.90748722423747397
decision_type=2 2 2 2 2 2 2 2 2 2 2 2 2 2 2 2 2
left_child=12 15 16 -4 5 6 7 -5 9 -7 -10 -8 13 14 -1 -2 -3
right_child=1 2 3 4 -6 8 11 -9 10 -11 -12 -13 -14 -15 -16 -17 -18
leaf_value=0.03583788948302085 -0.011123323167533925 0.016016498273514979 0.022029883459623263 0.00701536261130395 -0.037071194152953554 0.00089586622546550026 0.036582975316995704 -0.037099016206175339 0.012263745751573444 -0.02364333013176299 -0.015431179052845849 0.0060938579782480193 -0.004153937093466684 0.0415592764821964 -0.011659641119772407 -0.043774195450735923 0.040600390552658919
leaf_weight=5.0533532500267047 5.1208520084619504 4.6141351759433729 8.7622137516736966 11.043650925159456 7.4847915172576895 18.060380265116684 9.9171928465366381 5.3998084813356391 22.21253590285778 26.666775479912765 12.120210140943525 10.188198611140249 7.9255218505859366 5.6740561425685874 5.2459245622158051 5.2006285488605499 5.0076030939817429
leaf_count=22 21 20 38 46 31 78 43 22 94 109 50 44 33 25 22 21 22
internal_value=0 -0.00209975 -0.000241205 -0.0023612 -0.00409744 -0.00196264 0.00826383 -0.0074712 -0.00669027 -0.0137346 0.00248683 0.0211329 0.0135079 0.0222712 0.0116451 -0.0275749 0.0288111
internal_weight=0 151.799 141.477 131.856 123.094 115.609 36.5489 16.4435 79.0599 44.7272 34.3327 20.1054 23.8989 15.9733 10.2993 10.3215 9.62174
internal_count=741 639 597 555 517 486 155 68 331 187 144 87 102 69 44 42 42
is_linear=0
shrinkage=0.03


Tree=17
num_leaves=20
num_cat=0
split_feature=9 13 18 18 22 17 18 10 17 4 4 17 10 23 15 25 17 28 12
split_gain=5.51729 7.2076 6.10992 11.477 7.37094 7.29038 7.22193 10.0471 7.93413 6.27801 5.1574 6.41861 13.4171 10.053 7.66367 6.02815 5.7299 4.59747 0.148546
threshold=0.42672057136818736 0.034058664129461132 -0.010090417175121656 -0.014069933050754711 43.950840895848096 17.860000610351566 -0.033359914959074859 0.011188592982648517 15.464999675750734 1469287.5000000002 1896053.5000000002 16.634999275207523 -0.0032173966532097471 4.1832608269783131 -0.00018512523621242835 -0.19114908004843925 16.265000343322757 1.2769757688378556 0.011557524005405996
decision_type=2 2 2 2 2 2 2 2 2 2 2 2 2 2 2 2 2 2 2
left_child=-1 2 3 4 17 6 7 -6 -8 -4 -11 13 14 16 -13 -14 -12 -2 -5
right_child=1 -3 9 18 5 -7 8 -9 -10 10 11 12 15 -15 -16 -17 -18 -19 -20
leaf_value=-0.028359440505354515 0.0070405919070321531 0.034009436414987063 0.022170987581661899 0.035175079206431904 0.021601215655790325 -0.030549146510277014 0.011249524490585085 -0.0208584375621826 -0.034696328680625804 -0.035628123284018799 0.0035060092098427348 -0.021775132860038945 -0.053203582352960993 -0.026064806887305652 0.012827451325146412 -0.019056254241769523 0.032652623350159102 0.046514874313544417 0.043090487963272299
leaf_weight=5.9544502049684516 5.9995012581348401 5.7584044039249411 7.0932215899229041 4.1212898045778257 20.221286281943318 7.3062294423580161 5.7986462116241517 6.6701053082942954 8.1183616667985898 5.3794508427381507 20.411240771412853 8.5485910028219241 7.0939044058322933 7.8621865659952155 17.662602305412289 13.5210048109293 8.6398479193449003 4.7639913558959961 4.4247570931911469
leaf_count=24 25 25 30 20 88 30 24 28 33 22 86 35 29 32 75 56 37 21 21
internal_value=0 0.00102147 -0.000139382 0.0067854 0.00206984 -0.00295062 0.00199055 0.0110696 -0.0155526 -0.00499218 -0.00715418 -0.005325 -0.0126994 0.0040297 0.00154207 -0.0308069 0.0121743 0.0245122 0.0392733
internal_weight=0 169.395 163.636 67.4242 58.8781 48.1146 40.8084 26.8914 13.917 96.2121 89.1188 83.7394 46.8261 36.9133 26.2112 20.6149 29.0511 10.7635 8.54605
internal_count=741 717 692 290 249 203 173 116 57 402 372 350 195 155 110 85 123 46 41
is_linear=0
shrinkage=0.03


Tree=18
num_leaves=20
num_cat=0
split_feature=9 13 18 18 22 17 18 10 17 4 4 17 10 23 15 25 17 28 12
split_gain=5.19788 6.83894 5.76739 11.0148 6.98364 6.84063 6.80602 9.4863 7.45158 5.9237 4.8438 6.0407 12.612 9.472 7.2095 5.6844 5.45175 4.43505 0.145701
threshold=0.42672057136818736 0.034058664129461132 -0.010090417175121656 -0.014069933050754711 43.950840895848096 17.860000610351566 -0.033359914959074859 0.011188592982648517 15.464999675750734 1469287.5000000002 1896053.5000000002 16.634999275207523 -0.0032173966532097471 4.1832608269783131 -0.00018512523621242835 -0.19114908004843925 16.265000343322757 1.2769757688378556 0.011557524005405996
decision_type=2 2 2 2 2 2 2 2 2 2 2 2 2 2 2 2 2 2 2
left_child=-1 2 3 4 17 6 7 -6 -8 -4 -11 13 14 16 -13 -14 -12 -2 -5
right_child=1 -3 9 18 5 -7 8 -9 -10 10 11 12 15 -15 -16 -17 -18 -19 -20
leaf_value=-0.027538997236686458 0.0068374582817387957 0.03326196254777089 0.021594632782474237 0.034637926098071321 0.021072465560221056 -0.029553837646306657 0.010930990917388984 -0.020156284137955734 -0.033604008530768212 -0.03452522029803199 0.0034023245057914929 -0.021080023037760437 -0.051625029303249449 -0.025295336824369064 0.012472422351252671 -0.018467200441042424 0.03190712738578512 0.045771711117849161 0.04254033835848485
leaf_weight=5.9479839950799933 5.9925158172845823 5.7118818908929816 7.0644999593496314 4.0605673193931562 20.108543008565899 7.325413078069686 5.7887444943189683 6.6949979811906806 8.1305851042270643 5.384668603539466 20.402404963970188 8.5653008371591586 7.0915051102638271 7.8583620041608802 17.621047466993328 13.533520609140398 8.5774118304252607 4.697111040353775 4.3486711978912354
leaf_count=24 25 25 30 20 88 30 24 28 33 22 86 35 29 32 75 56 37 21 21
internal_value=0 0.000994999 -0.000134004 0.00661182 0.00201439 -0.00286477 0.00193618 0.0107743 -0.0150829 -0.00484752 -0.00694559 -0.00517025 -0.0123219 0.00391757 0.00149774 -0.0298679 0.0118391 0.0239455 0.0387245
internal_weight=0 168.958 163.246 67.1471 58.7379 48.0483 40.7229 26.8035 13.9193 96.0987 89.0342 83.6496 46.8114 36.8382 26.1863 20.625 28.9798 10.6896 8.40924
internal_count=741 717 692 290 249 203 173 116 57 402 372 350 195 155 110 85 123 46 41
is_linear=0
shrinkage=0.03


Tree=19
num_leaves=18
num_cat=0
split_feature=18 18 18 22 17 22 6 23 25 11 18 9 13 23 24 28 13
split_gain=5.0437 7.79893 8.80277 5.55637 8.98982 6.61767 5.85679 6.11018 5.99756 4.34195 6.73731 5.13129 3.68877 3.53868 5.98736 2.71053 1.55056
threshold=-0.068038746368588796 -0.051930076870410451 -0.037804181518894746 36.07998354924154 20.795000076293949 55.334073818033382 1749.1567668193072 3.9978288052314501 0.31544287371570517 -0.0026970151643287417 0.023648854835596981 1.0059181397446897 0.014320408823433441 1.1356029011893158 0.31189574260332481 0.97348812500967896 0.00093118072518860739
decision_type=2 2 2 2 2 2 2 2 2 2 2 2 2 2 2 2 2
left_child=12 15 16 -4 5 9 8 -8 -7 10 -5 -11 13 14 -1 -2 -3
right_child=1 2 3 4 -6 6 7 -9 -10 11 -12 -13 -14 -15 -16 -17 -18
leaf_value=0.034500425807969921 -0.011697007853436773 0.039945005555063522 0.02110100547873249 -0.028223952788320524 -0.032686275953856592 -0.02367897537990258 0.012252366697641605 -0.01405100431196706 -0.0021015950974490522 0.0080845995569188683 0.015719940643884898 0.04101622547902866 -0.0037989608133113906 0.040565519162316883 -0.011590276844927055 -0.042507746102362666 0.015658777992020523
leaf_weight=4.9311491847038287 5.1012871563434583 4.728697329759596 8.6292189657688123 5.5753117948770541 8.9882426112890226 23.532129317522049 23.052050709724426 12.131030544638632 22.852383926510811 12.70467045903206 7.1886942386627197 6.4053016453981391 7.9057781249284735 5.5593149662017813 5.2236510813236237 5.1783447861671448 4.7352481335401535
leaf_count=22 21 21 38 23 37 98 98 50 97 55 30 29 33 25 22 21 21
internal_value=0 -0.00199355 -0.000148325 -0.00216604 -0.00380597 -0.00151772 -0.00604718 0.00318304 -0.0130484 0.0100735 -0.00347473 0.0191227 0.0129156 0.0213248 0.0107913 -0.0272179 0.0277935
internal_weight=0 150.803 140.523 131.059 122.43 113.442 81.5676 35.1831 46.3845 31.874 12.764 19.11 23.6199 15.7141 10.1548 10.2796 9.46395
internal_count=741 639 597 555 517 480 343 148 195 137 53 84 102 69 44 42 42
is_linear=0
shrinkage=0.03


Tree=20
num_leaves=23
num_cat=0
split_feature=28 17 23 9 28 26 14 28 17 6 18 10 2 9 0 27 28 27 4 18 12 12
split_gain=4.89427 8.82514 8.7063 7.56208 7.22546 5.89524 7.44909 6.02763 7.27192 5.97876 6.03266 4.87908 4.64892 3.65586 4.53041 6.88667 5.23121 2.64134 4.93075 2.51777 1.77058 1.57849
threshold=1.2661447388808054 19.095000267028812 0.39732859953795702 0.48413440215135572 1.370497929706552 3.2824999999999913 0.92088718527062452 0.97348812500967896 16.295000076293949 3127.7764191873271 -0.0066427814256201914 -0.0015505798896402465 669.49000000000012 0.65374057202169178 583.93500000000006 0.0068606540460546062 1.046966768500704 0.0059751680342744811 24526926.000000004 -0.0083345785689715162 0.0098926785981509075 0.013545293562178819
decision_type=2 2 2 2 2 2 2 2 2 2 2 2 2 2 2 2 2 2 2 2 2 2
left_child=1 3 11 -1 -2 6 7 9 -9 10 -5 -3 13 21 15 -15 -16 18 -8 -6 -11 -7
right_child=4 2 -4 5 19 12 17 8 -10 20 -12 -13 -14 14 16 -17 -18 -19 -20 -21 -22 -23
leaf_value=-0.031590377072207181 0.034757052727345188 0.009140462265422554 -0.049399967970363771 0.016298656161759417 0.011087183325401853 0.04148147253556788 -0.049529207352158433 0.0073172061802837148 -0.033310270740087064 0.034163266887965629 -0.017477534223393452 -0.027345815744547371 -0.015664952612390821 -0.034827528871063489 0.0079522285226897547 0.0067238557524559222 0.03649838126880698 -0.0034732010332438235 -0.0086927126797462107 -0.017082522790154171 0.011184926646475992 0.016479911973730353
leaf_weight=6.1285109519958487 8.5957627892494219 7.5546647161245355 6.363979995250701 9.1629498451948166 6.3527299910783768 4.545495852828024 5.6801207959651929 7.8316059112548819 8.0312147438526136 7.8252405524253827 9.9023648053407705 5.8549304157495508 6.2804550975561133 4.5544841438531902 19.944333866238598 16.950187653303146 8.1339330375194532 4.73090936243534 5.0066511034965515 5.1872918903827649 4.9127469062805176 4.5454479604959488
leaf_count=25 38 32 26 40 28 20 23 33 33 34 41 24 26 19 85 74 36 20 21 22 21 20
internal_value=0 -0.00179338 -0.0205039 0.00096419 0.0139347 0.00252241 -0.00400962 0.00185337 -0.0132521 0.00938768 -0.00124441 -0.00679027 0.00886632 0.0114921 0.00828564 -0.00207633 0.0162217 -0.0221359 -0.0303977 -0.00157523 0.0253011 0.0289808
internal_weight=0 153.94 19.7736 134.167 20.1358 128.038 63.0838 47.6661 15.8628 31.8033 19.0653 13.4096 64.9543 58.6739 49.5829 21.5047 28.0783 15.4177 10.6868 11.54 12.738 9.09094
internal_count=741 653 82 571 88 546 266 202 66 136 81 56 280 254 214 93 121 64 44 50 55 40
is_linear=0
shrinkage=0.03


Tree=21
num_leaves=13
num_cat=0
split_feature=9 13 1 22 19 26 28 13 15 12 17 27
split_gain=4.64854 6.44209 5.22001 6.80263 11.7574 5.43247 7.69197 5.21764 4.70644 7.32318 6.8459 3.77747
threshold=0.42672057136818736 0.034058664129461132 673.1450000000001 36.07998354924154 1.0000000180025095e-35 4.0553571428571304 1.0881358202256186 -0.0026458258723219825 0.00012735849281026631 0.00029054922225701946 17.605000495910648 0.0085475732849359855
decision_type=2 2 2 2 2 2 2 2 2 2 2 2
left_child=-1 2 3 11 5 6 7 -5 9 -7 -10 -2
right_child=1 -3 -4 4 -6 8 -8 -9 10 -11 -12 -13
leaf_value=-0.026098899972579592 0.041010544071462082 0.032458866209944259 -0.023040451527756016 -0.01230633592777799 -0.040631534728290668 -0.0035901846981687131 0.026815438513476789 0.0017664844580747307 0.016231676347678702 0.035384295632062586 -0.027304797674949994 0.0059571791122808773
leaf_weight=5.9207597225904456 5.6258879303932172 5.6428356170654288 8.4951792657375318 42.386585697531693 6.3233973681926718 6.7223846614360836 7.6531602144241324 53.816255435347564 7.9161582887172681 12.237585112452505 5.5154260247945786 5.4444561451673508
leaf_count=24 25 25 35 179 26 28 33 229 35 55 23 24
internal_value=0 0.000948244 -0.00014842 0.00111733 -0.000641686 0.00121429 -0.00213117 -0.00443394 0.0119407 0.0215656 -0.00164575 0.0237711
internal_weight=0 167.779 162.136 153.641 142.571 136.248 103.856 96.2028 32.3916 18.96 13.4316 11.0703
internal_count=741 717 692 657 608 582 441 408 141 83 58 49
is_linear=0
shrinkage=0.03


Tree=22
num_leaves=21
num_cat=0
split_feature=28 17 23 9 10 18 26 14 28 17 6 18 22 2 0 9 11 27 4 12
split_gain=4.59561 8.14522 8.13008 6.88966 6.8291 7.13584 5.36968 7.05242 5.73618 6.81706 5.67118 5.66897 4.66909 4.12494 3.46622 3.94269 4.42351 2.48025 4.67166 1.6771
threshold=1.2661447388808054 19.095000267028812 0.39732859953795702 0.48413440215135572 -0.0028039035802134289 -0.062362194883551207 3.2824999999999913 0.92088718527062452 0.97348812500967896 16.295000076293949 3127.7764191873271 -0.0066427814256201914 41.966603153849569 669.49000000000012 648.31500000000017 0.65374057202169178 0.015619500070301219 0.0059751680342744811 24526926.000000004 0.0098926785981509075
decision_type=2 2 2 2 2 2 2 2 2 2 2 2 2 2 2 2 2 2 2 2
left_child=1 3 12 -1 -2 -6 7 8 10 -10 11 -5 -3 14 15 -8 -17 18 -9 -12
right_child=4 2 -4 6 5 -7 13 17 9 -11 19 -13 -14 -15 -16 16 -18 -19 -20 -21
leaf_value=-0.030182863931056212 0.040137705429782539 0.0092055475713459043 -0.047640131379383346 0.015965023469311036 0.018513225323911628 -0.025983617346886104 0.027189121271321365 -0.048109849977289197 0.007094860264714317 -0.032258854377888897 0.033488363270794172 -0.016799519075705191 -0.026504825262742282 -0.014588418465881371 0.035023993278600667 0.0011893455978532702 0.027663857135792808 -0.0033796190542452783 -0.0083589789306888519 0.011086306190671269
leaf_weight=6.1159827411174765 6.0622848570346859 7.5173861682415026 6.3621066063642493 9.130435511469841 8.7274172008037567 5.1621778756380055 8.7324883639812452 5.6722119450569135 7.8193394243717185 8.0297540426254255 7.7633322179317457 9.9123874902725255 5.8670443892478943 6.2928732633590689 4.9381035119295111 37.983707889914513 6.6788079142570487 4.7353597730398169 5.0119929760694504 4.909754291176796
leaf_count=25 28 32 26 40 38 22 39 23 33 33 34 41 24 26 22 164 29 20 21 21
internal_value=0 -0.00173426 -0.0197197 0.000921523 0.013571 0.00197562 0.00241226 -0.00382133 0.00189431 -0.0128432 0.00925897 -0.00108995 -0.00644804 0.00848753 0.0109769 0.00875299 0.00514833 -0.0214525 -0.0294626 0.0248095
internal_weight=0 153.473 19.7465 133.727 19.9519 13.8896 127.611 62.9846 47.565 15.8491 31.7159 19.0428 13.3844 64.626 58.3331 53.395 44.6625 15.4196 10.6842 12.6731
internal_count=741 653 82 571 88 60 546 266 202 66 136 81 56 280 254 232 193 64 44 55
is_linear=0
shrinkage=0.03


Tree=23
num_leaves=22
num_cat=0
split_feature=28 17 23 10 18 9 26 14 28 17 6 18 10 22 2 0 9 11 27 4 12
split_gain=4.34947 7.66821 7.64814 6.54924 6.72568 6.4909 5.06493 6.6386 5.40799 6.44596 5.39219 7.23855 4.63858 4.29145 3.88893 3.31635 3.75495 4.19489 2.33898 4.4178 2.30238
threshold=1.2661447388808054 19.095000267028812 0.39732859953795702 -0.0028039035802134289 -0.062362194883551207 0.48413440215135572 3.2824999999999913 0.92088718527062452 0.97348812500967896 16.110000610351566 1873.2435685910166 -0.0066427814256201914 -0.0015505798896402465 57.936147452338069 669.49000000000012 648.31500000000017 0.65374057202169178 0.015619500070301219 0.0059751680342744811 24526926.000000004 0.007567447010559559
decision_type=2 2 2 2 2 2 2 2 2 2 2 2 2 2 2 2 2 2 2 2 2
left_child=1 5 12 -2 -5 -1 7 8 10 -10 11 -7 -3 -11 15 16 -8 -18 19 -9 -12
right_child=3 2 -4 4 -6 6 14 18 9 13 20 -13 -14 -15 -16 -17 17 -19 -20 -21 -22
leaf_value=-0.029310161197264688 0.039491368469838022 0.0093145863631167343 -0.046218768122061743 0.018038321037056937 -0.025187354292819448 0.017308552612824591 0.026580822966144623 -0.046772745596913752 0.013335980019765839 -0.0072563716663414952 0.03530586994695227 -0.021402207819585441 -0.026302070532335412 -0.046138422683203575 -0.014135285020683884 0.034330267017913987 0.0011538934251235878 0.027003855830421947 -0.0032766121314588854 -0.0081030754140214885 0.011143407069627548
leaf_weight=6.1092395782470694 5.977936893701556 7.5263211131095895 6.361026629805564 8.6890604645013809 5.1655558794736836 8.6296886354684812 8.6653842329978925 5.6595137864351255 5.6222749799489966 5.1197582185268384 6.8097368478775007 8.7609546482563072 5.8480800688266763 5.0992864966392517 6.2996585965156546 4.8875219523906699 37.97631111741066 6.6374143958091727 4.7376640886068335 5.0151195824146271 7.4128245562314987
leaf_count=25 28 32 26 38 22 38 39 23 24 21 30 36 24 21 26 22 164 29 20 21 32
internal_value=0 -0.00168476 -0.0191387 0.0132462 0.00192206 0.000896588 0.00234586 -0.00371303 0.00184273 -0.0124639 0.00901179 -0.00219292 -0.00625912 -0.0266585 0.00825442 0.0106793 0.0085097 0.00499973 -0.0208192 -0.0286051 0.0227124
internal_weight=0 153.178 19.7354 19.8326 13.8546 133.442 127.333 62.8668 47.4545 15.8413 31.6132 17.3906 13.3744 10.219 64.4663 58.1666 53.2791 44.6137 15.4123 10.6746 14.2226
internal_count=741 653 82 88 60 571 546 266 202 66 136 74 56 42 280 254 232 193 64 44 62
is_linear=0
shrinkage=0.03


Tree=24
num_leaves=18
num_cat=0
split_feature=18 18 18 22 19 22 11 11 6 23 28 12 13 23 24 28 9
split_gain=4.19166 6.96729 8.02329 4.65697 7.61554 5.13311 5.96913 5.79435 5.02432 5.42268 5.36593 5.02127 3.56868 3.47518 5.38574 2.34655 1.51037
threshold=-0.068038746368588796 -0.051930076870410451 -0.037804181518894746 36.07998354924154 1.0000000180025095e-35 55.334073818033382 -0.0033110196980137281 0.0055309357826887071 1749.1567668193072 3.9978288052314501 0.90271932261481724 -0.0035119748321238982 0.014320408823433441 1.1356029011893158 0.31189574260332481 0.97348812500967896 0.90748722423747397
decision_type=2 2 2 2 2 2 2 2 2 2 2 2 2 2 2 2 2
left_child=12 15 16 -4 5 6 11 -8 10 -10 -7 -5 13 14 -1 -2 -3
right_child=1 2 3 4 -6 8 7 -9 9 -11 -12 -13 -14 -15 -16 -17 -18
leaf_value=0.032738935832989417 -0.011261606226740597 0.014345937383572611 0.019612071986484642 0.0073345714785607872 -0.03308367734552016 0.00011033103318089389 0.036873742236040806 0.0028982272493416135 0.011561762280819761 -0.013278586842850184 -0.02066515722006862 -0.029037374719251056 -0.004589995446311489 0.039672057257405947 -0.011436711773464944 -0.039992742564110742 0.038561246605674303
leaf_weight=4.7800965160131472 5.0890913605689985 4.477255776524542 8.4047323912382108 9.5614277422428113 7.3471095561981192 19.008749678730965 9.0959457755088824 8.9755483567714673 22.835272952914238 12.100583866238592 27.197968646883965 5.3149179220199576 7.8266880214214316 5.4022805243730536 5.1705413907766342 5.144770160317421 4.8071553558111191
leaf_count=22 21 20 38 40 31 80 41 40 98 50 115 22 33 25 22 21 22
internal_value=0 -0.00181509 -5.77754e-05 -0.00198424 -0.00347893 -0.00157247 0.00841368 0.0199992 -0.00562733 0.00295792 -0.0121184 -0.00566015 0.0118965 0.0203011 0.00978443 -0.0257053 0.0268838
internal_weight=0 149.361 139.127 129.842 121.438 114.09 32.9478 18.0715 81.1426 34.9359 46.2067 14.8763 23.1796 15.3529 9.95064 10.2339 9.28441
internal_count=741 639 597 555 517 486 143 81 343 148 195 62 102 69 44 42 42
is_linear=0
shrinkage=0.03


Tree=25
num_leaves=22
num_cat=0
split_feature=28 17 23 10 18 9 26 14 28 17 18 6 28 22 11 2 13 24 17 27 4
split_gain=4.14117 7.19109 7.16832 6.25063 6.11325 6.03893 4.80959 6.14206 5.06349 5.96062 5.15797 7.18965 4.48155 3.97083 3.77076 4.55868 4.94269 6.53678 3.97399 2.23558 4.21379
threshold=1.2661447388808054 19.095000267028812 0.39732859953795702 -0.0028039035802134289 -0.062362194883551207 0.48413440215135572 3.2824999999999913 0.92088718527062452 0.97348812500967896 16.110000610351566 -0.037804181518894746 1749.1567668193072 1.0866900190133071 57.936147452338069 -0.0063157139528625663 669.49000000000012 0.0036964055863679683 4.0413117182045246 15.164999961853029 0.0059751680342744811 24526926.000000004
decision_type=2 2 2 2 2 2 2 2 2 2 2 2 2 2 2 2 2 2 2 2 2
left_child=1 5 12 -2 -5 -1 7 8 10 -10 -7 -12 -3 -11 -8 16 17 -16 -18 20 -9
right_child=3 2 -4 4 -6 6 14 19 9 13 11 -13 -14 -15 15 -17 18 -19 -20 -21 -22
leaf_value=-0.028324646619877124 0.038890000683481578 0.010889031751795973 -0.044847737766180965 0.01738455781251852 -0.023920077578656228 0.038197819047230269 0.027730791108713383 -0.045543871232793798 0.012754428723045134 -0.0071452156742895217 -0.01117601399301469 0.019894631575722441 -0.023931107482935612 -0.044602701989621768 0.008426825099139737 -0.022482369607384312 -0.0050741276479435533 -0.023047364341824531 0.027248271717352477 -0.0029726864878605731 -0.0077309778047727146
leaf_weight=6.0875890254974356 5.8775599151849773 6.8253008276224154 6.3359857946634284 8.6228910088539124 5.151550114154813 4.5540683865547171 7.6983905881643286 5.634855702519415 5.5839974731206885 5.1116001456975919 14.027552708983427 12.83607794344425 6.489823579788208 5.0769234299659729 24.315350890159607 4.8424356877803794 4.4325174689292934 7.8580239564180365 15.037807002663611 4.7377766370773307 5.0111880451440811
leaf_count=25 28 29 26 38 22 21 33 23 24 21 59 56 27 21 107 20 20 33 67 20 21
internal_value=0 -0.00164301 -0.0185813 0.0129889 0.0019369 0.000862565 0.00226428 -0.00365412 0.00171233 -0.012157 0.00867512 0.00367028 -0.00608239 -0.0258102 0.00803419 0.00534978 0.00795949 0.00073957 0.0198899 -0.0201158 -0.027745
internal_weight=0 152.497 19.6511 19.652 13.7744 132.846 126.759 62.574 47.1902 15.7725 31.4177 26.8636 13.3151 10.1885 64.1845 56.4861 51.6437 32.1734 19.4703 15.3838 10.646
internal_count=741 653 82 88 60 571 546 266 202 66 136 115 56 42 280 247 227 140 87 64 44
is_linear=0
shrinkage=0.03


Tree=26
num_leaves=19
num_cat=0
split_feature=28 17 23 28 9 26 22 3 10 9 10 11 13 24 15 23 1 27
split_gain=3.92111 6.77262 6.76829 6.00831 5.69579 4.61201 6.29165 5.99754 5.69313 4.96545 4.38879 3.57574 4.29409 7.76893 7.30083 3.99941 2.8045 2.20202
threshold=1.2661447388808054 19.095000267028812 0.39732859953795702 1.370497929706552 0.47492997581851099 3.2824999999999913 50.526958848510837 444.71000000000009 0.0063386171190048532 1.1159344470816392 -0.0015505798896402465 -0.0063157139528625663 0.0036964055863679683 4.0413117182045246 3.5210371370430667e-05 3.0016748190349181 644.98500000000013 0.0094692782171419774
decision_type=2 2 2 2 2 2 2 2 2 2 2 2 2 2 2 2 2 2
left_child=1 4 10 -2 -1 6 -6 -8 9 -9 -3 -7 13 14 -13 16 -14 -5
right_child=3 2 -4 17 5 11 7 8 -10 -11 -12 12 15 -15 -16 -17 -18 -19
leaf_value=-0.02877064122890716 0.03223008515109807 0.009294110240282101 -0.043599715479222423 -0.015047863541441315 0.021858709185497007 0.027052800113615064 0.015588853177824 -0.013394252685724471 -0.036304939756585483 0.010757873593454554 -0.025429639298191701 0.019218808115379519 0.015477950795761327 -0.025647264464666485 -0.014098722171577311 0.034024510907094754 -0.012576670735468941 0.011422378300084298
leaf_weight=5.5996794551610938 8.2055252790451068 7.4858938455581674 6.3220302760601035 5.5199393630027753 7.6581701934337607 7.6552434265613547 8.7753163129091245 29.008259281516075 7.0394089668989173 10.41049127280712 5.8250520080327997 16.113105431199077 10.252935230731966 8.851016089320181 9.3564569950103742 7.1247663646936408 4.6665350943803778 5.8007971048355103
leaf_count=23 38 32 26 24 34 33 39 121 29 45 24 72 47 37 40 31 20 26
internal_value=0 -0.00159681 -0.0180407 0.0126835 0.000839532 0.00214601 -0.00362401 -0.00715721 -0.0114536 -0.00701568 -0.00590148 0.00781433 0.00520143 -0.00143482 0.00697933 0.0155334 0.00670298 -0.00148439
internal_weight=0 152.144 19.633 19.5263 132.511 126.912 62.8916 55.2335 46.4582 39.4188 13.3109 64.0201 56.3648 34.3206 25.4696 22.0442 14.9195 11.3207
internal_count=741 653 82 88 571 548 268 234 195 166 56 280 247 149 112 98 67 50
is_linear=0
shrinkage=0.03


Tree=27
num_leaves=18
num_cat=0
split_feature=18 18 18 22 19 22 11 11 10 6 28 23 13 23 24 28 26
split_gain=3.76154 6.33438 7.48654 4.24816 7.04523 4.67429 5.53366 5.44083 4.77074 4.58618 5.06253 4.83878 3.4372 3.39088 4.89188 2.20398 1.46781
threshold=-0.068038746368588796 -0.051930076870410451 -0.037804181518894746 36.07998354924154 1.0000000180025095e-35 55.334073818033382 -0.0033110196980137281 0.0055309357826887071 -0.0081057406369456891 1749.1567668193072 0.90271932261481724 3.9978288052314501 0.014320408823433441 1.1356029011893158 0.31189574260332481 0.97348812500967896 3.6239285714285523
decision_type=2 2 2 2 2 2 2 2 2 2 2 2 2 2 2 2 2
left_child=12 15 16 -4 5 6 8 -8 -5 10 -7 -11 13 14 -1 -2 -3
right_child=1 2 3 4 -6 9 7 -9 -10 11 -12 -13 -14 -15 -16 -17 -18
leaf_value=0.031504488344828448 -0.010535317804472073 0.037923634017916909 0.018910417941307427 0.018331618780185122 -0.031923243470484704 0.00034001923840003523 0.035881049379960742 0.0027754838231526988 -0.017694813780119351 0.01104330721742389 -0.019871197158932888 -0.012455126660971037 -0.0048436367008380032 0.039050451013464986 -0.010890594494069322 -0.038414243909613628 0.013874633648724042
leaf_weight=4.6682368814945239 5.0865202099084836 4.6855278760194761 8.2681644111871702 5.0033150017261496 7.2814931571483603 18.945567309856415 8.9362087249755877 8.9354711920022947 9.7640853524208051 22.684291243553162 27.120702147483826 12.090310797095297 7.7904106676578513 5.2903919517993918 5.1540209352970123 5.1220097690820694 4.456650897860527
leaf_count=22 21 22 38 21 31 80 41 40 41 98 115 50 33 25 22 21 20
internal_value=0 -0.00171912 -3.42871e-05 -0.00189309 -0.00331744 -0.00148193 0.00810029 0.0193289 -0.00548877 -0.00535071 -0.011559 0.00287345 0.0113434 0.0196876 0.00925857 -0.0245232 0.0262002
internal_weight=0 148.38 138.172 129.03 120.761 113.48 32.6391 17.8717 14.7674 80.8409 46.0663 34.7746 22.9031 15.1126 9.82226 10.2085 9.14218
internal_count=741 639 597 555 517 486 143 81 62 343 195 148 102 69 44 42 42
is_linear=0
shrinkage=0.03


Tree=28
num_leaves=20
num_cat=0
split_feature=28 17 23 10 18 9 26 13 23 12 26 28 18 11 2 9 24 10 14
split_gain=3.74018 6.37032 6.41582 5.91172 5.3894 5.315 4.32016 5.63687 6.73409 4.9713 4.96852 4.20566 4.04836 3.3692 4.16686 4.79547 3.54807 2.56491 1.69542
threshold=1.2661447388808054 19.095000267028812 0.39732859953795702 -0.0028039035802134289 -0.062362194883551207 0.48413440215135572 3.2824999999999913 0.015114993062905315 1.5509453421254877 0.0030089732950481234 2.6742857142857184 1.0866900190133071 -0.037804181518894746 -0.0063157139528625663 669.49000000000012 1.2632540940627057 4.043200466339214 -0.0021919517934776418 0.4014228987507879
decision_type=2 2 2 2 2 2 2 2 2 2 2 2 2 2 2 2 2 2 2
left_child=1 5 11 -2 -5 -1 7 8 10 17 18 -3 -11 -8 15 16 -15 -10 -7
right_child=3 2 -4 4 -6 6 13 -9 9 12 -12 -13 -14 14 -16 -17 -18 -19 -20
leaf_value=-0.026675168323214937 0.038018640060285436 0.010805910490125649 -0.042503200969340946 0.016335273755811494 -0.022587398364715065 -0.0084856221217270728 0.026363336616848816 -0.034064998660113019 -0.0022775552775671343 0.012160875158310842 0.04236355644447224 -0.023001020294305258 -0.016502059137193069 0.015660833336713538 -0.021544174460148224 -0.013072521804308396 -0.0069822915273387012 0.029115218847430929 0.017147609047331799
leaf_weight=6.0430371314287177 5.7276376932859447 6.7806974351406115 6.2873633503913871 8.5169342756271362 5.1302273571491215 4.5726514458656293 7.5996849536895743 4.9935334026813498 4.9364802837371826 5.2500408589839891 4.7074276208877555 6.4736362546682358 28.562396183609966 35.270558938384056 4.8351659476757041 8.4450439512729627 7.5638338625431052 4.4574349373579008 4.718728706240654
leaf_count=25 28 29 26 38 22 20 33 21 21 23 21 27 119 159 20 36 32 20 21
internal_value=0 -0.00155941 -0.0175451 0.0124391 0.0017035 0.000807954 0.00212697 -0.00349727 -0.000828958 -0.00668784 0.0172541 -0.00570595 -0.0120516 0.00761743 0.00507864 0.00758892 0.0116624 0.0126184 0.00453249
internal_weight=0 151.498 19.5417 19.3748 13.6472 131.956 125.913 62.1987 57.2052 43.2064 13.9988 13.2543 33.8124 63.7143 56.1146 51.2794 42.8344 9.39392 9.29138
internal_count=741 653 82 88 60 571 546 266 245 183 62 56 142 280 247 227 191 41 41
is_linear=0
shrinkage=0.03


Tree=29
num_leaves=15
num_cat=0
split_feature=17 18 18 18 22 19 18 18 12 17 15 5 28 15
split_gain=3.65411 5.61104 5.98917 6.95735 3.9626 6.55125 4.44324 8.62697 4.59907 3.04189 5.62445 3.11358 2.06292 1.47127
threshold=14.325000286102297 -0.068038746368588796 -0.051930076870410451 -0.037804181518894746 36.07998354924154 1.0000000180025095e-35 -0.016555003938435228 -0.010090417175121656 0.017396900643123273 18.125000000000004 2.6112566284597332e-05 12046.798865750272 0.97348812500967896 5.5011988734274032e-05
decision_type=2 2 2 2 2 2 2 2 2 2 2 2 2 2
left_child=-1 9 12 13 -5 6 8 -8 -6 11 -11 -2 -3 -4
right_child=1 2 3 4 5 -7 7 -9 -10 10 -12 -13 -14 -15
leaf_value=-0.047166697732933457 0.0051491024623629604 -0.010308459481270241 0.013354358146099737 0.018431059872044641 -0.02840689755746963 -0.030851954812856477 0.022176294304918631 -0.0027963223757531898 0.0074976295688776035 0.025759665626396398 -0.020241179614586879 0.037169373898894222 -0.037301767101346348 0.037582597484276864
leaf_weight=1.4638340920209874 4.3755287975072878 5.0887628346681577 4.5096548199653608 8.1763898730277997 9.9211245030164559 7.2229606956243506 14.620849132537826 83.856213107705145 4.7471368312835684 4.6961222887039167 4.8759169727563858 7.2810165137052536 5.1035565435886383 4.513337031006813
leaf_count=6 20 21 21 38 41 31 68 357 20 21 21 34 21 21
internal_value=0 0.000436851 -0.00163518 8.82986e-06 -0.00177862 -0.00315142 -0.00138308 0.000911352 -0.016787 0.0148591 0.00232722 0.0251499 -0.0238247 0.0254734
internal_weight=0 168.989 147.76 137.568 128.545 120.368 113.145 98.4771 14.6683 21.2286 9.57204 11.6565 10.1923 9.02299
internal_count=741 735 639 597 555 517 486 425 61 96 42 54 42 42
is_linear=0
shrinkage=0.03


Tree=30
num_leaves=18
num_cat=0
split_feature=9 13 17 18 18 22 17 22 4 18 15 18 12 28 4 28 23
split_gain=3.60789 5.84594 5.56943 5.00874 10.64 6.10534 7.55204 7.52952 5.40323 4.32342 3.99794 6.45543 8.63617 4.41249 4.23356 3.04872 0.218662
threshold=0.4170552709723977 0.034058664129461132 14.325000286102297 -0.010090417175121656 -0.014069933050754711 43.950840895848096 16.150000572204593 64.295967207326356 1469287.5000000002 -0.027963504728736873 0.00015771083435196291 0.063107496547525913 0.0043721282303961226 0.80326510963697384 10043180.500000002 1.2769757688378556 1.2789590612144937
decision_type=2 2 2 2 2 2 2 2 2 2 2 2 2 2 2 2 2
left_child=-1 2 -2 4 5 15 7 -7 -5 -8 13 12 -12 -10 -15 -4 -6
right_child=1 -3 3 8 16 6 9 -9 10 -11 11 -13 -14 14 -16 -17 -18
leaf_value=-0.024888658932361588 -0.063777084026888753 0.031328555431451507 0.0088804198603424003 0.021265691518786857 0.033356307773014147 -0.013126488065011752 -0.0050142551700002409 0.027110835305842188 -0.024104324242839547 -0.031328422330351408 0.027780928532736882 -0.047827795771979105 -0.020153972346554246 -0.011971530605551405 0.0059772501569001855 0.042566264859213047 0.043151242554036733
leaf_weight=5.0741493850946418 1.23244348168373 5.4565234929323188 5.5847856998443586 6.9621797353029242 3.873566195368765 6.5599420964717892 20.312016144394875 11.563721314072607 7.3767980784177771 7.7686433047056225 4.4308482557535234 4.7941901981830588 14.299219727516173 16.921515613794327 39.284576192498207 4.2644109576940536 4.3600520491600037
leaf_count=21 5 25 24 30 20 29 88 52 30 32 20 21 60 71 170 21 22
internal_value=0 0.000794108 -0.000249899 0.000244515 0.00669852 0.00202092 -0.00255032 0.0125468 -0.00416617 -0.0122942 -0.00619885 -0.0167652 -0.00881433 -0.00228954 0.000573555 0.0234654 0.0385431
internal_weight=0 165.045 159.589 158.356 64.2871 56.0535 46.2043 18.1237 94.0693 28.0807 87.1071 23.5243 18.7301 63.5829 56.2061 9.8492 8.23362
internal_count=741 720 695 690 288 246 201 81 402 120 372 101 80 271 241 45 42
is_linear=0
shrinkage=0.03


Tree=31
num_leaves=19
num_cat=0
split_feature=9 13 17 18 18 22 17 22 4 18 10 17 28 22 15 24 28 23
split_gain=3.40599 5.55346 5.22947 4.73161 10.2248 5.79587 7.11584 7.13893 5.10096 4.0706 3.88023 10.247 5.24812 5.14675 3.21602 5.6694 2.96875 0.214158
threshold=0.4170552709723977 0.034058664129461132 14.325000286102297 -0.010090417175121656 -0.014069933050754711 43.950840895848096 16.150000572204593 64.295967207326356 1469287.5000000002 -0.027963504728736873 -0.0028039035802134289 16.634999275207523 0.90953131373300156 66.41683815014882 -0.0021610355838234383 1.1165527042221106 1.2769757688378556 1.2789590612144937
decision_type=2 2 2 2 2 2 2 2 2 2 2 2 2 2 2 2 2 2
left_child=-1 2 -2 4 5 16 7 -7 -5 -8 14 13 -13 -12 -10 -16 -4 -6
right_child=1 -3 3 8 17 6 9 -9 10 -11 11 12 -14 -15 15 -17 -18 -19
leaf_value=-0.024219487854472956 -0.061736583086318526 0.030675831419385003 0.0086285289690453074 0.02071593499475494 0.032874270276004536 -0.012697090466535138 -0.0048600461175434938 0.026502772796584056 -0.014169386079690508 -0.030391370119071046 0.011415497449863789 -0.0021922088415860012 -0.036737629161015195 -0.013605776536403118 0.027581638923013393 -0.0022676183584578267 0.042052712346156748 0.042650571214623741
leaf_weight=5.0581578761339179 1.2349376529455174 5.4062156081199637 5.575529068708418 6.9329792857170096 3.8133680522441846 6.5780543684959438 20.327578350901604 11.475507035851477 9.0100158751010877 7.767929524183276 15.960540920495996 5.3532122075557735 15.184842854738234 13.792360812425612 8.0958840399980492 19.570329189300537 4.1881475001573563 4.2801067978143692
leaf_count=21 5 25 24 30 20 29 88 52 38 32 70 22 64 57 36 85 21 22
internal_value=0 0.000773691 -0.00024212 0.00023881 0.00652877 0.00196684 -0.0024759 0.0122198 -0.00404869 -0.011919 -0.00602291 -0.0114344 -0.0277334 -0.000183453 0.00139745 0.00646708 0.0229659 0.0380443
internal_weight=0 164.548 159.141 157.906 64.0062 55.9127 46.1491 18.0536 93.9002 28.0955 86.9672 50.291 20.5381 29.7529 36.6762 27.6662 9.76368 8.09347
internal_count=741 720 695 690 288 246 201 81 402 120 372 213 86 127 159 121 45 42
is_linear=0
shrinkage=0.03


Tree=32
num_leaves=10
num_cat=0
split_feature=17 17 17 17 9 22 13 18 17
split_gain=3.37517 6.54293 7.55335 6.45841 4.45961 4.45178 4.09181 5.02316 5.23707
threshold=20.795000076293949 20.259999275207523 19.095000267028812 18.579999923706058 0.4170552709723977 41.707838332127217 0.034058664129461132 -0.14185355008238684 17.820000648498539
decision_type=2 2 2 2 2 2 2 2 2
left_child=1 2 3 4 -1 -2 7 -6 -9
right_child=5 -3 -4 -5 6 -7 -8 8 -10
leaf_value=-0.030587273999290423 0.0049454607217073879 0.030563930377151736 -0.02719490204445538 0.034256655312307573 -0.059878836055013103 -0.029595804811024005 0.028652170004409207 0.0026119872362261026 -0.021394404445343792
leaf_weight=4.0552064180374137 6.0280379801988584 6.5775512158870688 8.6639392077922803 5.2677582949399939 1.2350466400384892 7.5819802284240723 4.7629765421152106 116.12587229907513 8.7982014268636686
leaf_count=17 28 30 36 24 5 32 22 509 38
internal_value=0 0.0012827 -1.07007e-05 0.00166866 0.00039685 -0.0142971 0.00135656 0.000326047 0.000921256
internal_weight=0 155.487 148.909 140.245 134.977 13.61 130.922 126.159 124.924
internal_count=741 681 651 615 591 60 574 552 547
is_linear=0
shrinkage=0.03


Tree=33
num_leaves=23
num_cat=0
split_feature=28 17 23 10 9 18 26 14 28 2 6 18 17 11 13 24 15 23 1 27 4 12
split_gain=3.22542 5.76093 5.78604 5.47736 4.64357 4.60336 4.01963 5.28377 4.56274 5.21203 4.82811 4.55036 4.00502 3.17877 3.9934 6.71998 6.58902 3.68345 2.25816 1.96413 3.89481 1.40174
threshold=1.2661447388808054 19.095000267028812 0.39732859953795702 -0.0028039035802134289 0.48413440215135572 -0.062362194883551207 3.2824999999999913 0.92088718527062452 0.97348812500967896 458.95500000000004 3127.7764191873271 -0.0066427814256201914 22.019999504089359 -0.0063157139528625663 0.0036964055863679683 4.0413117182045246 3.5210371370430667e-05 3.0016748190349181 644.98500000000013 0.0059751680342744811 24526926.000000004 0.0098926785981509075
decision_type=2 2 2 2 2 2 2 2 2 2 2 2 2 2 2 2 2 2 2 2 2 2
left_child=1 4 12 -2 -1 -5 7 8 10 -10 11 -6 -3 -8 15 16 -15 18 -16 20 -9 -12
right_child=3 2 -4 5 6 -7 13 19 9 -11 21 -13 -14 14 17 -17 -18 -19 -20 -21 -22 -23
leaf_value=-0.025041371299722 0.036968997857354233 0.0070038365565969242 -0.040568087036375343 0.015032377224670537 0.014278330755936566 -0.021336378582472473 0.025680722380564788 -0.043198412777619856 0.0066428119699329441 -0.028135059050737609 0.031093575445234341 -0.015372071651399226 -0.027528662334897508 0.018196529410344484 0.014466416601952865 -0.024068698279183606 -0.013655824372398493 0.032923511426669889 -0.010819259543255624 -0.0025740853959619436 -0.0066145423568268469 0.010346438614137903
leaf_weight=5.9634648263454428 5.4850416332483318 8.3956638276577014 6.2154400348663321 8.332232728600502 8.8596516251564026 5.0190605819225285 7.526095822453498 5.554284453392027 7.3828285187482825 8.1703131347894651 7.4308362156152707 9.8232168108224904 4.7231286317110053 15.774650856852533 10.01087372004986 8.8078532218933088 9.2854661792516691 6.9718127548694602 4.6575858294963828 4.6748716533184043 4.9560941606760025 4.8397267460823059
leaf_count=25 28 36 26 38 40 22 33 23 32 34 34 41 20 72 47 37 40 31 20 20 21 21
internal_value=0 -0.00144089 -0.0167252 0.0117295 0.000820262 0.00136052 0.00205677 -0.00338714 0.00162974 -0.0116266 0.00829062 -0.00131148 -0.00542882 0.00738473 0.00490407 -0.001528 0.00639435 0.0149705 0.00643761 -0.0187519 -0.0259475 0.0229105
internal_weight=0 150.024 19.3342 18.8363 130.69 13.3513 124.726 61.6918 46.5066 15.5531 30.9534 18.6829 13.1188 63.0343 55.5082 33.868 25.0601 21.6403 14.6685 15.1853 10.5104 12.2706
internal_count=741 653 82 88 571 60 546 266 202 66 136 81 56 280 247 149 112 98 67 64 44 55
is_linear=0
shrinkage=0.03


Tree=34
num_leaves=18
num_cat=0
split_feature=18 18 18 22 25 6 24 27 14 9 13 15 2 10 17 28 13
split_gain=3.08993 5.51246 6.32128 3.51911 5.8325 4.30001 9.50274 4.17494 5.11344 4.23527 3.94515 3.93864 3.16561 4.35551 3.3988 1.96202 1.38839
threshold=-0.068038746368588796 -0.051930076870410451 -0.037804181518894746 36.07998354924154 -1.1436780080407123 18026.513412191103 3.4796577130143738 0.005132355745842314 0.96659069843371859 0.98569172881903688 -0.0011177933653958581 0.0015549747848084246 462.10500000000008 0.012634574770747477 18.519999504089359 0.97348812500967896 0.00093118072518860739
decision_type=2 2 2 2 2 2 2 2 2 2 2 2 2 2 2 2 2
left_child=12 15 16 -4 -5 7 11 9 -9 -6 -8 -7 -1 14 -14 -2 -3
right_child=1 2 3 4 5 6 10 8 -10 -11 -12 -13 13 -15 -16 -17 -18
leaf_value=-0.0095127434951813115 -0.0097403704125779925 0.03662568427015795 0.017630382448208012 -0.032711051625505014 -0.028293306923998902 0.032939922336137531 -0.019946954364683443 -0.004935400908185476 0.020568085762690175 0.0056531855184632088 0.013491293587993409 0.002577969064741508 0.043309057704484788 -0.0023398389079732438 0.0083361620123203403 -0.036133480872656408 0.012842102835175367
leaf_weight=5.4195012301206615 5.0850151330232602 4.3563434630632383 7.9662062823772422 5.6510414630174628 11.732096672058107 11.602446392178537 10.404172614216803 56.692533507943153 8.0844631493091565 4.6065212190151206 4.5705813914537421 5.7514456361532202 6.0953776985406893 6.5287188589572898 4.2410792261362076 5.054742693901062 4.481492206454277
leaf_count=24 21 21 38 24 49 52 44 246 36 20 20 26 30 28 20 21 21
internal_value=0 -0.0015595 3.25762e-05 -0.00167383 -0.00296507 -0.00148332 0.00776841 -0.0051706 -0.00175245 -0.0187224 -0.00974096 0.0228773 0.0104336 0.0168432 0.0289596 -0.0228975 0.0245655
internal_weight=0 146.039 135.899 127.062 119.095 113.444 32.3286 81.1156 64.777 16.3386 14.9748 17.3539 22.2847 16.8652 10.3365 10.1398 8.83784
internal_count=741 639 597 555 517 493 142 351 282 69 64 78 102 78 50 42 42
is_linear=0
shrinkage=0.03


Tree=35
num_leaves=14
num_cat=0
split_feature=17 17 17 17 9 22 18 18 18 15 23 23 18
split_gain=3.06492 6.05139 6.98586 5.95281 4.07505 3.99028 3.84015 6.50458 5.22296 5.15182 6.53236 6.01197 3.73834
threshold=20.795000076293949 20.259999275207523 19.095000267028812 18.579999923706058 0.4170552709723977 41.707838332127217 -0.0045668489381236457 -0.014069933050754711 -0.033359914959074859 0.00023248311786002284 1.7354463362077299 1.5953825711186485 -0.010090417175121656
decision_type=2 2 2 2 2 2 2 2 2 2 2 2 2
left_child=1 2 3 4 -1 -2 7 8 -6 11 -11 -8 -9
right_child=5 -3 -4 -5 6 -7 9 12 -10 10 -12 -13 -14
leaf_value=-0.02940199594989976 0.0046025662030096991 0.029620252098729247 -0.026205101872912463 0.033211376018096483 0.0075317281759689474 -0.028259482047776046 0.018717822861756231 0.037495567061617989 -0.013622728108162665 -0.04417690885407137 -0.0051979019924445272 -0.0053026114862797695 0.0092403940942629281
leaf_weight=4.0088429600000373 5.9732066690921766 6.471887692809104 8.6323899477720243 5.1646090298891059 33.238767653703682 7.5023024082183838 12.966467425227163 7.9086583703756359 15.357141792774199 5.6750387549400356 12.161982819437979 33.882565006613731 9.0217321664094978
leaf_count=17 28 30 36 24 151 32 58 42 64 24 51 143 41
internal_value=0 0.00122533 -1.6202e-05 0.00160572 0.000389586 -0.0136929 0.00130678 0.00642556 0.000846557 -0.00387849 -0.0175995 0.00134556 0.0224392
internal_weight=0 154.49 148.018 139.386 134.221 13.4755 130.212 65.5263 48.5959 64.6861 17.837 46.849 16.9304
internal_count=741 681 651 615 591 60 574 298 215 276 75 201 83
is_linear=0
shrinkage=0.03


Tree=36
num_leaves=24
num_cat=0
split_feature=28 17 23 10 9 18 10 14 25 4 18 10 22 12 4 4 15 13 27 4 26 9 12
split_gain=2.90005 5.25592 5.46239 5.2057 4.20988 4.10953 3.96488 3.84654 5.08151 4.45853 4.02977 3.97875 3.12335 4.17323 2.92835 5.17474 3.79957 4.19765 4.05285 3.12415 3.45029 1.88797 0.953458
threshold=1.2661447388808054 19.095000267028812 0.39732859953795702 -0.0028039035802134289 0.48413440215135572 -0.062362194883551207 -0.0015505798896402465 0.86436995654202398 0.90707974531324331 29798913.500000004 0.0046881852505565877 0.0053910751625954054 70.384747088366794 0.011761308055765808 3044063.0000000005 12878498.500000002 -1.5673601134441108e-05 0.0037821883519459924 0.0056864931215201931 2209249.5000000005 2.4871428571428589 0.8784877071201499 0.007567447010559559
decision_type=2 2 2 2 2 2 2 2 2 2 2 2 2 2 2 2 2 2 2 2 2 2 2
left_child=1 4 6 -2 -1 -5 -3 14 9 12 11 -10 13 -9 19 22 18 -18 -17 20 -6 -22 -16
right_child=3 2 -4 5 7 -7 -8 8 10 -11 -12 -13 -14 -15 15 16 17 -19 -20 -21 21 -23 -24
leaf_value=-0.023926246626313628 0.036250716691244231 0.0096497506558522097 -0.039267932868721933 0.014139175763421392 -0.0109169537287322 -0.020387589190154935 -0.023675498872352287 -0.026834458083178903 0.041468943593085276 0.0071141832133350654 -0.0065647450819502264 0.0032077212009857846 -0.03475769424584095 0.0057351205648174886 0.04120174655286777 0.041632841062457029 -0.0092402116483378885 0.018306571465759789 0.0079410580382038107 -0.017366289903715793 0.026883061534033744 0.0010221809359828146 0.021477660102569757
leaf_weight=5.9127365797758094 5.3279007375240353 7.3058668822050103 6.1692864745855323 8.2291971743106842 7.1485452353954377 4.9802395999431583 5.7356273978948602 7.2720237970352226 4.5406411439180392 7.795205906033515 9.4566817283630353 5.3026805520057678 7.6551993638277045 6.9005668312311172 4.4202715605497342 4.4714351743459693 17.52985101938248 6.953418716788291 11.420495286583899 8.1003711521625501 6.1079357415437681 4.350231260061264 4.4026386588811874
leaf_count=25 28 32 26 38 30 22 24 31 21 34 39 25 32 30 20 20 78 32 52 35 27 20 20
internal_value=0 -0.00136422 -0.0160092 0.0112184 0.000804267 0.00112185 -0.00500664 0.00198514 -0.00455739 -0.0123615 0.00742095 0.0208573 -0.0193168 -0.0109765 0.00625828 0.010546 0.00599782 -0.00141673 0.0174208 -0.0019476 0.00514613 0.0161258 0.0313594
internal_weight=0 148.952 19.2108 18.5373 129.741 13.2094 13.0415 123.828 48.923 29.623 19.3 9.84332 21.8278 14.1726 74.9052 49.1981 40.3752 24.4833 15.8919 25.7071 17.6067 10.4582 8.82291
internal_count=741 653 82 88 571 60 56 546 212 127 85 46 93 61 334 222 182 110 72 112 77 47 40
is_linear=0
shrinkage=0.03


Tree=37
num_leaves=14
num_cat=0
split_feature=17 17 17 17 17 23 26 22 5 22 13 23 28
split_gain=2.88086 5.64145 6.17829 5.57729 3.79369 6.39062 4.5959 5.44181 4.43075 3.67814 3.4158 7.25088 4.29628
threshold=20.795000076293949 20.259999275207523 19.095000267028812 18.579999923706058 17.820000648498539 0.39732859953795702 3.2824999999999913 49.42355745362687 14876.173321328626 41.707838332127217 0.0012813872154996411 4.689205038366425 0.9168811519618808
decision_type=2 2 2 2 2 2 2 2 2 2 2 2 2
left_child=1 2 3 4 6 -6 7 -1 -9 -2 11 -8 -12
right_child=9 -3 -4 -5 5 -7 10 8 -10 -11 12 -13 -14
leaf_value=0.022091377622752671 0.0043099186093001887 0.02882535787904425 -0.024669909459070744 0.032384961444329813 0.0079913843121851135 -0.03818888254835711 0.0079737634792887199 -0.0028003217059175229 -0.024331880668632302 -0.027364518975378092 0.037772510634078646 -0.0277729547237088 0.0091192707593365993
leaf_weight=6.49924612045288 5.9254885315895063 6.3728418201208106 8.6059691905975324 5.0780210793018332 5.0519464910030347 5.7855055779218674 28.648781269788742 44.953137010335922 10.636608913540838 7.4454365223646164 6.197538927197459 6.2147928178310385 19.61695259809494
leaf_count=30 28 30 36 24 24 24 130 193 46 32 27 26 91
internal_value=0 0.00119082 -4.86936e-06 0.00152572 0.000352831 -0.0166617 0.00185481 -0.00388337 -0.0069202 -0.0133276 0.00772642 0.00160154 0.0159983
internal_weight=0 153.661 147.288 138.683 133.605 10.8375 122.767 62.089 55.5897 13.3709 60.6781 34.8636 25.8145
internal_count=741 681 651 615 591 48 543 269 239 60 274 156 118
is_linear=0
shrinkage=0.03


Tree=38
num_leaves=14
num_cat=0
split_feature=15 17 5 5 15 3 12 14 10 11 18 18 4
split_gain=2.7522 4.1848 3.74604 5.65973 5.62136 3.70512 3.98092 5.32785 4.05988 3.14448 2.85754 6.24959 2.36909
threshold=-0.0023353549018384576 19.305000305175785 88973.75026358859 59872.501892644454 0.0033031069021881546 670.29500000000019 0.020986970526404417 0.92088718527062452 0.0058284716859003946 0.0098414234048785926 -0.089575643507430178 -0.051930076870410451 31114225.500000004
decision_type=2 2 2 2 2 2 2 2 2 2 2 2 2
left_child=1 -1 3 5 12 6 7 10 -8 -9 -2 -12 -4
right_child=2 -3 4 -5 -6 -7 8 9 -10 -11 11 -13 -14
leaf_value=0.00051791703068683763 0.021087457267797042 -0.032236888267928643 0.010803501326938946 -0.031781101645270544 -0.011038339901419338 -0.021185196051716614 0.039089029530548894 -0.029975871488571806 0.0017591839087959711 -0.00040434324164965226 -0.022250691516711822 0.003845192356434898 0.035822212087859927
leaf_weight=8.928415432572363 6.9904524236917487 5.7850710004568091 6.4404950737953204 5.0341512411832801 5.8818621784448615 6.6295248121023169 4.9934169948101026 7.7528552412986738 5.5213500112295151 5.5551388710737228 9.2008136957883817 80.72542279958725 7.2307078093290329
leaf_count=39 32 25 29 22 26 28 22 33 25 24 40 362 34
internal_value=0 -0.0123607 0.00122787 -0.000582247 0.013485 0.000650861 0.00184983 0.000167353 0.019487 -0.0176319 0.00261143 0.00117519 0.0240359
internal_weight=0 14.7135 151.956 132.403 19.5531 127.369 120.739 110.225 10.5148 13.308 96.9167 89.9262 13.6712
internal_count=741 64 677 588 89 566 538 491 47 57 434 402 63
is_linear=0
shrinkage=0.03


Tree=39
num_leaves=13
num_cat=0
split_feature=9 13 4 13 9 25 18 15 5 5 10 15
split_gain=2.6719 4.6698 4.44407 3.26393 6.62431 4.94157 4.26901 3.18448 4.68942 3.78465 4.59839 3.33207
threshold=0.4170552709723977 0.034058664129461132 1106759.5000000002 0.016795098377038079 0.75053342459595773 1.0000000180025095e-35 -0.089575643507430178 -0.0023353549018384576 14876.173321328626 88973.75026358859 0.0068789396921484789 0.00014480133775229481
decision_type=2 2 2 2 2 2 2 2 2 2 2 2
left_child=-1 2 -2 6 -5 -6 -4 8 -8 11 -11 -9
right_child=1 -3 3 4 5 -7 7 9 -10 10 -12 -13
leaf_value=-0.021714525835345971 0.03236618021013371 0.028717412936302388 0.021765592600808091 0.013470952657011502 -0.050507301599388481 -0.0091935096741562281 0.00023153378994927385 0.0026687067197099976 -0.035536250680320944 0.034531943702144081 -0.0012397123888326252 -0.0088152274581158076
leaf_weight=4.9359324425458899 3.6744921505451194 5.1795792281627646 7.9790464639663687 5.291735276579856 4.712958946824072 5.8275391608476639 7.9676549136638624 68.174029797315598 5.6300637871026993 6.2603660374879819 6.6908423900604248 34.119752004742622
leaf_count=21 17 25 39 23 20 26 35 301 24 29 30 151
internal_value=0 0.000692454 -0.000236088 -0.00102085 -0.0139165 -0.0276661 0.000471366 -0.000847355 -0.0145779 0.00077271 0.0160516 -0.00116172
internal_weight=0 161.508 156.328 152.654 15.8322 10.5405 136.822 128.843 13.5977 115.245 12.9512 102.294
internal_count=741 720 695 678 69 46 609 570 59 511 59 452
is_linear=0
shrinkage=0.03


Tree=40
num_leaves=19
num_cat=0
split_feature=14 25 18 17 17 17 17 22 5 15 15 18 11 4 12 22 28 28
split_gain=2.63565 5.34634 4.19391 3.90539 4.12117 6.21756 3.99098 3.34954 3.30084 3.12153 3.40578 6.64075 4.22592 2.51014 3.97165 6.05273 2.043 1.26718
threshold=0.86436995654202398 0.88600995740480071 0.0046881852505565877 20.795000076293949 20.259999275207523 19.095000267028812 18.579999923706058 41.707838332127217 5678.0546668704019 0.0031630151337736869 -1.5673601134441108e-05 0.046406508178470258 -0.00382874467371852 29798913.500000004 0.011342318035941103 66.270661298688097 0.93040970209235796 0.85310323663226495
decision_type=2 2 2 2 2 2 2 2 2 2 2 2 2 2 2 2 2 2
left_child=3 13 8 4 5 6 9 -5 -3 10 11 -1 -12 14 16 -16 -2 -4
right_child=1 2 17 7 -6 -7 -8 -9 -10 -11 12 -13 -14 -15 15 -17 -18 -19
leaf_value=0.0027577026757269162 -0.017027796336495121 0.039385540792536367 -0.018471783981560113 0.0041715210242254819 0.028155707284147284 -0.0220995132834148 0.031504454309022212 -0.026161154223874109 0.0053929921937865642 0.022271055265292789 -0.021395843803939933 0.038640119825864537 0.0014565624316807131 0.0010785647302607832 0.014944863543947884 -0.025201759814738735 -0.043458445629195701 0.003253241030958697
leaf_weight=23.350580275058743 4.7681390941143054 4.4462334960699099 4.8419888466596586 5.8980057984590513 6.2870133966207495 8.0748652368783933 4.9792602807283393 7.3714775294065475 6.0958113223314285 7.4921266436576834 9.2148155421018512 5.793634131550788 34.736227557063117 8.4796755760908109 6.1345043033361417 7.5267354995012283 5.8752723932266235 4.8234565854072571
leaf_count=104 20 21 20 28 30 34 24 32 29 36 40 26 156 37 27 32 25 20
internal_value=0 -0.00549404 0.00664326 0.00261264 0.0046432 0.00306459 0.00543931 -0.0126789 0.0197298 0.00382882 0.00193853 0.00989084 -0.00333469 -0.0129752 -0.0178784 -0.00717414 -0.0316178 -0.0076301
internal_weight=0 52.9918 20.2075 113.198 99.9285 93.6415 85.5666 13.2695 10.542 80.5874 73.0953 29.1442 43.951 32.7843 24.3047 13.6612 10.6434 9.66545
internal_count=741 231 90 510 450 420 386 60 50 362 326 130 196 141 104 59 45 40
is_linear=0
shrinkage=0.03


Tree=41
num_leaves=20
num_cat=0
split_feature=3 28 12 17 6 24 28 0 24 16 15 3 11 10 26 17 17 12 3
split_gain=2.60124 3.76445 6.10913 4.6406 3.64601 7.8122 4.25106 4.81619 3.44008 5.90412 3.2917 2.76688 2.88142 3.10651 2.66018 2.64753 2.62833 2.45931 2.81663
threshold=663.09000000000003 1.2873580850416309 -0.011673206259251388 21.630000114440922 18026.513412191103 3.4796577130143738 0.95627876768328612 611.44000000000017 0.3529526694916309 1.0000000180025095e-35 3.3239495952020437e-05 645.07500000000016 0.017592765285405657 0.0059184444387714316 4.1675000000000066 18.420000076293949 16.215000152587894 0.0013580923815728065 670.98000000000013
decision_type=2 2 2 2 2 2 2 2 2 2 2 2 2 2 2 2 2 2 2
left_child=1 3 -3 4 8 15 7 -7 9 -1 -4 12 13 -10 -11 16 -6 -2 -19
right_child=17 2 10 -5 5 6 -8 -9 11 14 -12 -13 -14 -15 -16 -17 -18 18 -20
leaf_value=0.035945729152608914 -0.029181026917631924 0.042039695209444859 -0.017339879939118927 -0.027952857561943385 0.015106321384311045 -0.015491843670999797 -0.026960859375012986 0.027560846992072854 -0.0043240099931131796 -0.011371155307752866 0.01951432366090388 0.015597097556689012 0.01650666098345652 -0.019577689494224379 0.015922489393728423 0.0067472433811494384 0.045451474922540917 0.014827233683239628 -0.014903242556369989
leaf_weight=5.4477218091487893 4.8297129571437862 5.1632695943117133 4.4144645333290082 5.2232222259044638 4.3155622780323046 4.5767017453908903 5.3791114687919608 4.7819804400205612 54.211632624268532 8.4573722034692747 4.3114166259765625 5.6569147109985343 4.7238666266202918 15.438044622540472 5.1837706416845331 5.0198680013418189 6.3470065891742706 4.5478542447090131 7.7640234977006912
leaf_count=25 21 27 21 23 20 20 23 21 238 38 21 26 21 67 24 22 30 20 33
internal_value=0 0.00130374 0.0161745 -0.000228903 0.000888967 0.00997401 -0.00570856 0.00650667 -0.00189928 0.00954435 0.000869608 -0.00462881 -0.00616721 -0.00770503 -0.000999297 0.0247119 0.0331696 -0.0110382 -0.00392118
internal_weight=0 148.652 13.8892 134.763 129.54 30.4202 14.7378 9.35868 99.1193 19.0889 8.72588 80.0305 74.3735 69.6497 13.6411 15.6824 10.6626 17.1416 12.3119
internal_count=741 667 69 598 575 136 64 41 439 87 42 352 326 305 62 72 50 74 53
is_linear=0
shrinkage=0.03


Tree=42
num_leaves=28
num_cat=0
split_feature=18 15 28 18 18 9 25 14 11 5 15 5 5 14 15 25 28 15 22 24 27 12 25 18 13 17 15
split_gain=2.53774 5.72787 4.62104 3.95934 5.51858 3.90815 5.15159 4.68698 4.92059 4.84318 7.65221 3.8878 5.073 3.66773 3.43258 4.13597 3.42502 3.12855 2.88975 2.86602 3.32772 5.41252 2.47047 2.4238 1.99419 1.50751 0.685529
threshold=-0.0045668489381236457 0.00015771083435196291 0.80326510963697384 0.063107496547525913 0.02074166080827811 1.0904287161078463 0.99540828994068031 0.95046286940127556 -0.0055953026501409644 6168.1460380217241 1.7285124209093905e-05 14876.173321328626 91376.249085141215 0.86651710459287135 -9.7480686193735088e-05 0.42038125624907219 0.88360306252283916 0.0026783267505668079 55.640449654724584 1.0005010734194395 0.0072628986604058197 0.0071454604334976199 0.019079135385190463 -0.065906415485071465 -1.0000000180025095e-35 20.795000076293949 -1.4970357474146962e-05
decision_type=2 2 2 2 2 2 2 2 2 2 2 2 2 2 2 2 2 2 2 2 2 2 2 2 2 2 2
left_child=5 2 -2 4 -3 6 7 8 -1 13 26 16 18 22 -7 23 -4 -6 -13 25 21 -21 -10 -16 -25 -18 -11
right_child=1 3 11 -5 17 14 -8 -9 9 10 -12 12 -14 -15 15 -17 19 -19 -20 20 -22 -23 -24 24 -26 -27 -28
leaf_value=-0.022137775579979691 -0.023823052143368807 -0.028784851813587749 0.033830420975708382 -0.040713968507165903 -0.012076872163366096 -0.010893928358081213 0.027824582418335016 -0.027542092646194297 -0.0073675117492684131 0.028730613351756654 -0.0054580051456124996 -0.0059468059420795883 0.014401834671786587 -0.022738212531827336 0.0098256359388334963 -0.0075282912568783349 0.029150669928726537 0.022518455463629947 -0.038985650600739885 0.017630097382453944 -0.022348560924133808 -0.013241350028438298 0.01888920190141577 0.018380149211045079 0.043695615391783293 0.0067816911537629705 0.046183117318016075
leaf_weight=7.5726730227470389 6.0717974454164496 7.7362776249647203 4.2887843102216712 4.85004998743534 4.6526206582784635 4.4650907367467907 5.1178797185420981 6.4962084442377082 7.3211870789527911 4.1779570728540412 7.1013231724500647 4.7565685063600522 5.1741343885660163 6.973605513572692 6.5326840728521409 4.5854390114545813 5.6704805940389615 4.7590392231941223 4.7739088535308838 12.721024766564375 4.8342777639627448 8.5443414300680143 5.7643551826477051 4.9366469234228196 6.4720495939254681 5.1962384730577469 3.9318904131650916
leaf_count=33 25 33 19 22 20 21 25 28 32 21 32 21 23 30 31 21 27 20 20 56 21 36 26 24 32 23 19
internal_value=0 -0.00362948 0.00103483 -0.0167822 -0.0100135 0.00380169 -0.000824823 -0.00379658 -0.000196092 0.00451487 0.0172809 0.00373198 -0.00951289 -0.00516583 0.0131358 0.0178988 0.00845286 0.00541638 -0.0224963 0.0055086 0.000118589 0.00522607 0.00419892 0.0243975 0.0327414 0.0184543 0.0371921
internal_weight=0 84.0295 62.0316 21.998 17.1479 81.449 54.4571 49.3392 42.843 35.2703 15.2112 55.9598 14.7046 20.0591 26.9919 22.5268 41.2551 9.41166 9.53048 36.9664 26.0996 21.2654 13.0855 17.9414 11.4087 10.8667 8.10985
internal_count=741 366 271 95 73 375 246 221 193 160 72 246 64 88 129 108 182 40 41 163 113 92 58 87 56 50 40
is_linear=0
shrinkage=0.03


Tree=43
num_leaves=15
num_cat=0
split_feature=15 17 5 15 5 3 12 14 10 11 18 15 4 4
split_gain=2.46138 3.73406 3.26637 5.1522 5.05923 3.25014 3.56474 4.75114 3.6793 2.8895 2.63065 7.33407 5.84509 2.2452
threshold=-0.0023353549018384576 19.305000305175785 88973.75026358859 0.0033031069021881546 59872.501892644454 670.29500000000019 0.020986970526404417 0.92088718527062452 0.0058284716859003946 0.0098414234048785926 0.01019528549772686 0.00015771083435196291 1751288.0000000002 31114225.500000004
decision_type=2 2 2 2 2 2 2 2 2 2 2 2 2 2
left_child=1 -1 4 13 5 6 7 10 -8 -9 12 -12 -2 -4
right_child=2 -3 3 -5 -6 -7 8 9 -10 -11 11 -13 -14 -15
leaf_value=0.000421287965819494 -0.013257886963584735 -0.030769733200663365 0.010025052486354295 -0.010808956416248469 -0.030059078120765151 -0.019887621540994313 0.037507532094873966 -0.028580214951739489 0.0017195794420603037 -0.00011835832884135637 0.0051467367408901191 -0.021893960670074607 0.011853745436657289 0.034610740354334285
leaf_weight=8.8361723423004133 10.362031370401381 5.6714954674243918 6.3581970483064669 5.8405930697917929 5.0209102481603614 6.5740905106067649 4.8889813125133497 7.6872316002845746 5.4872710704803467 5.5121918469667435 29.834436476230621 12.943575531244276 42.798521921038628 7.0493250340223312
leaf_count=39 46 25 29 26 22 28 22 33 25 24 132 57 199 34
internal_value=0 -0.0117722 0.00116714 0.0127074 -0.000527077 0.000648904 0.00177855 0.00018099 0.0185818 -0.0166943 0.00250273 -0.00303511 0.006959 0.0229516
internal_weight=0 14.5077 150.357 19.2481 131.109 126.088 119.514 109.138 10.3763 13.1994 95.9386 42.778 53.1606 13.4075
internal_count=741 64 677 89 588 566 538 491 47 57 434 189 245 63
is_linear=0
shrinkage=0.03


Tree=44
num_leaves=13
num_cat=0
split_feature=9 13 4 13 9 25 18 15 5 15 22 5
split_gain=2.4695 4.18111 4.17027 3.17548 5.94599 4.64178 3.74657 2.91804 4.0971 3.39204 7.7157 4.43861
threshold=0.4170552709723977 0.034058664129461132 1106759.5000000002 0.016795098377038079 0.75053342459595773 1.0000000180025095e-35 -0.089575643507430178 -0.0023353549018384576 14876.173321328626 0.00036853531314893015 66.823134792164609 83738.942600509632
decision_type=2 2 2 2 2 2 2 2 2 2 2 2
left_child=-1 2 -2 6 -5 -6 -4 8 -8 11 -11 -9
right_child=1 -3 3 4 5 -7 7 9 -10 10 -12 -13
leaf_value=-0.020980105682465604 0.031611058352420049 0.027572699055875893 0.020700308574188968 0.012416413196104262 -0.04886860853005167 -0.0087663485348405436 -5.5249559064425538e-05 0.0022974946701107236 -0.033751880784820387 0.0066549164280378598 -0.020575861932281701 0.028624741521778692
leaf_weight=4.8863021880388251 3.6209584027528754 5.0356873571872702 7.7991214245557776 5.2285046875476828 4.7069495916366559 5.7969663739204407 7.8677545338869077 70.314630657434464 5.5300447642803192 19.30080945789814 18.191170245409012 6.2779745310544959
leaf_count=21 17 25 39 23 20 26 35 313 24 90 78 30
internal_value=0 0.000671057 -0.000204995 -0.000967869 -0.0137246 -0.0267367 0.00051566 -0.000719197 -0.0139638 0.000836214 -0.0065575 0.00445543
internal_weight=0 159.671 154.635 151.014 15.7324 10.5039 135.282 127.482 13.3978 114.085 37.492 76.5926
internal_count=741 720 695 678 69 46 609 570 59 511 168 343
is_linear=0
shrinkage=0.03


Tree=45
num_leaves=29
num_cat=0
split_feature=23 23 17 10 10 23 18 26 17 13 13 15 22 18 14 28 14 13 23 22 23 11 18 10 4 24 11 25
split_gain=2.35367 3.99976 3.84195 8.29084 13.3972 6.44881 5.98228 5.50898 5.36876 5.09056 5.65288 4.45151 5.3408 4.05695 3.61864 3.46934 3.23468 4.69483 5.61107 3.06244 3.0465 2.64599 4.17834 4.82278 2.17265 2.09379 1.35054 1.16925
threshold=4.1832608269783131 4.3431866472149645 17.339999198913578 -0.0015505798896402465 0.0052202581850353544 0.56389148233807884 0.081417574327101852 3.4246428571428527 17.055000305175785 -0.0022724887525473743 0.015114993062905315 -8.9035771731255117e-05 62.248659090776407 0.13625134834191158 0.82810479167148932 0.99527750975315654 0.82878894815075921 0.0017405678349728395 4.689205038366425 47.779945331205347 3.5327344632294744 0.0052899946035002152 0.017910549204087415 0.0049689751604526941 26774641.500000004 0.78875037335225062 0.0051025077186426246 -0.06868873462331189
decision_type=2 2 2 2 2 2 2 2 2 2 2 2 2 2 2 2 2 2 2 2 2 2 2 2 2 2 2 2
left_child=2 -2 7 6 26 19 25 8 9 11 15 -1 -13 -8 -14 20 -3 18 -18 -6 -11 27 23 -23 -25 -4 -5 -9
right_child=1 16 3 4 5 -7 13 21 -10 10 -12 12 14 -15 -16 -17 17 -19 -20 -21 -22 22 -24 24 -26 -27 -28 -29
leaf_value=0.012926054000094949 -0.032633340441304594 0.018094988540412256 0.04211285256851055 -0.045099331397652764 0.029279977612212973 -0.028075431861059333 -0.01749236104450377 0.018590145793523291 0.030829411016823349 0.027412326763112015 -0.024739776309337033 -0.039394484638090387 0.010849786841449285 0.015636239156965458 -0.02402484504354481 -0.006426273527501746 0.0035993287088583524 0.013643263583877857 -0.042376041896875542 -0.00044804001564327604 0.00077582067484325981 0.036741516315921499 -0.0162641406489441 0.01746614854440889 -0.012865694410320533 0.012548028155608128 -0.024859809407414897 0.038186066085027427
leaf_weight=4.5968583077192333 4.9426157772541073 5.1106905192136791 4.6738252490758914 8.4842759668827075 5.8698939979076403 4.5922108292579642 7.8218433707952482 6.0845646411180496 4.6331419199705115 11.514131054282197 4.6845237612724295 7.5666984021663692 5.3916830718517286 5.7892022430896759 5.3197645992040634 7.0999641865491858 4.3097310662269575 5.1184994578361502 5.3610338270664215 6.6541278660297394 5.8167281895875922 6.2503082454204586 4.5086444467306128 4.1765212416648847 4.327661320567131 4.0017541721463203 4.5630725622177115 4.986138194799425
leaf_count=20 21 22 24 37 27 20 34 30 22 51 20 32 24 27 23 31 20 22 23 30 25 31 20 20 20 20 20 25
internal_value=0 -0.00847941 0.00154377 -0.00486882 -0.0151213 0.00233467 0.00900724 0.00541166 -0.000115082 -0.00287271 0.00544804 -0.0134634 -0.0201002 -0.00340173 -0.00647045 0.0112364 -0.00248022 -0.00959035 -0.0218873 0.0134852 0.0184724 0.0157283 0.0090113 0.0167349 0.00203069 0.0284756 -0.0380209 0.027416
internal_weight=0 24.8426 139.408 52.4502 30.1636 17.1162 22.2866 86.9573 56.6235 51.9904 29.1153 22.875 18.2781 13.611 10.7114 24.4308 19.9 14.7893 9.67076 12.524 17.3309 30.3338 19.2631 14.7545 8.50418 8.67558 13.0473 11.0707
internal_count=741 108 633 239 134 77 105 394 248 226 127 99 79 61 47 107 87 65 43 57 76 146 91 71 40 44 57 55
is_linear=0
shrinkage=0.03


Tree=46
num_leaves=14
num_cat=0
split_feature=9 13 4 13 9 25 18 13 15 22 17 11 3
split_gain=2.36997 3.92222 3.89199 2.93389 5.53449 4.33094 3.51282 2.82208 5.49716 7.01632 5.08901 5.20802 4.42506
threshold=0.4170552709723977 0.034058664129461132 1106759.5000000002 0.016795098377038079 0.75053342459595773 1.0000000180025095e-35 -0.089575643507430178 0.0036964055863679683 0.00014480133775229481 66.823134792164609 17.820000648498539 0.0056905790220201933 663.09000000000003
decision_type=2 2 2 2 2 2 2 2 2 2 2 2 2
left_child=-1 2 -2 6 -5 -6 -4 8 12 -10 11 -9 -8
right_child=1 -3 3 4 5 -7 7 10 9 -11 -12 -13 -14
leaf_value=-0.020605755178645904 0.03077303298502982 0.026907995236244122 0.020183868543660312 0.012120760601336098 -0.047144054032976661 -0.0083766638656275517 0.0040903670127356512 0.036243877153258379 0.00041535551044875088 -0.029149036935514544 -0.020536515774464494 0.004828842283908277 -0.020908289048676806
leaf_weight=4.8610190600156775 3.5695700496435157 4.9634545445442191 7.6995267122983924 5.1944604367017737 4.698698624968527 5.788726806640625 61.103462092578411 6.3912565708160463 14.687406703829767 14.218619436025618 4.9045906364917746 18.488243892788887 7.1148114651441565
leaf_count=21 17 25 39 23 20 26 276 31 67 61 22 82 31
internal_value=0 0.00065973 -0.00018703 -0.00092237 -0.0132028 -0.0257457 0.000508308 -0.000685408 -0.00316277 -0.0141271 0.00739313 0.012899 0.00148314
internal_weight=0 158.823 153.859 150.29 15.6819 10.4874 134.608 126.908 97.1243 28.906 29.7841 24.8795 68.2183
internal_count=741 720 695 678 69 46 609 570 435 128 135 113 307
is_linear=0
shrinkage=0.03


Tree=47
num_leaves=14
num_cat=0
split_feature=25 17 18 18 18 7 23 17 23 26 22 22 9
split_gain=2.31386 4.11144 4.84302 4.30872 3.8991 5.07477 4.66389 4.0749 7.81098 4.61891 4.07326 6.08651 1.76921
threshold=-2.0065168385428227 20.795000076293949 0.084406249758584032 0.12944562994235767 0.063107496547525913 -187707.834941426 4.1832608269783131 17.494999885559086 0.45830994383081253 3.4246428571428527 77.259052753060431 84.102557350759938 0.92297510438225772
decision_type=2 2 2 2 2 2 2 2 2 2 2 2 2
left_child=-1 2 4 -3 5 -2 7 9 -9 -7 12 -12 -8
right_child=1 3 -4 -5 -6 6 10 8 -10 -11 11 -13 -14
leaf_value=0.025250895756806294 0.030179826386979931 -0.033857093097665471 0.026233696598395626 0.0029072156912260936 -0.02291971648020303 0.00044787297538641745 -0.037123816067712714 0.0039373177354870767 -0.029037509133917547 0.01561261544560134 0.019375384281115602 -0.026325124335803852 -0.01298061169764622
leaf_weight=3.2089966163039199 5.093363642692565 6.5073051601648313 6.478873834013938 5.1315110474824905 6.5364764034748069 52.637094423174858 5.8682105690240878 18.5490275323391 9.9243135154247266 27.530981346964836 6.2160051465034467 4.5373284071683884 5.1108149141073227
leaf_count=17 25 29 29 24 28 232 25 86 43 133 28 20 22
internal_value=0 -0.000477583 0.00086831 -0.0176478 -0.000288979 0.000802985 -0.000344691 0.0021931 -0.00755598 0.00565568 -0.0130313 9.22276e-05 -0.025885
internal_weight=0 160.121 148.482 11.6388 142.004 135.467 130.374 108.641 28.4733 80.1681 21.7324 10.7533 10.979
internal_count=741 724 671 53 642 614 589 494 129 365 95 48 47
is_linear=0
shrinkage=0.03


Tree=48
num_leaves=21
num_cat=0
split_feature=22 25 25 26 17 1 26 26 26 9 9 14 18 28 28 11 24 26 28 13
split_gain=2.28637 5.41932 5.04111 3.60326 4.98028 4.13565 3.31233 2.93902 2.9507 2.93365 3.86082 2.88348 3.4798 4.44756 3.53271 3.44866 3.23645 3.05189 2.34199 1.72012
threshold=36.07998354924154 -1.1436780080407123 -0.99075799526315811 4.0553571428571304 19.095000267028812 612.32500000000016 4.3285714285714372 4.3610714285714307 4.160000000000001 1.0217283521818292 0.74048497869781327 0.92088718527062452 -0.00093166190117571757 1.0186336627733805 1.047927753414361 0.010117871700725091 3.8641217732010138 3.2824999999999913 1.1986290913487756 0.0068367627439120402
decision_type=2 2 2 2 2 2 2 2 2 2 2 2 2 2 2 2 2 2 2 2
left_child=6 18 -3 4 11 7 -1 8 -5 10 -7 12 13 -4 -14 16 -13 -17 -2 -9
right_child=1 2 3 5 -6 9 -8 19 -10 -11 -12 15 14 -15 -16 17 -18 -19 -20 -21
leaf_value=0.031580600694621035 -0.037674527891712314 0.037171062148238218 0.016247865921066234 0.023345686255339542 -0.031811463464400461 0.0038443410323173929 -0.0016305704303917056 0.036998586072376265 -0.0091061661041583041 0.01246308700987089 -0.034068030483238927 -0.010168685577589138 -0.0082053743744509924 -0.0088560989581878309 0.017245715440935918 -0.01132974489479552 -0.041327124722255103 0.017822918306743454 -0.0072329074915056281 0.013982518762445799
leaf_weight=4.9059675931930524 4.8286505639553052 3.2971368581056586 21.932140886783596 4.2939330786466616 5.2269697338342658 5.0145669281482679 6.0183475539088249 6.2229022234678251 6.1096590161323547 5.8582574725151053 4.6677092611789703 8.6050609648227709 33.544254258275039 8.9407953917980176 5.7496943771839133 7.9129614830017072 4.6063272953033438 5.4632193595170975 4.3000802397727966 5.5099689513444901
leaf_count=25 21 16 103 20 23 23 29 31 29 27 20 38 145 41 25 34 20 24 20 27
internal_value=0 -0.00092477 0.000506285 -0.000359319 -0.00328827 0.00756857 0.0132841 0.0158964 0.00428787 -0.00429393 -0.0144328 -0.00174737 0.00144063 0.00897776 -0.00448124 -0.0101608 -0.0210325 0.000577046 -0.023335 0.0261898
internal_weight=0 152.084 142.956 139.658 101.981 37.677 10.9243 22.1365 10.4036 15.5405 9.68228 96.7545 70.1669 30.8729 39.2939 26.5876 13.2114 13.3762 9.12873 11.7329
internal_count=741 687 646 630 453 177 54 107 49 70 43 430 314 144 170 116 58 58 41 58
is_linear=0
shrinkage=0.03


Tree=49
num_leaves=12
num_cat=0
split_feature=10 15 17 14 10 0 9 4 26 17 22
split_gain=3.58984 2.96493 5.45295 2.92544 3.77641 2.73047 2.47487 3.8756 3.85113 5.0081 4.64947
threshold=-0.019575108119639136 -0.0023353549018384576 19.305000305175785 0.14120551389692801 -0.006931415068542556 563.36500000000012 0.47492997581851099 1202622.5000000002 3.2824999999999913 17.494999885559086 50.526958848510837
decision_type=2 2 2 2 2 2 2 2 2 2 2
left_child=-1 2 -2 -3 5 -5 -6 -8 10 -10 -9
right_child=1 3 -4 4 6 -7 7 8 9 -11 -12
leaf_value=0.042422004426803016 0.00034491201964348379 -0.021196310873116398 -0.039201520249234782 0.036971861138010979 -0.016754827322105297 0.0043436886165467261 0.030956697425028535 0.018484692676637778 0.011114108635423229 -0.0058680368943321258 -0.0089193752013995483
leaf_weight=1.7779522389173497 8.763836517930029 5.2479688823223105 4.8884341269731513 4.4784947633743268 7.2229793816804877 4.7635577321052551 3.8453841954469672 6.3210238367319098 44.030970990657806 24.229268699884415 47.026716202497482
leaf_count=9 39 24 22 21 31 22 18 30 208 112 205
internal_value=0 -0.000441358 -0.0138154 0.000799318 0.00161269 0.0201546 0.000321087 0.00130423 0.000366588 0.00508622 -0.00567234
internal_weight=0 160.819 13.6523 147.166 141.918 9.24205 132.676 125.453 121.608 68.2602 53.3477
internal_count=741 732 61 671 647 43 604 573 555 320 235
is_linear=0
shrinkage=0.03


Tree=50
num_leaves=12
num_cat=0
split_feature=10 15 17 5 5 15 14 14 9 12 4
split_gain=3.44194 2.80032 5.19921 2.87888 4.60817 4.42298 3.06058 4.80825 2.65695 2.77251 2.03436
threshold=-0.019575108119639136 -0.0023353549018384576 19.305000305175785 88973.75026358859 59872.501892644454 0.0033031069021881546 0.14120551389692801 0.18510259727415748 0.4170552709723977 0.020986970526404417 31114225.500000004
decision_type=2 2 2 2 2 2 2 2 2 2 2
left_child=-1 2 -2 4 6 10 -3 -8 -9 -10 -5
right_child=1 3 -4 5 -6 -7 7 8 9 -11 -12
leaf_value=0.04192799116905447 0.00033458250701727321 -0.022471371017980562 -0.038401800536671332 0.0092700748744649515 -0.029127173570636575 -0.010035326796441464 0.039421458641698257 -0.022745263014428078 -0.00032734338893845172 0.015605277766426185 0.033137717434623286
leaf_weight=1.745425909757613 8.7633763551712018 5.084788277745246 4.8412452191114417 6.2320892661809939 4.9762407988309851 5.7678333371877661 2.9044119566678992 4.3194711357355109 100.13182083517313 10.899733722209929 6.6367848813533783
leaf_count=9 39 23 22 29 22 26 14 19 455 50 33
internal_value=0 -0.000428532 -0.0134499 0.000776957 -0.000823288 0.0117949 0.00031865 0.00129858 0.000338691 0.00123673 0.0215792
internal_weight=0 160.558 13.6046 146.953 128.316 18.6367 123.34 118.255 115.351 111.032 12.8689
internal_count=741 732 61 671 583 88 561 538 524 505 62
is_linear=0
shrinkage=0.03


Tree=51
num_leaves=12
num_cat=0
split_feature=10 15 17 5 5 15 14 14 9 12 4
split_gain=3.30168 2.64514 4.9598 2.72124 4.32961 4.19266 2.87926 4.58447 2.51256 2.61685 1.95993
threshold=-0.019575108119639136 -0.0023353549018384576 19.305000305175785 88973.75026358859 59872.501892644454 0.0033031069021881546 0.14120551389692801 0.18510259727415748 0.4170552709723977 0.020986970526404417 31114225.500000004
decision_type=2 2 2 2 2 2 2 2 2 2 2
left_child=-1 2 -2 4 6 10 -3 -8 -9 -10 -5
right_child=1 3 -4 5 -6 -7 7 8 9 -11 -12
leaf_value=0.041458782567606052 0.00032456209045677437 -0.021792231489887813 -0.037633112886363083 0.0090106376866819198 -0.028214108755029294 -0.0097218547975147403 0.038722478680786002 -0.022179873049313178 -0.00031750870796679937 0.01518148896278613 0.032514217470881568
leaf_weight=1.7127191573381413 8.7629296034574491 5.0859345346689215 4.7926654964685431 6.2193756848573702 4.9830538332462302 5.775084674358367 2.8686771392822257 4.2970349937677375 100.13626842945814 10.868359789252279 6.5622665658593178
leaf_count=9 39 23 22 29 22 26 14 19 455 50 33
internal_value=0 -0.000415984 -0.0130956 0.000754891 -0.000798881 0.0114925 0.000309473 0.00126071 0.000328669 0.00119998 0.0210777
internal_weight=0 160.352 13.5556 146.796 128.239 18.5567 123.256 118.17 115.302 111.005 12.7816
internal_count=741 732 61 671 583 88 561 538 524 505 62
is_linear=0
shrinkage=0.03


Tree=52
num_leaves=29
num_cat=0
split_feature=10 18 9 15 10 13 28 10 15 9 12 22 13 18 18 9 28 18 15 6 15 2 27 14 28 16 5 9
split_gain=3.16853 2.5851 2.95799 4.19315 3.78273 4.58055 4.84595 4.99651 3.67156 4.48207 3.4126 3.57796 3.38118 2.76049 6.77602 3.72019 4.83734 5.7332 3.49723 4.27908 3.46453 3.29849 2.32485 2.17431 3.3536 2.15339 2.85961 0.234168
threshold=-0.019575108119639136 -0.00093166190117571757 1.5504299728969635 -1.6000563401691809e-05 -0.0066873821044838846 -0.0018471607104061369 0.88647473891271811 0.0020808990045324553 -0.001266500397151151 1.1074864842424803 0.0071883792725306881 45.86374174642912 -0.0099744610452681664 -0.014069933050754711 -0.010090417175121656 1.0904287161078463 0.85663504330667062 -0.068038746368588796 -1.5427047655659373e-05 744.02811386113876 1.5707840957242442e-05 523.17000000000019 0.0077981628056053411 0.67976822398956782 0.89719704956290014 1.0000000180025095e-35 3025.9812333206423 1.0304414817974326
decision_type=2 2 2 2 2 2 2 2 2 2 2 2 2 2 2 2 2 2 2 2 2 2 2 2 2 2 2 2
left_child=-1 13 3 8 -5 23 -7 -8 9 -3 11 -10 -4 15 27 16 -2 20 -16 -20 -18 -17 -23 -6 -25 -19 -27 -15
right_child=1 2 12 4 5 6 7 -9 10 -11 -12 -13 -14 14 18 21 17 25 19 -21 -22 22 -24 24 -26 26 -28 -29
leaf_value=0.041012724943366996 0.023809761240171139 -0.025644417424043175 -0.0017150865116371975 0.015130446293348226 -0.040349998888644378 0.023651430083964593 0.0036993005826293363 -0.032246782662073155 0.0051794728174296778 0.012077895729408051 -0.0013305710866250966 0.039918245527356989 -0.038218721515114684 0.040894532514374214 -0.019575394734961494 -0.003350241212048531 0.023692481712023983 -0.0024418882909281289 -0.0069427186970208781 0.034655355928449427 -0.0066022157997451354 0.011718166910125713 0.040731708581000545 -0.03297048472769569 0.0021206003685800296 -0.013119926202865321 -0.038227560131676247 0.030161038461543398
leaf_weight=1.6799029111862172 4.6425706893205634 5.7399072498083132 4.4728672355413437 5.2442548722028723 5.1869212239980653 4.7832325994968476 8.3848034143447858 5.9497220367193213 4.6091635078191775 5.6010578870773315 7.1740866750478736 6.3371654450893402 4.6659988313913328 3.9359565973281887 5.0638066083192834 8.3464110642671603 6.0063845962285942 5.9795317798852983 4.9971431791782344 4.0127863585948944 7.8217628449201584 7.2700724303722364 3.7769758626818657 5.1729654818773252 4.6583408117294312 9.9798526167869586 6.908948987722396 3.4177880212664604
leaf_count=9 22 25 20 24 23 20 37 26 22 25 32 28 21 22 22 37 29 26 23 21 36 34 21 22 20 44 30 20
internal_value=0 -0.000403824 -0.00431626 -0.0021874 -0.00859142 -0.0122358 -0.00249565 -0.0112206 0.00637269 -0.00701418 0.0147511 0.0252908 -0.0203526 0.00330958 0.0125674 4.32596e-05 -0.00504232 -0.00869248 0.000372663 0.011584 0.00655657 0.0108837 0.0216379 -0.0246347 -0.0163434 -0.0179134 -0.0233911 0.0359059
internal_weight=0 160.14 77.9805 68.8416 39.3802 34.136 19.1178 14.3345 29.4614 11.341 18.1204 10.9463 9.13887 82.16 21.4275 60.7325 41.3391 36.6965 14.0737 9.00993 13.8281 19.3935 11.047 15.0182 9.83131 22.8683 16.8888 7.35374
internal_count=741 732 345 304 172 148 83 63 132 50 82 50 41 387 108 279 187 165 66 44 65 92 55 65 42 100 74 42
is_linear=0
shrinkage=0.03


Tree=53
num_leaves=30
num_cat=0
split_feature=10 18 9 15 10 13 28 10 15 13 4 1 4 14 14 28 15 23 10 23 23 4 18 13 26 14 28 5 7
split_gain=3.04194 2.44139 2.79089 3.9552 3.56714 4.32239 5.43893 4.94835 3.51929 3.20753 2.94021 2.71891 3.3478 5.76203 5.50888 4.23005 4.27296 4.05886 3.33801 4.03664 3.05141 2.08739 2.24113 4.47149 3.60124 2.05318 3.17341 1.65086 0.588393
threshold=-0.019575108119639136 -0.00093166190117571757 1.5504299728969635 -1.6000563401691809e-05 -0.0066873821044838846 -0.0018471607104061369 0.88083798598095631 0.0020808990045324553 -0.0031320037486984214 -0.0099744610452681664 3826829.5000000005 664.58000000000004 14261541.000000002 0.95046286940127556 0.97426017067510695 0.90600730483096081 4.521717628994677e-05 0.58268114823169992 0.008372312287298957 1.3537193887844412 2.0891689302519869 40277275.000000007 -0.051930076870410451 -0.0048166925431421528 4.4753571428571499 0.67976822398956782 0.89719704956290014 17681.46566948653 -50298.903345054779
decision_type=2 2 2 2 2 2 2 2 2 2 2 2 2 2 2 2 2 2 2 2 2 2 2 2 2 2 2 2 2
left_child=-1 11 3 8 -5 25 -7 -8 -3 -4 -10 12 15 21 -15 -2 17 -17 19 -18 -19 22 24 -24 -14 -6 -27 28 -12
right_child=1 2 9 4 5 6 7 -9 10 -11 27 -13 13 14 -16 16 18 20 -20 -21 -22 -23 23 -25 -26 26 -28 -29 -30
leaf_value=0.040588305926333952 0.020080303932096095 -0.012879651731123622 -0.0016635624898003391 0.014717927011695206 -0.039246066730886625 0.026145215637653561 0.0035898806188415064 -0.031855216526454677 -0.0016254189144704464 -0.037260616678706726 0.020146990400157223 -0.012921060193615884 -0.015544846438251589 -0.031528078525479696 0.015332045646274349 0.003854504494588937 -0.0255898178962462 -0.043315115499354059 0.025556077244524262 0.015469362904162705 -0.01033499132858693 0.036194735051897242 0.00068048263465647 0.034476315059893833 0.022694828248696564 -0.032111749547809203 0.0020572600381133575 0.0065730164641498263 0.035610345623702362
leaf_weight=1.6470422148704518 6.6653508543968192 6.7128289788961437 4.4730538725852966 5.2297283858060828 5.173042774200435 4.5631933957338395 8.3812177032232267 6.1429000645875922 8.8697574287652987 4.6427508145570737 4.232435271143915 8.4191595464944822 4.7137019932270032 4.8026711791753751 4.261155441403389 5.4195755422115353 4.374851465225218 5.5399730801582319 4.9439272731542578 4.2469365745782852 4.6392025202512741 4.7166486382484427 5.7281989604234687 9.1543349474668556 4.1838303953409195 5.1522751450538617 4.6577215045690536 4.9193938523530951 4.6453163176774943
leaf_count=9 31 30 20 24 23 19 37 27 39 21 20 38 22 21 21 25 20 24 23 20 22 27 27 46 20 22 20 22 21
internal_value=0 -0.000391871 -0.00419675 -0.00212662 -0.00835132 -0.0118924 -0.00242518 -0.0114014 0.0061999 -0.0197934 0.0118503 0.00322633 0.00507872 0.0113367 -0.00949784 -0.0014816 -0.00640944 -0.0171181 0.00590409 -0.00536481 -0.0282843 0.0179635 0.0143474 0.0214685 0.00243635 -0.023953 -0.0158885 0.0205135 0.0282382
internal_weight=0 159.605 77.7956 68.6798 39.3001 34.0704 19.0873 14.5241 29.3797 9.1158 22.6669 81.8095 73.3904 37.5605 9.06383 35.8298 29.1645 15.5988 13.5657 8.62179 10.1792 28.4967 23.7801 14.8825 8.89753 14.983 9.81 13.7971 8.87775
internal_count=741 732 345 304 172 148 83 64 132 41 102 387 349 184 42 165 134 71 63 40 46 142 115 73 42 65 42 63 41
is_linear=0
shrinkage=0.03


Tree=54
num_leaves=19
num_cat=0
split_feature=10 25 22 25 26 1 27 15 10 18 18 12 10 2 28 24 2 24
split_gain=2.92162 2.31744 5.07804 3.74966 2.96619 3.77289 3.16766 4.93337 4.89909 4.12172 6.54263 3.4682 2.86165 2.83607 2.61188 2.24706 1.67371 1.49648
threshold=-0.019575108119639136 -1.1436780080407123 36.694640986091962 -0.9028449274953716 4.0553571428571304 612.32500000000016 0.0067072761300565375 2.1074012012768525e-05 0.010594057742521869 -0.033359914959074859 -0.016555003938435228 0.0071454604334976199 -0.0015505798896402465 528.52500000000009 0.86878915613063146 0.3529526694916309 469.82000000000011 0.8659746280181323
decision_type=2 2 2 2 2 2 2 2 2 2 2 2 2 2 2 2 2 2
left_child=-1 2 -2 -3 6 12 8 16 9 11 -11 -5 -6 -14 -7 -15 -8 -16
right_child=1 3 -4 4 5 14 7 -9 -10 10 -12 -13 13 15 17 -17 -18 -19
leaf_value=0.040184142270193235 0.0068705039390248102 0.025378974612310826 -0.027336352073638423 -0.0012298505298621036 0.035536433871057836 0.013161081885630055 -0.016440611944705856 0.0029556207253907292 -0.03127819285496674 -0.029847792616889593 0.0014549569998076207 0.031360946970235774 -0.011173806638471005 0.033066628304260083 -0.00099365209009136062 0.0070388279533949178 -0.042350298461523508 -0.024330832433248715
leaf_weight=1.6141964942216862 7.3417093455791465 5.3838376104831687 8.3458584696054441 5.1279128193855268 4.7709344327449825 4.9862903356552115 4.3378394544124621 7.633312076330184 4.3968898802995673 6.6635240167379299 61.216052770614631 6.8835243731737137 4.5080284625291851 4.6790957748889914 4.6341954469680768 8.2465941160917264 4.6483761817216873 5.3025695011019707
leaf_count=9 37 26 38 23 24 22 20 35 20 28 274 34 21 23 22 41 20 24
internal_value=0 -0.000380406 -0.0113277 0.00081704 -0.000140959 0.00710905 -0.00280851 -0.0147787 -0.000448276 0.00124848 -0.00161794 0.0174473 0.014949 0.00931508 -0.00455642 0.0164609 -0.0298431 -0.0134471
internal_weight=0 159.107 15.6876 143.419 138.035 37.1277 100.907 16.6195 84.2879 79.891 67.8796 12.0114 22.2047 17.4337 14.9231 12.9257 8.98622 9.93676
internal_count=741 732 75 657 631 177 454 75 379 359 302 57 109 85 68 64 40 46
is_linear=0
shrinkage=0.03


Tree=55
num_leaves=25
num_cat=0
split_feature=10 18 1 9 15 10 13 22 9 5 11 14 12 25 6 24 28 9 6 9 27 27 4 13
split_gain=2.80713 2.33943 2.70105 2.6842 3.65098 3.31991 3.50661 4.09365 2.62125 2.7546 3.12077 5.01017 3.56419 4.51048 3.37028 3.44439 2.98553 2.72488 2.51143 3.11916 2.74336 2.36502 2.22439 1.78038
threshold=-0.019575108119639136 -0.00093166190117571757 442.65000000000003 1.5504299728969635 -1.5124018059732664e-05 -0.0066873821044838846 -0.0086017500607293278 77.532981895256896 0.42672057136818736 230225.72272714737 0.010212782157590141 0.90620204437454566 -0.004698127189077638 -1.0136553757456832 2833.6823450218099 0.78875037335225062 1.0186336627733805 0.83003061207314366 18026.513412191103 0.74048497869781327 0.0063422425369738149 0.0074290874458275823 22665062.500000004 -0.0099081432968855503
decision_type=2 2 2 2 2 2 2 2 2 2 2 2 2 2 2 2 2 2 2 2 2 2 2 2
left_child=-1 8 -3 4 18 -6 -7 -8 -2 10 11 12 13 -10 15 -12 -14 -17 19 -4 -21 -20 -13 -5
right_child=1 2 3 23 5 6 7 -9 9 -11 14 22 16 -15 -16 17 -18 -19 21 20 -22 -23 -24 -25
leaf_value=0.039798965772247424 -0.020258604337060674 0.018602496624715359 0.019177094661201478 -0.0076984163006063267 0.013018517060958803 -0.032819962486795175 -0.014327665500399378 0.016135664791677093 0.008958847324764898 -0.018888867302226855 -0.0062054978672521294 -0.03173438573856547 0.018369373613148013 -0.03216640462666729 0.038145693843854946 0.038458738060241519 -0.00047641554102350052 0.0062520457386036144 0.030635260252085624 0.0018566842846133968 -0.025572203403407955 0.0010155902772208156 -0.0030520104452847669 -0.034626895899063273
leaf_weight=1.5814200192689885 4.0767055153846732 4.4466723352670661 4.7475970387458863 4.480758398771286 4.9944911450147584 6.556062012910842 19.457678869366656 4.9877550005912772 5.3114779591560364 4.3070562407374373 7.3657643646001878 4.9338720887899381 19.726711601018913 4.3790547773241943 4.6070828586816779 4.391831696033476 12.271898567676542 5.12118960916996 5.282440781593321 8.2620752155780774 5.4443121999502173 4.4869284331798553 4.8017550855875015 4.3596793860197049
leaf_count=9 18 21 21 20 23 28 85 21 25 21 35 22 95 20 23 22 60 24 25 36 24 21 22 20
internal_value=0 -0.000369089 -0.00409825 -0.0054799 -0.00334639 -0.00968028 -0.0133372 -0.00811204 0.00318631 0.00442408 0.00580125 0.00178938 0.00631452 -0.00962524 0.0154034 0.0091958 0.0111418 0.0211208 0.00473182 -0.00177945 -0.00903834 0.0170314 -0.0175878 -0.0209782
internal_weight=0 158.801 77.5065 73.0598 64.2193 35.996 31.0015 24.4454 81.2944 77.2177 72.9106 51.4248 41.6891 9.69053 21.4859 16.8788 31.9986 9.51302 28.2234 18.454 13.7064 9.76937 9.73563 8.84044
internal_count=741 732 345 324 284 157 134 106 387 369 348 244 200 45 104 81 155 46 127 81 60 46 44 40
is_linear=0
shrinkage=0.03


Tree=56
num_leaves=14
num_cat=0
split_feature=10 15 17 5 5 15 3 18 15 4 10 4 4
split_gain=2.69812 2.23442 4.65921 2.41421 3.98812 3.89161 2.70433 3.04523 8.44955 3.29978 2.62803 2.37261 1.90357
threshold=-0.019575108119639136 -0.0023353549018384576 19.305000305175785 88973.75026358859 59872.501892644454 0.0033031069021881546 670.29500000000019 0.041460897504214229 -1.5124018059732664e-05 42300059.000000007 -0.0015331400088458567 2932230.5000000005 31114225.500000004
decision_type=2 2 2 2 2 2 2 2 2 2 2 2 2
left_child=-1 2 -2 4 6 12 7 9 -9 11 -10 -3 -5
right_child=1 3 -4 5 -6 -7 -8 8 10 -11 -12 -13 -14
leaf_value=0.039431612507193028 0.0008366669871224115 -0.0041033190771048549 -0.036348002994992142 0.0083383467024432355 -0.027178438824453297 -0.009534065079141469 -0.018597101752691872 0.016821661962173287 -0.0091929024949310642 0.029959600877298698 -0.033605635661104062 0.0062679879847285461 0.031728203742094514
leaf_weight=1.5487623065710057 8.7218318879604322 30.563785418868065 4.6492938995361319 6.1291040629148501 4.9372208863496772 5.7424099445343009 6.4382700920104972 8.096657410264017 8.3296967595815641 4.1670692786574355 7.580101177096366 56.642571918666363 6.402958020567894
leaf_count=9 39 137 22 29 22 26 28 37 37 22 34 266 33
internal_value=0 -0.000358238 -0.0120929 0.000723645 -0.000746023 0.0109175 0.000325268 0.00138115 -0.00812735 0.00387931 -0.0208242 0.00263309 0.0202888
internal_weight=0 158.401 13.3711 145.03 126.755 18.2745 121.818 115.38 24.0065 91.3734 15.9098 87.2064 12.5321
internal_count=741 732 61 671 583 88 561 533 108 425 71 403 62
is_linear=0
shrinkage=0.03


Tree=57
num_leaves=18
num_cat=0
split_feature=10 25 22 25 26 1 27 28 15 13 13 10 2 28 24 2 22
split_gain=2.59431 2.15743 4.7183 3.50523 2.81004 3.54037 2.91815 4.68343 4.56459 3.50324 5.19599 2.73621 2.60334 2.41651 2.16431 1.5617 1.4062
threshold=-0.019575108119639136 -1.1436780080407123 36.694640986091962 -0.9028449274953716 4.0553571428571304 612.32500000000016 0.0067072761300565375 1.0866900190133071 2.1074012012768525e-05 0.016795098377038079 0.0012813872154996411 -0.0015505798896402465 528.52500000000009 0.86878915613063146 0.3529526694916309 469.82000000000011 51.774595400425063
decision_type=2 2 2 2 2 2 2 2 2 2 2 2 2 2 2 2 2
left_child=-1 2 -2 -3 6 11 7 9 15 10 -5 -6 -13 -7 -14 -8 -15
right_child=1 3 -4 4 5 13 8 -9 -10 -11 -12 12 14 16 -16 -17 -18
leaf_value=0.0390810088360432 0.0066835911017019941 0.024705222508946394 -0.026430792776567767 -0.0064075058556046713 0.034948647667795311 0.012743165233595503 -0.015793611843641933 0.029973875963613394 0.0028520245533852451 -0.026923139796641495 0.010093879226881756 -0.010543411151247163 0.032455915945374773 -0.0028363702077701968 0.0067464304109553066 -0.040892673527679384 -0.025613478850858171
leaf_weight=1.5162683725357045 7.2697319686412802 5.3187804073095313 8.2868842333555204 47.976669758558273 4.6882219761610058 4.9617362916469565 4.3147075623273867 4.3206291347742072 7.6031422168016425 4.8065830767154685 26.74918395280838 4.4907531142234829 4.6063296049833289 5.5139192938804609 8.1806492656469327 4.6202881932258606 4.3750302195549011
leaf_count=9 37 26 38 216 24 22 20 20 35 21 122 21 23 26 41 20 20
internal_value=0 -0.000348075 -0.0109562 0.000809787 -0.000116506 0.00697296 -0.00271644 -0.000444946 -0.0142335 -0.00209746 -0.0005006 0.0146223 0.00910681 -0.00434128 0.0160079 -0.0287723 -0.0129133
internal_weight=0 158.083 15.5566 142.527 137.208 36.8166 100.391 83.8531 16.5381 79.5324 74.7259 21.966 17.2777 14.8507 12.787 8.935 9.88895
internal_count=741 732 75 657 631 177 454 379 75 359 338 109 85 68 64 40 46
is_linear=0
shrinkage=0.03


Tree=58
num_leaves=17
num_cat=0
split_feature=10 18 18 18 2 10 17 4 17 15 25 26 26 14 28 26
split_gain=2.49525 2.15486 4.33486 5.44174 2.83557 3.65626 3.35387 2.79195 2.51374 5.01082 5.24425 4.76935 5.94998 5.17469 1.72688 1.38449
threshold=-0.019575108119639136 -0.068038746368588796 -0.051930076870410451 -0.037804181518894746 462.10500000000008 0.012634574770747477 18.519999504089359 1176149.5000000002 19.305000305175785 -0.00018512523621242835 -0.81814938653333591 3.2824999999999913 3.1292857142857131 0.96431204247086821 0.97348812500967896 3.6239285714285523
decision_type=2 2 2 2 2 2 2 2 2 2 2 2 2 2 2 2
left_child=-1 4 14 15 -2 6 -6 -5 11 -10 -11 12 -9 -13 -3 -4
right_child=1 2 3 7 5 -7 -8 8 9 10 -12 13 -14 -15 -16 -17
leaf_value=0.038746167390397351 -0.010681706605687707 -0.0086133657303094392 0.035267195192894014 0.021591592239029629 0.041700467705396912 -0.0026806740585297775 0.0053658428472843816 -0.0042124124758186211 -0.036780883386414998 -0.020194414246235068 0.023433816211361796 0.0021467489107290811 -0.039008571113378118 0.033556254424490888 -0.033970313170398725 0.010768725193881678
leaf_weight=1.4839790761470784 5.1611589789390591 4.9201726168394071 4.2281241267919523 4.3936947137117377 5.5623223185539228 6.3447384238243094 3.8821028098464012 43.145068600773811 5.5711882412433615 5.7390828281640998 4.3660753369331351 45.501754187047482 4.9279423207044593 5.267135187983512 4.7515044808387756 4.0790652930736542
leaf_count=9 24 21 22 21 30 28 20 190 26 27 21 214 22 25 21 20
internal_value=0 -0.00033759 -0.00170888 -0.000236916 0.00862249 0.0149326 0.0267652 -0.00187686 -0.00277726 -0.013938 -0.00134423 -0.00100717 -0.00777935 0.0054054 -0.0210707 0.0232378
internal_weight=0 157.841 136.891 127.219 20.9503 15.7892 9.44443 118.912 114.518 15.6763 10.1052 98.8419 48.073 50.7689 9.67168 8.30719
internal_count=741 732 630 588 102 78 50 546 525 74 48 451 212 239 42 42
is_linear=0
shrinkage=0.03


Tree=59
num_leaves=26
num_cat=0
split_feature=10 18 1 18 18 9 28 18 15 4 4 2 9 15 27 4 15 10 13 22 27 9 28 13 9
split_gain=2.40076 2.04971 2.60966 2.55391 6.43019 3.37349 4.27522 5.0751 3.24335 3.06488 3.94715 2.97638 2.49329 3.35749 3.67457 3.06334 4.10096 3.00514 3.63608 3.57976 2.29972 2.03994 2.06297 1.6268 0.222373
threshold=-0.019575108119639136 -0.00093166190117571757 442.65000000000003 -0.014069933050754711 -0.010090417175121656 1.0904287161078463 0.85663504330667062 -0.068038746368588796 1.5707840957242442e-05 27336363.500000004 12380451.500000002 523.17000000000019 1.5504299728969635 -1.6000563401691809e-05 0.0052349770064669633 3826829.5000000005 -0.0010721908697049318 -0.0066873821044838846 -0.0086017500607293278 77.532981895256896 0.0077981628056053411 0.8784877071201499 1.0360506961422093 -0.0099081432968855503 1.0304414817974326
decision_type=2 2 2 2 2 2 2 2 2 2 2 2 2 2 2 2 2 2 2 2 2 2 2 2 2
left_child=-1 3 -3 5 24 6 -2 8 -8 10 -6 -7 13 14 -4 -16 -17 -15 -19 -20 -13 22 -9 -14 -5
right_child=1 2 12 4 9 11 7 21 -10 -11 -12 20 23 17 15 16 -18 18 19 -21 -22 -23 -24 -25 -26
leaf_value=0.03842617475597427 0.02254936256530584 0.018549218323636107 0.028105028041432462 0.040187282268193701 -0.0085043655834476008 -0.0032279735583123068 0.022801029617412604 -0.014607086561115729 -0.0067587118524351968 -0.021200321191524426 0.030137656364935698 0.010795838306300197 -0.0074903437184263505 0.01267304130725018 -0.016743989066041111 -0.010391776553223002 0.021102594392675398 -0.031969220297313743 -0.012825246832478467 0.015624926975431849 0.040173000493494204 -0.0045208448425642653 -0.03740497987939314 -0.033388668568983711 0.029550259551765174
leaf_weight=1.4519314467906941 4.5007122457027426 4.4207984656095496 4.9967247843742397 3.7909557372331646 5.108215317130087 8.2666951715946215 5.8773145526647514 9.0218983143568092 7.7402465492486954 4.2206286787986746 4.4529560506343842 7.0913579463958722 4.43925841152668 4.9560791701078371 7.0254919081926372 6.6482531279325512 8.4510746449232048 6.7570650726556769 19.997879847884189 4.9695487916469565 3.6238327696919441 7.5742920637130728 5.9139347523450843 4.2947305589914304 3.3160699754953384
leaf_count=9 22 21 23 22 24 37 29 40 36 21 21 34 20 23 30 30 40 29 88 21 21 34 26 20 20
internal_value=0 -0.000327795 -0.00382853 0.0030189 0.0120457 -0.000144284 -0.00502244 -0.00845727 0.00599922 9.29374e-05 0.00949251 0.0102968 -0.00519237 -0.0031345 0.00486885 -0.000378865 0.00723558 -0.00905216 -0.0124461 -0.00716249 0.0207311 -0.0172028 -0.0236341 -0.0202252 0.0352241
internal_weight=0 157.456 76.9569 80.4991 20.8888 59.6103 40.6284 36.1277 13.6176 13.7818 9.56117 18.9819 72.5361 63.8021 27.1215 22.1248 15.0993 36.6806 31.7245 24.9674 10.7152 22.5101 14.9358 8.73399 7.10703
internal_count=741 732 345 387 108 279 187 165 65 66 45 92 324 284 123 100 70 161 138 109 55 100 66 40 42
is_linear=0
shrinkage=0.03


Tree=60
num_leaves=22
num_cat=0
split_feature=10 23 13 18 15 26 6 13 22 5 28 28 22 22 25 9 17 24 10 6 6
split_gain=2.3105 1.999 3.959 3.31492 6.4989 3.98466 3.80756 3.21221 5.24319 7.21451 6.11361 3.18265 3.36673 4.07694 2.93897 3.34685 2.94644 2.80837 3.69893 3.08251 1.05906
threshold=-0.019575108119639136 4.1832608269783131 -0.029470812537749521 0.063107496547525913 3.5210371370430667e-05 4.5424999999999871 18026.513412191103 0.011856885308531963 57.342991402952329 562.05990731593454 1.0107926010540551 0.91927134871264937 84.102557350759938 77.259052753060431 0.06532440499930002 0.77751180302944101 17.460000038146976 3.6710574480135816 -0.0028039035802134289 53726.042874643565 9546.3568041725193
decision_type=2 2 2 2 2 2 2 2 2 2 2 2 2 2 2 2 2 2 2 2 2
left_child=-1 2 -2 6 5 20 7 8 9 -4 -10 12 13 -3 15 -9 -16 18 -8 -20 -5
right_child=1 11 3 4 -6 -7 17 14 10 -11 -12 -13 -14 -15 16 -17 -18 -19 19 -21 -22
leaf_value=0.038120186473251091 -0.034083640441899182 -0.007810915359268384 -0.01061557028406898 0.0023965092132816074 -0.0380354051527819 -0.022122081242872051 0.041175143777058422 -0.00029824028297573932 0.0048721791675199865 0.024087713290303819 -0.021004176655529058 -0.027910367042797014 -0.024966206149054211 0.025644592541860394 0.013284935474501967 -0.034295181566668588 -0.016247028439758213 -0.0040932996514010441 0.026652824819720332 -0.0077659557034815557 0.023274335185978521
leaf_weight=1.4201589077711094 2.8145030587911597 8.5031074136495644 7.3903482407331493 4.2845278680324572 5.2778763473033896 4.3343128263950339 5.6910466477274904 4.5065817236900347 29.873224854469299 19.933785773813725 11.335520744323729 5.6799916028976432 4.4282734543085089 5.335122436285018 7.5621689334511739 6.1800669580698013 5.0852159112691879 4.8806407600641242 5.000337541103363 4.4047123193740845 4.4661024361848831
leaf_count=9 13 37 34 20 25 20 32 20 136 99 52 25 20 25 36 27 23 23 24 21 20
internal_value=0 -0.000317909 0.00111852 0.00187944 -0.00993403 0.00140081 0.00381901 0.00123781 0.00451113 0.0147015 -0.00224578 -0.00829716 -0.00219841 0.00508736 -0.00837606 -0.0199586 0.00141083 0.0156892 0.0220849 0.0105333 0.013052
internal_weight=0 156.967 133.021 130.206 18.3628 13.0849 111.844 91.8669 68.5329 27.3241 41.2087 23.9465 18.2665 13.8382 23.334 10.6866 12.6474 19.9767 15.0961 9.40505 8.75063
internal_count=741 732 625 612 85 60 527 427 321 133 188 107 82 62 106 47 59 100 77 45 40
is_linear=0
shrinkage=0.03


Tree=61
num_leaves=11
num_cat=0
split_feature=10 24 9 4 13 17 23 17 17 10
split_gain=2.22431 2.16721 3.25535 3.46426 3.23687 2.674 5.24226 4.25219 3.94731 3.28505
threshold=-0.019575108119639136 -5.1920697217339127 0.4170552709723977 917356.50000000012 0.034058664129461132 19.095000267028812 0.4690436958305782 18.579999923706058 17.820000648498539 -0.0022547930775043685
decision_type=2 2 2 2 2 2 2 2 2 2
left_child=-1 -2 -3 -4 5 7 9 8 -5 -7
right_child=1 2 3 4 -6 6 -8 -9 -10 -11
leaf_value=0.037827419583274229 0.049178471040169758 -0.026844516400807338 0.04438945017474228 0.0010671896586563904 0.024766560983521851 0.011116994902180004 -0.035687541657914386 0.029323490914786254 -0.020585271503540975 -0.015185658762679006
leaf_weight=1.3886916190385807 0.79242071509361167 4.128412887454032 1.5768853574991215 110.15088447183371 4.4940370246767989 8.3900489881634748 5.6158477663993827 4.4893186017870894 8.1373370438814145 8.7100163102149963
leaf_count=9 4 19 8 509 24 41 26 23 37 41
internal_value=0 -0.000308542 -0.000560413 0.000155531 -0.00030952 -0.00108408 -0.0105394 0.00066531 -0.000422336 -0.00228041
internal_weight=0 156.485 155.693 151.564 149.987 145.493 22.7159 122.778 118.288 17.1001
internal_count=741 732 728 709 701 677 108 569 546 82
is_linear=0
shrinkage=0.03


Tree=62
num_leaves=11
num_cat=0
split_feature=10 24 9 4 13 13 9 25 18 17
split_gain=2.14198 2.06831 3.08769 3.31909 3.07563 2.5683 4.75755 3.55005 2.91751 2.68654
threshold=-0.019575108119639136 -5.1920697217339127 0.4170552709723977 917356.50000000012 0.034058664129461132 0.016795098377038079 0.75053342459595773 1.0000000180025095e-35 -0.089575643507430178 19.095000267028812
decision_type=2 2 2 2 2 2 2 2 2 2
left_child=-1 -2 -3 -4 5 8 -7 -8 -5 -10
right_child=1 2 3 4 -6 6 7 -9 9 -11
leaf_value=0.037547149302949695 0.04838640474021004 -0.026243383555061131 0.043835656432899793 0.018785663108722987 0.024269030208349966 0.011232874751947826 -0.043936317899392015 -0.0084454171974076113 0.0010575820358802164 -0.011498029348053409
leaf_weight=1.3575565442442883 0.78139735758304496 4.0967724025249472 1.5493197292089451 7.2655646651983252 4.4492668285965911 5.0209279209375373 4.6108928918838483 5.6382870823144913 104.85301343351603 17.965641558170319
leaf_count=9 4 19 8 38 24 23 20 26 485 85
internal_value=0 -0.000299579 -0.000544308 0.000151306 -0.000300493 -0.00105256 -0.0126917 -0.024412 0.000313717 -0.000779025
internal_weight=0 156.231 155.45 151.353 149.804 145.354 15.2701 10.2492 130.084 122.819
internal_count=741 732 728 709 701 677 69 46 608 570
is_linear=0
shrinkage=0.03


Tree=63
num_leaves=11
num_cat=0
split_feature=10 24 9 4 13 13 9 25 18 17
split_gain=2.06323 1.97509 2.92899 3.18152 2.92235 2.41875 4.47719 3.35891 2.76662 2.53008
threshold=-0.019575108119639136 -5.1920697217339127 0.4170552709723977 917356.50000000012 0.034058664129461132 0.016795098377038079 0.75053342459595773 1.0000000180025095e-35 -0.089575643507430178 19.095000267028812
decision_type=2 2 2 2 2 2 2 2 2 2
left_child=-1 -2 -3 -4 5 8 -7 -8 -5 -10
right_child=1 2 3 4 -6 6 7 -9 9 -11
leaf_value=0.037278700170309362 0.047635479480360524 -0.02565833843007569 0.043309283345131802 0.01836623956036397 0.023781322668166193 0.010920268156198861 -0.042712573331078071 -0.0081804396104745991 0.0010260016372375545 -0.011163380015090351
leaf_weight=1.3267778903245915 0.77007514983415504 4.0649647116661063 1.5215259939432133 7.2094017267227164 4.4049740955233565 5.009888529777526 4.6008538454771024 5.6461703479290009 104.83821343630552 17.949329778552055
leaf_count=9 4 19 8 38 24 23 20 26 485 85
internal_value=0 -0.000290738 -0.00052847 0.000147227 -0.000291586 -0.00102162 -0.0123218 -0.0236852 0.000304612 -0.000755867
internal_weight=0 156.015 155.245 151.18 149.659 145.254 15.2569 10.247 129.997 122.788
internal_count=741 732 728 709 701 677 69 46 608 570
is_linear=0
shrinkage=0.03


Tree=64
num_leaves=24
num_cat=0
split_feature=14 26 17 25 15 9 12 23 3 5 1 28 17 1 6 27 17 10 12 9 13 2 23
split_gain=2.06246 3.53606 4.73574 3.97476 4.71583 3.94716 5.67218 6.74774 2.41191 3.7148 3.0726 2.50495 8.4677 4.87395 3.65798 3.14795 4.89894 3.1786 2.39088 2.25592 1.94427 1.71829 0.869723
threshold=0.86436995654202398 2.6742857142857184 16.789999961853031 1.3026237629984181 0.0035654102217601191 0.94418696796771473 0.01312261087301614 3.6917037257568954 662.17000000000019 90270.021044547088 640.12500000000011 0.95627876768328612 16.265000343322757 607.17000000000007 1749.1567668193072 0.0061785476047033711 16.285000801086429 -0.0015505798896402465 0.0073267895593525098 0.88824847750396652 -0.0028486871820608268 597.67000000000019 3.870492459312914
decision_type=2 2 2 2 2 2 2 2 2 2 2 2 2 2 2 2 2 2 2 2 2 2 2
left_child=8 -2 3 4 5 6 -3 -8 9 10 11 12 14 15 -1 16 -13 -17 -14 -4 -10 -11 -7
right_child=1 2 19 -5 -6 22 7 -9 20 21 -12 13 18 -15 -16 17 -18 -19 -20 -21 -22 -23 -24
leaf_value=-0.031714725055406304 -0.028416750476636752 -0.030171443687971977 -0.0059401670423662551 0.026616792311874048 -0.0286165535810762 0.027993257389554396 0.027376450719976075 -0.020816609357538825 0.0022014301308427831 0.010636657428725348 0.022393566963442239 0.0058479285967137692 0.035075856330119032 -0.026799370966957926 0.0053462843194089071 0.014982673006392153 -0.030518529075800518 -0.0027056069252962217 0.0092936701300001257 -0.035056153137032871 -0.023119074725684988 0.037317296219090509 0.0098280156121883597
leaf_weight=4.6529076695442217 5.1895091831684104 5.4773444235324957 4.6287253797054273 5.3352105617523184 4.8391021788120261 4.809898912906645 6.2859036326408368 4.4771160781383514 5.2553150057792664 4.885301508009432 6.1986643746495238 6.7180775851011258 7.7737987935543043 6.7587785050272933 4.943477526307106 15.841930225491515 6.6179610937833786 21.623975820839412 5.5469850152730942 4.9628550112247467 5.678344860672949 3.9120877012610435 4.6804429292678833
leaf_count=20 23 24 21 25 22 23 31 20 25 25 32 30 39 33 22 80 28 105 25 21 25 21 21
internal_value=0 -0.00495487 -0.00227872 0.00272385 -0.00144608 0.0036638 -0.00531836 0.00732948 0.00239809 0.00392656 0.00204129 0.000473694 0.00886183 -0.00286595 -0.0126231 0.000318194 -0.0121988 0.00477363 0.0243397 -0.0210053 -0.0109487 0.0225012 0.0190345
internal_weight=0 50.6861 45.4966 35.905 30.5698 25.7307 16.2404 10.763 106.408 95.4739 86.6766 80.4779 22.9172 57.5607 9.59639 50.8019 13.336 37.4659 13.3208 9.59158 10.9337 8.79739 9.49034
internal_count=741 231 208 166 141 119 75 51 510 460 414 382 106 276 42 243 58 185 64 42 50 46 44
is_linear=0
shrinkage=0.03


Tree=65
num_leaves=11
num_cat=0
split_feature=2 25 17 18 7 11 23 28 18 17
split_gain=2.28577 2.06626 3.22176 4.20996 3.41047 3.9113 3.65148 2.84729 2.59826 2.39747
threshold=421.91500000000008 -2.0065168385428227 20.795000076293949 0.084406249758584032 -411737.92439472891 -0.011449238272957961 4.1832608269783131 0.91927134871264937 0.12944562994235767 17.494999885559086
decision_type=2 2 2 2 2 2 2 2 2 2
left_child=-1 -2 3 4 -3 -6 9 -8 -4 -7
right_child=1 2 8 -5 5 6 7 -9 -10 -11
leaf_value=0.042387688065580083 0.024646649177441259 0.039942909728617637 -0.0296815527490767 0.025033583723286595 -0.028928206272604874 0.0044758325938214424 -0.005786417790955671 -0.032163054313227982 0.00052697404480690031 -0.0060179844182099342
leaf_weight=1.1380418241024006 2.9354287236928931 1.8363995179533947 6.016765318810938 5.9905388951301566 4.4333298057317725 82.408603198826313 16.976499125361446 4.7038463503122321 4.4634851887822151 25.706527717411518
leaf_count=6 17 11 29 29 21 387 77 21 23 120
internal_value=0 -0.000284273 -0.000764048 0.000420187 -0.000663466 -0.00121901 -0.000272564 -0.0115092 -0.0168159 0.00198072
internal_weight=0 155.471 152.536 142.056 136.065 134.229 129.795 21.6803 10.4803 108.115
internal_count=741 735 718 666 637 626 605 98 52 507
is_linear=0
shrinkage=0.03


Tree=66
num_leaves=14
num_cat=0
split_feature=10 15 17 5 5 15 3 12 10 14 18 28 4
split_gain=1.9471 1.92834 3.94968 2.04621 3.77563 3.58119 2.41751 2.59285 3.65602 3.52805 2.53665 2.3135 1.74709
threshold=-0.019575108119639136 -0.0023353549018384576 19.305000305175785 88973.75026358859 59872.501892644454 0.0033031069021881546 670.29500000000019 0.020986970526404417 0.0058284716859003946 0.92088718527062452 0.063107496547525913 0.92044638963898529 31114225.500000004
decision_type=2 2 2 2 2 2 2 2 2 2 2 2 2
left_child=-1 2 -2 4 6 12 7 9 -9 10 -3 -11 -5
right_child=1 3 -4 5 -6 -7 -8 8 -10 11 -12 -13 -14
leaf_value=0.036917386232474945 0.00046938019251739171 0.0042460389000184198 -0.034541494539524521 0.0078748219940197733 -0.026566882220546501 -0.0095065065525418938 -0.017613157588962439 0.035641910061388012 -0.0011160631964259185 -0.0016344936167647678 -0.0097239557301949334 -0.027170307950960811 0.030636193177632831
leaf_weight=1.2770399078726757 8.5877177715301496 76.818313360214233 4.3786360323429099 5.9807735681533831 4.8537645488977423 5.6384792029857627 6.3330491036176673 4.6050550788640958 5.168535590171814 6.2319306284189206 13.799334436655043 6.5483041703701019 6.1619835048913956
leaf_count=9 39 365 22 29 22 26 28 22 25 28 64 29 33
internal_value=0 -0.00027842 -0.0113535 0.00073188 -0.000629197 0.010251 0.000424281 0.00143365 0.0162033 3.7563e-05 0.00211868 -0.0147185 0.0194253
internal_weight=0 155.106 12.9664 142.14 124.358 17.7812 119.505 113.171 9.77359 103.398 90.6176 12.7802 12.1428
internal_count=741 732 61 671 583 88 561 533 47 486 429 57 62
is_linear=0
shrinkage=0.03


Tree=67
num_leaves=17
num_cat=0
split_feature=25 25 22 23 17 28 18 11 16 10 10 23 27 9 17 11
split_gain=1.9168 2.9135 3.01058 2.23178 5.43987 6.86694 6.4333 5.57395 4.60949 6.65787 5.78432 4.01246 3.56664 2.29886 1.51798 0.996123
threshold=-2.0065168385428227 -1.4527160756174506 34.392639517670077 0.45010399219131619 17.494999885559086 1.0897958754101844 0.040467463007027978 0.018060269539601274 1.0000000180025095e-35 -0.0015505798896402465 0.002536921634909151 4.7775015458738617 0.0072628986604058197 0.85412230643173637 17.820000648498539 0.0086818243492914355
decision_type=2 2 2 2 2 2 2 2 2 2 2 2 2 2 2 2
left_child=-1 -2 -3 8 5 7 -6 11 14 -10 -11 -5 -8 -7 -4 -12
right_child=1 2 3 4 6 13 12 -9 9 10 15 -13 -14 -15 -16 -17
leaf_value=0.024226001835697088 -0.018424213313442999 0.028441713668245182 0.03849186317079157 -0.0017219741127951229 -0.040860828247266945 0.010802070514375596 0.01751022893882459 0.026810087308168629 0.023377628443928648 -0.041763116216802544 0.012619168299816129 -0.024754256711839534 -0.020926270943588357 0.042323605724678789 0.013552588176010379 -0.0088167287177064353
leaf_weight=2.8908882960677138 7.6931144744157782 3.3942423835396758 4.1908541321754473 77.672916665673256 6.6386746168136588 4.1420464068651182 4.3611869066953641 5.7370332628488532 6.6000474169850394 4.3520765602588618 3.7225618660449982 7.4612849205732337 4.3300173729658127 4.1873493045568466 4.615821972489357 4.0999099537730217
leaf_count=17 39 17 21 357 29 20 20 28 36 20 20 33 21 22 21 20
internal_value=0 -0.000431767 0.000519519 -0.000147383 -0.00199231 0.000577894 -0.0186242 -0.00181178 0.00751362 -0.000886037 -0.0140398 -0.00374056 -0.0016391 0.0266486 0.0254205 0.0013842
internal_weight=0 153.199 145.506 142.112 114.531 99.2006 15.3299 90.8712 27.5813 18.7746 12.1745 85.1342 8.6912 8.3294 8.80668 7.82247
internal_count=741 724 685 668 530 460 70 418 138 96 60 390 41 42 42 40
is_linear=0
shrinkage=0.03


Tree=68
num_leaves=17
num_cat=0
split_feature=10 15 17 14 14 10 18 17 13 28 17 17 26 25 12 23
split_gain=1.88635 1.85264 3.74505 2.00615 3.94527 2.04859 5.53902 4.21916 6.60011 4.83737 2.92198 4.22383 3.2602 2.88773 4.01094 1.01979
threshold=-0.019575108119639136 -0.0023353549018384576 19.305000305175785 0.14120551389692801 0.18510259727415748 -0.00032927393860177062 0.041460897504214229 16.73499965667725 0.0042859345960878379 0.93532722186614659 17.605000495910648 18.125000000000004 3.2824999999999913 -0.34873677557745947 0.010800964833584949 0.39145347404900127
decision_type=2 2 2 2 2 2 2 2 2 2 2 2 2 2 2 2
left_child=-1 2 -2 -3 -5 7 10 8 9 -6 12 -12 -7 15 -15 -9
right_child=1 3 -4 4 5 6 -8 13 -10 -11 11 -13 -14 14 -16 -17
leaf_value=0.036694440687791492 0.00031599764345172294 -0.017860414105147493 -0.033990791496021959 0.037455020569342815 0.0037623138510832909 -0.0041483437755561138 -0.026595652428219096 0.015070439343252886 0.024119702238875652 -0.026739297345101925 -0.034364558225008363 -0.0014370834655582456 0.0093119740269672745 0.045943011194494877 0.0081434615641866569 -0.0064498057163968232
leaf_weight=1.2524006739258755 8.5482539758086187 5.0447867661714545 4.3065202981233588 2.6784588247537604 9.7233884632587486 29.432847172021866 7.4892544597387305 3.715891137719157 6.52265441417694 9.0212205573916417 4.8438495844602611 12.69607103615999 36.006869710981846 5.2472091466188413 4.8725690394639969 4.2466831505298615
leaf_count=9 39 24 22 14 45 133 34 21 33 40 22 60 177 25 23 20
internal_value=0 -0.000272671 -0.0111772 0.000717678 0.0014043 0.000682728 -0.00188668 0.00604499 -0.00187255 -0.0109172 0.000343402 -0.0105304 0.00325792 0.0171085 0.0277429 0.00359304
internal_weight=0 154.397 12.8548 141.542 136.497 133.819 90.4689 43.3496 25.2673 18.7446 82.9796 17.5399 65.4397 18.0824 10.1198 7.96257
internal_count=741 732 61 671 647 633 426 207 118 85 392 82 310 89 48 41
is_linear=0
shrinkage=0.03


Tree=69
num_leaves=20
num_cat=0
split_feature=14 26 17 25 15 9 12 23 9 3 5 9 22 1 25 18 2 17 13
split_gain=1.86995 3.25141 4.19439 3.61949 4.47134 3.68593 5.23178 6.20726 2.16256 2.11102 3.49669 2.86651 4.04652 3.16348 4.51213 3.17406 1.92401 1.83782 0.746489
threshold=0.86436995654202398 2.6742857142857184 16.789999961853031 1.3026237629984181 0.0035654102217601191 0.94418696796771473 0.01312261087301614 3.6917037257568954 0.88824847750396652 662.17000000000019 90270.021044547088 1.8855218123459621 34.392639517670077 640.12500000000011 -1.1436780080407123 -0.089575643507430178 594.64000000000021 19.015000343322757 0.005307930750524271
decision_type=2 2 2 2 2 2 2 2 2 2 2 2 2 2 2 2 2 2 2
left_child=9 -2 3 4 5 6 -3 -8 -4 10 11 12 -1 14 -14 -16 -12 -11 -7
right_child=1 2 8 -5 -6 18 7 -9 -10 17 16 -13 13 -15 15 -17 -18 -19 -20
leaf_value=0.028582992944838428 -0.027322885657928956 -0.029048587443767517 -0.0050411835713235374 0.025576002788757799 -0.027897201757336228 0.010138488380683165 0.026591690308596462 -0.019879192903137062 -0.033673792922739969 -0.00015415108757097561 0.0062284214236620842 -0.022393464650156375 -0.031393631268234523 0.024278698548899157 0.028528389538016587 1.486670997884601e-05 0.034781596415751265 -0.025400377429064327 0.027062571085024426
leaf_weight=5.2663985863327971 5.1490379124879828 5.4377320557832816 4.5886133015155774 5.2495542019605628 4.8216833323240271 4.7191417813301069 6.1772950738668424 4.4507967829704285 4.9190368354320526 6.4858685582876188 3.8477938249707204 4.1556605398654929 3.9515257477760306 5.0741643756628028 3.7194564938545147 63.492874376475818 4.7407963946461678 4.3259627521038055 4.6636205911636353
leaf_count=29 23 24 21 25 22 22 31 20 21 29 20 21 19 26 20 299 26 21 22
internal_value=0 -0.00473982 -0.00215737 0.00257979 -0.00140828 0.00361052 -0.00511471 0.00713077 -0.019855 0.00230003 0.00374035 0.00191064 0.00314983 0.00139295 -0.000238867 0.00159277 0.0219894 -0.0102555 0.0185505
internal_weight=0 50.1765 45.0275 35.5198 30.2703 25.4486 16.0658 10.6281 9.50765 105.061 94.2487 85.6601 81.5044 76.238 71.1639 67.2123 8.58859 10.8118 9.38276
internal_count=741 231 208 166 141 119 75 51 42 510 460 414 393 364 338 319 46 50 44
is_linear=0
shrinkage=0.03


Tree=70
num_leaves=17
num_cat=0
split_feature=2 10 17 23 17 17 28 27 18 10 18 23 10 10 4 22
split_gain=2.12615 1.85129 2.04262 4.95232 3.77937 3.14215 3.26215 5.27221 3.42531 5.66207 3.49431 2.90511 2.8066 7.15879 2.07844 1.82936
threshold=421.91500000000008 -0.019575108119639136 19.095000267028812 0.4690436958305782 18.579999923706058 17.820000648498539 1.0897958754101844 0.0072043363195444477 -0.033359914959074859 0.011188592982648517 -0.016555003938435228 0.64918454757344091 -0.0022547930775043685 0.0046652314400797987 21537860.000000004 40.18412951842663
decision_type=2 2 2 2 2 2 2 2 2 2 2 2 2 2 2 2
left_child=-1 -2 4 12 5 6 8 -8 9 -3 -10 -7 15 -14 -9 -4
right_child=1 2 3 -5 -6 11 7 14 10 -11 -12 -13 13 -15 -16 -17
leaf_value=0.041488455826262281 0.03649484234908304 0.018158731999775364 0.024853799153534008 -0.033925640872528369 0.028379737686772724 -0.00051067473039405537 0.035785052950294868 -0.016257151696846651 -0.023139570094651968 -0.017614965885342799 -0.0014907544033596197 -0.033428743086727705 -0.037141099439072289 0.015647009971859048 0.013784064891118971 -0.0033975210399792631
leaf_weight=1.105056658387183 1.2226402536034573 17.05183477699757 4.3997337296605146 5.4045903384685507 4.3511900603771201 4.9680790901184064 6.1205468177795401 4.0601004511117917 7.4059971123933783 5.1950298547744742 71.424121625721455 4.6913826614618301 4.935603141784668 4.3498168289661407 4.2345288172364235 3.8837464451789856
leaf_count=6 9 86 24 26 23 25 30 21 32 24 329 21 24 21 21 19
internal_value=0 -0.000273523 -0.000568353 -0.00881239 0.000894119 -6.14826e-05 0.00131324 0.0146642 -0.000590817 0.00980495 -0.00352464 -0.0164982 -0.00108698 -0.0124122 -0.000920674 0.011608
internal_weight=0 153.699 152.476 22.9735 129.503 125.152 115.492 14.4152 101.077 22.2469 78.8301 9.65946 17.5689 9.28542 8.29463 8.28348
internal_count=741 735 726 114 612 589 543 72 471 110 361 46 88 45 42 43
is_linear=0
shrinkage=0.03


Tree=71
num_leaves=10
num_cat=0
split_feature=2 25 17 18 14 7 6 7 18
split_gain=2.04079 1.80336 2.71554 3.83333 2.9964 3.08806 3.82401 5.15032 2.36351
threshold=421.91500000000008 -2.0065168385428227 20.795000076293949 0.084406249758584032 0.14524356599065266 -187707.834941426 82028.743030864134 -18026.513412191096 0.12944562994235767
decision_type=2 2 2 2 2 2 2 2 2
left_child=-1 -2 3 4 -3 -6 7 -7 -4
right_child=1 2 8 -5 5 6 -8 -9 -10
leaf_value=0.041047166432547383 0.023629365778135986 -0.040952446883924833 -0.028155657696446387 0.024176913078807972 0.021371967026614608 0.015840430034264559 -0.021473317649853201 -0.0022848623224947669 0.0010969929568357449
leaf_weight=1.0837511420249928 2.7907837852835646 1.6406143754720677 5.8300726413726789 5.8367502242326728 5.7359242066740981 16.350823849439607 7.8063554912805548 102.9224360510707 4.333549290895462
leaf_count=6 17 7 29 29 30 81 35 484 23
internal_value=0 -0.000265738 -0.000708963 0.000375839 -0.000657367 -0.000159619 -0.00113148 0.000199881 -0.015683
internal_weight=0 153.247 150.457 140.293 134.456 132.816 127.08 119.273 10.1636
internal_count=741 735 718 666 637 630 600 565 52
is_linear=0
shrinkage=0.03


Tree=72
num_leaves=12
num_cat=0
split_feature=23 23 23 17 17 17 28 9 10 18 10
split_gain=1.72564 2.47284 3.38326 3.72202 2.73596 3.54062 4.31749 4.85224 2.90483 2.43315 2.19101
threshold=-4.2268994989450439 -1.3512443737333226 -0.29274039389844114 19.095000267028812 18.295000076293949 17.820000648498539 1.0897958754101844 0.83003061207314366 0.010594057742521869 0.12944562994235767 -0.0038883447132536659
decision_type=2 2 2 2 2 2 2 2 2 2 2
left_child=-1 -2 10 4 5 6 8 -8 -4 -5 -3
right_child=1 2 3 9 -6 -7 7 -9 -10 -11 -12
leaf_value=0.025740410763554752 -0.019591359659754996 0.03336403104134987 0.00018575065177273131 -0.029010275353659878 0.020621580718720781 -0.022685764111321931 -0.001346365469616132 0.037415704856924234 -0.020003024619808532 -0.0011633092754598504 0.0061591573317923629
leaf_weight=2.3131512701511374 5.7926790118217459 4.1680009290575981 92.463716015219688 6.666394889354704 5.8431734666228285 6.0892637372016898 5.791366294026373 5.834804967045784 6.892345428466796 4.8993580192327499 7.3854412361979467
leaf_count=13 27 24 430 32 31 28 28 31 32 26 39
internal_value=0 -0.000367861 0.000394671 -0.000943736 0.000587231 -0.000412706 0.00080935 0.0181071 -0.00121475 -0.017214 0.0159735
internal_weight=0 151.827 146.034 134.48 122.915 117.071 110.982 11.6262 99.3561 11.5658 11.5534
internal_count=741 728 701 638 580 549 521 59 462 58 63
is_linear=0
shrinkage=0.03


Tree=73
num_leaves=25
num_cat=0
split_feature=10 18 15 28 28 22 18 28 18 10 17 18 18 18 4 12 10 4 4 28 5 12 13 9
split_gain=1.69674 1.85886 2.39441 3.4055 3.3905 4.42198 2.4692 4.07424 4.84722 6.94166 2.38045 2.3679 5.79392 2.86653 4.07606 3.34995 4.80545 2.71888 3.54843 2.69479 2.63471 3.0947 2.53268 0.219871
threshold=-0.019575108119639136 -0.00093166190117571757 0.00015771083435196291 0.80326510963697384 0.94111707827927826 66.270661298688097 0.0089505371773547244 0.89079153505212971 0.030896555804070917 -0.0015331400088458567 17.055000305175785 -0.014069933050754711 -0.010090417175121656 -0.033359914959074859 29708423.500000004 -0.0062354803379549009 0.011188592982648517 27336363.500000004 12380451.500000002 1.1173268390147486 89105.62921091824 0.0047505668102635354 0.00031687771056243546 1.0304414817974326
decision_type=2 2 2 2 2 2 2 2 2 2 2 2 2 2 2 2 2 2 2 2 2 2 2 2
left_child=-1 11 3 -3 -4 -6 -5 -8 10 -10 -9 13 23 15 22 19 20 18 -14 -2 21 -17 -15 -13
right_child=1 2 4 6 5 -7 7 8 9 -11 -12 12 17 14 -16 16 -18 -19 -20 -21 -22 -23 -24 -25
leaf_value=0.036028490075227446 -0.031851400715945277 -0.022018428312605132 0.003388464453419501 -0.012279514258231514 -0.0079422896244987374 -0.044975929961582339 0.034633151769232318 0.033199948767720255 0.0037516176327918377 -0.032901360515974976 0.0028707308570522201 0.039345181782291593 -0.0081074351054526185 -0.031465392084219862 0.014416633195271249 -0.0090930401299709109 -0.010538694837543487 -0.020346121209677218 0.029142486565470797 0.0018207451884408759 0.034158724820250071 0.01798888470175225 -0.0038062741236958679 0.028537866436694793
leaf_weight=1.1690330207347859 3.6859507411718351 5.8769706785678855 7.402203023433688 8.7870343476533872 7.4620470702648145 4.7482656985521317 3.847300559282302 5.578364893794058 21.210562564432617 5.9562686532735887 3.9984652251005173 3.6651635915040996 4.9391580224037153 6.9228230118751544 4.3024177625775328 5.3334703296423021 8.6814922392368299 4.0022570043802252 4.3100082874298096 5.0970802381634712 5.3110414147377005 13.186739452183245 5.230821967124939 3.1506463810801506
leaf_count=9 18 25 32 39 36 22 18 26 100 27 20 22 24 31 21 25 39 21 21 25 29 68 23 20
internal_value=0 -0.000251866 -0.00362661 -0.000430251 -0.0126318 -0.0223437 0.00213917 0.0052605 0.00218499 -0.00428447 0.0205371 0.00299487 0.0118726 -8.98852e-05 -0.0106777 0.00412928 0.0085703 0.000311668 0.00925061 -0.0123104 0.0155315 0.0101898 -0.0195612 0.0343494
internal_weight=0 152.687 74.8675 55.255 19.6125 12.2103 49.378 40.591 36.7437 27.1668 9.57683 77.8191 20.0672 57.7518 16.4561 41.2958 32.5127 13.2514 9.24917 8.78303 23.8313 18.5202 12.1536 6.81581
internal_count=741 732 345 255 90 58 230 191 173 127 46 387 108 279 75 204 161 66 45 43 122 93 54 42
is_linear=0
shrinkage=0.03


Tree=74
num_leaves=22
num_cat=0
split_feature=22 12 26 15 4 26 10 17 10 22 13 13 10 15 10 18 15 9 6 15 13
split_gain=1.67951 3.80441 2.57578 1.86489 3.425 2.45244 6.90667 7.37403 5.7676 3.85343 3.67963 6.11518 4.52896 4.85858 3.87123 6.27142 3.21901 3.64237 2.18644 0.979039 0.876655
threshold=36.07998354924154 -0.021755716592936233 3.9357142857142837 -0.0019133450736111693 33696278.500000007 3.8021428571428468 -0.0028039035802134289 17.494999885559086 0.0053910751625954054 47.779945331205347 0.016795098377038079 0.00059094366620748861 -0.0054450740437684822 -8.9035771731255117e-05 0.0035555793793758954 -0.010090417175121656 1.6507656646293424e-05 1.0690052654101116 628.10376679745934 -1.0000000180025095e-35 9.4252535439376408e-05
decision_type=2 2 2 2 2 2 2 2 2 2 2 2 2 2 2 2 2 2 2 2 2
left_child=2 -2 -1 4 -3 10 19 16 -9 -10 11 12 -5 -14 18 -16 20 -18 -13 -7 -8
right_child=1 3 -4 5 -6 6 7 8 9 -11 -12 14 13 -15 15 -17 17 -19 -20 -21 -22
leaf_value=0.03349960871240909 -0.04415376637421313 -0.024950154075331559 0.00087126391798744425 -0.03459213941661065 0.0065091754915663101 0.041541916381575096 0.018308751956914344 -0.034698766377888136 0.023284575478710934 -0.013811384573615422 -0.02360119888976667 0.010489301364426828 0.023290964379921335 -0.0075079885717196232 0.016222171814296332 -0.026725017953204883 -0.011763521285077638 0.019463423160060115 0.033900784154834294 0.020791332904050379 0.038103865369277796
leaf_weight=3.3287709727883321 1.7979922592639912 7.1392487138509733 6.2960922345519066 4.7647320926189343 5.5249757915735245 4.1593098118901253 4.2059264034032839 6.9257026910781887 4.0988502651453 6.5435644388198853 6.7031362056732169 7.5349684357643145 5.2453347891569129 38.045241266489036 7.6004337221384048 5.1226151436567289 6.7379476279020292 6.709183894097805 6.8578306883573532 4.0282287597656232 3.8627348095178604
leaf_count=19 9 32 35 21 27 23 22 33 20 30 30 34 24 176 37 23 33 36 34 22 21
internal_value=0 -0.000789177 0.0121558 -0.000239363 -0.0112255 0.000837955 0.00627865 0.00103017 -0.0133907 0.00047586 -0.00230332 -0.000404153 -0.00683164 -0.00377621 0.0109868 -0.00106943 0.0128051 0.00381655 0.0216443 0.0313327 0.0277853
internal_weight=0 143.608 9.62486 141.81 12.6642 129.146 47.2714 39.0839 17.5681 10.6424 81.8743 75.1712 48.0553 43.2906 27.1158 12.723 21.5158 13.4471 14.3928 8.18754 8.06866
internal_count=741 687 54 678 59 619 240 195 83 50 379 349 221 200 128 60 112 69 68 45 43
is_linear=0
shrinkage=0.03


Tree=75
num_leaves=25
num_cat=0
split_feature=23 23 14 13 23 17 23 10 17 6 4 10 10 17 24 22 7 13 4 17 26 10 18 17
split_gain=1.68936 2.96647 2.54156 3.43458 4.48513 2.06766 5.72157 4.37196 5.15345 4.10065 3.82882 3.47818 7.41955 3.42968 3.31178 3.26186 3.09951 3.3461 3.21519 6.23307 4.37746 4.43403 2.75673 1.82992
threshold=4.1832608269783131 4.3431866472149645 0.82878894815075921 0.0017405678349728395 4.689205038366425 17.339999198913578 0.45010399219131619 -0.001362596497733348 19.305000305175785 18026.513412191103 25038925.000000004 -0.0015505798896402465 0.0064537830897077883 21.210000038146976 3.4796577130143738 47.779945331205347 -7344.7456465557634 -0.015421199818791807 2039072.0000000002 16.215000152587894 2.4589285714285807 -0.0010841443042990393 -0.020643031739272507 19.095000267028812
decision_type=2 2 2 2 2 2 2 2 2 2 2 2 2 2 2 2 2 2 2 2 2 2 2 2
left_child=5 -2 -3 4 -4 9 11 8 -8 16 -11 13 23 -7 -12 -14 -1 -18 19 -19 -20 -22 -9 -13
right_child=1 2 3 -5 -6 6 7 22 -10 10 14 12 15 -15 -16 -17 17 18 20 -21 21 -23 -24 -25
leaf_value=-0.019675684757015564 -0.02885951970398111 0.016600853470663968 0.0041896121279848169 0.011700160987320764 -0.038140378365770791 0.03879951167156017 0.023874448294589047 -0.015124785869968007 -0.021477813357836401 0.042561890908713998 0.023313559987971279 -0.0058910365607629887 0.03475983174747195 0.003546968157144656 -0.010722991055158986 -0.00046281491583178669 0.027417461170998348 -0.029168111775180486 0.035664586136351345 0.0079170414691729502 -0.021937043585089237 0.0069158361765988942 -0.04865863032103783 -0.032537130096491035
leaf_weight=5.8925317376852027 4.6404573768377331 4.8628271967172649 4.0364937186241132 4.898776948451995 5.0980389267206192 4.3805641904473323 3.8797467947006243 4.3868666142225266 5.3846166059374809 4.2583021298050872 6.0543793067336065 3.9390197843313235 4.3989798724651319 5.736264631152153 4.4741677492856979 5.1208112239837646 4.7034366428852072 7.9507364481687572 3.9431051760911933 8.3759829103946668 5.6885932236909822 30.468744456768039 4.4387530088424665 5.6419600695371628
leaf_count=26 21 22 20 22 23 28 19 21 28 23 32 19 22 30 21 24 23 35 18 39 26 151 20 28
internal_value=0 -0.00736757 -0.00208965 -0.00856628 -0.019435 0.00137165 -0.00362071 -0.0168799 -0.00248511 0.00425854 0.018558 0.00458867 -0.0029444 0.0188112 0.00884953 0.0158131 0.00110375 0.00310673 0.00108033 -0.0101426 0.00564969 0.00237645 -0.0319903 -0.0215821
internal_weight=0 23.5366 18.8961 14.0333 9.13453 129.118 47.3076 18.09 9.26436 81.81 14.7868 29.2176 19.1008 10.1168 10.5285 9.51979 67.0231 61.1306 56.4272 16.3267 40.1004 36.1573 8.82562 9.58098
internal_count=741 108 87 65 43 633 239 88 47 394 76 151 93 58 53 46 318 292 269 74 195 177 41 47
is_linear=0
shrinkage=0.03


Tree=76
num_leaves=14
num_cat=0
split_feature=25 25 22 23 17 16 10 10 10 18 0 17 11
split_gain=1.62653 2.51781 2.592 1.9743 4.62649 4.11719 5.55939 5.01271 2.70302 3.57418 2.86949 1.4667 0.871089
threshold=-2.0065168385428227 -1.4527160756174506 34.392639517670077 0.45010399219131619 19.095000267028812 1.0000000180025095e-35 -0.0015505798896402465 0.002536921634909151 0.010594057742521869 -0.065906415485071465 443.55000000000007 17.820000648498539 0.0086818243492914355
decision_type=2 2 2 2 2 2 2 2 2 2 2 2 2
left_child=-1 -2 -3 5 8 11 -7 -8 9 -5 -11 -4 -9
right_child=1 2 3 4 -6 6 7 12 -10 10 -12 -13 -14
leaf_value=0.02304819903676178 -0.017487831514372235 0.027062130985014844 0.03745686786574276 0.028354145282251664 -0.030888319709855897 0.021960067846882574 -0.039612844728516304 0.012194897543026049 -0.018387267601356186 0.022362165272243918 -0.0016506184454021882 0.012586963284798377 -0.0081278182192303164
leaf_weight=2.7122456207871428 7.3721357956528655 3.2296538874506941 4.0512794554233569 4.0326623022556296 4.7351065278053275 6.2472710832953497 4.144004806876179 3.56684210896492 7.1660408526659003 4.7093786746263495 91.481191016733646 4.5101413279771805 4.0575291737914085
leaf_count=17 39 17 21 22 24 36 20 20 34 23 427 21 20
internal_value=0 -0.000393966 0.000493918 -0.000124721 -0.0018673 0.00722692 -0.000912923 -0.0130551 -0.000587674 0.000685011 -0.00047498 0.0243554 0.00137958
internal_weight=0 149.303 141.931 138.701 112.124 26.5771 18.0156 11.7684 107.389 100.223 96.1906 8.56142 7.62437
internal_count=741 724 685 668 530 138 96 60 506 472 450 42 40
is_linear=0
shrinkage=0.03


Tree=77
num_leaves=12
num_cat=0
split_feature=23 23 23 17 17 17 28 9 10 17 10
split_gain=1.59173 2.23739 2.89115 3.27209 2.5018 3.06073 3.92278 4.73298 2.48399 2.30622 1.97097
threshold=-4.2268994989450439 -1.3512443737333226 -0.29274039389844114 19.095000267028812 18.295000076293949 17.820000648498539 1.0897958754101844 0.83003061207314366 0.010594057742521869 20.259999275207523 -0.0038883447132536659
decision_type=2 2 2 2 2 2 2 2 2 2 2
left_child=-1 -2 10 4 5 6 8 -8 -4 -5 -3
right_child=1 2 3 9 -6 -7 7 -9 -10 -11 -12
leaf_value=0.025009678133919619 -0.018772757504405737 0.032027853543946098 0.00014058821416318147 -0.031383986727547851 0.020038531923797918 -0.021285346034993716 -0.0018390307473234427 0.036885137397431239 -0.018591122970685981 -0.0040803817810699545 0.0056793551366360112
leaf_weight=2.2605170607566825 5.708822324872016 3.9651684761047363 91.440568000078201 5.0496599376201612 5.6683925092220298 5.9743264317512503 5.7017408981919271 5.6608820930123329 6.848642721772193 6.2059942409396172 7.1852069646120054
leaf_count=13 27 24 430 24 31 28 28 31 32 34 39
internal_value=0 -0.000354058 0.000377666 -0.000856524 0.000579324 -0.000374633 0.000764677 0.0174534 -0.00116461 -0.0163297 0.0150491
internal_weight=0 149.409 143.701 132.55 121.295 115.626 109.652 11.3626 98.2892 11.2557 11.1504
internal_count=741 728 701 638 580 549 521 59 462 58 63
is_linear=0
shrinkage=0.03


Tree=78
num_leaves=18
num_cat=0
split_feature=22 25 25 26 27 15 28 1 13 13 9 9 26 10 18 23 28
split_gain=1.57096 3.65352 3.32371 2.42805 3.32055 3.18691 3.12014 2.9841 2.86131 4.41625 2.39887 3.48611 2.38573 2.14646 2.23027 2.58239 1.93971
threshold=36.07998354924154 -1.1436780080407123 -0.99075799526315811 4.0553571428571304 0.0067072761300565375 2.1074012012768525e-05 1.0866900190133071 612.32500000000016 0.016795098377038079 0.0012813872154996411 1.0217283521818292 0.74048497869781327 3.9357142857142837 -0.0015505798896402465 -0.083914785551552004 1.4497749065590144 1.1986290913487756
decision_type=2 2 2 2 2 2 2 2 2 2 2 2 2 2 2 2 2
left_child=12 16 -3 4 6 -6 8 13 9 -4 11 -9 -1 -5 -15 -16 -2
right_child=1 2 3 7 5 -7 -8 10 -10 -11 -12 -13 -14 14 15 -17 -18
leaf_value=0.032894862629095814 -0.034825626732675689 0.032609617605805365 -0.0057292202781294233 0.033280955682365193 -0.028203120987730826 -0.00044760365125292868 0.024981541950434987 0.0049862473131545631 -0.02446947133931544 0.0096903408154468667 0.012080774960411806 -0.032153310723269164 0.001046691091839675 0.029381730285357368 -0.0065469316010889518 0.023511213829309246 -0.0053517052842846314
leaf_weight=3.2081461697816831 4.1068854331970197 2.8252142071723929 46.856587052345276 4.158352956175805 8.2451452165842039 6.7886799573898307 4.1605031490325919 4.6511198729276639 4.6626951545476905 25.988549873232841 5.3870637938380233 4.4517636448144913 6.2232502400875092 3.7094458341598502 8.2966287285089475 3.7284278720617303 3.9350752830505371
leaf_count=19 21 16 217 24 39 32 21 23 21 123 27 20 35 20 43 20 20
internal_value=0 -0.000763957 0.000415494 -0.000278371 -0.00271296 -0.0156698 -0.00032781 0.00656895 -0.00168638 -0.00022807 -0.00378658 -0.0131768 0.01188 0.0141119 0.00904587 0.00277274 -0.0204035
internal_weight=0 141.952 133.91 131.085 96.7022 15.0338 81.6683 34.3828 77.5078 72.8451 14.4899 9.10288 9.4314 19.8929 15.7345 12.0251 8.04196
internal_count=741 687 646 630 453 71 382 177 361 340 70 43 54 107 83 63 41
is_linear=0
shrinkage=0.03


Tree=79
num_leaves=17
num_cat=0
split_feature=25 25 25 6 24 28 27 17 27 22 17 24 13 14 22 14
split_gain=1.52442 2.32687 2.98326 2.28185 7.02193 4.22992 3.38619 2.679 2.4574 2.17804 2.09286 1.69239 5.31689 3.14827 4.81068 2.13286
threshold=-2.0065168385428227 -1.1436780080407123 -0.9028449274953716 18026.513412191103 3.4796577130143738 0.95627876768328612 0.0056970505440509731 18.420000076293949 0.004364999882534925 36.694640986091962 16.265000343322757 0.072980668589642542 0.014731927713563577 0.61128845834068934 57.216194901406276 0.49340778674030289
decision_type=2 2 2 2 2 2 2 2 2 2 2 2 2 2 2 2
left_child=-1 9 -3 8 7 6 -6 10 -4 -2 -5 12 -10 15 -15 -13
right_child=1 2 3 4 5 -7 -8 -9 11 -11 -12 13 -14 14 -16 -17
leaf_value=0.022548435415606381 0.0030015526066418828 0.023436908724632985 -0.03017759398864658 0.012095068602159356 0.022480359044755493 -0.031390812223609649 -0.012682766552169739 0.0033685829180085014 0.02562295942435993 -0.022750756862955267 0.039846618620590551 -0.0032751695064567078 -0.01339819501381416 0.015670480592825605 -0.0041342865904239606 -0.023174612051016216
leaf_weight=2.6565718203783026 4.8210943117737752 5.027118705213069 2.765560343861579 3.8567471280694026 4.493756175041197 4.6791764497756949 5.4589993208646774 5.1931729316711417 7.2345951944589597 7.6396995931863785 6.6849308162927628 9.3064404428005236 5.5563181638717651 14.050156518816946 51.49735264480114 10.117720022797583
leaf_count=17 27 27 13 20 21 21 25 28 39 39 35 46 25 71 238 49
internal_value=0 -0.000379555 0.000757926 -0.000113078 0.0070938 -0.00786616 0.00319369 0.0210052 -0.00229008 -0.0127872 0.0296935 -0.00150118 0.00867234 -0.00303262 0.00011088 -0.0136405
internal_weight=0 148.383 135.922 130.895 30.3668 14.6319 9.95276 15.7349 100.528 12.4608 10.5417 97.7626 12.7909 84.9717 65.5475 19.4242
internal_count=741 724 658 631 150 67 46 83 481 66 55 468 64 404 309 95
is_linear=0
shrinkage=0.03


Tree=80
num_leaves=19
num_cat=0
split_feature=14 11 10 17 26 24 5 14 13 3 5 9 22 1 25 18 2 13
split_gain=1.53816 3.28194 2.86443 3.36777 2.70552 2.41279 3.35663 3.65467 2.33722 1.81249 3.07248 2.67679 2.67326 2.838 3.65228 2.68587 2.04983 1.43834
threshold=0.86436995654202398 0.018060269539601274 0.010594057742521869 16.789999961853031 2.6742857142857184 3.8641217732010138 17681.46566948653 0.97174929016612643 -0.0018471607104061369 663.09000000000003 90270.021044547088 1.8855218123459621 34.392639517670077 640.12500000000011 -1.1436780080407123 -0.089575643507430178 591.87500000000011 -0.0028486871820608268
decision_type=2 2 2 2 2 2 2 2 2 2 2 2 2 2 2 2 2 2
left_child=9 2 3 4 -2 6 8 -8 -6 10 11 12 -1 14 -14 -16 -12 -11
right_child=1 -3 -4 -5 5 -7 7 -9 -10 17 16 -13 13 -15 15 -17 -18 -19
leaf_value=0.02382739602735803 -0.022973437397218067 0.014465626769011249 -0.029929851411935354 -0.026891248358154318 0.0020469433277695635 -0.012712544637085656 -0.01996698045230471 0.017186450846981387 0.03066286540252686 0.0014624901774693247 0.0037020531365899176 -0.022183349981130227 -0.028836522278867526 0.022351682681695326 0.026972124264192144 4.9526032711980809e-05 0.034171681999177909 -0.021713562573613416
leaf_weight=5.1525582522153845 4.4030395001173011 7.1456967964768401 4.5768621712923041 5.3226514160633078 4.2860910296440116 7.1216652840375891 5.9285591840744001 3.9841610342264175 6.4111884236335817 4.7725854367017746 3.486715227365492 4.0125828236341468 3.7778079360723487 5.4383108615875235 3.5250408425927082 61.85419154167176 4.6203090101480484 4.8685378730297071
leaf_count=30 20 35 21 24 21 33 28 20 29 24 19 21 19 29 20 299 27 22
internal_value=0 -0.00433065 -0.00752596 -0.00478846 -0.00112746 0.0023411 0.00754279 -0.00503412 0.0191973 0.00213357 0.00343221 0.00172536 0.00292835 0.00148478 -0.000156132 0.00150111 0.0210671 -0.0102409
internal_weight=0 49.1799 42.0342 37.4574 32.1347 27.7317 20.61 9.91272 10.6973 101.509 91.8675 83.7605 79.7479 74.5954 69.157 65.3792 8.10702 9.64112
internal_count=741 231 196 175 151 131 98 48 50 510 464 418 397 367 338 319 46 46
is_linear=0
shrinkage=0.03


Tree=81
num_leaves=24
num_cat=0
split_feature=22 22 14 11 22 12 17 28 17 18 23 6 16 17 10 24 4 18 10 14 17 14 28
split_gain=1.4768 1.9215 2.60474 3.33647 3.38147 4.25454 2.61532 2.13556 5.7729 3.40352 3.46936 3.21268 2.81137 4.98927 5.52478 9.12006 3.77697 3.60921 3.32409 3.18879 2.0178 1.89022 1.45267
threshold=84.940002170233825 79.605025191634795 0.86436995654202398 0.018251251454210141 70.384747088366794 0.011761308055765808 16.309999465942386 0.95627876768328612 16.265000343322757 0.02074166080827811 3.3873810881535751 2343.5850803194148 1.0000000180025095e-35 16.285000801086429 -0.0015505798896402465 1.1165527042221106 2731394.5000000005 -0.083914785551552004 0.0050990393186273195 0.64490181337501362 19.305000305175785 0.93853132807993911 0.8825421959978289
decision_type=2 2 2 2 2 2 2 2 2 2 2 2 2 2 2 2 2 2 2 2 2 2 2
left_child=1 2 7 4 5 -4 -6 8 11 10 -10 -1 16 19 15 -15 -9 -16 20 -14 -18 -7 -3
right_child=-2 22 3 -5 6 21 -8 12 9 -11 -12 -13 13 14 17 -17 18 -19 -20 -21 -22 -23 -24
leaf_value=-0.02569609635180747 -0.014064556207622423 0.0018861480398687353 -0.019433009732631235 0.015333614374703814 -0.010925012287541259 -0.00083428257333110372 -0.040525386617267602 -0.017603893858375283 0.02696904810347301 0.039176952970999247 -0.0095947546311102427 0.0093167599235939105 -0.0070701821058436207 0.023830021597247637 0.006295706344702748 -0.016441066073383453 0.015291824250510446 -0.024283798404818438 0.034480496109752831 0.027062172594331996 -0.010423005812222811 0.024795617236869183 0.026458128966611111
leaf_weight=4.8148143291473406 6.410958155989646 4.2695323228836042 8.5373736917972618 5.0669922158122054 5.8962317407131177 6.9190858751535398 4.9347793757915497 3.9308947920799282 5.0589284002780897 5.8887910619378081 4.3384948074817657 4.6234775334596634 3.8942558690905553 9.7604212015867216 4.2725312262773505 10.512254118919371 7.7220998927950877 18.579298764467246 5.408117100596427 6.7044791281223297 4.2621366009116173 4.1389686763286591 4.3936509042978287
leaf_count=21 30 20 39 26 27 32 22 18 28 28 20 21 21 57 22 51 41 92 27 33 23 21 21
internal_value=0 0.000651252 -0.000225984 -0.00720573 -0.0109593 -0.00352383 -0.0244114 0.00225705 0.0099038 0.0212945 0.0100887 -0.00854457 -0.000262212 -0.00392036 -0.00845271 0.00294773 0.00895437 -0.0185664 0.0149569 0.014521 0.00614647 0.00875885 0.0143482
internal_weight=0 143.928 135.264 35.4934 30.4264 19.5954 10.831 99.771 24.7245 15.2862 9.39742 9.43829 75.0465 53.7232 43.1245 20.2727 21.3232 22.8518 17.3924 10.5987 11.9842 11.0581 8.66318
internal_count=741 711 670 167 141 92 49 503 118 76 48 42 385 276 222 108 109 114 91 54 64 53 41
is_linear=0
shrinkage=0.03


Tree=82
num_leaves=26
num_cat=0
split_feature=18 15 18 12 28 18 0 18 28 10 17 18 18 18 5 4 22 17 22 13 13 14 18 10 13
split_gain=1.45382 2.51292 3.22865 3.86192 3.15419 2.51936 5.27146 4.28968 5.08321 5.70849 3.20118 2.24801 5.31133 2.73839 3.59702 2.56085 2.29902 4.4377 6.88744 5.63421 3.6158 2.65397 2.28566 3.27365 0.217578
threshold=-0.00093166190117571757 0.00015771083435196291 0.063107496547525913 0.011651830546549615 0.80326510963697384 0.013967686436408446 565.03000000000009 0.024477890331279454 0.89522817837557478 -0.0015331400088458567 16.73499965667725 -0.014069933050754711 -0.010090417175121656 -0.0083345785689715162 1694.0653267804321 1751288.0000000002 43.950840895848096 16.150000572204593 64.295967207326356 0.018944852815952099 0.0034554674317033855 0.93261506754767032 -0.027963504728736873 0.011299137746831446 -1.0000000180025095e-35
decision_type=2 2 2 2 2 2 2 2 2 2 2 2 2 2 2 2 2 2 2 2 2 2 2 2 2
left_child=11 4 3 -3 -2 6 -6 -7 -9 10 -10 15 24 -14 -15 -1 20 18 -18 22 -17 -20 23 -19 -13
right_child=1 2 -4 -5 5 7 -8 8 9 -11 -12 12 13 14 -16 16 17 19 21 -21 -22 -23 -24 -25 -26
leaf_value=-0.018176705086498886 -0.02068574973085812 0.012141423221682043 -0.035769428766732392 -0.018722547345509481 -0.030738001107119141 0.0284800522591739 0.010110495404879561 0.034494080865329436 -0.015479188840055922 -0.028472833296773796 0.011277565565011876 0.038792070371379619 -0.021347651986205661 0.030311968628964642 -0.0075089611183985286 0.03604108503854242 -0.014944751134137717 -8.7824287001982745e-05 0.043343989566413395 0.016732639412284193 -0.0037767440493707144 0.012205114878684581 -0.0321312886969242 -0.030912671021579279 0.027841023441272688
leaf_weight=6.259520858526229 5.7708516120910636 6.2596556693315533 4.1416372358798972 8.7478049397468549 5.4986232072114927 6.5877746269106856 5.8878392726182938 3.7733820974826839 5.3638066723942783 6.0138690024614361 16.113883875310421 3.5156589969992638 3.6746723502874383 4.0746400579810107 5.0907720327377319 4.2220744043588621 5.4353613629937163 10.069800384342669 4.7242751419544202 6.2607716470956793 3.9943938478827477 5.1474003344774246 5.6021917015314164 4.4804544895887366 3.0489324331283596
leaf_count=29 25 29 22 39 24 33 28 18 25 28 83 22 18 23 25 26 27 50 24 31 20 26 26 20 20
internal_value=0 -0.0029604 -0.0123204 -0.0058491 0.000297828 0.00275711 -0.0096156 0.00647894 0.00184313 -0.00263841 0.00459537 0.00295153 0.0117551 0.000532576 0.00930498 -8.83564e-05 0.002179 -0.000677613 0.012175 -0.00812599 0.0166839 0.0271072 -0.0158488 -0.00957971 0.0337058
internal_weight=0 74.1591 19.1491 15.0075 55.01 49.2392 11.3865 37.8527 31.2649 27.4916 21.4777 75.6009 19.4047 12.8401 9.16541 56.1962 49.9367 41.7203 15.307 26.4132 8.21647 9.87168 20.1524 14.5503 6.56459
internal_count=741 354 90 68 264 239 52 187 154 136 108 387 108 66 48 279 250 204 77 127 46 50 96 70 42
is_linear=0
shrinkage=0.03


Tree=83
num_leaves=12
num_cat=0
split_feature=9 13 13 9 25 18 13 15 15 5 14
split_gain=1.43137 2.34764 2.14268 4.06675 2.97326 2.92817 2.08359 2.1266 2.44996 3.10174 2.79219
threshold=0.42672057136818736 0.034058664129461132 0.016795098377038079 0.75053342459595773 1.0000000180025095e-35 -0.089575643507430178 0.01243435287802014 0.0042981529235690949 -0.0023353549018384576 91376.249085141215 0.5236488119828574
decision_type=2 2 2 2 2 2 2 2 2 2 2
left_child=-1 2 5 -4 -5 -2 7 8 10 -10 -7
right_child=1 -3 3 4 -6 6 -8 -9 9 -11 -12
leaf_value=-0.01579908522280021 0.020371558612518225 0.022623671757455471 0.01171782885183468 -0.040328137870795672 -0.0071314801824029555 0.0032566833910524897 0.01868918150086768 -0.015870880178554189 0.000202825658461965 0.019047400983478673 -0.026541314614278819
leaf_weight=4.9733066856861106 6.7640323266386977 4.2173474803566924 4.7810641378164283 4.4033566713333112 5.4134256839752197 5.2535063475370389 5.1771533340215674 7.8169282376766196 85.488294020295143 8.6570033282041532 6.135504275560379
leaf_count=24 39 25 23 20 26 29 26 39 414 47 29
internal_value=0 0.000570664 -9.41797e-05 -0.0109716 -0.022022 0.00117315 7.75554e-05 -0.000772504 0.000345833 0.00193565 -0.0127961
internal_weight=0 144.108 139.89 14.5978 9.81678 125.292 118.528 113.351 105.534 94.1453 11.389
internal_count=741 717 692 69 46 623 584 558 519 461 58
is_linear=0
shrinkage=0.03


Tree=84
num_leaves=12
num_cat=0
split_feature=23 23 23 17 17 17 28 9 18 18 10
split_gain=1.37563 2.08313 2.45221 3.07322 2.23193 2.8314 3.33173 4.46188 2.33188 2.16942 1.83489
threshold=-4.2268994989450439 -1.3512443737333226 -0.29274039389844114 19.095000267028812 18.295000076293949 17.820000648498539 1.0897958754101844 0.83003061207314366 -0.00093166190117571757 0.12944562994235767 -0.0038883447132536659
decision_type=2 2 2 2 2 2 2 2 2 2 2
left_child=-1 -2 10 4 5 6 8 -8 -4 -5 -3
right_child=1 2 3 9 -6 -7 7 -9 -10 -11 -12
leaf_value=0.023702276269720515 -0.018282288093317188 0.0310719080569914 0.0037987421520099401 -0.027511414785698154 0.019289053053959899 -0.020616775787400812 -0.0022291256810225021 0.035946860748549657 -0.0055064662018314134 -0.00057673624111254324 0.0050579223657868013
leaf_weight=2.1759581938385955 5.5936570912599555 3.7577729001641273 47.672334030270569 6.2624921053647977 5.5135780349373809 5.8314432129263869 5.6250681281089765 5.4009643793106079 49.307327419519432 4.7195246517658234 6.9601884409785253
leaf_count=13 27 24 239 32 31 28 28 31 223 26 39
internal_value=0 -0.00032726 0.000384783 -0.000749553 0.000647844 -0.000255023 0.000844349 0.0164709 -0.000932301 -0.0159362 0.0141786
internal_weight=0 146.644 141.051 130.333 119.351 113.837 108.006 11.026 96.9797 10.982 10.718
internal_count=741 728 701 638 580 549 521 59 462 58 63
is_linear=0
shrinkage=0.03


Tree=85
num_leaves=24
num_cat=0
split_feature=22 22 14 11 22 12 13 28 17 18 23 6 16 17 10 24 4 18 10 14 17 14 28
split_gain=1.35184 1.8631 2.39791 3.0697 3.16238 3.91127 2.45252 2.09167 5.39697 3.19244 3.2449 3.04733 2.55705 4.72104 5.0964 8.33908 3.51371 3.33417 3.19836 3.01776 1.97945 1.73006 1.38276
threshold=84.940002170233825 79.605025191634795 0.86436995654202398 0.018251251454210141 70.384747088366794 0.011761308055765808 -0.00099244914283519426 0.95627876768328612 16.265000343322757 0.02074166080827811 3.3873810881535751 2343.5850803194148 1.0000000180025095e-35 16.285000801086429 -0.0015505798896402465 1.1165527042221106 2731394.5000000005 -0.083914785551552004 0.0050990393186273195 0.64490181337501362 17.270000457763675 0.93853132807993911 0.8825421959978289
decision_type=2 2 2 2 2 2 2 2 2 2 2 2 2 2 2 2 2 2 2 2 2 2 2
left_child=1 2 7 4 5 -4 -6 8 11 10 -10 -1 16 19 15 -15 -9 -16 20 -14 -18 -7 -3
right_child=-2 22 3 -5 6 21 -8 12 9 -11 -12 -13 13 14 17 -17 18 -19 -20 -21 -22 -23 -24
leaf_value=-0.024854470030455593 -0.013503363200467737 0.0019802246921528412 -0.018696093814446608 0.01479265796102016 -0.038849783238697526 -0.00069075127894755557 -0.01009426827075084 -0.017138432205110243 0.026478324363063757 0.038358394831532826 -0.0090544614434389051 0.0093356669208767753 -0.0069074948713720467 0.023031811781701501 0.0059753714132746195 -0.015804081774179388 0.020111712316708902 -0.023607015893458136 0.033767064105835423 0.026483864628645326 -0.004788095953896134 0.023995201815668114 0.026059297485435371
leaf_weight=4.7872552722692507 6.3639517873525611 4.2382372021675092 8.4500818103551918 5.0011201649904242 5.057479128241539 6.8831245154142362 5.6532125622034055 3.9126309305429485 4.9826759025454503 5.7904922217130652 4.3171470761299133 4.6011220514774323 3.8572190478444082 9.5221605226397497 4.2171707749366751 10.423178121447561 4.9596654772758502 18.346224650740631 5.2874037623405448 6.6105933263897896 6.8308798894286156 4.0634818524122238 4.3487890213727951
leaf_count=21 30 20 39 26 23 32 26 18 28 28 20 21 21 57 22 51 26 92 27 33 38 21 21
internal_value=0 0.000629536 -0.000241369 -0.0069727 -0.0105881 -0.00336315 -0.0236723 0.00215921 0.00976062 0.0208715 0.00998336 -0.00809833 -0.000356403 -0.00386749 -0.00831162 0.00273667 0.00850497 -0.018078 0.01438 0.0141797 0.00568595 0.0084729 0.0141748
internal_weight=0 142.141 133.554 35.1085 30.1074 19.3967 10.7107 98.4458 24.4787 15.0903 9.29982 9.38838 73.9671 52.9765 42.5087 19.9453 20.9906 22.5634 17.0779 10.4678 11.7905 10.9466 8.58703
internal_count=741 711 670 167 141 92 49 503 118 76 48 42 385 276 222 108 109 114 91 54 64 53 41
is_linear=0
shrinkage=0.03


Tree=86
num_leaves=17
num_cat=0
split_feature=10 15 17 14 14 10 18 17 10 13 12 22 10 25 12 12
split_gain=1.57814 1.62336 3.06729 1.76621 3.26258 1.71883 4.36904 3.62971 6.12643 5.89373 2.49653 3.34134 2.75396 2.46595 3.48004 0.981209
threshold=-0.019575108119639136 -0.0023353549018384576 19.305000305175785 0.14120551389692801 0.18510259727415748 -0.00032927393860177062 0.041460897504214229 16.73499965667725 -0.0012666149487817744 0.0042859345960878379 -0.0062354803379549009 48.80785009762355 0.0067713556824103857 -0.34873677557745947 0.010800964833584949 -0.010588934359379907
decision_type=2 2 2 2 2 2 2 2 2 2 2 2 2 2 2 2
left_child=-1 2 -2 -3 -5 7 10 8 9 -6 12 -12 -7 15 -15 -9
right_child=1 3 -4 4 5 6 -8 13 -10 -11 11 -13 -14 14 -16 -17
leaf_value=0.035558775494447664 -0.00032170129611772857 -0.017423463691361885 -0.032679022919206518 0.036091268865784162 -0.017641380247258091 -0.032788821556974865 -0.024147128862171449 0.015960550160630926 0.031177095098768561 0.020678635540155126 0.021153954223804696 -0.00011044577372004753 0.0024528750603006774 0.044201869930308162 0.0079912705349902829 -0.0061121639926043194
leaf_weight=1.1163356602191914 8.1422919332981092 4.673308089375495 3.899330034852027 2.3878784701228133 15.328343078494077 4.0879615545272818 7.1605599001049987 3.1807203888893127 4.2149791717529288 4.7260137945413581 7.4227414131164542 63.927990555763245 3.8991396650671959 4.8736271187663061 4.6847683787345886 4.2138691544532803
leaf_count=9 39 24 22 14 71 20 34 19 21 26 39 313 20 25 23 22
internal_value=0 -0.000245981 -0.0107997 0.000696903 0.00134776 0.000698192 -0.00170434 0.00573951 -0.0017007 -0.00861088 0.000321214 0.00210173 -0.0155845 0.0163907 0.0264543 0.00338223
internal_weight=0 146.824 12.0416 134.782 130.109 127.721 86.4984 41.2223 24.2693 20.0544 79.3378 71.3507 7.9871 16.953 9.5584 7.39459
internal_count=741 732 61 671 647 633 426 207 118 97 392 352 40 89 48 41
is_linear=0
shrinkage=0.03


Tree=87
num_leaves=12
num_cat=0
split_feature=9 13 13 9 25 18 13 15 23 14 14
split_gain=1.34408 2.1756 2.0443 3.83234 2.79797 2.66093 1.93678 2.02592 2.30254 2.52359 2.21142
threshold=0.42672057136818736 0.034058664129461132 0.016795098377038079 0.75053342459595773 1.0000000180025095e-35 -0.089575643507430178 0.01243435287802014 0.0042981529235690949 4.1832608269783131 0.96659069843371859 0.94811627177665403
decision_type=2 2 2 2 2 2 2 2 2 2 2
left_child=-1 2 5 -4 -5 -2 7 8 9 -7 -10
right_child=1 -3 3 4 -6 6 -8 -9 10 -11 -12
leaf_value=-0.015407885789611029 0.019648441691340113 0.021994969777366334 0.011390283153342099 -0.039407572775603708 -0.0070681491285792221 0.0012474760375287724 0.018198910381114937 -0.015529225249860855 -0.0033508958151186783 0.024006834266171499 -0.027457677822296012
leaf_weight=4.9104572162032118 6.6317463070154181 4.1362785473465911 4.7338906824588767 4.3514899611473066 5.390542671084404 81.053566798567772 5.099077768623828 7.7264113873243323 14.358933612704279 4.635480433702468 4.4975222796201697
leaf_count=24 39 25 23 20 26 407 26 39 67 24 21
internal_value=0 0.000555479 -8.49064e-05 -0.0107532 -0.0215133 0.0011605 0.000115883 -0.000705398 0.000390153 0.00247868 -0.00910069
internal_weight=0 142.615 138.479 14.4759 9.74203 124.003 117.371 112.272 104.546 85.689 18.8565
internal_count=741 717 692 69 46 623 584 558 519 431 88
is_linear=0
shrinkage=0.03


Tree=88
num_leaves=24
num_cat=0
split_feature=6 24 17 10 17 27 14 15 5 5 5 28 14 14 12 12 13 24 17 10 9 28 2
split_gain=1.35451 3.80827 5.8526 4.46175 3.12672 2.33368 1.97636 1.91039 1.9162 3.20541 2.75579 3.02008 3.45731 4.5376 3.17469 2.53097 2.35744 3.08216 2.44693 2.19876 1.54788 1.52421 1.48942
threshold=18026.513412191103 3.4796577130143738 17.820000648498539 -0.0066181251813056665 16.465000152587894 0.004364999882534925 0.80425777573581192 -0.0019133450736111693 83738.942600509632 143066.66737801008 57849.167007670629 0.9168811519618808 0.86892287380103628 0.73913054423513291 0.012033451349448445 0.0086126050919580494 0.00068929285664021134 3.1728012392545732 16.465000152587894 0.0075943918677243713 1.1193590002527609 0.95627876768328612 598.35000000000014
decision_type=2 2 2 2 2 2 2 2 2 2 2 2 2 2 2 2 2 2 2 2 2 2 2
left_child=5 2 6 22 -3 -1 -2 20 10 15 11 16 13 -13 -14 -10 18 -18 -9 -11 -7 -6 -4
right_child=1 4 3 -5 21 7 -8 8 9 19 -12 12 14 -15 -16 -17 17 -19 -20 -21 -22 -23 -24
leaf_value=-0.029250283806701249 0.040412560769783085 0.010324924503469623 0.025476872053325727 -0.025644624206928479 -0.0051789339575162721 -0.027365028567603079 0.014147907495207069 -0.01044344470362385 0.041145375648355742 0.013668428674546814 -0.02386095230593378 -0.0052051766726146824 -0.03805092225729171 0.017832098464035596 -0.0073874640065623555 0.0078667337822217933 0.0040986058782879337 0.039330663270180304 0.017216698666303584 -0.018244708943706407 -0.0029769172184304499 -0.029201390456881027 -0.0016469643209740632
leaf_weight=2.6927384883165351 6.0018858462572116 6.1002927124500266 3.8497441336512548 4.3825004100799561 4.7530321776866895 4.2184152305126172 4.5205908790230751 7.0991901904344576 3.7056253030896205 3.5034345090389243 4.7142204642295829 30.536682538688183 4.3009856194257727 10.287263765931128 10.354841828346251 4.6226854026317596 4.6206764727830869 4.3277492225170135 4.8414150401949883 4.3625695183873177 5.2660729438066483 4.7554643228650093 3.4592576399445534
leaf_count=13 36 29 22 24 22 20 22 32 21 21 22 154 20 50 51 25 21 20 25 21 27 23 20
internal_value=0 0.00491784 0.0128974 -0.00171111 -0.00643847 -0.00166762 0.0291289 -0.000971931 0.00028114 0.00970263 -0.00160057 -0.000226441 -0.00388714 0.000600007 -0.0163861 0.0226738 0.00949612 0.021138 0.000771584 -0.00403094 -0.013824 -0.0171932 0.0126395
internal_weight=0 37.8228 22.214 11.6915 15.6088 109.455 10.5225 106.762 97.2773 16.1943 81.083 76.3688 55.4798 40.8239 14.6558 8.32831 20.889 8.94843 11.9406 7.866 9.48449 9.5085 7.309
internal_count=741 198 124 66 74 543 58 530 483 88 395 373 275 204 71 46 98 41 57 42 47 45 42
is_linear=0
shrinkage=0.03


Tree=89
num_leaves=18
num_cat=0
split_feature=22 25 25 26 6 24 28 17 27 27 17 18 4 17 28 23 28
split_gain=1.33033 3.24318 2.86341 2.08844 2.05493 5.16473 3.08885 3.06274 3.02682 2.60201 2.17309 1.73408 3.89004 3.46509 2.45303 4.94005 1.61791
threshold=36.07998354924154 -1.1436780080407123 -0.99075799526315811 3.9357142857142837 18026.513412191103 3.4796577130143738 0.95627876768328612 18.420000076293949 0.0056970505440509731 0.004364999882534925 16.215000152587894 -0.068038746368588796 2731394.5000000005 18.125000000000004 1.1280998310445949 0.11532607057753809 1.1986290913487756
decision_type=2 2 2 2 2 2 2 2 2 2 2 2 2 2 2 2 2
left_child=3 16 -3 -1 9 7 8 10 -7 -4 -6 12 -11 -14 15 -13 -2
right_child=1 2 4 -5 5 6 -8 -9 -10 11 -12 14 13 -15 -16 -17 -18
leaf_value=0.031627162138746084 -0.033064995412210696 0.031183262732995848 -0.03236003361658088 0.00096922456129807397 0.0091992561730580673 0.022083298848026612 -0.025836940825897142 0.000393994049414229 -0.011519160503084771 -0.018692096110843562 0.038687112810178587 0.028182521962630887 0.034043000981243368 -0.0018344589250513369 -0.021291216394417663 -0.0036513237710277999 -0.0055805702454312482
leaf_weight=3.001919209957121 3.9362974837422362 2.6664068773388854 2.5303521752357474 5.9902010187506676 3.4176552593708056 4.3770106285810453 4.7994264215230933 5.2991952374577513 5.3757055103778839 3.4919326752424231 6.5789867863059044 4.6767723858356467 5.4773318618535978 4.3444543033838272 6.2128911465406409 70.878013789653778 3.7774906978011131
leaf_count=19 21 16 12 35 18 21 22 30 25 17 36 26 31 23 31 338 20
internal_value=0 -0.000705446 0.000414949 0.011204 -0.000228712 0.00665983 -0.0061343 0.0188319 0.00356159 -0.00233511 0.0286058 -0.00153607 0.00850428 0.0181734 -0.00317088 -0.00168084 -0.0196057
internal_weight=0 137.84 130.126 8.99212 127.46 29.848 14.5521 15.2958 9.75272 97.6117 9.99664 95.0814 13.3137 9.82179 81.7677 75.5548 7.71379
internal_count=741 687 646 54 630 152 68 84 46 478 54 466 71 54 395 364 41
is_linear=0
shrinkage=0.03


Tree=90
num_leaves=14
num_cat=0
split_feature=25 25 22 26 13 17 28 24 28 23 23 13 23
split_gain=1.31401 2.13965 2.14969 1.66128 3.74892 2.5892 2.89947 4.42289 2.58333 3.56548 2.43394 2.42007 2.27387
threshold=-2.0065168385428227 -1.4527160756174506 34.392639517670077 4.391785714285712 0.023375297848686531 19.095000267028812 1.0881358202256186 0.072980668589642542 1.0583737458129174 0.4889245923551187 1.5102071921168376 0.0032974369883146952 0.081485473300148228
decision_type=2 2 2 2 2 2 2 2 2 2 2 2 2
left_child=-1 -2 -3 4 5 6 7 -4 11 12 -8 -5 -10
right_child=1 2 3 8 -6 -7 10 -9 9 -11 -12 -13 -14
leaf_value=0.021633339509236529 -0.016529243110781473 0.025601604290999537 0.038717926307290602 0.0061236612893007178 -0.029540602114784362 -0.018202784121117078 0.002004078044361104 -0.0019260541972608365 -0.00023382772917587467 -0.016896771900720382 0.036044279227024571 0.037265981435312102 0.030472235400931975
leaf_weight=2.489557556807994 6.9983674362301818 2.9979097619652739 2.4777424931526175 5.1979169249534625 4.1818471997976294 6.9976892545819274 3.8956977650523177 87.698123402893543 5.518967539072035 6.7819069847464553 3.6727329194545746 3.9542455151677132 3.5774234458804131
leaf_count=17 39 17 15 28 20 38 20 418 31 35 20 22 21
internal_value=0 -0.000349493 0.000477305 -8.49791e-05 -0.00168652 -0.000574435 0.000687611 -0.000809288 0.00688435 -0.000432712 0.0185228 0.0195789 0.0118422
internal_weight=0 143.951 136.952 133.954 108.924 104.742 97.7443 90.1759 25.0305 15.8783 7.56843 9.15216 9.09639
internal_count=741 724 685 668 531 511 473 433 137 87 40 50 52
is_linear=0
shrinkage=0.03


Tree=91
num_leaves=11
num_cat=0
split_feature=23 9 4 13 23 23 17 13 5 26
split_gain=1.29044 1.92831 2.39799 2.02203 2.08042 2.72482 2.57928 2.2528 2.24768 2.09147
threshold=-4.2268994989450439 0.4170552709723977 1106759.5000000002 0.034058664129461132 -1.3512443737333226 -0.35412124594409983 19.095000267028812 -0.017148873838970232 5214.5402962520611 3.2824999999999913
decision_type=2 2 2 2 2 2 2 2 2 2
left_child=-1 -2 -3 4 -4 8 9 -8 -6 -7
right_child=1 2 3 -5 5 6 7 -9 -10 -11
leaf_value=0.023320090106290006 -0.022216736239628988 0.026411645829997353 -0.020160527827854314 0.020932759663439982 -0.0017026891369437357 -0.0042095185069644936 0.0047999208517915688 -0.024284021688726336 0.030309064288881922 0.0040865263690203005
leaf_weight=2.1091857179999343 3.5298456102609626 3.0802324414253226 4.9003205448389044 3.9023834988474837 3.4460560604929906 53.585369288921356 3.4961570054292679 7.6237883120775205 4.6213490515947342 55.860342286527157
leaf_count=13 18 17 24 24 19 251 21 40 29 285
internal_value=0 -0.000316709 0.000233433 -0.000353278 -0.000975342 -0.000244475 -0.00137393 -0.0151399 0.016635 2.4726e-05
internal_weight=0 144.046 140.516 137.436 133.533 128.633 120.566 11.1199 8.06741 109.446
internal_count=741 728 710 693 669 645 597 61 48 536
is_linear=0
shrinkage=0.03


Tree=92
num_leaves=28
num_cat=0
split_feature=6 24 17 10 17 27 17 11 5 17 15 10 18 28 11 22 17 17 14 11 10 15 15 13 13 28 2
split_gain=1.23347 3.48945 5.26784 4.25998 2.8864 2.07419 2.04998 1.8052 3.68672 3.62561 3.55171 3.54023 4.19538 4.04641 3.51156 3.15556 3.13958 3.0808 2.96013 3.05231 2.67929 2.63311 2.3273 4.31512 1.95271 1.39163 1.38024
threshold=18026.513412191103 3.4796577130143738 17.820000648498539 -0.0066181251813056665 16.465000152587894 0.004364999882534925 16.110000610351566 0.0048909366522136297 1694.0653267804321 17.494999885559086 -9.7480686193735088e-05 0.004398025440814802 -0.010090417175121656 0.92724138255833422 0.0018501363231960834 55.640449654724584 16.110000610351566 16.355000495910648 0.5236488119828574 -0.0085071264386443173 0.0030290895821787349 7.1955908616382571e-05 1.7285124209093905e-05 0.0012813872154996411 -0.010169258716102801 0.95627876768328612 598.35000000000014
decision_type=2 2 2 2 2 2 2 2 2 2 2 2 2 2 2 2 2 2 2 2 2 2 2 2 2 2 2
left_child=5 2 6 26 -3 -1 -2 8 14 15 -9 13 22 -12 17 -10 -15 -7 19 -11 -17 -18 -13 -24 -19 -6 -4
right_child=1 4 3 -5 25 7 -8 10 9 18 11 12 -14 16 -16 20 21 24 -20 -21 -22 -23 23 -25 -26 -27 -28
leaf_value=-0.027794826882793527 0.0095467307296462148 0.0099958922858001883 0.025133896485979239 -0.025059789944097601 -0.005022583312698288 -0.028657276946299094 0.037831524117875708 -0.023033876418724817 0.034811086469624643 -0.011617181895855396 0.029417520735969309 0.013321266913866769 -0.028183630650842405 0.021053908135861631 0.016856836688400528 -0.0093709875026559194 0.005868663419062072 -0.017235247536051181 -0.018617115716792001 0.027426688881288002 0.022940016968356566 -0.027708583216449752 -0.033854048424009277 0.0022727859952173281 0.0080678993175404209 -0.028031269937115178 -0.0011588948041673559
leaf_weight=2.6526478976011267 3.5077584534883517 6.086176633834838 3.7890649363398534 4.3022476434707642 4.7481774240732175 6.4782159328460756 6.7320910021662712 8.1304003447294217 6.9652141630649629 3.1672293543815613 5.8144940137863186 6.5693938210606602 7.0808239579200771 3.9744180887937537 4.7541184127330771 4.2697704136371595 4.1105538606643659 4.7718361914157903 5.4267322719097137 4.1807452514767629 5.0315390154719353 4.3015673458576202 4.1930365264415732 10.248496964573858 6.4622401148080773 4.7152224704623222 3.4176759123802185
leaf_count=13 19 29 22 24 22 29 39 38 38 21 27 35 33 19 23 20 20 23 28 23 28 22 19 51 33 23 20
internal_value=0 0.0047307 0.0124895 -0.00143715 -0.00612139 -0.00159282 0.0281423 -0.000936683 0.0030889 0.0101483 -0.00474661 -0.00153482 -0.00821271 0.00877193 -0.00603638 0.0195419 -0.000919534 -0.0121811 -0.00181299 0.0105974 0.00810764 -0.0113012 -0.00148237 -0.00821648 -0.00267998 -0.0164869 0.012665
internal_weight=0 37.2984 21.7488 11.509 15.5496 108.583 10.2398 105.931 51.5076 29.0412 54.4232 46.2928 28.0918 18.201 22.4664 16.2665 12.3865 17.7123 12.7747 7.34797 9.30131 8.41212 21.0109 14.4415 11.2341 9.4634 7.20674
internal_count=741 198 124 66 74 543 58 530 266 158 264 226 138 88 108 86 61 85 72 44 48 42 105 70 56 45 42
is_linear=0
shrinkage=0.03


Tree=93
num_leaves=19
num_cat=0
split_feature=25 25 25 6 24 28 27 17 27 17 22 15 17 13 13 5 28 10
split_gain=1.24524 2.02604 2.50895 1.926 5.5189 3.3582 2.86733 2.12746 1.88506 1.83302 1.82815 1.41534 8.5816 6.5928 2.78713 3.45925 2.72748 1.79818
threshold=-2.0065168385428227 -1.1436780080407123 -0.9028449274953716 18026.513412191103 3.4796577130143738 0.95627876768328612 0.0056970505440509731 18.420000076293949 0.004364999882534925 16.265000343322757 36.694640986091962 0.00014480133775229481 16.150000572204593 0.0034554674317033855 0.0030014261636097665 1930.8633419227208 0.89719704956290014 0.0051553578842856726
decision_type=2 2 2 2 2 2 2 2 2 2 2 2 2 2 2 2 2 2
left_child=-1 10 -3 8 7 6 -6 9 -4 -5 -2 14 17 -14 15 -10 -16 -13
right_child=1 2 3 4 5 -7 -8 -9 11 -11 -12 12 13 -15 16 -17 -18 -19
leaf_value=0.021258991316585284 0.0026620422257809316 0.022129480012683472 -0.027104764080082701 0.010938797330291326 0.021457252503505976 -0.027843110953588528 -0.011289146606908147 0.0034659081061091342 -0.0031498847189165942 0.037697486706933986 -0.021569438508186357 0.025812101843444887 -0.037891314970499412 -0.0018290740604510599 0.015243150502229273 0.014543807163739073 -0.011058041848741871 0.0014811043120498578
leaf_weight=2.4436376839876166 4.5597856864333135 4.7540486007928839 2.638788327574729 3.6890672221779841 4.3576358407735807 4.5525534301996222 5.374817967414856 4.9090282618999472 19.195851430296898 6.1365102306008339 7.2697144374251366 5.6834606230258959 8.9372573643922824 9.3209893703460676 4.2578697800636318 20.634563758969307 21.301915481686592 5.2673064023256302
leaf_count=17 27 27 13 20 21 21 25 28 91 35 39 27 43 46 20 111 103 27
internal_value=0 -0.000338979 0.000734631 -7.09615e-05 0.00671159 -0.00657553 0.00337282 0.0195933 -0.00209514 0.0276508 -0.0122292 -0.00139751 -0.00688793 -0.0194812 0.00105499 0.00601652 -0.00667666 0.0141089
internal_weight=0 142.841 131.012 126.258 29.0196 14.285 9.73245 14.7346 97.238 9.82558 11.8295 94.5992 29.209 18.2582 65.3902 39.8304 25.5598 10.9508
internal_count=741 724 658 631 150 67 46 83 481 55 66 468 143 89 325 202 123 54
is_linear=0
shrinkage=0.03


Tree=94
num_leaves=23
num_cat=0
split_feature=22 22 14 11 22 12 13 28 9 17 15 16 17 10 24 4 18 10 14 17 14 28
split_gain=1.21944 1.74982 2.1812 2.70532 2.82504 3.3787 2.37074 1.8438 4.81369 5.96551 2.3445 2.27321 4.17432 4.67044 7.50308 3.14441 3.01358 2.91141 2.82033 1.77008 1.51991 1.23794
threshold=84.940002170233825 79.605025191634795 0.86436995654202398 0.018251251454210141 70.384747088366794 0.011761308055765808 -0.00099244914283519426 0.95627876768328612 1.096275210196956 15.710000038146974 3.5210371370430667e-05 1.0000000180025095e-35 16.285000801086429 -0.0015505798896402465 1.1165527042221106 2731394.5000000005 -0.083914785551552004 0.0050990393186273195 0.64490181337501362 17.270000457763675 0.93853132807993911 0.8825421959978289
decision_type=2 2 2 2 2 2 2 2 2 2 2 2 2 2 2 2 2 2 2 2 2 2
left_child=1 2 7 4 5 -4 -6 8 9 -1 -11 15 18 14 -14 -9 -15 19 -13 -17 -7 -3
right_child=-2 21 3 -5 6 20 -8 11 -10 10 -12 12 13 16 -16 17 -18 -19 -20 -21 -22 -23
leaf_value=-0.028200996693045398 -0.012877216646960628 0.0023711538067732389 -0.017644634934816477 0.014010806829253927 -0.037639241194473101 -0.00073011232126094297 -0.0091253231401546148 -0.016199045421012481 0.029000310664799071 0.021861001128661704 -0.0062488545901619738 -0.0072324664277075247 0.022568488967834675 0.0056307442176527457 -0.014897539403943462 0.019341668015832588 -0.022778355056184918 0.032741945453376491 0.025549951301573288 -0.0045830467478127773 0.022666816983260694 0.025366901656671288
leaf_weight=4.7501382082700792 6.306805044412612 4.2175741791725141 8.2791055291891151 4.8642380684614173 4.9763388931751251 6.8158926516771299 5.5523445904254896 3.8658078312873867 7.6090391129255286 7.4038919135928136 4.1768978983163834 3.7295066267251951 9.1316245123743993 4.1440257579088202 10.166609667241572 4.7951576262712496 17.775003768503673 5.08514630049467 6.4409060776233673 6.6331867650151253 3.9453152269124985 4.2101195976138115
leaf_count=21 30 20 39 26 23 32 26 18 39 38 20 21 57 22 51 26 92 27 33 38 21 21
internal_value=0 0.000611248 -0.000246648 -0.00672174 -0.0101323 -0.00323684 -0.0226023 0.00208294 0.00929247 0.000110038 0.0117225 -0.000322004 -0.00368436 -0.00793167 0.0028308 0.00815638 -0.0174073 0.013858 0.0135286 0.0054554 0.00784776 0.0138589
internal_weight=0 138.568 130.14 34.4332 29.569 19.0403 10.5287 95.7069 23.94 16.3309 11.5808 71.767 51.3877 41.2173 19.2982 20.3793 21.919 16.5135 10.1704 11.4283 10.7612 8.42769
internal_count=741 711 670 167 141 92 49 503 118 79 58 385 276 222 108 109 114 91 54 64 53 41
is_linear=0
shrinkage=0.03


Tree=95
num_leaves=26
num_cat=0
split_feature=18 15 28 28 22 18 0 28 18 10 17 18 18 4 4 4 22 17 22 13 13 14 1 0 11
split_gain=1.19588 2.28174 2.8268 2.68601 3.57344 2.19369 4.90779 3.74178 4.23852 5.69303 3.0951 2.11971 4.86514 2.33032 3.05895 2.18715 2.08161 3.73507 6.48997 4.93899 3.30553 2.54256 1.99692 1.68472 0.196179
threshold=-0.00093166190117571757 0.00015771083435196291 0.80326510963697384 0.94111707827927826 66.270661298688097 0.013967686436408446 565.03000000000009 0.88914406653456213 0.030896555804070917 -0.0015331400088458567 16.73499965667725 -0.014069933050754711 -0.010090417175121656 27336363.500000004 12380451.500000002 1751288.0000000002 43.950840895848096 16.150000572204593 64.295967207326356 0.018944852815952099 0.0034554674317033855 0.93261506754767032 611.50500000000011 569.25000000000011 0.0086818243492914355
decision_type=2 2 2 2 2 2 2 2 2 2 2 2 2 2 2 2 2 2 2 2 2 2 2 2 2
left_child=11 2 -2 -3 -5 6 -4 -7 -9 10 -10 15 24 14 -14 -1 20 18 -18 22 -17 -20 23 -19 -13
right_child=1 3 5 4 -6 7 -8 8 9 -11 -12 12 13 -15 -16 16 17 19 21 -21 -22 -23 -24 -25 -26
leaf_value=-0.017085139266520818 -0.01967350428488995 0.0024903952088310382 -0.029331985128029387 -0.0075234429274284517 -0.042252659589372292 0.037660961697432917 0.010398728632430385 0.025001170875286124 -0.014893117450810673 -0.028897260114160925 0.011756492754615345 0.038109818940385447 -0.0078137132496873488 -0.019643279535673446 0.027925445441844155 0.035413097985158098 -0.015558848677203738 -0.015266220133480422 0.042194499750647915 0.015971674877402926 -0.0037347365725072632 0.011112242963401492 -0.026723015575098454 0.0091966006125244401 0.027475674573120498
leaf_weight=6.1635276079177848 5.6332774162292472 7.1916072368621853 5.4171398878097516 6.8761661872267705 4.3554891049861908 3.1425695419311515 5.7878505289554596 6.5712084472179404 5.2001693099737194 5.563227370381358 15.960588499903677 3.2642031759023693 4.5843919366598112 3.6320875212550154 4.0679869502782822 3.938374198973178 5.2660388350486746 7.6382358521223122 4.5370922237634641 5.9944436922669402 3.8279489129781723 4.9556922763586044 7.9594329223036757 3.7913561165332794 2.9928311556577682
leaf_count=29 25 32 24 36 22 16 28 34 25 27 85 22 24 21 21 26 27 37 24 31 20 26 38 21 20
internal_value=0 -0.00272411 0.000423012 -0.0118249 -0.020991 0.00279922 -0.00880939 0.00636899 0.0034155 -0.00189224 0.00520746 0.00273789 0.0114911 0.000523679 0.00898935 -0.000263602 0.00190052 -0.000850038 0.011151 -0.00782786 0.0161175 0.0259681 -0.0151859 -0.00715156 0.0330234
internal_weight=0 71.6993 53.276 18.4233 11.2317 47.6428 11.205 36.4378 33.2952 26.724 21.1608 72.6136 18.5415 12.2845 8.65238 54.0721 47.9086 40.1423 14.7588 25.3835 7.76632 9.49278 19.389 11.4296 6.25703
internal_count=741 354 264 90 58 239 52 187 171 137 110 387 108 66 45 279 250 204 77 127 46 50 96 58 42
is_linear=0
shrinkage=0.03


Tree=96
num_leaves=16
num_cat=0
split_feature=9 13 13 9 11 18 15 15 17 22 18 18 28 27 4
split_gain=1.17056 1.88779 1.88865 3.53221 2.4933 2.36214 1.75906 2.60832 5.17944 4.44063 3.13118 5.96621 5.93299 2.08571 2.03555
threshold=0.42672057136818736 0.034058664129461132 0.016795098377038079 0.75053342459595773 0.014321197994155989 -0.089575643507430178 -0.0023353549018384576 0.00036853531314893015 15.959999561309816 66.823134792164609 -0.016555003938435228 -0.010090417175121656 0.92452908215406249 0.0075544874085989025 28488569.000000004
decision_type=2 2 2 2 2 2 2 2 2 2 2 2 2 2 2
left_child=-1 2 5 -4 -5 -2 13 10 14 -10 12 -12 -8 -7 -9
right_child=1 -3 3 4 -6 6 7 8 9 -11 11 -13 -14 -15 -16
leaf_value=-0.014636560056555151 0.018877498775527968 0.020966220271811123 0.011133943496478647 -0.037506619315735942 -0.0067714421451596455 -0.0021363931450433314 0.024250584260230315 0.02305840603509628 0.00023660219343638237 -0.026708912220571403 0.035965035716509886 0.0045814482045919216 -0.016683907379818102 -0.029781315084869146 -0.0033243536408033296
leaf_weight=4.7394497618079177 6.4009676799178115 3.9504354894161215 4.6136215031146994 4.3757551014423353 5.1963924467563629 7.5275325179100019 4.2359236180782274 6.0163089632987958 10.47714012861252 11.597535684704779 6.1639062985777775 47.18600776791574 12.864876002073286 3.6458379328250885 4.6788842082023621
leaf_count=24 39 25 23 21 25 37 23 29 60 55 37 233 64 22 24
internal_value=0 0.000524774 -7.3479e-05 -0.0104287 -0.0208215 0.0011426 0.00015024 0.0013742 -0.00561816 -0.01392 0.00462668 0.00820742 -0.0065443 -0.0111568 0.0115166
internal_weight=0 138.931 134.981 14.1858 9.57215 120.795 114.394 103.221 32.7699 22.0747 70.4507 53.3499 17.1008 11.1734 10.6952
internal_count=741 717 692 69 46 623 584 525 168 115 357 270 87 59 53
is_linear=0
shrinkage=0.03


Tree=97
num_leaves=22
num_cat=0
split_feature=22 22 14 11 22 28 12 13 28 9 17 15 9 16 4 10 27 17 18 28 4
split_gain=1.16387 1.5993 2.04946 2.5051 2.57246 3.13486 2.92584 2.24488 1.7217 4.62933 5.57355 2.16975 2.08864 2.24344 3.59718 3.44515 6.60648 5.24773 2.07681 1.20423 0.959331
threshold=84.940002170233825 79.605025191634795 0.86436995654202398 0.018251251454210141 70.384747088366794 0.90953131373300156 0.011761308055765808 -0.00099244914283519426 0.95627876768328612 1.096275210196956 15.710000038146974 3.5210371370430667e-05 1.8855218123459621 1.0000000180025095e-35 2731394.5000000005 -0.0015505798896402465 0.0056362170432425942 16.285000801086429 0.043367441306610306 0.8825421959978289 18404157.500000004
decision_type=2 2 2 2 2 2 2 2 2 2 2 2 2 2 2 2 2 2 2 2 2
left_child=1 2 8 4 5 -4 -7 -6 9 10 -1 -12 13 14 -10 16 -15 -17 -16 -3 -8
right_child=-2 19 3 -5 7 6 20 -9 12 -11 11 -13 -14 15 18 17 -18 -19 -20 -21 -22
leaf_value=-0.027408878212385853 -0.012649206625829692 0.0019640065600687005 0.020520533657992279 0.013530772678968151 -0.036592786080259926 -0.024327154612276285 -0.0080058903216104777 -0.0086798644250394522 -0.015957008171580366 0.028514456794005542 0.021177982420891854 -0.0059682595615082852 -0.02196202221458628 -0.022051160649385376 0.0255302325007906 0.016102878589222117 0.015881724431594479 -0.016533343676559394 0.0021902293466356153 0.024770165771263303 0.012466594987505289
leaf_weight=4.7229139506816926 6.2374931424856177 4.1787324845790845 3.9553207382559838 4.8101540207862845 4.893334686756134 6.6513475924730292 4.0454570204019529 5.516483470797537 3.8449322432279613 7.5109709948301306 7.2968373373150808 4.161034032702446 3.7887191325426093 5.5173656791448584 9.0343423858284932 5.6135215386748376 16.459203951060772 21.106371514499187 5.5321903601288787 4.1563679948449135 4.1973896771669388
leaf_count=21 30 20 20 26 23 32 20 26 18 39 38 20 23 26 52 30 96 111 29 21 20
internal_value=0 0.000601451 -0.000223589 -0.00653257 -0.00983093 -0.00322042 -0.0095251 -0.0218009 0.00204882 0.00905039 1.53508e-05 0.0113196 -0.000290913 0.000932575 0.00985321 -0.00244019 0.00635842 -0.00967687 0.016666 0.0133365 0.00241903
internal_weight=0 136.993 128.658 34.0695 29.2593 18.8495 14.8942 10.4098 94.5884 23.6918 16.1808 11.4579 70.8966 67.1079 18.4115 48.6965 21.9766 26.7199 14.5665 8.3351 8.24285
internal_count=741 711 670 167 141 92 72 49 503 118 79 58 385 362 99 263 122 141 81 41 40
is_linear=0
shrinkage=0.03


Tree=98
num_leaves=15
num_cat=0
split_feature=1 22 25 26 27 28 10 17 24 10 18 13 14 11
split_gain=1.14719 1.95438 3.25456 3.04987 3.05931 3.95094 2.37414 2.62934 2.61374 2.22302 3.12902 2.21193 1.55071 1.60418
threshold=673.1450000000001 36.07998354924154 -1.1436780080407123 4.0785714285714194 0.0072043363195444477 1.0897958754101844 -0.0028039035802134289 17.494999885559086 0.072980668589642542 0.010594057742521869 -0.00093166190117571757 0.0072607349468104551 0.93187948779240093 0.0052899946035002152
decision_type=2 2 2 2 2 2 2 2 2 2 2 2 2 2
left_child=1 11 -3 4 5 9 -5 12 -9 10 -4 -1 13 -8
right_child=-2 2 3 6 -6 -7 7 8 -10 -11 -12 -13 -14 -15
leaf_value=0.026959380174844064 -0.011166665805664057 -0.020905010198082403 0.0064874089288517629 0.027304078801110774 -0.020925949461484253 0.02779186020126918 0.023718981987973699 0.010258332033397053 -0.021122692295382672 -0.021189089583226097 -0.0057112574551418183 -0.0056964601174479537 0.030289089481248324 -0.0032803763454507143
leaf_weight=5.1012639105319959 7.7938086688518515 6.5063324123620978 33.555549591779702 5.5044552236795452 6.900867022573947 4.3208464384078971 3.2451901212334651 4.4761079251766187 5.12239870429039 4.9217466562986365 43.402891382575042 2.9441857635974884 3.838212050497531 5.0823508128523827
leaf_count=35 37 36 173 35 36 24 20 23 27 25 202 16 23 29
internal_value=0 0.000670778 -0.000238439 0.00087864 -0.00170573 -0.000167045 0.0097023 0.00525058 -0.00648866 -0.00164245 -0.000392374 0.0150092 0.0145126 0.0072411
internal_weight=0 134.922 126.877 120.371 93.1019 86.201 27.2687 21.7643 9.59851 81.8802 76.9584 8.04545 12.1658 8.32754
internal_count=741 704 653 617 460 424 157 122 50 400 375 51 72 49
is_linear=0
shrinkage=0.03


Tree=99
num_leaves=13
num_cat=0
split_feature=9 13 4 4 25 26 18 18 22 28 5 18
split_gain=1.12888 1.77186 1.77759 1.59233 4.35539 2.51757 2.78775 5.46884 2.63199 2.22171 2.78394 1.50231
threshold=0.42672057136818736 0.034058664129461132 1106759.5000000002 1807839.5000000002 0.31544287371570517 2.3642857142857161 -0.010090417175121656 -0.014069933050754711 43.950840895848096 0.77139898288785147 17681.46566948653 0.0012519696874320199
decision_type=2 2 2 2 2 2 2 2 2 2 2 2
left_child=-1 2 -2 4 11 -5 7 8 -7 -8 -11 -4
right_child=1 -3 3 5 -6 6 9 -9 -10 10 -12 -13
leaf_value=-0.014451729152048535 0.023791801048237606 0.020484694852377673 -0.036000668982481658 0.022981873003708551 0.010453137043512396 0.019070472842123584 -0.021299053143598472 0.036630478616998918 -0.0014114976064548599 0.0015721283094199397 -0.01275293661648556 -0.011083323297483787
leaf_weight=4.6886278167366973 2.7535837665200225 3.8868062719702712 4.2733372747898084 4.3534046858549109 5.6840313225984564 6.7708927020430556 6.1788261830806723 4.5604176446795455 34.004127614200115 43.841778688132763 16.922792248427868 4.4407071396708488
leaf_count=24 16 25 20 21 27 41 27 33 174 224 89 20
internal_value=0 0.000517332 -6.27774e-05 -0.000564078 -0.00997667 0.000597892 -0.000270005 0.00547425 0.00198963 -0.00416013 -0.00241737 -0.0233027
internal_weight=0 137.671 133.784 131.03 14.3981 116.632 112.279 45.3354 40.775 66.9434 60.7646 8.71404
internal_count=741 717 692 676 67 609 588 248 215 340 313 40
is_linear=0
shrinkage=0.03


Tree=100
num_leaves=10
num_cat=0
split_feature=0 2 3 2 3 2 3 4 2
split_gain=1.11457 3.61528 1.77607 3.44197 1.74936 6.32136 2.61716 2.92411 1.73412
threshold=441.75500000000005 442.08500000000009 444.71000000000009 446.02000000000004 449.27500000000003 449.74500000000006 456.17000000000002 1398112.5000000002 426.50500000000005
decision_type=2 2 2 2 2 2 2 2 2
left_child=8 -2 -3 -4 -5 -6 -7 -8 -1
right_child=1 2 3 4 5 6 7 -9 -10
leaf_value=-0.0056557849713260843 -0.035739720497138437 0.022971187583906996 -0.03577200010692215 0.022013002704694216 -0.057846025523896429 0.02425678758436044 -0.041295046140460374 0.00013903965608239502 0.020511060895738755
leaf_weight=3.8182647153735143 2.5961480885744086 2.9638062790036193 2.4450123012065879 3.2147724926471701 1.7003260701894749 4.002734199166297 1.5537987202405918 114.10753005743027 5.6556697487831116
leaf_count=21 13 16 11 15 7 20 7 601 30
internal_value=0 -0.00068607 1.40291e-05 -0.000521621 0.000170209 -0.000408376 0.000407764 -0.000417587 0.00996508
internal_weight=0 132.584 129.988 127.024 124.579 121.364 119.664 115.661 9.47393
internal_count=741 690 677 661 650 635 628 608 51
is_linear=0
shrinkage=0.03


Tree=101
num_leaves=12
num_cat=0
split_feature=2 2 0 2 4 27 26 26 25 26 13
split_gain=1.57395 1.25054 2.56413 3.42584 1.44 3.01579 3.00285 1.78981 3.92911 3.05409 1.59764
threshold=421.91500000000008 426.50500000000005 441.75500000000005 441.71500000000003 1896053.5000000002 0.0055033443314658958 2.3642857142857161 3.2824999999999913 0.17236837210822584 3.3371428571428434 0.0047996554395914335
decision_type=2 2 2 2 2 2 2 2 2 2 2
left_child=-1 -2 -3 -4 5 -5 -6 8 -8 -9 -7
right_child=1 2 3 4 6 10 7 9 -10 -11 -12
leaf_value=0.038949194889755866 -0.019761871729777003 0.020022683079791995 -0.040161060033106676 -0.025895394533063006 0.026275546216363282 0.015475885209326067 0.0032029023294436122 0.028080584843169304 -0.017774155480376527 0.001184167404947125 -0.010582681511732453
leaf_weight=0.92878203839063544 2.8905484080314627 5.6203516349196425 1.9475580528378476 5.7338426560163489 4.0894762128591529 4.1810089200735074 18.745125591754913 4.0010822713375083 14.066541343927382 75.445987723767757 4.2903162240982056
leaf_count=6 15 30 10 26 20 21 92 20 66 415 20
internal_value=0 -0.000232732 0.000175966 -0.000665881 -7.67028e-05 -0.00909376 0.00102421 0.000104324 -0.00579008 0.00253871 0.00227848
internal_weight=0 141.012 138.121 132.501 130.553 14.2052 116.348 112.259 32.8117 79.4471 8.47133
internal_count=741 735 720 690 680 67 613 593 158 435 41
is_linear=0
shrinkage=0.03


Tree=102
num_leaves=12
num_cat=0
split_feature=2 2 0 2 4 27 26 9 26 23 4
split_gain=1.51458 1.17945 2.42777 3.22297 1.35718 2.84511 2.84368 1.75081 2.37212 2.03041 1.5298
threshold=421.91500000000008 426.50500000000005 441.75500000000005 441.71500000000003 1896053.5000000002 0.0055033443314658958 2.3642857142857161 1.5504299728969635 3.2824999999999913 1.8622748533967697 1469287.5000000002
decision_type=2 2 2 2 2 2 2 2 2 2 2
left_child=-1 -2 -3 -4 5 -5 -6 8 -8 -9 -7
right_child=1 2 3 4 6 10 7 9 -10 -11 -12
leaf_value=0.038630845674364055 -0.019213785106728838 0.019545113442530297 -0.038951939828428012 -0.025177743897797956 0.025644133589353572 0.015914520723403089 -0.0059204404985029793 0.0019700394272696318 0.0044361069437928915 -0.020942928270043012 -0.0096643429612443855
leaf_weight=0.90864738821983237 2.8839150071144095 5.5854848548769942 1.9477668926119793 5.7205597758293143 4.0648396015167227 3.9286198019981367 27.732168033719063 6.7475631870329362 70.51747028529644 7.1891377717256546 4.5317349880933762
leaf_count=6 15 30 10 26 20 20 132 43 382 36 21
internal_value=0 -0.000225838 0.00017107 -0.000646376 -7.4352e-05 -0.00883617 0.000994459 0.000101329 0.00151284 -0.00984944 0.00221337
internal_weight=0 140.849 137.965 132.38 130.432 14.1809 116.251 112.186 98.2496 13.9367 8.46035
internal_count=741 735 720 690 680 67 613 593 514 79 41
is_linear=0
shrinkage=0.03


Tree=103
num_leaves=21
num_cat=0
split_feature=2 6 24 17 10 17 14 18 2 5 18 18 15 17 13 18 10 17 2 2
split_gain=1.45786 1.11262 3.00447 5.008 3.73026 2.52972 1.96203 1.82997 2.59779 3.00196 2.00811 2.99818 2.13532 6.06748 4.07022 2.95796 3.05707 1.80967 1.30683 1.09446
threshold=421.91500000000008 18026.513412191103 3.4796577130143738 17.820000648498539 -0.0066181251813056665 16.634999275207523 0.80425777573581192 -0.068038746368588796 462.10500000000008 163621.79124411041 -0.051930076870410451 -0.037804181518894746 0.00012735849281026631 16.150000572204593 0.0059215761047583535 -0.024591321107256311 0.0021809396317573619 17.515000343322757 598.35000000000014 617.96000000000015
decision_type=2 2 2 2 2 2 2 2 2 2 2 2 2 2 2 2 2 2 2 2
left_child=-1 7 3 6 18 -4 -3 8 -2 17 -9 -12 15 -14 -15 -13 -17 -10 -5 -7
right_child=1 2 5 4 -6 19 -8 10 9 -11 11 12 13 14 -16 16 -18 -19 -20 -21
leaf_value=0.038325780502395872 -0.012355044568037713 0.039218511293930072 0.0084418733307987728 0.023704830196708937 -0.024613197036993908 -0.028062440054307157 0.012162453555536194 -0.018665027844651599 0.038920782773744104 -0.009418052021558862 0.018032701972713294 -0.024391627175161867 0.008321275247375054 -0.041948365475318487 -0.006192445695441493 -0.0042200795139178075 0.011310267645490868 0.012031753830733318 -0.0022481575302016909 -0.0067530679686845715
leaf_weight=0.88870524615049262 4.5839638262987163 5.4941245652735251 6.4440645575523368 3.6518519222736341 4.1464168578386307 3.9351555556058866 4.3003276139497757 7.2685677930712691 3.7716899737715703 3.5858148783445349 6.0919490009546271 4.4065483212470999 7.633140996098521 6.4692678824067098 5.1432195827364922 32.401015020906925 17.605810336768627 5.593119241297245 3.3461773172020912 4.8337756022810936
leaf_count=6 24 36 31 22 24 19 22 35 25 20 34 20 37 33 26 164 91 28 20 24
internal_value=0 -0.000219166 0.00431757 0.0116893 -0.00206495 -0.00582876 0.0273393 -0.00178784 0.00705381 0.0139237 -0.00356945 -0.00219363 -0.00386644 -0.0124551 -0.0261119 -0.000828681 0.00124766 0.0228613 0.0112952 -0.0163159
internal_weight=0 140.706 36.1519 20.9389 11.1444 15.213 9.79445 104.554 17.5346 12.9506 87.0195 79.751 73.659 19.2456 11.6125 54.4134 50.0068 9.36481 6.99803 8.76893
internal_count=741 735 198 124 66 74 58 537 97 73 440 405 371 96 59 275 255 53 42 43
is_linear=0
shrinkage=0.03


Tree=104
num_leaves=10
num_cat=0
split_feature=2 25 17 18 18 7 23 13 15
split_gain=1.40363 1.09303 1.97974 2.99917 2.35333 3.19867 2.85251 2.50199 1.80588
threshold=421.91500000000008 -2.0065168385428227 20.795000076293949 0.084406249758584032 0.063107496547525913 -187707.834941426 4.7775015458738617 -0.029470812537749521 -8.9035771731255117e-05
decision_type=2 2 2 2 2 2 2 2 2
left_child=-1 -2 3 4 5 -3 7 -7 -4
right_child=1 2 8 -5 -6 6 -8 -9 -10
leaf_value=0.03803329881461872 0.020175632412703232 0.026310837274594299 -0.030785450505258678 0.022423401027289871 -0.019000142634181334 -0.043122567645387778 -0.01817877671275514 0.0011992821721323727 -0.0033162181015977408
leaf_weight=0.86897178739309211 2.3272400051355353 4.1287696138024321 3.5555048882961273 5.3320109397172919 5.9276947379112235 1.1589829623699177 7.7173269242048255 104.63740729168057 5.4642626494169217
leaf_count=6 17 25 21 29 28 7 37 540 31
internal_value=0 -0.000212756 -0.000556782 0.000393989 -0.000556573 0.00037275 -0.000570681 0.000713743 -0.0141443
internal_weight=0 140.249 137.922 128.902 123.57 117.642 113.514 105.796 9.01977
internal_count=741 735 718 666 637 609 584 547 52
is_linear=0
shrinkage=0.03


Tree=105
num_leaves=15
num_cat=0
split_feature=2 9 13 13 9 11 18 13 15 17 28 15 5 6
split_gain=1.35181 1.0673 1.74041 1.70116 3.32649 2.29869 2.15867 1.69155 4.1512 4.27198 3.23832 2.76932 2.27186 2.20392
threshold=421.91500000000008 0.42672057136818736 0.034058664129461132 0.016795098377038079 0.75053342459595773 0.014321197994155989 -0.089575643507430178 0.0036964055863679683 0.00014480133775229481 15.38000011444092 0.99527750975315654 6.5139574951318205e-05 20044.419110999504 628.10376679745934
decision_type=2 2 2 2 2 2 2 2 2 2 2 2 2 2
left_child=-1 -2 3 6 -5 -6 -3 8 11 -10 12 -8 -9 -12
right_child=1 2 -4 4 5 -7 7 10 9 -11 13 -13 -14 -15
leaf_value=0.037752751665208056 -0.014324591294531695 0.018038867715505016 0.020257181834024893 0.01085780718764286 -0.036487418082720005 -0.0067779117679989823 3.387189608711519e-05 0.026410403099277939 0.014827980422093564 -0.018141254172313319 -0.015638356465027956 0.021981965981600259 0.0022876647387021294 0.010870666045537511
leaf_weight=0.84946140646934409 4.6590521410107604 6.2461959123611441 3.8139614537358275 4.5608706548809996 4.312577120959757 5.1343683749437332 54.637136898934841 8.2564857453107852 4.2729470431804684 20.541067093610764 7.0834531188011152 5.715163752436637 6.1169837936758986 4.6924739368259907
leaf_count=6 24 39 25 23 21 25 286 42 22 105 36 29 30 28
internal_value=0 -0.000206733 0.000279114 -0.000300013 -0.0101825 -0.0203404 0.000877507 -8.54585e-05 -0.00213465 -0.012464 0.00658858 0.00211228 0.0161444 -0.00507504
internal_weight=0 140.043 135.384 131.57 14.0078 9.44695 117.562 111.316 85.1663 24.814 26.1494 60.3523 14.3735 11.7759
internal_count=741 735 711 686 69 46 617 578 442 127 136 315 72 64
is_linear=0
shrinkage=0.03


Tree=106
num_leaves=25
num_cat=0
split_feature=2 18 15 28 22 28 18 25 28 18 10 18 18 4 4 18 17 27 28 16 27 9 18 9
split_gain=1.3022 1.07123 1.95569 2.63548 3.05391 2.44244 1.85223 4.55366 3.55921 3.84456 5.04902 1.80063 4.12343 2.1661 2.78667 2.00237 2.79216 3.1084 2.61394 3.44242 2.57789 2.96932 2.20859 0.186706
threshold=421.91500000000008 -0.00093166190117571757 0.00015771083435196291 0.94111707827927826 66.270661298688097 0.80326510963697384 0.013967686436408446 0.18521516314038514 0.88914406653456213 0.030896555804070917 -0.0015331400088458567 -0.014069933050754711 -0.010090417175121656 27336363.500000004 12380451.500000002 -0.033359914959074859 15.464999675750734 0.0067341045390415764 0.90953131373300156 1.0000000180025095e-35 0.0094826330433914075 0.88824847750396652 -0.079850316281097108 0.89046403234425842
decision_type=2 2 2 2 2 2 2 2 2 2 2 2 2 2 2 2 2 2 2 2 2 2 2 2
left_child=-1 11 5 -4 -5 -3 7 -7 -8 -10 -11 15 23 14 -14 18 -17 -18 -2 22 21 -21 -20 -13
right_child=1 2 3 4 -6 6 8 -9 9 10 -12 12 13 -15 -16 16 17 -19 19 20 -22 -23 -24 -25
leaf_value=0.0374835325652738 0.0223371680460943 -0.018714994759717482 0.0027966657975937058 -0.0081273205074495827 -0.041071832160181204 0.0090719485485077564 0.036720309256584406 -0.029589846461896219 0.023865038033110072 0.0044954839952730868 -0.028029242715685427 0.037450060261740893 -0.0072197433434536967 -0.019029769607955702 0.027309128732469438 0.0084686879193832023 -0.033993753133165008 -0.00050083700418594712 0.0021772134669619343 -0.024446366164550582 0.013548258709876075 0.0019329421223208067 0.028493170785327288 0.026512714317694724
leaf_weight=0.83018708974122901 5.5659053921699515 5.5439425855875006 7.0577679872512844 6.5709743946790677 4.1203502416610718 6.0846896693110448 3.0442995131015769 4.9906608313322067 6.2726917266845694 20.548665754497051 5.4308730512857464 2.7810843959450748 4.4772878959774953 3.5125377625226966 3.9678489118814468 5.1264987885951987 5.4744793921709043 4.5804863348603249 7.1277272030711174 8.9779045805335063 4.1021687276661387 6.7110789939761153 4.8052835911512393 2.8382100015878677
leaf_count=6 30 25 32 35 22 30 16 22 33 109 27 19 24 21 21 24 26 25 39 46 25 37 26 21
internal_value=0 -0.000200673 -0.00283479 -0.0114314 -0.0208239 0.000104223 0.00235414 -0.00834943 0.0057127 0.00278588 -0.00230362 0.00241902 0.0107295 0.000768615 0.00900324 -0.000364813 -0.00954964 -0.0187362 0.00337449 4.75529e-05 -0.00762602 -0.0131624 0.0127743 0.0319258
internal_weight=0 139.713 69.6649 17.7491 10.6913 51.9158 46.3719 11.0754 35.2965 32.2522 25.9795 70.0485 17.577 11.9577 8.44514 52.4715 15.1815 10.055 37.2901 31.7242 19.7912 15.689 11.933 5.61929
internal_count=741 735 351 89 57 262 237 52 185 169 136 384 106 66 45 278 75 51 203 173 108 83 65 40
is_linear=0
shrinkage=0.03


Tree=107
num_leaves=18
num_cat=0
split_feature=2 6 11 26 18 2 10 17 18 18 4 27 24 17 17 24 28
split_gain=1.25473 1.08877 2.87874 2.62972 1.65555 2.41921 2.89935 2.22463 1.90952 2.84249 2.00807 2.17188 2.10434 1.62134 4.43526 2.00907 2.7779
threshold=421.91500000000008 18026.513412191103 0.0085460478145824598 2.9617857142857109 -0.068038746368588796 462.10500000000008 0.012634574770747477 18.519999504089359 -0.051930076870410451 -0.037804181518894746 1202622.5000000002 0.004364999882534925 0.82046638760820856 15.629999637603762 16.634999275207523 3.9472655410802755 1.0712353714860432
decision_type=2 2 2 2 2 2 2 2 2 2 2 2 2 2 2 2 2
left_child=-1 4 3 -3 5 -2 7 -7 -6 -10 -11 -12 -13 -5 -15 16 -16
right_child=1 2 -4 13 8 6 -8 -9 9 10 11 12 -14 14 15 -17 -18
leaf_value=0.037225075141844886 -0.012037089408757012 0.025145971365951904 0.023498223567432548 -0.024939804633188057 -0.018246631831732571 0.039676340036289337 -0.0032443230718857173 0.0062259123173340411 0.017704930314832674 0.016845130286279958 -0.033733244565968538 -0.014217316872754944 -0.0011878276839234468 0.027731094506489543 0.014577002435289775 -0.02047639849063463 -0.012799405621087915
leaf_weight=0.81116031110286613 4.5666824951767948 3.4549221470952061 5.8845694586634627 2.6511045247316387 7.2001839876174918 4.27515149861574 5.4196806028485298 3.0773887149989605 6.0198953598737708 4.0275346562266341 2.2810292094945899 14.174301221966742 52.387346170842648 4.2076470814645317 6.3885883688926715 6.1153284683823577 6.9810455963015556
leaf_count=6 24 18 36 12 35 28 26 19 34 21 11 78 261 25 36 30 41
internal_value=0 -0.000195135 0.00432339 0.000536781 -0.00175403 0.00670337 0.013404 0.0256757 -0.00345738 -0.00210759 -0.00374433 -0.00494888 -0.00396246 -0.00269066 -0.000201076 -0.00623284 0.000282224
internal_weight=0 139.112 35.6832 29.7986 103.429 17.3389 12.7722 7.35254 86.0903 78.8901 72.8702 68.8427 66.5616 26.3437 23.6926 19.485 13.3696
internal_count=741 735 198 162 537 97 73 47 440 405 371 350 339 144 132 107 77
is_linear=0
shrinkage=0.03


Tree=108
num_leaves=16
num_cat=0
split_feature=9 13 13 9 25 18 15 15 17 22 18 18 28 14 4
split_gain=1.07805 1.5988 1.69464 3.08074 2.20185 1.95095 1.65012 2.21646 4.45003 3.71403 2.77892 5.30134 5.22085 2.04034 1.8596
threshold=0.42672057136818736 0.034058664129461132 0.016795098377038079 0.75053342459595773 1.0000000180025095e-35 -0.089575643507430178 -0.0023353549018384576 0.00036853531314893015 15.959999561309816 66.823134792164609 -0.016555003938435228 -0.010090417175121656 0.92452908215406249 0.5236488119828574 28488569.000000004
decision_type=2 2 2 2 2 2 2 2 2 2 2 2 2 2 2
left_child=-1 2 5 -4 -5 -2 13 10 14 -10 12 -12 -8 -7 -9
right_child=1 -3 3 4 -6 6 7 8 9 -11 11 -13 -14 -15 -16
leaf_value=-0.014204862102264692 0.01755694336985552 0.019837360266756532 0.010416919640820895 -0.036078228803127825 -0.0068114424319580397 0.0036780908458206823 0.023314061278090395 0.022171905396203184 0.00016761238169152038 -0.024941507809057677 0.034970188680539346 0.0044834031381464278 -0.015783344367618971 -0.022461629766885031 -0.0033973851494896097
leaf_weight=4.6344885230064383 6.1665150560438624 3.7453434690833083 4.5136085748672476 4.1461009606718999 5.2344050258398056 4.8286166042089445 4.0695690140128091 5.8305049911141413 10.104842036962511 11.15423248708248 5.7750940471887509 46.199563540518298 12.563593868166206 6.0606726258993149 4.5635782405734062
leaf_count=24 39 25 23 20 26 29 23 29 60 55 37 233 64 30 24
internal_value=0 0.000510536 -4.11378e-05 -0.00994809 -0.0197471 0.00113217 0.000220936 0.00142557 -0.00514137 -0.0130067 0.00445532 0.0078709 -0.00621754 -0.0108705 0.0109456
internal_weight=0 134.956 131.211 13.8941 9.38051 117.317 111.15 100.261 31.6532 21.2591 68.6078 51.9747 16.6332 10.8893 10.3941
internal_count=741 717 692 69 46 623 584 525 168 115 357 270 87 59 53
is_linear=0
shrinkage=0.03


Tree=109
num_leaves=26
num_cat=0
split_feature=1 6 24 28 0 17 10 17 18 18 18 17 10 12 4 13 12 28 22 13 5 18 15 13 13
split_gain=1.05356 1.71951 3.55095 3.17696 3.8842 3.12935 2.72186 2.20407 1.41224 5.43982 2.6148 3.29201 2.73805 4.37832 2.59643 2.53602 2.50232 2.38089 5.0466 2.02866 1.94727 3.29372 2.91241 3.29658 1.69376
threshold=673.1450000000001 18026.513412191103 3.4796577130143738 0.95627876768328612 611.44000000000017 17.820000648498539 -0.0081057406369456891 16.110000610351566 -0.010090417175121656 -0.014069933050754711 -0.033359914959074859 15.464999675750734 0.01161136013358033 0.0047505668102635354 1469287.5000000002 0.0090571010503516253 0.010258584802227301 1.0423835475991832 44.963473876703425 -0.0048166925431421528 17681.46566948653 0.023648854835596981 -6.4884968101559974e-05 -0.007109911670346857 0.0036964055863679683
decision_type=2 2 2 2 2 2 2 2 2 2 2 2 2 2 2 2 2 2 2 2 2 2 2 2 2
left_child=1 8 5 4 -4 7 -7 -3 9 10 12 -12 13 15 -10 -1 -14 20 -19 -20 22 -22 -16 -24 -15
right_child=-2 2 3 -5 -6 6 -8 -9 14 -11 11 -13 16 24 17 -17 -18 18 19 -21 21 -23 23 -25 -26
leaf_value=0.0077928170071308277 -0.010791085445385746 0.008895726321618282 -0.013733958903759896 -0.022700889729752441 0.027108565214645594 0.020077000967470286 -0.012520787697502945 0.039767810241990158 0.012972393542492572 0.031361662298686199 0.005801300660184242 -0.02680568201591851 0.0038962157400782541 0.012943034450040516 0.010040700901108073 -0.021177772901020957 -0.028425164233181685 -0.027387435620015582 0.032980694100050015 0.0040004732397092273 -0.03861060845570221 -0.0064443817845959489 -0.033746846730949319 -0.0030904099606444465 0.036424497640384294
leaf_weight=6.1307400316000003 7.6633792966604224 3.3335972055792862 4.1677901148796064 5.4013177976012221 4.2150735184550285 4.4584410786628741 4.7736173495650256 5.5404584109783173 6.472914829850196 5.200834408402442 4.7397477030754107 6.7626210376620293 4.6522947251796705 8.0612088069319707 6.7113014608621624 4.8873479291796684 4.017362967133522 3.4156357720494261 3.5764164701104155 5.5437618419527999 5.4137486815452558 6.0856199860572815 4.9190901517868033 8.8124923855066317 4.2077707424759856
leaf_count=35 37 19 20 27 21 27 30 36 33 37 22 35 23 47 31 25 20 20 21 29 27 30 23 42 24
internal_value=0 0.000651926 0.00671486 -0.00475838 0.00680249 0.0154494 0.00322167 0.0281705 -0.00128912 0.0023661 -0.00110386 -0.0133694 0.00331095 0.00866898 -0.00477997 -0.00505781 -0.0110809 -0.00736348 0.00371614 0.0153649 -0.0117117 -0.0215878 -0.00615627 -0.0140725 0.0209962
internal_weight=0 131.501 31.8903 13.7842 8.38286 18.1061 9.23206 8.87406 99.6109 48.6599 43.4591 11.5024 31.9567 23.2871 50.951 11.0181 8.66966 44.4781 12.5358 9.12018 31.9423 11.4994 20.4429 13.7316 12.269
internal_count=741 704 180 68 41 112 57 55 524 268 231 57 174 131 256 60 43 223 70 50 153 57 96 65 71
is_linear=0
shrinkage=0.03


Tree=110
num_leaves=21
num_cat=0
split_feature=22 22 14 4 11 17 26 16 28 9 17 15 9 16 4 17 10 14 10 28
split_gain=1.0231 1.53917 1.86821 2.35543 4.85296 3.06474 1.80499 3.28677 1.58832 4.16805 4.78008 2.23833 1.92625 1.90611 3.3259 3.15685 4.624 2.33387 1.91955 1.01978
threshold=84.940002170233825 79.605025191634795 0.86436995654202398 2166384.5000000005 0.018251251454210141 16.644999504089359 3.1367857142857241 1.0000000180025095e-35 0.95627876768328612 1.096275210196956 15.710000038146974 4.2095779705344949e-05 1.8855218123459621 1.0000000180025095e-35 2731394.5000000005 16.285000801086429 -0.0015505798896402465 0.64490181337501362 0.0050990393186273195 0.8825421959978289
decision_type=2 2 2 2 2 2 2 2 2 2 2 2 2 2 2 2 2 2 2 2
left_child=1 2 8 -4 5 6 -5 -8 9 10 -1 -12 13 14 -10 17 -17 -15 -16 -3
right_child=-2 19 3 4 -6 -7 7 -9 12 -11 11 -13 -14 15 18 16 -18 -19 -20 -21
leaf_value=-0.025570988542069135 -0.012091914146111271 0.0027238807338008735 -0.028106979584751259 0.0092074730773298846 0.029777042208339571 -0.026482739538286074 -0.030901154517869865 0.0021596877463779585 -0.015865253000798808 0.027617082535151258 0.02064659026972122 -0.0076249626960944762 -0.021503630853277292 -0.0063538443848564262 0.0079438465868677255 0.0052680851420142828 -0.015955863834702405 0.024258157711380263 0.031324344846603625 0.024012216541369702
leaf_weight=4.6097536683082607 6.0026458725333205 4.0993947312235814 3.948168382048606 7.6712433844804861 3.4896060153841963 6.1064123660325995 4.1736667528748495 7.6979808583855629 3.755925357341769 7.2417887598276129 7.2191581204533559 3.8722984790802002 3.6609725505113593 3.5467004179954511 9.2744584903120977 16.992438536137335 20.246447831392295 6.0908582657575607 4.7938872724771491 4.0024860352277756
leaf_count=21 30 20 19 36 21 31 20 40 18 39 39 19 23 21 54 99 111 32 27 21
internal_value=0 0.000570936 -0.000254272 -0.00636166 -0.00341528 -0.00793112 -0.00213444 -0.00946338 0.00195893 0.008789 0.000105018 0.0107763 -0.000333327 0.000864556 0.00921505 -0.00231063 -0.00627119 0.0129927 0.0159109 0.0132407
internal_weight=0 132.494 124.392 33.0871 29.1389 25.6493 19.5429 11.8716 91.3047 22.943 15.7012 11.0915 68.3617 64.7007 17.8243 46.8764 37.2389 9.63756 14.0683 8.10188
internal_count=741 711 670 167 148 127 96 60 503 118 79 58 385 362 99 263 210 53 81 41
is_linear=0
shrinkage=0.03


Tree=111
num_leaves=15
num_cat=0
split_feature=9 13 13 9 11 23 17 0 0 2 10 10 18 23
split_gain=1.01353 1.53691 1.56903 2.8865 2.08434 1.90765 3.2354 2.3816 2.32109 2.27524 2.10208 5.39114 1.89622 1.76033
threshold=0.42672057136818736 0.034058664129461132 0.016795098377038079 0.75053342459595773 0.014321197994155989 0.39732859953795702 19.095000267028812 443.55000000000007 447.06500000000005 458.53500000000003 0.0052202581850353544 -0.0014402961460856509 0.068528152939433498 1.0000000180025095e-35
decision_type=2 2 2 2 2 2 2 2 2 2 2 2 2 2
left_child=-1 2 5 -4 -5 10 7 -7 -9 -10 11 12 -2 -12
right_child=1 -3 3 4 -6 6 -8 8 9 -11 13 -13 -14 -15
leaf_value=-0.013863625546887883 0.035966856833510905 0.019556548746572335 0.01017847231092156 -0.034795639898610481 -0.0062173873700769487 0.022963096939429432 -0.02165199769969961 -0.023336060468974233 0.014434715557306022 -0.0011556955185428644 0.036171764600866678 -0.020603988500660367 0.0069545258125512707 0.0065137203384374679
leaf_weight=4.574104242026805 3.0852100625634193 3.7024939432740203 4.4657267555594435 4.2041930928826314 5.0629369169473648 4.1279924213886252 6.2314866706728926 3.7844899520277968 9.5678516551852208 70.51161690056324 3.8515214920043936 5.5934500247240075 5.9141686409711838 3.3833910897374153
leaf_count=24 26 25 23 21 25 23 36 19 46 362 25 34 34 18
internal_value=0 0.00049796 -4.57457e-05 -0.00963467 -0.0191824 0.00108895 -0.000762321 0.000717062 -0.000377943 0.000707038 0.00908032 0.00252509 0.0169007 0.0223022
internal_weight=0 133.487 129.784 13.7329 9.26713 116.051 94.2234 87.992 83.864 80.0795 21.8277 14.5928 8.99938 7.23491
internal_count=741 717 692 69 46 623 486 450 427 408 137 94 60 43
is_linear=0
shrinkage=0.03


Tree=112
num_leaves=18
num_cat=0
split_feature=1 22 25 26 17 10 17 15 14 4 24 18 28 15 27 14 11
split_gain=0.994214 1.7208 3.08078 2.61069 2.72129 2.23174 2.33766 2.22032 2.05955 3.22414 2.85459 2.27867 2.58471 2.12759 1.93937 1.41518 1.49707
threshold=673.1450000000001 36.07998354924154 -1.1436780080407123 4.0785714285714194 19.095000267028812 -0.0028039035802134289 17.494999885559086 4.521717628994677e-05 0.92088718527062452 29798913.500000004 1.6980135085879089 -0.00093166190117571757 1.047927753414361 -1.7509866912391473e-05 0.0085475732849359855 0.93187948779240093 0.0052899946035002152
decision_type=2 2 2 2 2 2 2 2 2 2 2 2 2 2 2 2 2
left_child=1 14 -3 4 8 -5 15 -8 11 10 -10 13 -13 -4 -1 16 -7
right_child=-2 2 3 5 -6 6 7 -9 9 -11 -12 12 -14 -15 -16 -17 -18
leaf_value=0.030863170824986619 -0.010513628652271545 -0.020664942767287919 -0.0050808681185097156 0.026719080518420875 -0.025574921099284654 0.023130604162649226 0.0084818426974499657 -0.020956914746540524 0.0051698418282464442 0.0081188081825611536 -0.023634245139941813 -0.0060854973633607552 0.016602244165460456 0.01381084272448895 0.0005765706088041347 0.029401427648248588 -0.0035788629295291472
leaf_weight=3.506093554198741 7.61534859240055 6.2951226755976668 7.2768911942839649 5.253322850912812 4.0475832819938651 3.0801287293434161 4.5519328340888006 4.6727835014462471 4.2520133852958706 7.4982221126556388 11.395022608339785 29.879284165799618 5.3246714770793906 20.422927960753441 4.161226861178875 3.6081750318408012 4.8824708312749863
leaf_count=26 37 36 37 35 23 20 25 25 21 37 56 144 26 116 25 23 29
internal_value=0 0.000638765 -0.0002246 0.000883274 -0.00153518 0.00924812 0.00483464 -0.00643037 -0.000404395 -0.00805581 -0.0158069 0.00241092 -0.00265393 0.00884789 0.014426 0.0138156 0.00675301
internal_weight=0 130.108 122.441 116.145 90.0966 26.0488 20.7955 9.22472 86.049 23.1453 15.647 62.9038 35.204 27.6998 7.66732 11.5708 7.9626
internal_count=741 704 653 617 460 157 122 50 437 114 77 323 170 153 51 72 49
is_linear=0
shrinkage=0.03


Tree=113
num_leaves=14
num_cat=0
split_feature=15 9 27 18 18 7 15 23 25 10 14 9 7
split_gain=0.972567 1.82515 1.83918 1.58793 2.13198 2.76323 2.43531 2.19548 1.55488 2.86016 2.57809 1.69355 1.50436
threshold=-0.0023353549018384576 1.1074864842424803 0.0071425188462550934 0.12944562994235767 0.063107496547525913 -187707.834941426 4.3681495876235172e-05 4.7775015458738617 1.0449248290306579 0.0046177453346374362 0.9542294326098415 0.99772680888793241 -82028.743030864105
decision_type=2 2 2 2 2 2 2 2 2 2 2 2 2
left_child=1 -1 -3 4 5 -2 -6 8 10 -10 12 -12 -7
right_child=3 2 -4 -5 6 7 -8 -9 9 -11 11 -13 -14
leaf_value=-0.025554289624877668 0.025931635602691312 0.011990990101435466 -0.017530139805642754 0.020086594003906014 -0.0016545624881606161 -0.013308547684561254 -0.031612613595755193 -0.016490023643839231 0.033013254678899387 -0.0015404492477759872 -0.026346475699925171 -0.00047799176990208852 0.0031645083699782363
leaf_weight=3.7360815778374654 3.9895555451512328 4.6434145271778107 3.2139537483453751 3.7238971367478362 6.6001482009887678 5.3311524316668502 3.8764873072504997 6.43147288262844 3.852243594825266 4.896220751106739 5.0305676236748678 4.1622811555862427 77.82181778177619
leaf_count=20 25 23 21 24 33 27 21 32 21 26 26 20 422
internal_value=0 -0.00829217 -8.42421e-05 0.000788748 0.000199666 0.00141527 -0.0127394 0.00050563 0.00158687 0.0136747 0.000441716 -0.0146339 0.00210838
internal_weight=0 11.5934 7.85737 125.716 121.992 111.515 10.4766 107.526 101.094 8.74846 92.3458 9.19285 83.153
internal_count=741 64 44 677 653 599 54 574 542 47 495 46 449
is_linear=0
shrinkage=0.03


Tree=114
num_leaves=17
num_cat=0
split_feature=9 13 13 0 1 18 13 15 13 17 28 15 11 9 27 6
split_gain=0.969128 1.42196 1.4644 2.75535 2.82209 1.80741 1.65298 3.62736 3.93782 3.641 3.1299 2.63928 2.60715 2.23646 2.86995 1.92398
threshold=0.42672057136818736 0.034058664129461132 0.016795098377038079 464.59500000000008 644.1600000000002 -0.089575643507430178 0.0036964055863679683 0.00014480133775229481 -0.011525661484558634 15.959999561309816 0.99527750975315654 6.5139574951318205e-05 0.01014311023032677 0.98569172881903688 0.0054790053245949207 628.10376679745934
decision_type=2 2 2 2 2 2 2 2 2 2 2 2 2 2 2 2
left_child=-1 2 5 -4 -5 -2 7 11 -9 -10 13 12 -7 14 -8 -12
right_child=1 -3 3 4 -6 6 10 8 9 -11 15 -13 -14 -15 -16 -17
leaf_value=-0.013590481098769742 0.017056961006460824 0.018963280306547189 -0.029986457750380814 0.013245508586004444 -0.019778059154281644 -0.0017444067801631832 -0.012114739900071265 0.016109785303551366 0.0018373881675188355 -0.025562660414938338 -0.014822749254234113 0.021445794678683641 0.024437198676434947 0.029038116182967859 0.024598161980415673 0.010318624192746251
leaf_weight=4.551125466823577 6.0292708426713935 3.6464805305004111 4.0748015791177741 5.5817458704113943 3.9965172931551933 49.917298462241888 4.0594125688076037 3.8570343479514149 6.3617306053638485 13.904744565486906 6.907747417688368 5.7456959709525099 3.6750953495502463 6.5843378752470016 3.6300349831581116 4.5398698896169662
leaf_count=24 39 25 19 30 20 265 19 23 32 73 36 31 22 34 21 28
internal_value=0 0.000488948 -3.38168e-05 -0.00932385 -0.00053353 0.00106709 0.000184097 -0.00186509 -0.011674 -0.0169617 0.00683336 0.00212265 5.09953e-05 0.0162052 0.00521669 -0.00485224
internal_weight=0 132.512 128.865 13.6531 9.57826 115.212 109.183 83.4616 24.1235 20.2665 25.7214 59.3381 53.5924 14.2738 7.68945 11.4476
internal_count=741 717 692 69 50 623 584 446 128 105 138 318 287 74 40 64
is_linear=0
shrinkage=0.03


Tree=115
num_leaves=27
num_cat=0
split_feature=28 28 25 13 11 26 28 28 25 9 25 26 15 22 14 28 17 14 27 12 27 22 4 22 24 22
split_gain=0.94084 3.10633 2.01117 1.51652 2.80192 2.80955 3.33056 3.27787 2.70248 2.53943 2.12728 2.07356 2.94199 3.32176 3.01306 2.49576 2.6249 2.00706 3.90651 1.65578 2.99047 1.48645 1.37019 1.16236 0.841218 0.507964
threshold=1.2661447388808054 1.3429947494004766 -1.4527160756174506 -0.0026458258723219825 0.0047247352315697997 2.6832142857142922 0.93883243342606837 0.96104092717650869 0.42038125624907219 1.715135056813778 0.19464501499694054 3.4657142857142809 -8.9035771731255117e-05 61.278824181152466 0.80425777573581192 0.89719704956290014 17.185000419616703 0.49340778674030289 0.0063422425369738149 0.010279426568134855 0.0056096561496045833 58.106007035263865 23748036.000000004 43.950840895848096 0.85321141866542483 54.305150627016424
decision_type=2 2 2 2 2 2 2 2 2 2 2 2 2 2 2 2 2 2 2 2 2 2 2 2 2 2
left_child=2 -2 -1 9 17 10 19 -8 -9 11 -6 12 -4 25 -15 -13 22 -5 21 -7 -21 -19 -17 -3 -18 -14
right_child=1 23 3 4 5 6 7 8 -10 -11 -12 15 13 14 -16 16 24 18 -20 20 -22 -23 -24 -25 -26 -27
leaf_value=-0.017938102117273043 0.027305222692622651 0.0095068420570510823 0.0083467820316007243 0.029592388159069245 -0.0026578562751732276 0.031146078617448811 -0.031436819890985249 0.0088290848754079259 -0.014523067394320376 0.019223262454311666 -0.031857426129013031 -0.015170810155597313 -0.023374368930100708 0.0078785459276448505 -0.019040357732020813 0.0081259418954724126 0.0057414647295997694 0.033630040584444049 -0.01775777042293206 -0.011262416147132387 0.019674277829811623 0.007260764520724044 0.03469744095539265 -0.01264717950069299 -0.014395829030431673 -0.038494801332164152
leaf_weight=5.8678839132189742 4.6731460765004149 3.7655129432678205 5.8358576893806484 5.0251046568155315 5.0943379923701269 3.7030759677290908 3.4149917811155346 12.415173500776293 6.9608775153756133 4.0227103233337393 4.0154542624950409 5.593229420483115 3.9009814485907572 6.6604246869683257 8.5413941517472249 3.4325517416000348 3.8895769864320755 3.5063277930021268 3.8615561425685883 4.4675365537404996 7.5892157778143883 4.2632389962673187 3.5559827983379364 4.9117620587348938 3.5904608070850372 4.1025626808404922
leaf_count=34 32 29 29 28 26 18 17 69 39 23 20 28 20 33 42 21 24 19 20 21 38 23 21 27 20 20
internal_value=0 0.00758624 -0.000797809 5.85862e-05 0.00315688 -0.000544764 0.002996 -0.00433658 0.000439787 -0.00369238 -0.0155286 -0.00556971 -0.0106936 -0.0154821 -0.00724629 0.00184762 0.00842657 0.0137489 0.00690386 0.0136 0.00821092 0.019161 0.0216463 -0.00303342 -0.00392455 -0.031125
internal_weight=0 13.3504 123.311 117.443 64.3169 47.6607 38.5509 22.791 19.3761 53.1257 9.10979 49.103 29.0412 23.2054 15.2018 20.0618 14.4686 16.6562 11.6311 15.7598 12.0568 7.76957 6.98853 8.67728 7.48004 8.00354
internal_count=741 88 653 619 338 248 202 125 108 281 46 258 144 115 75 114 86 90 62 77 59 42 42 56 44 40
is_linear=0
shrinkage=0.03


Tree=116
num_leaves=23
num_cat=0
split_feature=15 9 27 10 18 17 10 13 28 4 28 12 25 10 10 27 17 15 13 22 7 6
split_gain=0.956962 1.7027 1.6938 1.54384 3.25123 2.82214 4.99659 5.01727 2.91978 2.37596 2.36387 1.89256 3.10287 2.52091 5.49282 3.42839 3.10652 2.55749 4.72055 2.83915 1.693 0.863005
threshold=-0.0023353549018384576 1.1074864842424803 0.0071425188462550934 -0.00032927393860177062 0.041460897504214229 16.73499965667725 -0.0012666149487817744 0.0042859345960878379 1.0931194242411062 4410483.0000000009 1.2520980600441127 -0.0069792199831365523 -0.60103271615827969 0.0039929351218660489 0.0015165469540341372 0.005273905529598436 16.789999961853031 1.7285124209093905e-05 -0.0062492415324080777 75.073022289030732 -11145.292189939706 86741.239588483018
decision_type=2 2 2 2 2 2 2 2 2 2 2 2 2 2 2 2 2 2 2 2 2 2
left_child=1 -1 -3 5 11 6 7 20 9 -7 -10 -5 -13 14 16 -16 -14 18 -15 -19 -2 -11
right_child=3 2 -4 4 -6 8 -8 -9 10 21 -12 12 13 17 15 -17 -18 19 -20 -21 -22 -23
leaf_value=-0.025018718359194451 -0.005691022644231044 0.011315035607056764 -0.017134497668800899 -0.014391643316095227 -0.021776864446024034 0.0049122822849419776 0.029211871548527498 0.019653404662388629 -0.015329427831679057 0.039323219510190278 0.016963758826089768 0.031613920242594039 0.0042120209727989815 0.034727600136481365 -0.0057557984948231715 0.029439587059792632 -0.028119193197637428 -0.0046031414020388716 -0.0047072185855004771 -0.02851815051906309 -0.02612955062210038 0.019891609647366609
leaf_weight=3.7003853470087034 6.7350019626319444 4.6108792498707771 3.1840745434165001 7.2905896157026282 6.6580878123641005 4.80761490762234 3.832168608903884 4.4331273585557929 4.5810485705733281 4.9866904169321042 3.6779581420123577 2.9827329367399207 7.4476465955376643 3.6916470602154723 3.3045625537633887 10.11687947064638 4.1735248789191246 18.064831443130974 10.509157933294771 5.9357804656028739 7.9567534103989619 3.50131606310606
leaf_count=20 34 23 21 39 34 27 21 27 24 29 28 19 37 24 16 57 22 95 55 30 39 20
internal_value=0 -0.0082611 -0.000306 0.000784917 -0.00170238 0.0052651 -0.00205447 -0.0083195 0.0130609 0.0217632 -0.000948402 0.000115658 0.0017127 0.000302488 0.00770007 0.0207739 -0.00739913 -0.00454693 0.00554427 -0.0105178 -0.0167601 0.0313076
internal_weight=0 11.4953 7.79495 124.687 80.1754 44.5117 22.9571 19.1249 21.5546 13.2956 8.25901 73.5174 66.2268 63.244 25.0426 13.4214 11.6212 38.2014 14.2008 24.0006 14.6918 8.48801
internal_count=741 64 44 677 428 249 121 100 128 76 52 394 355 336 132 73 59 204 79 125 73 49
is_linear=0
shrinkage=0.03


Tree=117
num_leaves=18
num_cat=0
split_feature=25 25 25 24 22 6 24 28 27 17 14 27 14 14 28 13 12
split_gain=1.00389 1.72813 2.18077 1.82176 1.65931 1.47966 4.46989 2.6956 2.50239 1.79521 1.67557 1.45169 1.30362 2.25867 3.48254 2.1412 1.17431
threshold=-2.0065168385428227 -1.1436780080407123 -0.9028449274953716 2.1060545860768314 40.18412951842663 18026.513412191103 3.4796577130143738 0.95627876768328612 0.0056970505440509731 18.420000076293949 0.80425777573581192 0.0044166304216944358 0.97878959540233235 0.9520818078578136 0.89169286015092608 0.0012813872154996411 0.019567999392230976
decision_type=2 2 2 2 2 2 2 2 2 2 2 2 2 2 2 2 2
left_child=-1 3 -3 4 -2 11 9 8 -8 10 -7 -4 13 14 -13 -15 -14
right_child=1 2 5 -5 -6 6 7 -9 -10 -11 -12 12 16 15 -16 -17 -18
leaf_value=0.020018170972039531 -0.0059029779726552925 0.021319589233077682 -0.022942607698386932 0.0051298067598033277 -0.034659468433032616 0.038655938595207641 0.020624540250776063 -0.02552769560053382 -0.010860831141192948 0.0028762107152166092 0.012694337899146285 0.014755027985003605 -0.00046690750135969992 -0.031329325655559147 -0.0033719150196753092 -0.0027229063320968129 0.023563382187464506
leaf_weight=2.2225365005433551 3.550413139164446 4.4541111439466468 2.8569149971008292 3.7995632141828537 3.6754307672381401 4.630515646189453 4.0904425010085088 4.3477533012628546 5.1099428087472916 4.4935207143425933 4.3291797898709774 11.345012389123438 3.8732116967439643 4.4196860417723638 59.910381879657507 5.0406699478626251 3.4699083939194679
leaf_count=17 22 27 15 24 20 32 21 21 25 28 23 56 19 22 323 24 22
internal_value=0 -0.0003114 0.000713532 -0.0116871 -0.02053 -6.48258e-05 0.00610171 -0.00606156 0.0031374 0.0183508 0.0261117 -0.00189624 -0.00121343 -0.00231439 -0.000485812 -0.0160872 0.0108883
internal_weight=0 133.397 122.371 11.0254 7.22584 117.917 27.0014 13.5481 9.20039 13.4532 8.9597 90.9158 88.0589 80.7158 71.2554 9.46036 7.34312
internal_count=741 724 658 66 42 631 150 67 46 83 55 481 466 425 379 46 41
is_linear=0
shrinkage=0.03


Tree=118
num_leaves=16
num_cat=0
split_feature=0 2 5 4 27 26 18 13 18 7 11 26 17 28 1
split_gain=0.929086 2.9306 1.4982 1.16139 2.68197 2.60953 1.5866 3.55266 2.80237 2.47854 3.50547 2.37714 1.87971 2.32697 1.03961
threshold=441.75500000000005 442.08500000000009 3431.5226174183067 1896053.5000000002 0.0055033443314658958 2.3642857142857161 0.01019528549772686 -0.020966759165750744 0.019723670835762989 -1384.8769539823381 0.0057835915756445653 2.6742857142857184 15.629999637603762 0.93040970209235796 456.21500000000009
decision_type=2 2 2 2 2 2 2 2 2 2 2 2 2 2 2
left_child=2 -2 -1 4 -3 -5 7 -7 -8 10 -9 -11 -10 -14 -6
right_child=1 3 -4 5 14 6 8 9 12 11 -12 -13 13 -15 -16
leaf_value=0.019441100916317195 -0.032830748146115855 -0.02431567634452108 -0.0059481042109761186 0.025224010922975791 0.014156986110923205 -0.028996998873726684 -0.023215792503296126 0.002868084871596001 -0.018848131049399204 -0.024113600522404209 0.02904596228184686 0.0027441423717484994 0.013361448666080617 -0.0039307529600288516 -0.0076094686958129917
leaf_weight=5.3235184177756292 2.4939910583198062 5.5403970777988416 3.4456873014569283 3.8708235919475547 3.8197272419929504 2.9394071847200314 6.0343195721507064 11.070352748036379 4.7502822801470748 3.2186926826834812 7.881547834724187 37.765949279069901 10.068766556680201 23.008257571607828 4.088867723941803
leaf_count=31 13 26 20 20 20 16 31 64 23 16 46 214 49 132 20
internal_value=0 -0.000632675 0.00946491 1.462e-05 -0.00830968 0.00102678 0.000149271 0.00320416 -0.00422994 0.00478337 0.0137547 0.000634893 -0.00120126 0.00133306 0.00290339
internal_weight=0 126.551 8.76921 124.057 13.449 110.608 106.738 62.8759 43.8616 59.9365 18.9519 40.9846 37.8273 33.077 7.90859
internal_count=741 690 51 677 66 611 591 356 235 340 110 230 204 181 40
is_linear=0
shrinkage=0.03


Tree=119
num_leaves=14
num_cat=0
split_feature=1 22 25 25 26 13 13 9 1 17 27 25 13
split_gain=0.926809 1.61355 2.67776 2.44442 2.31667 3.27487 2.71585 2.84765 2.48466 2.18458 1.81222 1.7151 1.41841
threshold=673.1450000000001 36.07998354924154 -1.1436780080407123 -0.9028449274953716 4.3610714285714307 0.023375297848686531 -0.0018471607104061369 1.3329275065332296 612.32500000000016 19.095000267028812 0.0085475732849359855 0.37899907942618866 0.0068367627439120402
decision_type=2 2 2 2 2 2 2 2 2 2 2 2 2
left_child=1 10 -3 -4 5 6 9 -8 12 -5 -1 -10 -6
right_child=-2 2 3 4 8 -7 7 -9 11 -11 -12 -13 -14
leaf_value=0.030347579122217264 -0.010222725683220654 -0.01948239223274716 0.027134792463932276 -0.0037379822739383346 0.033042285494719076 -0.028514432915883788 0.0079815754782859381 -0.013464090553706334 -0.01579686132796752 -0.027915755009663226 0.00069886055319563745 0.012012027642713054 0.0090262170596760345
leaf_weight=3.3933104239404193 7.5068404376506797 6.1609275192022315 3.091605268418788 42.568261206150048 4.5178750827908534 3.9409875199198714 37.274189524352558 6.5520174279808989 3.9657536186277857 3.6519401073455802 4.0939039625227451 4.0186719074845314 4.3389323726296425
leaf_count=26 37 36 20 224 31 20 193 35 23 21 25 23 27
internal_value=0 0.000624136 -0.000218351 0.000823469 8.95049e-05 -0.00174652 -0.000574995 0.00477545 0.010336 -0.00564831 0.0141361 -0.00180026 0.0212769
internal_weight=0 127.568 120.081 113.92 110.829 93.9874 90.0464 43.8262 16.8412 46.2202 7.48721 7.98443 8.85681
internal_count=741 704 653 617 597 493 473 228 104 245 51 46 58
is_linear=0
shrinkage=0.03


Tree=120
num_leaves=20
num_cat=0
split_feature=25 25 0 0 5 26 9 4 15 24 17 0 25 22 11 28 14 18 28
split_gain=0.941014 1.62585 1.13558 2.90366 2.34882 3.88852 1.93695 4.7896 2.75122 2.78255 2.29654 2.28451 1.87851 1.54996 2.1665 2.14691 1.95434 1.32796 1.00774
threshold=-2.0065168385428227 -1.6469637297949984 583.93500000000006 598.43500000000006 21904.482279790685 4.3610714285714307 1.1674039002194825 40751720.500000007 1.5129982426653811e-05 4.3079608712766753 16.309999465942386 629.07500000000016 0.23075689339537969 36.07998354924154 -0.0086714087312735871 0.87762016412108612 0.86651710459287135 0.032441376053596989 0.96104092717650869
decision_type=2 2 2 2 2 2 2 2 2 2 2 2 2 2 2 2 2 2 2
left_child=-1 -2 4 -4 13 18 8 -8 9 12 -10 -12 -5 -3 -15 -16 -17 -9 -6
right_child=1 2 3 6 5 -7 7 17 10 -11 11 -13 -14 14 15 16 -18 -19 -20
leaf_value=0.019523599469968417 -0.019060201672508111 0.022753373444744766 0.021945429669376935 0.0023492723635650248 -0.038488311488356637 0.0086645982781220401 0.042863697768125396 0.010315002448670396 0.0043134772664769278 -0.01701654002082326 -0.007098695570294313 -0.033112924341191105 0.02191580328998605 -0.020583518853795082 0.015400861650892748 0.0016173692189593205 -0.013773521117455634 -0.016102305551731241 -0.016303565325171864
leaf_weight=2.1905172877013674 4.0316519811749449 2.6078591123223296 6.7097873017191878 11.043471999466425 3.7967788800597173 4.1195700019598007 3.2321783378720266 3.880642581731081 6.3791361600160625 4.1516636908054343 7.3903232812881452 5.1591113805770874 7.3584143742918959 4.6209656000137249 7.7610023170709672 34.229828275740147 9.4822500087320787 3.0653560236096382 3.5807827264070511
leaf_count=17 24 17 39 61 19 25 17 24 35 21 41 26 40 25 39 183 48 19 21
internal_value=0 -0.000300968 0.000287281 0.00337923 -0.00228366 -0.0146834 0.000967798 0.0126951 -0.00190964 0.00516827 -0.010343 -0.0177932 0.0101734 0.000144906 -0.00090618 0.000860341 -0.0017213 -0.00134329 -0.0277207
internal_weight=0 132.601 128.569 58.3701 70.199 11.4971 51.6603 10.1782 41.4821 22.5536 18.9286 12.5494 18.4019 58.7019 56.094 51.4731 43.7121 6.946 7.37756
internal_count=741 724 700 323 377 65 284 60 224 122 102 67 101 312 295 270 231 43 40
is_linear=0
shrinkage=0.03


Tree=121
num_leaves=12
num_cat=0
split_feature=9 13 13 9 11 18 13 10 15 14 27
split_gain=0.937441 1.37015 1.34217 2.64677 1.98737 1.74476 1.41313 1.51974 1.7817 2.0714 1.69452
threshold=0.42672057136818736 0.034058664129461132 0.016795098377038079 0.75053342459595773 0.014321197994155989 -0.089575643507430178 0.01243435287802014 -0.019575108119639136 -0.0023353549018384576 0.13359888132583717 0.0075544874085989025
decision_type=2 2 2 2 2 2 2 2 2 2 2
left_child=-1 2 5 -4 -5 -2 7 -7 10 -10 -9
right_child=1 -3 3 4 -6 6 -8 8 9 -11 -12
leaf_value=-0.01352575388930766 0.016883778855389376 0.018844496106699454 0.010198901655259393 -0.03360432168361964 -0.0054307180936543353 0.03539029216112289 0.01644612485174338 -0.0045862177616108205 -0.022527564008762404 0.0012500507089388128 -0.031327427522242136
leaf_weight=4.4454580396413794 5.9233537018299094 3.5579512305557719 4.3706813529133788 4.1237627789378148 4.9682425260543823 1.0468154288828362 4.5881969332694998 6.7233034223318082 3.4254799708724013 88.174823723733425 3.1234734505414963
leaf_count=24 39 25 23 21 25 9 26 34 20 474 21
internal_value=0 0.000484139 -3.23964e-05 -0.00898641 -0.0182091 0.00103432 0.000157594 -0.000571571 -0.000942655 0.000360864 -0.0130687
internal_weight=0 130.026 126.468 13.4627 9.09201 113.005 107.082 102.494 101.447 91.6003 9.84678
internal_count=741 717 692 69 46 623 584 558 549 494 55
is_linear=0
shrinkage=0.03


Tree=122
num_leaves=20
num_cat=0
split_feature=25 25 0 0 5 26 9 4 15 24 17 0 25 22 14 4 4 18 28
split_gain=0.917653 1.52809 1.07254 2.75466 2.20538 3.6771 1.84764 4.59292 2.61877 2.61817 2.17248 2.16561 1.75932 1.50267 2.30891 2.04769 2.52976 1.25584 0.973021
threshold=-2.0065168385428227 -1.6469637297949984 583.93500000000006 598.43500000000006 21904.482279790685 4.3610714285714307 1.1674039002194825 40751720.500000007 1.5129982426653811e-05 4.3079608712766753 16.309999465942386 629.07500000000016 0.23075689339537969 36.07998354924154 0.29106546353570611 26544780.500000004 2932230.5000000005 0.032441376053596989 0.96104092717650869
decision_type=2 2 2 2 2 2 2 2 2 2 2 2 2 2 2 2 2 2 2
left_child=-1 -2 4 -4 13 18 8 -8 9 12 -10 -12 -5 -3 -15 16 -16 -9 -6
right_child=1 2 3 6 5 -7 7 17 10 -11 11 -13 -14 14 15 -17 -18 -19 -20
leaf_value=0.01936440179486143 -0.018569583538099121 0.022495869004812451 0.021427494852070166 0.0023410178765057919 -0.037575151837584912 0.0085017959640375246 0.042344768341989969 0.01008967666450814 0.0041427442128536282 -0.016513772896436071 -0.0069782268083374453 -0.032368620634743175 0.021327156255740817 -0.028425048094005992 -0.0032509180055475023 -0.020816977326857507 0.010704842635329859 -0.015671959298020784 -0.015729495681044574
leaf_weight=2.1714369952678672 3.9946678206324568 2.5832564644515505 6.6682085543870917 11.010566674172884 3.7810764536261541 4.0958105325698853 3.1703867688775045 3.8626553304493427 6.373092100024226 4.1349532082676879 7.3803625255823118 5.1211614385247231 7.3079326674342147 2.6159096136689177 30.677210941910744 3.7881168201565734 18.887246489524841 3.0461163893342018 3.5652362182736397
leaf_count=17 24 17 39 61 19 25 17 24 35 21 41 26 40 14 156 21 104 19 21
internal_value=0 -0.000297627 0.000272302 0.00328627 -0.00222845 -0.0142746 0.00093311 0.0124498 -0.0018756 0.00504821 -0.0101122 -0.0173792 0.0099153 0.000125598 -0.000906914 0.000442317 0.00206712 -0.00126877 -0.0269732
internal_weight=0 132.064 128.069 58.0754 69.9939 11.4421 51.4072 10.0792 41.3281 22.4535 18.8746 12.5015 18.3185 58.5517 55.9685 53.3526 49.5645 6.90877 7.34631
internal_count=741 724 700 323 377 65 284 60 224 122 102 67 101 312 295 281 260 43 40
is_linear=0
shrinkage=0.03


Tree=123
num_leaves=20
num_cat=0
split_feature=0 2 5 26 26 15 10 22 25 9 15 13 18 28 17 5 11 27 4
split_gain=0.907608 2.77649 1.43075 1.15627 3.16549 2.89218 2.78457 3.01682 2.93454 2.777 2.65323 2.18984 2.64141 2.17215 2.43139 1.99632 1.75384 1.20756 0.547245
threshold=441.75500000000005 442.08500000000009 3431.5226174183067 3.2824999999999913 3.3371428571428434 -9.7480686193735088e-05 0.006749646384465958 49.42355745362687 -0.32301547022765725 1.1159344470816392 -1.5673601134441108e-05 -0.018367319237783449 0.043367441306610306 1.024750290536439 19.305000305175785 10640.605149719344 -0.0088537756233532088 0.0054482353302715844 23502863.500000004
decision_type=2 2 2 2 2 2 2 2 2 2 2 2 2 2 2 2 2 2 2
left_child=2 -2 -1 6 -5 13 7 -3 -9 15 16 -12 -13 -6 -15 -10 -7 -11 -18
right_child=1 3 -4 4 5 10 -8 8 9 17 11 12 -14 14 -16 -17 18 -19 -20
leaf_value=0.019255316069961389 -0.032146023152224992 0.029075260990975908 -0.0056890081088982088 0.028093949543809702 -0.025531483843177223 0.0016336390084204879 -0.022838262460640475 -0.025266375124985158 -0.00077009595582100496 0.0264010133133427 0.026258572247210746 0.0018603938354352053 -0.021004211890412929 0.01425823306628808 -0.017199486082384426 -0.022244205729945864 0.035389949078584518 0.0031376898227154565 0.017830780343428481
leaf_weight=5.24407000094652 2.4661552198231211 2.8116594403982154 3.4185648113489151 4.0486053600907317 5.7130112648010245 3.8373609185218811 5.9758839458227149 4.7191917598247519 20.238401345908645 4.2260801345109922 2.8683918938040653 39.270923506468549 5.1427537798881522 4.3314268514513952 4.517596535384655 4.825135461986064 3.4524755626916797 3.8265643566846848 2.9729485735297203
leaf_count=31 13 19 20 21 30 23 30 24 96 22 17 224 29 26 32 24 22 20 18
internal_value=0 -0.000629337 0.00941145 3.71388e-06 0.00228164 0.000832348 -0.00371713 -0.00090596 -0.00313395 2.00069e-05 0.00385476 0.000853596 -0.000787147 -0.0111113 -0.00180154 -0.00490421 0.0176815 0.0153464 0.0272656
internal_weight=0 125.245 8.66263 122.778 76.1555 72.1069 46.6229 40.647 37.8354 33.1162 57.5449 47.2821 44.4137 14.562 8.84902 25.0635 10.2628 8.05264 6.42542
internal_count=741 690 51 677 442 421 235 205 186 162 333 270 253 88 58 120 63 42 40
is_linear=0
shrinkage=0.03


Tree=124
num_leaves=11
num_cat=0
split_feature=9 13 1 22 19 10 10 17 11 27
split_gain=0.920349 1.30328 1.30258 1.61275 2.39587 1.3892 2.89265 2.81794 1.9973 1.35859
threshold=0.42672057136818736 0.034058664129461132 673.1450000000001 36.07998354924154 1.0000000180025095e-35 0.010594057742521869 0.0090138595090832902 17.270000457763675 0.016954027105026585 0.0085475732849359855
decision_type=2 2 2 2 2 2 2 2 2 2
left_child=-1 2 3 9 5 6 8 -7 -5 -2
right_child=1 -3 -4 4 -6 7 -8 -9 -10 -11
leaf_value=-0.013449644979874878 0.029426870053354186 0.018539064705148552 -0.012576661186075392 -0.00029051980618708745 -0.023118640177201784 -0.028883806348045576 0.025403320215489921 0.0030726217723248067 0.02091927970744625 0.0027917487463556007
leaf_weight=4.4144170805811873 3.1217472814023486 3.4993513673543921 7.0222846716642371 88.684478498995304 3.9439747110009185 4.1524724140763265 4.4582736045122138 6.1788324788212776 4.1844308227300635 3.8481404446065426
leaf_count=24 25 25 35 478 26 23 26 33 22 24
internal_value=0 0.000480707 -2.24396e-05 0.000721067 -0.000153291 0.000688024 0.00179832 -0.00977166 0.000665138 0.0147214
internal_weight=0 129.094 125.595 118.572 111.602 107.658 97.3272 10.3313 92.8689 6.96989
internal_count=741 717 692 657 608 582 526 56 500 49
is_linear=0
shrinkage=0.03


Tree=125
num_leaves=15
num_cat=0
split_feature=5 5 17 28 1 1 22 14 12 14 17 10 4 27
split_gain=0.893556 2.5045 1.79003 2.31407 1.55177 1.44792 1.40714 1.97227 1.36453 2.85276 2.10358 1.95801 1.59404 0.975167
threshold=93663.47509333551 59872.501892644454 17.650000572204593 0.9152031931536726 612.59500000000014 673.1450000000001 36.07998354924154 0.27011242406606939 0.020986970526404417 0.92088718527062452 15.864999771118166 0.0058284716859003946 1807839.5000000002 0.0093356773720258794
decision_type=2 2 2 2 2 2 2 2 2 2 2 2 2 2
left_child=1 5 3 -2 -4 6 13 -8 9 12 -11 -10 -9 -1
right_child=2 -3 4 -5 -6 -7 7 8 11 10 -12 -13 -14 -15
leaf_value=0.024985153404917894 -0.0041599687196476314 -0.018713408978314087 0.0073573250562489357 0.026242772397920548 -0.02257724563975394 -0.014655738696403119 -0.01993501095999865 -0.0073506516486951086 0.026182163885744344 -0.0026940191236655901 -0.028030701227438944 -0.002204836147541855 0.0041284408857011424 0.00097010224559746004
leaf_weight=3.5918215326964846 3.6050876379013044 6.6880290731787673 3.574336312711238 6.0083702728152275 2.7636074349284172 5.6115333139896384 4.2274776250123969 13.275079838931559 4.4697333201765996 6.7851275503635389 5.2166005969047546 4.2817137241363525 60.534771673381329 2.6405360624194145
leaf_count=28 20 36 23 35 18 28 25 68 25 33 27 25 335 15
internal_value=0 -0.000886034 0.00668168 0.0148416 -0.00569539 0.00019166 0.000984979 0.000112779 0.00100902 -0.000141828 -0.0137067 0.0122936 0.00206387 0.0148104
internal_weight=0 117.322 15.9514 9.61346 6.33794 110.634 105.023 98.7905 94.563 85.8116 12.0017 8.75145 73.8099 6.23236
internal_count=741 645 96 55 41 609 581 538 513 463 60 50 403 43
is_linear=0
shrinkage=0.03


Tree=126
num_leaves=19
num_cat=0
split_feature=28 15 0 25 4 13 13 24 26 4 13 24 28 10 10 1 26 12
split_gain=0.867544 2.77304 2.75241 1.61906 1.29107 3.66698 2.33651 2.49856 3.00273 1.76639 1.78558 1.85493 1.54149 3.42569 2.08475 1.44995 0.861844 0.589512
threshold=1.2661447388808054 1.5707840957242442e-05 602.05500000000006 -1.4527160756174506 29798913.500000004 0.0034554674317033855 -0.016849529909067625 3.503463708054452 3.6896428571428594 28303892.500000004 0.024006910211939462 0.3529526694916309 0.88647473891271811 0.0022400950341362473 0.0034826063467824357 444.91000000000008 3.4025000000000118 -0.0078476915130181162
decision_type=2 2 2 2 2 2 2 2 2 2 2 2 2 2 2 2 2 2
left_child=3 17 -3 -1 9 6 -6 8 -8 10 11 15 13 -13 -14 -5 -7 -2
right_child=1 2 -4 4 5 16 7 -9 -10 -11 -12 12 14 -15 -16 -17 -18 -19
leaf_value=-0.016527905346668016 0.033666486646950253 0.014169772426456628 -0.022056455988027388 0.0021202578302593161 0.019167948698624111 0.034044837050349698 0.024661910070081932 -0.020575079720003886 -0.010316910840086903 -0.020914155580010894 -0.016059051851910026 -0.0049097999297751252 0.0001347861664375106 0.02238266611016337 -0.01315491122141923 0.025749438517457434 0.014306864180494972 0.013722856470458978
leaf_weight=5.5977830141782752 2.7415064685046673 3.7056341059505939 3.8474118262529373 5.1304918602108938 3.9780769348144558 3.385579437017439 3.6600788086652774 6.6421964839100829 5.5702768340706825 4.1506903842091551 6.4113855250179759 9.9493042975664157 33.985003180801868 7.0877160876989356 15.454395659267901 4.2927990779280663 4.8333553299307823 2.5979910343885404
leaf_count=34 22 24 23 31 23 18 20 34 32 22 35 50 179 36 82 28 29 19
internal_value=0 0.00741487 -0.00428334 -0.000774209 -4.23845e-06 0.00558598 -0.00139117 -0.00654383 0.00355311 -0.00181909 -0.000856182 0.000428032 -0.00133773 0.00644437 -0.00401948 0.0128846 0.0224374 0.0239627
internal_weight=0 12.8925 7.55305 120.129 114.531 28.0696 19.8506 15.8726 9.23036 86.4618 82.3111 75.8997 66.4764 17.037 49.4394 9.42329 8.21893 5.3395
internal_count=741 88 47 653 619 156 109 86 52 463 441 406 347 86 261 59 47 41
is_linear=0
shrinkage=0.03


Tree=127
num_leaves=13
num_cat=0
split_feature=9 4 13 4 25 26 18 18 22 28 4 22
split_gain=0.867283 1.48993 1.35954 1.2929 3.44212 1.8891 2.22034 4.62029 2.27127 1.93984 2.06982 1.19725
threshold=0.42672057136818736 1106759.5000000002 0.034058664129461132 1807839.5000000002 0.31544287371570517 2.3642857142857161 -0.010090417175121656 -0.014069933050754711 43.950840895848096 0.78150212803139441 3741101.0000000005 52.863063207515061
decision_type=2 2 2 2 2 2 2 2 2 2 2 2
left_child=-1 -2 3 4 11 -5 7 8 -7 -8 -11 -3
right_child=1 2 -4 5 -6 6 9 -9 -10 10 -12 -13
leaf_value=-0.013112481113116645 0.023353167215086564 -0.0094342184531993282 0.018497769788386846 0.02081999631895582 0.0096304216597904845 0.018478458310502894 -0.018323191152504383 0.035648247969843443 -0.0013480829282100824 -0.015300575008978011 0.00064103298977005718 -0.032230059085444462
leaf_weight=4.3769867196679106 2.5101413875818244 3.9873334020376188 3.4811981730163088 3.9963050261139861 5.3128170147538176 6.217829216271638 7.2865065634250703 4.0383233577012936 31.7727170586586 8.6930708363652212 46.752094879746437 4.3202248364686966
leaf_count=24 16 20 25 21 27 41 33 33 174 44 263 20
internal_value=0 0.000467364 1.09253e-05 -0.00051496 -0.00922837 0.00057628 -0.000195957 0.00513987 0.00189688 -0.00377084 -0.0018584 -0.0212889
internal_weight=0 128.369 125.858 122.377 13.6204 108.757 104.761 42.0289 37.9905 62.7317 55.4452 8.30756
internal_count=741 717 701 676 67 609 588 248 215 340 307 40
is_linear=0
shrinkage=0.03


Tree=128
num_leaves=19
num_cat=0
split_feature=0 2 2 26 26 15 10 15 22 25 23 26 28 17 13 18 22 1
split_gain=0.84626 2.65637 1.42621 1.10745 2.9833 2.77168 2.55661 2.54236 2.14602 2.1853 2.58004 2.09249 1.99963 2.23813 1.96693 2.38935 1.65939 0.736569
threshold=441.75500000000005 441.71500000000003 426.50500000000005 3.2824999999999913 3.3371428571428434 -9.7480686193735088e-05 0.006749646384465958 -1.5673601134441108e-05 49.42355745362687 -0.32301547022765725 1.5509453421254877 3.1182142857142843 1.024750290536439 19.305000305175785 -0.016849529909067625 0.043367441306610306 45.86374174642912 599.72500000000002
decision_type=2 2 2 2 2 2 2 2 2 2 2 2 2 2 2 2 2 2
left_child=2 -2 -1 6 -5 12 8 16 -3 -10 -11 -12 -6 -14 -9 -16 -7 -18
right_child=1 3 -4 4 5 7 -8 14 9 10 11 -13 13 -15 15 -17 17 -19
leaf_value=-0.00607722719296024 -0.036421708508641008 0.02359363942742641 0.01902481748037109 0.02742247793154259 -0.024877915041252779 0.0002031715046092428 -0.022127867016696039 0.023369026940377985 -0.021739170492625321 0.02365702848254558 4.1010464387537195e-05 -0.023278555010356188 0.01355677435924652 -0.016910724597418107 0.001673080592645334 -0.020219750944377658 0.016142977997506368 0.036004562642020642
leaf_weight=3.3569999635219556 1.8365040123462666 2.955892786383628 5.1809296458959579 3.9913325309753409 5.6656825244426718 3.3647026792168528 5.9152191430330268 3.2345510385930458 4.8558586761355391 3.6353433579206458 25.474571019411091 4.0079456865787497 4.2588322162628156 4.4241931438446045 38.507640741765513 5.0783034041523925 3.3824044018983841 3.3397092223167419
leaf_count=21 10 20 30 21 30 21 30 20 25 19 124 20 26 32 221 29 23 19
internal_value=0 -0.000609788 0.00915503 -7.11068e-05 0.00218326 0.000769514 -0.00369232 0.00374052 -0.00102799 -0.00294455 -0.000188812 -0.00312912 -0.0110136 -0.00196709 0.000797357 -0.000877706 0.017402 0.0260107
internal_weight=0 123.929 8.53793 122.092 75.2474 71.256 46.8448 56.9073 40.9296 37.9737 33.1179 29.4825 14.3487 8.68303 46.8205 43.5859 10.0868 6.72211
internal_count=741 690 51 680 442 421 238 333 208 188 163 144 88 58 270 250 63 42
is_linear=0
shrinkage=0.03


Tree=129
num_leaves=17
num_cat=0
split_feature=25 25 25 24 22 15 9 10 13 17 28 18 12 22 18 6
split_gain=0.841269 1.40089 1.87899 1.65042 1.43611 1.32402 2.52846 2.03709 3.95611 5.27916 3.9456 3.69574 3.33504 2.6768 2.47698 0.873639
threshold=-2.0065168385428227 -1.1436780080407123 -0.9028449274953716 2.1060545860768314 40.18412951842663 -0.0019133450736111693 1.1074864842424803 -0.00032927393860177062 0.0042859345960878379 16.73499965667725 0.97510076450853378 0.041460897504214229 -0.0053002011995805223 48.80785009762355 0.017910549204087415 2608.2624420503671
decision_type=2 2 2 2 2 2 2 2 2 2 2 2 2 2 2 2
left_child=-1 3 -3 4 -2 6 -4 8 9 10 -7 12 -9 -14 -11 -10
right_child=1 2 5 -5 -6 7 -8 11 15 14 -12 -13 13 -15 -16 -17
leaf_value=0.018831873096499585 -0.0054523281342457571 0.020167918723454189 -0.028507917361077766 0.0055437207200915795 -0.032827789463865109 0.0022648616770049182 0.0021953922962762436 -0.031796365636219334 0.015681149988673121 -0.0028039167232059197 -0.028553382428072333 -0.024110575432233161 0.02204397977473585 -0.00032746630343851021 0.027031765934100508 0.036727312353883323
leaf_weight=2.1052827239036551 3.3866973444819433 4.2760574594140044 4.1269690021872503 3.6530351638793945 3.5143718123435974 9.7872977852821368 5.8156507089734077 2.8179859220981518 3.358718015253543 3.7207602784037572 6.0500508137047282 6.2083866372704497 5.2610218375921312 56.601884983479977 7.6602243408560753 3.764939222484827
leaf_count=17 22 27 21 24 20 50 30 15 20 21 31 33 32 307 45 26
internal_value=0 -0.000285218 0.000640465 -0.010762 -0.0193933 -8.45303e-05 -0.0105489 0.00090418 0.00690114 0.00169203 -0.00950806 -0.00200102 0.000121163 0.00157507 0.0172777 0.0268043
internal_weight=0 130.004 119.45 10.5541 6.90107 115.174 9.94262 105.231 34.342 27.2183 15.8373 70.8893 64.6809 61.8629 11.381 7.12366
internal_count=741 724 658 66 42 631 51 580 193 147 81 387 354 339 66 46
is_linear=0
shrinkage=0.03


Tree=130
num_leaves=13
num_cat=0
split_feature=9 4 13 4 25 26 18 18 22 28 5 22
split_gain=0.844453 1.38466 1.29192 1.25351 3.20965 1.75727 2.07739 4.44175 2.11515 1.82452 2.00876 1.12818
threshold=0.42672057136818736 1106759.5000000002 0.034058664129461132 1807839.5000000002 0.31544287371570517 2.3642857142857161 -0.010090417175121656 -0.014069933050754711 43.950840895848096 0.78150212803139441 17681.46566948653 52.863063207515061
decision_type=2 2 2 2 2 2 2 2 2 2 2 2
left_child=-1 -2 3 4 11 -5 7 8 -7 -8 -11 -3
right_child=1 2 -4 5 -6 6 9 -9 -10 10 -12 -13
leaf_value=-0.01299218066267889 0.022717934145581917 -0.0092488007150401102 0.018185808609282355 0.020236635609424271 0.0091723957712749431 0.017998999735756444 -0.017776432773985471 0.035414055482873304 -0.0012495008576241815 0.00180335538305886 -0.010980515390303305 -0.031450565369842837
leaf_weight=4.3412685990333548 2.4673131033778182 3.9650703594088537 3.427894599735736 3.9473111182451239 5.278344325721263 6.1317870691418639 7.2490590363740983 3.9210575111210266 31.699745446443558 39.638394258916378 15.34472820907831 4.2871232777833939
leaf_count=24 16 20 25 21 27 41 33 33 174 219 88 20
internal_value=0 0.000462684 2.30137e-05 -0.000489573 -0.00909716 0.000589488 -0.000156327 0.00502047 0.00187032 -0.00362953 -0.00176438 -0.0207829
internal_weight=0 127.358 124.891 121.463 13.5305 107.932 103.985 41.7526 37.8315 62.2322 54.9831 8.25219
internal_count=741 717 701 676 67 609 588 248 215 340 307 40
is_linear=0
shrinkage=0.03


Tree=131
num_leaves=18
num_cat=0
split_feature=5 5 17 18 1 1 28 13 28 10 10 14 23 25 25 22 22
split_gain=0.809395 2.35083 1.72589 2.22134 1.42451 1.37625 1.39638 2.57931 3.24776 3.10262 3.27195 2.20802 1.77398 1.52894 2.00988 5.43777 2.46879
threshold=93663.47509333551 59872.501892644454 17.650000572204593 -0.018964699237889345 612.59500000000014 673.1450000000001 0.92724138255833422 0.00059094366620748861 0.78397592194166377 -0.00019738518324108331 0.0029174652871473143 0.92088718527062452 3.2726407754016411 0.56707234719383781 -1.0000000180025095e-35 62.665534313778373 42.263701490069245
decision_type=2 2 2 2 2 2 2 2 2 2 2 2 2 2 2 2 2
left_child=1 5 3 -2 -4 6 7 8 -1 -10 -11 13 -9 14 16 -16 -8
right_child=2 -3 4 -5 -6 -7 11 12 9 10 -12 -13 -14 -15 15 -17 -18
leaf_value=-0.01999232234871855 0.029921231341583181 -0.01825113848710162 0.006777730938881575 0.00078045046041846228 -0.02220630465410478 -0.014333148050026685 0.0090305260425536469 0.0025716773528180778 0.021442600346835129 -0.026827986464999939 0.010443693726906889 -0.017596215127344741 0.0273227587289952 -0.016068688795364227 0.030338275152672782 -0.0013447451640530056 -0.0077515158831661206
leaf_weight=5.4246533215045956 4.4467358440160742 6.5871780887246123 3.4969295896589747 5.0030600577592841 2.7079020142555237 5.5628507733345023 11.359281979501239 4.2063077017664892 7.2097516283392897 3.6470335870981199 5.0619846060872078 6.8207905590534201 6.8508525267243385 4.7273776978254309 7.1516489088535407 15.317787423729895 25.826003707945347
leaf_count=26 28 36 23 27 18 28 77 22 39 19 29 37 36 26 41 84 145
internal_value=0 -0.000846718 0.00642144 0.0144931 -0.00587143 0.000203477 0.000984002 0.00614708 5.47079e-05 0.00688615 -0.00516439 -0.00136544 0.0179071 0.000354089 0.00165552 0.00873943 -0.00262497
internal_weight=0 115.754 15.6546 9.4498 6.20483 109.166 103.603 32.4006 21.3434 15.9188 8.70902 71.2029 11.0572 64.3821 59.6547 22.4694 37.1853
internal_count=741 645 96 55 41 609 581 171 113 87 48 410 58 373 347 125 222
is_linear=0
shrinkage=0.03


Tree=132
num_leaves=26
num_cat=0
split_feature=0 0 5 28 22 14 4 4 28 7 24 23 14 14 11 26 17 28 11 24 18 5 22 13 17
split_gain=0.826143 2.71411 2.15138 2.99333 1.9131 2.27805 1.94356 2.21122 2.79709 2.10754 1.62635 2.169 1.3301 3.46417 1.96911 2.25697 1.7281 2.2619 1.77813 1.88342 1.54637 1.31228 1.22695 1.06207 0.522122
threshold=583.93500000000006 598.43500000000006 21904.482279790685 1.0061177128454184 34.392639517670077 0.29106546353570611 26544780.500000004 2932230.5000000005 1.0205150931430189 -1873.2435685910161 1.642577072765147 3.576752285120222 0.95571238918273771 0.97878959540233235 0.01048411804949312 5.2310714285714264 19.095000267028812 0.78397592194166377 0.0076425245866987854 4.0066191569030352 0.098376838585432572 376.82499258989884 61.443029305032205 -0.0012475025598466247 17.460000038146976
decision_type=2 2 2 2 2 2 2 2 2 2 2 2 2 2 2 2 2 2 2 2 2 2 2 2 2
left_child=2 23 4 -4 -1 -6 7 8 9 -7 22 -12 14 -14 16 -16 17 -3 19 -19 -18 -10 -9 -2 -5
right_child=1 12 3 24 5 6 -8 10 21 -11 11 -13 13 -15 15 -17 20 18 -20 -21 -22 -23 -24 -25 -26
leaf_value=0.023408143367086191 0.006653653602011019 -0.023740459919925176 -0.031275463248451589 0.0078575099226314872 -0.0261885831337915 0.017872215926627515 -0.020584611383786925 0.030328430069870606 -0.030875396563334614 -0.0031431702203879369 -0.015347957363631455 0.012807435455281809 -0.031038875236395844 0.0062916613193406915 0.03140507242923226 -3.191226206141539e-05 -0.027041596550329932 0.015599678539952012 -0.015066752196988668 -0.0019717325694587973 -0.00055190747721937819 -0.0061908941080601422 0.0064615078797328265 0.030029091204807481 -0.0092289478847692036
leaf_weight=3.0134529061615458 3.073468029499054 2.6181971728801754 5.0793749094009382 3.2998820543289185 3.0849142968654624 5.7972941100597373 3.7118555307388297 4.6273009330034283 3.899727836251258 16.571393333375461 3.9125422239303571 6.6445109248161316 4.0094418898224813 5.0615553185343742 4.1027098596096021 4.1187396794557571 3.7286616675555697 13.568852771073585 3.3016119375824919 9.2208548784255964 4.2372565269470215 3.8537149503827095 3.3362027630209923 4.0605186298489562 3.1422619819641113
leaf_count=20 22 13 28 21 18 30 21 31 20 86 20 33 20 28 23 23 24 83 19 48 28 20 20 23 19
internal_value=0 0.00256808 -0.00220627 -0.0140546 0.000129133 -0.00113622 0.000339959 0.00193668 -0.00307879 0.00230339 0.0100939 0.00237278 0.00026925 -0.0102087 0.00238622 0.0156559 -0.000588422 0.00284181 0.00550927 0.00849018 -0.0129511 -0.0186064 0.0203297 0.0199585 -0.000476692
internal_weight=0 61.1019 69.9744 11.5215 58.4529 55.4395 52.3545 48.6427 30.1221 22.3687 18.5206 10.5571 53.9679 9.071 44.8969 8.22145 36.6754 28.7095 26.0913 22.7897 7.96592 7.75344 7.9635 7.13399 6.44214
internal_count=741 354 387 68 319 299 281 260 156 116 104 53 309 48 261 46 215 163 150 131 52 40 51 45 40
is_linear=0
shrinkage=0.03


Tree=133
num_leaves=22
num_cat=0
split_feature=22 22 14 4 11 17 25 9 28 17 18 23 9 9 16 4 10 24 17 10 28
split_gain=0.811953 1.36715 1.49166 2.02233 3.81537 2.72857 1.8517 3.83061 1.2869 3.47915 2.63819 2.46742 1.91986 1.68156 1.72462 2.94646 2.8793 5.18117 4.18998 1.63905 1.12244
threshold=84.940002170233825 79.605025191634795 0.86436995654202398 2166384.5000000005 0.017592765285405657 16.644999504089359 0.42038125624907219 0.91272469640710485 0.95627876768328612 16.265000343322757 0.02074166080827811 3.3873810881535751 0.92297510438225772 1.8855218123459621 1.0000000180025095e-35 2731394.5000000005 -0.0015505798896402465 1.7103421897992084 16.285000801086429 0.0050990393186273195 0.87964929044687901
decision_type=2 2 2 2 2 2 2 2 2 2 2 2 2 2 2 2 2 2 2 2 2
left_child=1 2 8 -4 5 6 7 -5 9 12 11 -11 -1 14 15 -10 17 -16 -18 -17 -3
right_child=-2 20 3 4 -6 -7 -8 -9 13 10 -12 -13 -14 -15 16 19 18 -19 -20 -21 -22
leaf_value=-0.021361357997992717 -0.011023314342862401 0.0010774644584823701 -0.026602324164244965 -0.015009750348599325 0.02568154017059009 -0.025336601840251417 -0.0146653667256707 0.019543210429368501 -0.01504414516525226 0.023586243559869817 0.035054734201266542 -0.0095963688587056978 0.0069820098963242995 -0.020913849418412789 0.020008990234218992 0.0080153359304152311 0.014801086027008718 -0.010796273246175556 -0.015728710081102118 0.030475899620945639 0.024010231837824317
leaf_weight=4.1583044379949587 5.7301612943410865 3.7634600400924674 3.7299324050545719 4.9144908860325902 3.6121766231954089 5.7882397547364226 6.4477882087230673 7.0015294849872589 3.5904221087694195 4.1029353067278844 4.972948193550109 3.966584824025631 4.4553072154521942 3.3938112072646609 10.922204438596962 8.6041537374258024 5.1334787830710473 8.9325211495161039 19.09528648853302 4.4294405430555335 3.923255980014801
leaf_count=20 30 19 19 25 23 31 34 35 18 28 28 20 22 23 75 54 30 47 111 27 22
internal_value=0 0.000525593 -0.00027792 -0.00586156 -0.00307519 -0.00737604 -0.0017149 0.00529263 0.00177266 0.00809534 0.0178673 0.00727528 -0.00670103 -0.000363408 0.00078545 0.00901957 -0.00231966 0.00614989 -0.0092602 0.0156485 0.0127822
internal_weight=0 124.938 117.252 31.4942 27.7642 24.152 18.3638 11.916 85.7574 21.6561 13.0425 8.06952 8.61361 64.1013 60.7075 16.624 44.0835 19.8547 24.2288 13.0336 7.68672
internal_count=741 711 670 167 148 125 94 60 503 118 76 48 42 385 362 99 263 122 141 81 41
is_linear=0
shrinkage=0.03


Tree=134
num_leaves=16
num_cat=0
split_feature=9 13 13 9 25 23 10 18 23 5 0 5 10 10 22
split_gain=0.796162 1.14314 1.31952 2.48526 1.90663 1.65639 2.70191 2.0582 2.67654 1.82858 3.54605 2.55606 1.82627 4.31167 2.00046
threshold=0.42672057136818736 0.034058664129461132 0.016795098377038079 0.75053342459595773 1.0000000180025095e-35 0.20325639880834959 0.01161136013358033 -0.062362194883551207 1.1691413575043159 10640.605149719344 583.93500000000006 1930.8633419227208 0.0049259310783390528 -0.0010160665052101889 42.556452565898098
decision_type=2 2 2 2 2 2 2 2 2 2 2 2 2 2 2
left_child=-1 2 5 -4 -5 12 7 8 -7 11 -11 -9 13 14 -2
right_child=1 -3 3 4 -6 6 -8 9 -10 10 -12 -13 -14 -15 -16
leaf_value=-0.012698446587190916 0.02885404875987068 0.017724763152404732 0.0098944832721333739 -0.033868363666417378 -0.0057600677972956303 -0.0021368485219353658 -0.025211809572436118 -0.00046239983540406212 0.037975440741316091 -0.024554875031072718 0.00043025994433357385 0.016736863727760082 0.024522921501197406 -0.02509565780270492 -0.0046011600169836749
leaf_weight=4.2842897698283187 4.3111898116767398 3.3565619252622119 4.2186810448765746 3.8722430691122991 4.946143239736557 3.0440632104873648 3.8037735447287551 51.907583966851234 2.9460915699601173 7.6168725639581707 15.548270702362059 9.147062383592127 5.2531787976622573 3.3590229675173751 2.5660246014595032
leaf_count=24 36 25 23 20 26 19 19 276 21 42 87 49 35 22 17
internal_value=0 0.000452261 -2.0859e-05 -0.00904306 -0.0181027 0.00105329 -0.000444361 0.000599978 0.0175913 -0.000608532 -0.00778504 0.00211435 0.0101434 0.00276388 0.0163712
internal_weight=0 125.897 122.54 13.0371 8.81839 109.503 94.0137 90.2099 5.99015 84.2198 23.1651 61.0546 15.4894 10.2362 6.87721
internal_count=741 717 692 69 46 623 513 494 40 454 129 325 110 75 53
is_linear=0
shrinkage=0.03


Tree=135
num_leaves=28
num_cat=0
split_feature=18 15 28 10 9 28 18 0 28 18 10 17 18 18 28 9 18 15 18 18 18 4 4 25 14 27 11
split_gain=0.774123 1.73426 2.04537 2.01067 2.45235 1.90847 1.85784 3.8673 2.82233 3.05763 4.17357 2.65934 1.39725 3.46156 2.41725 2.08174 2.34886 2.0611 1.87049 3.46306 1.9727 1.83428 2.44073 1.51137 1.80451 1.43059 0.197643
threshold=-0.00093166190117571757 0.00015771083435196291 0.8632750752862326 -0.0022884209612836766 1.1001496370006627 0.80326510963697384 0.013967686436408446 565.03000000000009 0.88914406653456213 0.030896555804070917 -0.0015331400088458567 16.73499965667725 -0.014069933050754711 -0.010090417175121656 0.78150212803139441 1.0904287161078463 -0.068038746368588796 1.5707840957242442e-05 -0.051930076870410451 -0.037804181518894746 -0.024591321107256311 27336363.500000004 12380451.500000002 0.28488171812748758 0.69391547451141189 0.0073444479799350251 0.0086818243492914355
decision_type=2 2 2 2 2 2 2 2 2 2 2 2 2 2 2 2 2 2 2 2 2 2 2 2 2 2 2
left_child=12 5 -3 -4 -5 -2 7 -7 -8 -10 11 -11 14 26 -1 16 17 -16 -18 -20 -21 22 -15 24 25 -17 -14
right_child=1 2 3 4 -6 6 8 -9 9 10 -12 -13 13 21 15 23 18 -19 19 20 -22 -23 -24 -25 -26 -27 -28
leaf_value=0.032146421552474658 -0.016566497603132085 0.0077759175121709873 0.00039467506416538452 -0.0085157949092712817 -0.041129576443469949 -0.027139632598181113 0.035016505510749273 0.0093483647600693023 0.022827872801238172 -0.014350560822417882 -0.025928682339159438 0.011437115730743951 0.036080947695766398 -0.0074743676837897566 0.01978069738097334 -0.011229872819522401 -0.026793325979450947 -0.0058968120022611916 0.016865363943024157 -0.03023559872012016 -0.0043684123614187772 -0.01875956609999295 0.026053003305039246 -0.0086436198130102285 0.029903631140272339 0.016212689048222831 0.024255449226808484
leaf_weight=1.994843766093253 5.2246430963277808 4.0642231851816204 4.1194676756858835 4.0463901683688128 4.2591636180877686 5.0853473171591741 2.7863316088914862 5.3800193518400192 5.8963463678956058 4.7889130339026478 4.9192889258265522 14.485953081399201 2.66472349315882 4.1510270386934263 4.8886823728680557 3.0081421658396703 5.5537465959787342 6.6275714486837387 4.1581987813115076 4.6038292050361589 6.263191044330612 3.1610496565699577 3.6924638897180557 3.7308910675346842 3.8753234446048737 3.9606619812548161 2.4337113872170448
leaf_count=12 25 19 25 21 25 24 16 28 34 25 27 85 22 24 30 18 30 37 25 22 34 21 21 21 21 29 20
internal_value=0 -0.00229201 -0.0106983 -0.0167412 -0.0252404 0.000562066 0.00262681 -0.00838194 0.00613112 0.00345638 -0.00126463 0.00503007 0.00234118 0.0100013 -0.0001935 -0.00157582 -0.00584553 0.00500336 -0.0119167 -0.00641789 -0.0153271 0.000533739 0.00830924 0.00782639 0.0134928 0.00436688 0.0304361
internal_weight=0 65.0561 16.4892 12.425 8.30555 48.5668 43.3422 10.4654 32.8768 30.0905 24.1942 19.2749 64.7681 16.103 48.6651 46.6702 32.0952 11.5163 20.579 15.0252 10.867 11.0045 7.84349 14.575 10.8441 6.9688 5.09843
internal_count=741 354 90 71 46 264 239 52 187 171 137 110 387 108 279 267 178 67 111 81 56 66 45 89 68 47 42
is_linear=0
shrinkage=0.03


Tree=136
num_leaves=13
num_cat=0
split_feature=9 13 4 13 9 25 23 10 10 14 10 13
split_gain=0.76687 1.1001 1.36645 1.14304 2.34389 1.79917 1.78837 2.7278 3.77338 2.04601 1.84914 2.03964
threshold=0.42672057136818736 0.034058664129461132 1106759.5000000002 0.016795098377038079 0.75053342459595773 1.0000000180025095e-35 -0.046149458559824545 0.0049259310783390528 -0.0038883447132536659 0.14524356599065266 0.01161136013358033 0.0036964055863679683
decision_type=2 2 2 2 2 2 2 2 2 2 2 2
left_child=-1 2 -2 6 -5 -6 7 8 -4 -8 11 -11
right_child=1 -3 3 4 5 -7 9 -9 -10 10 -12 -13
leaf_value=-0.012501953512098407 0.022366381710712657 0.017497399866139542 0.01857317121646325 0.0095611142645265577 -0.033183554904955247 -0.0057473424164937456 -0.026541792395899117 0.035076855129696882 -0.024445612436914243 -0.0015959821274635526 -0.018476585098770402 0.0091489908040408192
leaf_weight=4.2570260018110266 2.4057085216045371 3.3149794936180106 4.8712755516171455 4.1888079047203055 3.8192955031990987 4.925025962293148 2.6944569274783126 3.2482770383358002 2.9442244879901391 67.020701594650745 4.6412574946880332 20.844631932675838
leaf_count=24 16 25 37 23 20 26 17 23 21 367 25 117
internal_value=0 0.000446137 -1.86897e-05 -0.000470476 -0.00889142 -0.0177308 0.000554409 0.0119707 0.0023673 -0.000772332 -2.17399e-05 0.000953089
internal_weight=0 124.919 121.604 119.198 12.9331 8.74432 106.265 11.0638 7.8155 95.201 92.5066 87.8653
internal_count=741 717 692 676 69 46 607 81 58 526 509 484
is_linear=0
shrinkage=0.03


Tree=137
num_leaves=21
num_cat=0
split_feature=22 22 14 4 11 17 25 9 28 9 17 15 9 16 4 17 10 17 14 28
split_gain=0.769852 1.27451 1.36438 1.89782 3.53256 2.56594 1.70437 3.63768 1.23287 3.40011 3.80607 1.85859 1.59483 1.55004 2.77783 2.66659 3.8113 1.60132 1.49457 1.11284
threshold=84.940002170233825 79.605025191634795 0.86436995654202398 2166384.5000000005 0.017592765285405657 16.644999504089359 0.42038125624907219 0.91272469640710485 0.95627876768328612 1.096275210196956 15.710000038146974 4.2095779705344949e-05 1.8855218123459621 1.0000000180025095e-35 2731394.5000000005 16.285000801086429 -0.0015505798896402465 19.015000343322757 0.66234269227190701 0.87964929044687901
decision_type=2 2 2 2 2 2 2 2 2 2 2 2 2 2 2 2 2 2 2 2
left_child=1 2 8 -4 5 6 7 -5 9 10 -1 -12 13 14 -10 18 -17 -16 -15 -3
right_child=-2 19 3 4 -6 -7 -8 -9 12 -11 11 -13 -14 15 17 16 -18 -19 -20 -21
leaf_value=-0.02346713474895383 -0.010773504726925552 0.00070886285945892405 -0.025916204516124901 -0.014645237498031262 0.025074738021240266 -0.024639604177925788 -0.014027770000383279 0.019192495450731973 -0.014821718142286212 0.025853119080252587 0.019196580951451041 -0.0073955140446304579 -0.020575438205751674 -0.0030904679211791225 0.02344034804964315 0.0048858574558794318 -0.015147722848576519 0.0016096786594403424 0.022049434735632187 0.02363842617784025
leaf_weight=4.3916995674371746 5.685934640467166 3.7365796416997901 3.6648395434021976 4.8757165148854344 3.5316716954112044 5.6972402557730666 6.403424344956874 6.9140147715806961 3.5671838447451618 6.5933686792850486 6.7304080948233587 3.6474153697490692 3.3388217799365512 3.4698364436626417 7.925233840942381 15.686422206461424 18.777612775564197 4.8898719400167465 5.5047055706381798 3.8861709609627724
leaf_count=21 30 19 19 25 23 31 34 35 18 39 39 19 23 22 51 99 111 30 31 22
internal_value=0 0.000517144 -0.000266266 -0.00564017 -0.00293036 -0.0070703 -0.00156842 0.00519869 0.00171022 0.00794016 -5.64875e-05 0.00985046 -0.000396968 0.000729266 0.00859279 -0.00223636 -0.00602937 0.0151104 0.0123296 0.0123986
internal_weight=0 123.232 115.609 31.0869 27.4221 23.8904 18.1932 11.7897 84.5226 21.3629 14.7695 10.3778 63.1597 59.8209 16.3823 43.4386 34.464 12.8151 8.97454 7.62275
internal_count=741 711 670 167 148 125 94 60 503 118 79 58 385 362 99 263 210 81 53 41
is_linear=0
shrinkage=0.03


Tree=138
num_leaves=28
num_cat=0
split_feature=18 13 26 12 9 13 5 15 11 28 14 22 25 18 18 28 9 18 15 18 18 18 7 25 14 27 11
split_gain=0.783321 1.68271 1.79803 2.05892 3.12207 2.62518 2.18005 4.57878 3.41034 1.83196 1.82626 1.79562 1.45615 1.31285 3.35507 2.26958 1.87065 2.27468 1.91617 1.78922 3.23777 1.84535 1.71215 1.40598 1.66461 1.3667 0.193771
threshold=-0.00093166190117571757 -0.033236850692552104 5.0835714285714104 0.011282052317032278 0.89628833950219156 -0.020415669442887249 1.0000000180025095e-35 -1.5673601134441108e-05 -0.011115231133293322 0.97644934330773336 0.71288621044139366 78.850951262102242 0.30923700422913353 -0.014069933050754711 -0.010090417175121656 0.78150212803139441 1.0904287161078463 -0.068038746368588796 1.5707840957242442e-05 -0.051930076870410451 -0.037804181518894746 -0.024591321107256311 -335.26566292656338 0.28488171812748758 0.69391547451141189 0.0073444479799350251 0.0086818243492914355
decision_type=2 2 2 2 2 2 2 2 2 2 2 2 2 2 2 2 2 2 2 2 2 2 2 2 2 2 2
left_child=13 -2 3 5 -5 -3 8 10 -7 -10 -8 12 -6 15 26 -1 17 18 -17 -19 -21 -22 -16 24 25 -18 -15
right_child=1 2 -4 4 11 6 7 -9 9 -11 -12 -13 -14 14 22 16 23 19 -20 20 21 -23 -24 -25 -26 -27 -28
leaf_value=0.031576888113501012 0.031148666176484409 0.03334139138998754 -0.018851524760336538 0.006790533694663068 -0.010058194433258909 -0.021750728851757325 0.01935682000933946 -0.030916992011520681 0.022152720076949007 0.0025985243221012416 -0.0088476200102863885 -0.0011874194693318252 -0.034201794609287253 0.035883071811574664 0.014788318042214151 0.019546181533808122 -0.010983733963327165 -0.026188015838957829 -0.0053114220380657386 0.016574426098099244 -0.029271178945894382 -0.0041462681316399861 -0.0094020888823643355 -0.0083897790595994105 0.029040418692887485 0.015966392356012077 0.024061293212395748
leaf_weight=1.9532173350453366 1.3245854750275601 2.3885270357131949 5.8556627035140982 7.441977888345721 3.7144722715020162 3.1469772011041597 4.1148991473019105 5.1162607669830313 8.4789309054613202 8.7740778997540456 4.1500029116868973 4.255367547273635 5.6956516802310944 2.5935200639069071 4.4603265374898902 4.8381707593798584 2.9893346652388555 5.4697257280349723 6.5960637107491493 4.098664537072179 4.5516062825918171 6.2348312288522854 6.4286073893308631 3.7040544524788848 3.786755807697773 3.906894139945507 2.4050139933824539
leaf_count=12 9 15 36 36 22 21 24 27 45 50 20 20 29 22 29 30 18 30 37 25 22 34 37 21 21 29 20
internal_value=0 -0.00231527 -0.00301737 -0.00139859 -0.00884428 0.00294648 0.000797377 -0.00861253 0.00696971 0.0122084 0.0051947 -0.0173587 -0.0246716 0.0023698 0.00984736 -9.85445e-05 -0.00143839 -0.00550054 0.00520658 -0.0115152 -0.00612352 -0.0147484 0.000506789 0.00753718 0.0130595 0.00428422 0.0301951
internal_weight=0 64.4574 63.1328 57.2771 21.1075 36.1697 33.7811 13.3812 20.4 17.253 8.2649 13.6655 9.41012 64.0168 15.8875 48.1293 46.1761 31.7891 11.4342 20.3548 14.8851 10.7864 10.8889 14.387 10.683 6.89623 4.99853
internal_count=741 354 345 309 107 202 187 71 116 95 44 71 51 387 108 279 267 178 67 111 81 56 66 89 68 47 42
is_linear=0
shrinkage=0.03


Tree=139
num_leaves=21
num_cat=0
split_feature=28 15 0 17 23 9 28 9 6 24 0 14 26 14 14 18 0 26 28 6
split_gain=0.763011 2.56985 2.4562 1.55271 2.45717 1.61987 1.46511 1.43146 1.59279 4.11582 1.89107 1.56399 2.66878 2.0499 3.12624 1.29683 1.24996 1.06924 0.793701 0.57298
threshold=1.2661447388808054 1.5707840957242442e-05 602.05500000000006 19.095000267028812 0.6006834426339368 0.48413440215135572 1.0866900190133071 0.56040778747491993 18026.513412191103 3.4796577130143738 590.07000000000005 0.52208469094558552 2.7078571428571494 0.6044491707553713 0.71288621044139366 0.027786604956445252 644.0150000000001 3.6685714285714215 1.3990218649880679 61712.829842794083
decision_type=2 2 2 2 2 2 2 2 2 2 2 2 2 2 2 2 2 2 2 2
left_child=3 18 -3 5 6 -1 -5 -7 11 16 -11 12 -9 17 -15 -12 19 -13 -2 -10
right_child=1 2 -4 4 -6 7 -8 8 9 10 15 13 -14 14 -16 -17 -18 -19 -20 -21
leaf_value=-0.017096924570620273 0.035565456305645775 0.013564444820168654 -0.021515380770714378 0.0097040708543852851 -0.030733607593970029 0.015841367945784734 -0.014004417639554017 -0.0048713027195980904 0.038472669312265437 -0.020016167095031283 0.015091674548080329 -0.029923991376678925 0.028237293878780899 0.017973244448369816 -0.0041189028716844354 -0.0079635152300905638 0.0076793527497873854 -0.0082602162195089101 0.011713086886598435 0.019999869831579996
leaf_weight=4.4946522042155257 2.5064362697303277 3.5172106400132179 3.6714977398514748 4.6841581463813764 3.8112658485770217 5.7520252019166938 4.6993826255202293 4.8969506844878179 3.4594720713794249 4.2541795521974555 4.7062979415059072 3.5089606046676618 3.9655740037560463 6.5964624136686316 45.728676751255989 4.1162784546613693 3.3758015334606171 4.9330619126558304 2.5158073492348194 2.6833176463842392
leaf_count=25 23 24 23 31 22 32 29 29 24 21 26 18 24 38 244 21 19 31 18 19
internal_value=0 0.00715143 -0.00435192 -0.000733632 -0.0104201 0.000513644 -0.00216941 0.00132152 0.000415925 0.00733685 -0.00358701 -0.00182996 0.00994328 -0.00354702 -0.00133382 0.004335 0.0223442 -0.0172649 0.023617 0.0304033
internal_weight=0 12.211 7.18871 115.667 13.1948 102.472 9.38354 97.9771 92.225 22.5953 13.0768 69.6297 8.86252 60.7672 52.3251 8.82258 9.51859 8.44202 5.02224 6.14279
internal_count=741 88 47 653 82 571 60 546 514 130 68 384 53 331 282 47 62 49 41 43
is_linear=0
shrinkage=0.03


Tree=140
num_leaves=18
num_cat=0
split_feature=22 22 14 28 13 4 12 24 22 3 1 5 28 17 1 2 13
split_gain=0.756003 1.5712 1.22177 1.85126 3.9486 2.25441 4.08107 3.15098 3.14634 1.17041 1.7683 1.51966 1.61544 3.8644 3.16644 1.46671 0.820574
threshold=83.642392746125367 79.605025191634795 0.86436995654202398 0.87762016412108612 0.001573382815698299 23668840.000000004 0.011342318035941103 1.9635474027458175 66.41683815014882 663.09000000000003 640.12500000000011 90270.021044547088 0.95627876768328612 16.265000343322757 607.17000000000007 594.64000000000021 -0.0028486871820608268
decision_type=2 2 2 2 2 2 2 2 2 2 2 2 2 2 2 2 2
left_child=1 2 9 4 -4 6 -5 -7 -8 10 11 12 13 -1 -14 -13 -11
right_child=-2 -3 3 5 -6 7 8 -9 -10 16 -12 15 14 -15 -16 -17 -18
leaf_value=-0.0075520292749695246 -0.0097313646555665777 0.014982347037656952 -0.01460615688190264 -0.037909103029140613 0.028948546477782399 -0.017392884807564134 0.0096366307208747715 0.018640166649718772 -0.026093249631741415 0.00074041420207827827 0.019779501934205749 0.0012777801666862597 9.1624220689562628e-05 0.020084927265587419 -0.024487193373659719 0.031562780240939524 -0.01820740640878277
leaf_weight=8.2244193106889742 6.7758871465921393 6.4416152983903876 3.6720348075032261 5.2559573203325298 3.8243983760476112 3.9713365621864778 5.4964893832802755 4.8535180240869522 3.7188911736011505 3.9625330939888954 5.1504874341189852 2.8950466252863398 40.57443068549037 10.201717272400854 5.3378682918846598 2.8620733879506588 4.2776599079370481
leaf_count=41 36 35 20 27 21 23 29 26 21 24 37 20 243 62 33 21 22
internal_value=0 0.000566767 -0.000245803 -0.0053534 0.00761382 -0.00952609 -0.0168139 0.00242467 -0.00478226 0.00163805 0.00281352 0.00156689 0.000245543 0.0077493 -0.00276597 0.0163336 -0.0090958
internal_weight=0 120.72 114.279 30.7926 7.49643 23.2962 14.4713 8.82485 9.21538 83.4862 75.246 70.0956 64.3384 18.4261 45.9123 5.75712 8.24019
internal_count=741 705 670 167 41 126 77 49 50 503 457 420 379 103 276 41 46
is_linear=0
shrinkage=0.03


Tree=141
num_leaves=15
num_cat=0
split_feature=15 9 18 18 15 7 23 17 10 10 10 10 11 27
split_gain=0.76126 1.43828 1.34138 1.55867 2.25725 2.20504 1.89885 1.38512 3.80475 4.90037 1.86688 2.79646 2.28883 1.24216
threshold=-0.0023353549018384576 1.1074864842424803 0.12944562994235767 0.063107496547525913 4.3681495876235172e-05 -187707.834941426 4.7775015458738617 17.339999198913578 -0.0015505798896402465 0.0070406983853541502 0.0039929351218660489 0.0021809396317573619 0.0037720141711249382 0.0070499490927010714
decision_type=2 2 2 2 2 2 2 2 2 2 2 2 2 2
left_child=1 -1 3 5 -5 -2 7 10 -9 -10 11 -7 -12 -3
right_child=2 13 -4 4 -6 6 -8 8 9 -11 12 -13 -14 -15
leaf_value=-0.023773480006822993 0.024231860638189513 0.011318345715874902 0.019507089765884399 -0.00032701821636407986 -0.030353237622635476 0.0035988571974945867 -0.016025201553799811 0.023244347057540228 -0.02406292724725529 0.0046102634202878565 0.01317090828901332 0.022568116341907037 -0.007488032211132623 -0.013849555543306167
leaf_weight=3.396720848977564 3.6236657612025729 3.906842902302742 3.3217188045382491 6.1490067951381189 3.5566502511501312 33.311466298997402 5.9506199583411208 3.7674915455281761 10.520383298397066 10.9455539137125 6.3355229347944286 8.8533409908413869 20.265107192099094 3.2192183956503868
leaf_count=20 25 21 24 33 21 184 32 30 60 62 40 52 114 23
internal_value=0 -0.00770876 0.000716527 0.000165524 -0.0113302 0.00124276 0.000409296 0.00144969 -0.00456206 -0.00944237 0.00365569 0.00758183 -0.00256765 -5.1325e-05
internal_weight=0 10.5228 116.601 113.279 9.70566 103.573 99.9495 93.9989 25.2334 21.4659 68.7654 42.1648 26.6006 7.12606
internal_count=741 64 677 653 54 599 574 542 152 122 390 236 154 44
is_linear=0
shrinkage=0.03


Tree=142
num_leaves=28
num_cat=0
split_feature=18 13 26 28 22 26 5 15 13 12 4 18 18 28 9 18 15 4 4 14 28 26 25 14 27 22 24
split_gain=0.75311 1.5738 1.59957 2.02118 3.17311 2.97852 3.21926 2.35885 2.91155 2.35289 2.15259 1.25024 3.19985 2.13441 1.75592 2.13501 1.75763 1.745 2.26216 1.72238 2.35278 2.19809 1.30048 1.61856 1.26129 0.948313 0.195485
threshold=-0.00093166190117571757 -0.033236850692552104 5.0835714285714104 1.047927753414361 45.309857771138546 4.1446428571428644 13011.282315678678 0.00015771083435196291 -0.0086017500607293278 0.011342318035941103 28129861.500000004 -0.014069933050754711 -0.010090417175121656 0.78150212803139441 1.0904287161078463 -0.068038746368588796 1.5707840957242442e-05 27336363.500000004 12380451.500000002 0.9542294326098415 1.0360506961422093 3.8096428571428764 0.28488171812748758 0.69391547451141189 0.0073444479799350251 53.741681919192835 0.91320296764886855
decision_type=2 2 2 2 2 2 2 2 2 2 2 2 2 2 2 2 2 2 2 2 2 2 2 2 2 2 2
left_child=11 -2 3 5 -5 6 7 8 -3 -9 -8 13 26 -1 15 16 -15 18 -14 20 21 -17 23 24 -16 -6 -13
right_child=1 2 -4 4 25 -7 10 9 -10 -11 -12 12 17 14 22 19 -18 -19 -20 -21 -22 -23 -24 -25 -26 -27 -28
leaf_value=0.031027694844245206 0.030575035250934912 -0.010354813366338544 -0.018027680768617826 -0.010074648500886876 0.033182457211360185 0.019482672185375905 -0.038003969328121057 0.0024083840411433482 0.011303705981183453 -0.028855965839410611 -0.0076593261711295664 0.023590478809546182 -0.0071579590406782977 0.01894217502203259 -0.010618248445982777 0.012035186791431573 -0.0050112954180839666 -0.01855941379480951 0.02547307502029577 -0.028511033639841313 -0.022033809285333467 -0.017216431092249587 -0.0079975111925184462 0.028579543217037481 0.015399698551722412 0.01149505196842268 0.0356143184135621
leaf_weight=1.9055482894182194 1.2851910665631283 9.3977098390459943 5.7577650845050803 4.5377033054828626 3.4869150891900063 4.2714844495058051 4.3592335656285268 3.7477811202406865 13.772800985723741 5.1344153434038162 4.0668062195181847 2.3351139314472666 4.0621017999947053 4.7687368765473312 2.9815464317798597 6.6787415593862658 6.5352464467287064 3.0702251493930817 3.6125119850039482 4.1149210333824149 5.7860902622342101 3.5361166596412659 3.6780545115470877 3.7387099787592888 3.8323662504553795 3.7835524901747704 2.5413633473217487
leaf_count=12 9 48 36 32 20 25 24 21 72 26 21 20 24 30 18 36 37 21 21 21 32 22 21 21 29 20 22
internal_value=0 -0.00228582 -0.00296353 -0.00142997 0.00961036 -0.00434316 -0.00685736 -0.00251961 0.00251924 -0.0156642 -0.0233582 0.00233863 0.00970208 -8.01343e-05 -0.00137864 -0.00533833 0.0050938 0.000555043 0.00820177 -0.0112006 -0.00674891 0.00190904 0.00736394 0.0127181 0.00401509 0.0218963 0.0298567
internal_weight=0 63.6014 62.3162 56.5584 11.8082 44.7502 40.4787 32.0527 23.1705 8.8822 8.42604 63.1774 15.6213 47.5561 45.6505 31.4199 11.304 10.7448 7.67461 20.1159 16.0009 10.2149 14.2307 10.5526 6.81391 7.27047 4.87648
internal_count=741 354 345 309 72 237 212 167 120 47 45 387 108 279 267 178 67 66 45 111 90 58 89 68 47 40 42
is_linear=0
shrinkage=0.03


Tree=143
num_leaves=27
num_cat=0
split_feature=0 1 5 26 22 14 4 4 28 7 28 3 24 23 17 9 13 23 14 9 25 10 12 5 17 22
split_gain=0.772001 2.56155 1.92947 2.63905 1.85441 2.10506 1.796 1.97559 2.47007 1.90794 1.74235 1.48755 1.4776 2.11709 1.46524 2.1133 2.31564 2.84174 2.24714 2.0898 1.95419 1.81709 1.34827 1.16187 1.12195 1.0601
threshold=583.93500000000006 607.48000000000013 21904.482279790685 4.3610714285714307 34.392639517670077 0.29106546353570611 26544780.500000004 2932230.5000000005 1.0205150931430189 -1873.2435685910161 1.0945242250505047 596.3900000000001 1.642577072765147 3.576752285120222 17.820000648498539 1.1674039002194825 -0.0022724887525473743 2.6445825003099803 0.84569103007668689 0.94418696796771473 0.23075689339537969 -0.0013422314589485171 0.011761308055765808 376.82499258989884 16.510000228881839 61.443029305032205
decision_type=2 2 2 2 2 2 2 2 2 2 2 2 2 2 2 2 2 2 2 2 2 2 2 2 2 2
left_child=2 10 4 24 -1 -6 7 8 9 -7 11 -2 25 -14 15 16 17 -3 -19 20 -18 -16 -13 -10 -4 -9
right_child=1 14 3 -5 5 6 -8 12 23 -11 -12 22 13 -15 21 -17 19 18 -20 -21 -22 -23 -24 -25 -26 -27
leaf_value=0.02354867735113891 0.024109962364419566 0.014317060133899925 -0.037988454717176635 0.0066441084390696176 -0.025633306407680682 0.017159235806204352 -0.02015444956610243 0.029449542414305308 -0.029561764157934853 -0.003122751209998486 0.031812707366123252 0.012410056913925048 -0.015422700701637166 0.012774354104841653 0.0010461890492006265 0.017886647364351752 -0.011846194441132506 -0.0025952797436290848 -0.032515681836487731 0.023713769156384779 0.012865420317452572 -0.02377767151644045 -0.014396922841547304 -0.0059491094840464767 -0.01411359928392477 0.0067152460999412404
leaf_weight=2.8745050802826873 3.2701179757714254 2.9539704322814933 3.0761967673897725 3.7921227440237999 2.9926395937800399 5.6423063427209845 3.6021432131528845 4.336618926376107 3.7705181688070288 16.044440515339382 3.6057200096547595 3.496732234954834 3.8157492950558645 6.4430586993694305 5.6395916007459164 6.2444743663072577 6.3158751800656372 3.9970099180936796 5.1957746595144272 4.393748812377452 5.2943976074457169 5.0128000974655134 3.2655222862958908 3.7315470278263092 4.176681324839592 3.214150432497263
leaf_count=20 20 20 16 25 18 30 21 31 20 86 24 23 20 33 39 38 35 20 28 26 29 33 19 20 27 20
internal_value=0 0.00253544 -0.0021689 -0.0136363 7.41071e-05 -0.00118497 0.000260968 0.00182569 -0.0029788 0.00215407 0.0139265 0.00749809 0.00969995 0.0022865 -0.000913197 0.00209783 -0.00140449 -0.0112808 -0.0195063 0.00609146 -0.000577457 -0.0106354 -0.000535151 -0.0178168 -0.0242398 0.0197722
internal_weight=0 58.6857 67.5127 11.045 56.4677 53.5932 50.6005 46.9984 29.1888 21.6867 13.6381 10.0324 17.8096 10.2588 45.0476 34.3953 28.1508 12.1468 9.19278 16.004 11.6103 10.6524 6.76225 7.50207 7.25288 7.55077
internal_count=741 354 387 68 319 299 281 260 156 116 86 62 104 53 268 196 158 68 48 90 64 72 42 40 43 51
is_linear=0
shrinkage=0.03


Tree=144
num_leaves=27
num_cat=0
split_feature=18 15 28 10 15 28 18 25 28 18 10 17 18 18 28 22 13 9 13 26 26 5 26 4 4 11
split_gain=0.7461 1.485 1.84327 1.83478 2.34398 1.71793 1.78663 3.64261 2.54183 2.78999 3.7278 2.47914 1.18077 3.10262 1.99731 1.64168 4.29246 1.73263 3.57782 2.5428 2.93958 2.53148 1.89512 1.63375 2.1312 0.198058
threshold=-0.00093166190117571757 0.00015771083435196291 0.8632750752862326 -0.0022884209612836766 0.002792711196494786 0.80326510963697384 0.013967686436408446 0.18521516314038514 0.88914406653456213 0.030896555804070917 -0.0015331400088458567 16.73499965667725 -0.014069933050754711 -0.010090417175121656 0.78150212803139441 43.950840895848096 0.0090571010503516253 0.96789840678464212 0.0036964055863679683 2.8214285714285681 3.3371428571428434 6657.503709044996 4.391785714285712 27336363.500000004 12380451.500000002 0.0086818243492914355
decision_type=2 2 2 2 2 2 2 2 2 2 2 2 2 2 2 2 2 2 2 2 2 2 2 2 2 2
left_child=12 5 -3 -4 -5 -2 7 -7 -8 -10 11 -11 14 25 -1 16 -16 19 21 -17 -21 -19 -22 24 -15 -14
right_child=1 2 3 4 -6 6 8 -9 9 10 -12 -13 13 23 15 17 -18 18 -20 20 22 -23 -24 -25 -26 -27
leaf_value=0.030358887522909498 -0.016028569969572724 0.0075048695020983177 0.00058420002177487996 -0.039503657024690865 -0.0068925181758033357 0.0079345552292519189 0.033963081836555033 -0.028094197569896159 0.022165425137019655 -0.014078849665950861 -0.024947634127788176 0.011071522859822087 0.035526073636874544 -0.0069034446377787178 0.031497594195515788 -0.032579105564456708 -0.016315854603261223 0.0075257933694495649 0.023007431968965313 0.017790896725350551 -0.023915245040456938 -0.020715366868084815 -0.0014493960284347295 -0.018027645191400581 0.02491286684383192 0.023312645655012877
leaf_weight=1.8708124086260784 5.1151020675897589 3.9677480310201636 3.9643808379769316 4.2792264372110358 3.6977523788809776 5.5155728533864004 2.657998904585841 4.6587967574596405 5.6946631297469166 4.7059373222291532 4.7604554146528235 14.085035264492033 2.4663604758679858 4.0553613081574422 4.1611250936985007 3.5552291274070766 2.8453663513064384 5.8674128279089945 5.6210970617830744 4.0163561105728176 6.0641682371497136 5.566939115524292 7.6329246833920479 3.048580214381218 3.5565947517752647 2.3181493133306503
leaf_count=12 25 19 25 26 20 30 16 22 34 25 27 85 22 24 33 18 16 34 34 23 33 32 44 21 21 20
internal_value=0 -0.00228394 -0.0102104 -0.0160967 -0.0243867 0.000388097 0.00238372 -0.00856284 0.00587464 0.00332185 -0.00123447 0.00477296 0.00233774 0.00953785 -1.82499e-05 -0.00127193 0.0120803 -0.00371301 0.00341022 -0.00942517 -0.00477799 -0.00622372 -0.0113958 0.000530019 0.00796234 0.0296085
internal_weight=0 63.1027 15.9091 11.9414 7.97698 47.1936 42.0785 10.1744 31.9041 29.2461 23.5514 18.791 62.6465 15.445 47.2014 45.3306 7.00649 38.3241 17.0554 21.2687 17.7134 11.4344 13.6971 10.6605 7.61196 4.78451
internal_count=741 354 90 71 46 264 239 52 187 171 137 110 387 108 279 267 49 218 100 118 100 66 77 66 45 42
is_linear=0
shrinkage=0.03


Tree=145
num_leaves=27
num_cat=0
split_feature=0 1 5 26 22 14 7 4 28 7 25 28 15 9 13 24 25 14 25 3 26 9 13 5 17 1
split_gain=0.726449 2.43752 1.81315 2.47154 1.74868 2.02668 1.68332 2.29908 2.31708 1.79717 1.75187 1.64276 1.43389 1.69705 3.78996 2.58892 1.62501 2.4073 2.1469 1.38534 1.20503 1.16209 1.09806 1.05634 1.05053 0.495729
threshold=583.93500000000006 607.48000000000013 21904.482279790685 4.3610714285714307 34.392639517670077 0.29106546353570611 -35161.27181907824 2932230.5000000005 1.0205150931430189 -1873.2435685910161 0.13629346257637412 1.0945242250505047 0.0042981529235690949 0.94418696796771473 0.0032974369883146952 3.503463708054452 -0.081678776134580952 0.93977552244630658 0.46739109693911496 596.3900000000001 3.3885714285714328 0.72886943583715003 -0.0012475025598466247 376.82499258989884 16.510000228881839 663.92000000000019
decision_type=2 2 2 2 2 2 2 2 2 2 2 2 2 2 2 2 2 2 2 2 2 2 2 2 2 2
left_child=2 11 4 24 -1 -6 -7 8 9 -8 20 19 13 16 15 25 21 18 -18 -2 -9 -3 -21 -10 -4 -15
right_child=1 12 3 -5 5 6 7 10 23 -11 -12 -13 -14 14 -16 -17 17 -19 -20 22 -22 -23 -24 -25 -26 -27
leaf_value=0.023046286952149823 0.023530195444222649 -0.0029880430675687385 -0.036971189458798993 0.0064333907135987285 -0.025199699426507113 -0.01554128801764886 0.016764489973624612 0.02866098233169654 -0.028572826580569241 -0.0029959344850210216 -0.00020132411691047353 0.031167360898933121 -0.017443129961332588 0.01666868376135338 0.029872640010536307 -0.016909811368295415 0.022955389686913099 -0.014141404357410731 -0.005735626441371656 -0.013437470174529169 0.0062140164947223292 -0.0270030162968131 0.010911568874998211 -0.0059534148360455997 -0.013753389343221418 0.00066239796180429117
leaf_weight=2.830410197377204 3.2298903316259366 3.2940469756722441 3.0451461151242238 3.7563321590423584 2.9778774604201308 5.4051378034055224 5.5986100211739531 5.5679689273238164 3.7232255339622489 15.924222737550741 6.7457891479134551 3.549993183463811 4.2663789354264727 4.5667785070836562 5.0194055512547484 5.3050028309226036 5.3114460557699221 5.8782904818654051 4.2060082033276558 3.1100842952728263 3.5088136754930019 4.0348408296704292 3.592096835374833 3.7094538956880569 4.1362994238734245 2.8147769346833229
leaf_count=20 20 21 16 25 18 32 30 30 20 86 39 24 25 33 31 29 30 33 24 20 24 23 22 20 27 19
internal_value=0 0.00247049 -0.00211278 -0.0132847 6.96202e-05 -0.00115371 0.000273185 0.00218214 -0.00284288 0.00214423 0.011378 0.0136513 -0.000902001 0.000843478 0.00780658 -0.000923805 -0.00458184 0.000953182 0.0102761 0.00739057 0.0199837 -0.0162092 -0.000387374 -0.0172841 -0.0235984 0.0105651
internal_weight=0 58.179 66.9293 10.9378 55.9915 53.1611 50.1832 44.7781 28.9555 21.5228 15.8226 13.4821 44.697 40.4306 17.706 12.6866 22.7246 15.3957 9.51745 9.93207 9.07678 7.32889 6.70218 7.43268 7.18145 7.38156
internal_count=741 354 387 68 319 299 281 249 156 116 93 86 268 243 112 81 131 87 54 62 54 44 42 40 43 52
is_linear=0
shrinkage=0.03


Tree=146
num_leaves=16
num_cat=0
split_feature=9 13 13 2 1 23 10 18 23 16 28 15 10 10 22
split_gain=0.738672 1.04436 1.14868 3.00397 2.33883 1.47661 2.19471 1.79234 2.35885 1.63123 3.43668 2.16499 1.5592 3.5162 1.92165
threshold=0.42672057136818736 0.034058664129461132 0.016795098377038079 462.10500000000008 644.1600000000002 0.20325639880834959 0.01161136013358033 -0.062362194883551207 1.1691413575043159 1.0000000180025095e-35 0.80326510963697384 0.00014480133775229481 0.0049259310783390528 -0.0010160665052101889 42.556452565898098
decision_type=2 2 2 2 2 2 2 2 2 2 2 2 2 2 2
left_child=-1 2 5 -4 -5 12 7 8 -7 10 -9 -11 13 14 -2
right_child=1 -3 3 4 -6 6 -8 9 -10 11 -12 -13 -14 -15 -16
leaf_value=-0.012520383546186365 0.028417541101328776 0.017347599372335085 -0.03208094641102522 0.013252394237525802 -0.017932663744400244 -0.0017133899705904828 -0.023178712170071159 -0.03419436762526399 0.036942688953527543 0.006096290327196453 -0.002450893671579532 -0.0070068591708080273 0.02353622502868024 -0.023063439557045585 -0.0052239937056943507
leaf_weight=4.089648909866809 3.9852465391159049 3.2021292038261882 3.5248682945966712 5.3355467244982702 3.6418170481920242 2.9650554805994025 3.6600233614444724 3.5615972131490734 2.7277120128273964 39.214335441589355 22.217789117246866 15.970650669187306 4.9560693278908721 3.1680168583989134 2.4785483554005623
leaf_count=24 36 25 18 31 20 19 19 17 21 218 127 92 35 22 17
internal_value=0 0.000443798 -1.72313e-05 -0.00861285 0.000601656 0.00100717 -0.000423264 0.000537827 0.0168088 -0.000606219 -0.00683647 0.00230421 0.00986331 0.00282788 0.0155177
internal_weight=0 120.609 117.407 12.5022 8.97736 104.905 90.3172 86.6571 5.69277 80.9644 25.7794 55.185 14.5879 9.63181 6.46379
internal_count=741 717 692 69 51 623 513 494 40 454 144 310 110 75 53
is_linear=0
shrinkage=0.03


Tree=147
num_leaves=14
num_cat=0
split_feature=15 17 18 18 7 15 23 17 10 10 10 10 11
split_gain=0.718926 1.38668 1.22091 1.41305 2.08737 2.06084 1.74733 1.30137 2.81899 4.47104 1.69641 2.59602 2.07876
threshold=-0.0023353549018384576 19.305000305175785 0.12944562994235767 0.063107496547525913 -187707.834941426 3.5210371370430667e-05 4.7775015458738617 17.339999198913578 -0.0010160665052101889 0.0070406983853541502 0.0039929351218660489 0.0021809396317573619 0.0037720141711249382
decision_type=2 2 2 2 2 2 2 2 2 2 2 2 2
left_child=1 -1 3 4 -2 -5 7 10 -9 -10 11 -6 -12
right_child=2 -3 -4 5 6 -7 -8 8 9 -11 12 -13 -14
leaf_value=-7.0957921110910153e-05 0.023815093826936869 -0.023740036786967022 0.018907186537242278 0.00056360346382463991 0.0034695774223685266 -0.027895257619998143 -0.015533769393924935 0.018354257122314366 -0.023701500752993144 0.0043436980391889091 0.012747412170800138 0.021955292223434928 -0.00717972978742308
leaf_weight=7.0244422443211061 3.5487147122621527 3.2622663825750351 3.222318820655345 5.6996506005525571 32.696387812495232 3.8282453939318657 5.8299549371004096 4.0529436059296158 9.777068745344879 10.731528289616106 6.1800836548209217 8.6449679695069772 19.826381620019674
leaf_count=39 25 25 24 31 184 23 32 33 57 62 40 52 114
internal_value=0 -0.00757723 0.000703701 0.000174377 0.00121338 -0.010871 0.000392763 0.00140301 -0.00450818 -0.0090263 0.0035588 0.00733516 -0.00244431
internal_weight=0 10.2867 114.038 110.816 101.288 9.5279 97.7393 91.9094 24.5615 20.5086 67.3478 41.3414 26.0065
internal_count=741 64 677 653 599 54 574 542 152 119 390 236 154
is_linear=0
shrinkage=0.03


Tree=148
num_leaves=26
num_cat=0
split_feature=18 15 17 18 28 18 0 28 18 10 17 18 18 28 7 22 13 9 25 5 18 24 13 5 24
split_gain=0.711246 1.35838 1.76216 1.55704 1.54874 1.71554 3.44548 2.45202 2.59837 3.49466 2.30931 1.11058 2.96257 1.93812 1.64785 1.54573 4.05766 1.66865 2.26447 2.49579 2.55647 1.82583 1.56063 1.46697 0.201749
threshold=-0.00093166190117571757 0.00015771083435196291 16.634999275207523 0.023648854835596981 0.80326510963697384 0.013967686436408446 565.03000000000009 0.88914406653456213 0.030896555804070917 -0.0015331400088458567 16.73499965667725 -0.014069933050754711 -0.010090417175121656 0.78150212803139441 -335.26566292656338 43.950840895848096 0.0090571010503516253 1.1585430397740597 0.019079135385190463 1233.203660537524 -0.065906415485071465 1.0828560263658684 0.00093118072518860739 2848.4581894114817 0.91320296764886855
decision_type=2 2 2 2 2 2 2 2 2 2 2 2 2 2 2 2 2 2 2 2 2 2 2 2 2
left_child=11 4 -3 -4 -2 6 -6 -7 -9 10 -10 13 24 -1 -14 16 -15 18 23 21 -21 -20 -19 -17 -13
right_child=1 2 3 -5 5 7 -8 8 9 -11 -12 12 14 15 -16 17 -18 22 19 20 -22 -23 -24 -25 -26
leaf_value=0.030216281772361513 -0.015358604113241192 0.0017093555911412606 -0.035317281483463782 -0.0092310196664049434 -0.026465543948471174 0.033504340234671491 0.008634069784889821 0.021526388934987768 -0.013614776680080841 -0.024420776695015411 0.01071795354134406 0.022778431952580915 0.014742244771460206 0.031169778658120165 -0.0093926828259748175 -0.03081901906584705 -0.01586698042842033 -0.0034862498948724863 0.030853243651370717 0.0069076928052820919 -0.022773123498896288 0.00054665062331871878 0.022273654065570008 -0.0087561880640214893 0.03528438585516222
leaf_weight=1.8355457931756962 5.052264690399169 6.7325961589813224 3.215469263494013 5.727127768099308 4.9299251064658147 2.6136390864849117 5.1426773965358734 5.5907629877328899 4.6946297325193944 4.6803500875830641 13.914634909480808 2.2311221659183493 4.3244308046996585 4.0300164259970179 6.1912306472659102 4.4966218732297438 2.7956317402422428 4.7268861010670644 3.0350692644715336 4.6617764011025402 5.9391412660479554 4.3579525426030159 3.8331179209053516 6.8353508487343788 2.420468408614397
leaf_count=12 25 33 19 38 24 16 28 34 25 27 85 20 29 33 37 26 16 27 19 30 31 24 23 38 22
internal_value=0 -0.00224335 -0.00988316 -0.0186108 0.000325465 0.0022318 -0.00854505 0.00567852 0.00316032 -0.00124853 0.00457944 0.00230067 0.00935079 3.40578e-06 0.000532496 -0.00123692 0.0119046 -0.00360454 -0.00700608 -0.000390502 -0.00972092 0.0129885 0.00804888 -0.0175109 0.0292859
internal_weight=0 62.2941 15.6752 8.9426 46.6189 41.5666 10.0726 31.494 28.8804 23.2896 18.6093 61.7144 15.1673 46.5471 10.5157 44.7116 6.82565 37.8859 29.3259 17.9939 10.6009 7.39302 8.56 11.332 4.65159
internal_count=741 354 90 57 264 239 52 187 171 137 110 387 108 279 66 267 49 218 168 104 61 43 50 64 42
is_linear=0
shrinkage=0.03


Tree=149
num_leaves=25
num_cat=0
split_feature=0 1 5 28 22 14 18 7 4 28 7 25 17 9 13 23 14 9 25 10 18 26 5 24
split_gain=0.693405 2.34319 1.71335 2.31291 1.65184 1.92416 1.61685 1.56521 2.16151 2.17731 1.70114 1.64374 1.48144 1.91687 2.18069 2.60683 2.12791 1.89781 1.83349 1.55459 1.30316 1.12205 0.947106 0.921281
threshold=583.93500000000006 607.48000000000013 21904.482279790685 0.96104092717650869 34.392639517670077 0.29106546353570611 0.017910549204087415 -35161.27181907824 2932230.5000000005 1.0205150931430189 -1873.2435685910161 0.13629346257637412 17.820000648498539 1.1674039002194825 -0.0022724887525473743 2.6445825003099803 0.84569103007668689 0.94418696796771473 0.23075689339537969 -0.0013422314589485171 -0.0087544950595086473 3.3885714285714328 376.82499258989884 0.91320296764886855
decision_type=2 2 2 2 2 2 2 2 2 2 2 2 2 2 2 2 2 2 2 2 2 2 2 2
left_child=2 6 4 -4 -1 -6 23 -7 9 10 -9 21 13 14 15 -3 -17 18 -16 -14 -5 -10 -11 -2
right_child=1 12 3 20 5 7 -8 8 11 22 -12 -13 19 -15 17 16 -18 -19 -20 -21 -22 -23 -24 -25
leaf_value=0.02272053537368068 0.011623722612316039 0.013894338805173928 -0.032078045021196218 0.0068320486326992986 -0.024731655583833719 -0.015057986527517966 0.0020927129017521751 0.016374120247619479 0.02794332550412796 -0.027625225737551662 -0.0029548995141811451 -0.00016650472376266399 0.00010353016329117234 0.017318267311746349 -0.011252967390027797 -0.0023722102289851781 -0.031807187797286279 0.023160862284435015 0.012873990917979184 -0.02314120754277221 -0.020016255338128199 0.0061290089452595052 -0.006071755799484632 0.033171277917118006
leaf_weight=2.7504019476473323 3.3425649143755418 2.8829830288887015 3.7411128282546979 4.4932617843151093 2.9350097589194766 5.3505310565233222 6.0616166330873966 5.5421784594655028 5.4843171089887601 3.6765898317098609 15.725050136446958 6.6789096668362609 5.5256978683173656 6.1426164209842673 6.2229310497641581 3.9376986622810346 5.0389287173748016 4.2786003127694121 5.2064951360225677 4.8730712421238405 2.550731472671032 3.4615396894514561 3.6629422605037689 3.8344406932592392
leaf_count=20 25 20 21 29 18 32 37 30 30 20 86 39 39 38 35 20 28 26 29 33 18 24 20 24
internal_value=0 0.00243174 -0.00207716 -0.0130148 5.72446e-05 -0.00112967 0.0135008 0.000267452 0.00212132 -0.00277993 0.00208219 0.0110948 -0.000890459 0.00216312 -0.00121374 -0.0109243 -0.0188952 0.00611776 -0.000262311 -0.0107894 -0.00289011 0.0195024 -0.0168685 0.0231359
internal_weight=0 57.3476 66.0526 10.7851 55.2675 52.5171 13.2386 49.5821 44.2315 28.6068 21.2672 15.6248 44.109 33.7103 27.5676 11.8596 8.97663 15.708 11.4294 10.3988 7.04399 8.94586 7.33953 7.17701
internal_count=741 354 387 68 319 299 86 281 249 156 116 93 268 196 158 68 48 90 64 72 47 54 40 49
is_linear=0
shrinkage=0.03


Tree=150
num_leaves=16
num_cat=0
split_feature=9 11 9 4 9 14 13 23 26 14 14 18 24 28 13
split_gain=0.691035 1.04339 2.56328 3.50872 2.75838 2.14776 2.21504 2.10451 1.83108 1.61081 1.31114 1.33776 1.26724 1.19384 0.916286
threshold=0.42672057136818736 0.010759980494733369 0.8784877071201499 33193796.000000004 0.98199751611373864 0.92088718527062452 0.017253190118742993 3.870492459312914 3.2857142857142883 0.89406244459512474 0.86651710459287135 -0.089575643507430178 0.78875037335225062 0.95627876768328612 -0.00053535835312656921
decision_type=2 2 2 2 2 2 2 2 2 2 2 2 2 2 2
left_child=-1 5 12 4 -4 6 9 14 -6 10 11 -2 -3 -13 -7
right_child=1 2 3 -5 8 7 -8 -9 -10 -11 -12 13 -14 -15 -16
leaf_value=-0.012206105933694381 0.018763167301335461 0.0023228649393809771 -0.036558646234506838 0.022133988023172697 -0.01981122440341454 -0.014171323165575031 -0.022238331294869219 -0.027687846412883382 0.0094198724936364244 0.022392391757239803 -0.01252998450861614 0.0069086516461777311 0.025923833403521328 -0.001760742118737532 0.0071280163211048216
leaf_weight=4.0258665941655627 4.0716102831065646 3.0265055820345896 2.7513013035058966 4.0438013635575762 3.1332415342330915 3.3025141581892967 3.604801893234252 4.9945477545261383 5.0167935229837894 3.2796918526291838 6.0074306428432456 21.117569740861654 6.3304669260978699 44.254931751638651 4.0433097630739194
leaf_count=24 31 19 14 26 17 20 20 28 31 18 33 121 39 280 20
internal_value=0 0.000431578 0.00597668 -0.00173262 -0.0105858 -0.000991772 0.000757518 -0.0126632 -0.00181788 0.00181041 0.000915763 0.00207892 0.0182901 0.00103977 -0.00244768
internal_weight=0 118.979 24.3021 14.9451 10.9013 94.6764 82.336 12.3404 8.15004 78.7312 75.4515 69.4441 9.35697 65.3725 7.34582
internal_count=741 717 146 88 62 571 503 68 48 483 465 432 58 401 40
is_linear=0
shrinkage=0.03


Tree=151
num_leaves=19
num_cat=0
split_feature=0 2 5 26 26 15 15 10 18 26 18 28 17 10 11 11 0 11
split_gain=0.67777 2.12963 1.28037 0.956541 2.63357 2.31815 2.13405 2.0422 2.54704 3.06626 3.11575 1.69691 1.90566 1.53378 1.45378 1.30078 1.88139 1.56003
threshold=441.75500000000005 442.08500000000009 3431.5226174183067 3.2824999999999913 3.3371428571428434 -9.7480686193735088e-05 -1.5673601134441108e-05 0.0063386171190048532 -0.037804181518894746 3.1182142857142843 -0.016099229445809656 1.024750290536439 19.305000305175785 -0.0041989001385466787 0.00096040041843092905 -0.0059380102809301052 611.0100000000001 0.010055763118376639
decision_type=2 2 2 2 2 2 2 2 2 2 2 2 2 2 2 2 2 2
left_child=2 -2 -1 7 -5 11 14 8 -3 10 -10 -6 -13 -12 -7 16 -8 -17
right_child=1 3 -4 4 5 6 15 -9 9 -11 13 12 -14 -15 -16 17 -18 -19
leaf_value=0.018259532333517285 -0.029396146899902727 0.024659164090467808 -0.0067203764472793552 0.026558753340660112 -0.023683685349260644 0.0066336317007244456 0.028126416667116103 -0.019877336995594949 -0.021873480168182316 -0.028373293962353892 -0.011788161750978216 0.013449448650761073 -0.016080866126029502 0.0076081743417448604 0.030719889794383472 -0.0069476863369788795 -0.0026519381465984625 0.0056347832877129012
leaf_weight=4.7684840746223918 2.2600974366068831 3.2087900489568701 3.0139046385884285 3.7761933431029311 5.2548645064234716 5.4142753295600397 3.5211230032145897 5.9077405184507361 4.9348584562540045 3.8884818255901328 4.454517804086211 3.8415947929024696 4.0299394801259041 20.811259258538488 3.8654130101203918 20.48913839831949 3.6303014308214188 15.636232692748306
leaf_count=31 13 21 20 21 30 35 25 32 25 21 23 26 32 113 28 127 22 96
internal_value=0 -0.000562668 0.0085855 1.57423e-05 0.00219588 0.000795232 0.00361183 -0.00348914 -0.000893358 -0.0032986 -7.01116e-05 -0.0104821 -0.001669 0.00418848 0.0166667 0.000812535 0.0125023 -0.00150159
internal_weight=0 114.925 7.78239 112.665 69.4591 65.6829 52.5565 43.2056 37.2979 34.0891 30.2006 13.1264 7.87153 25.2658 9.27969 43.2768 7.15142 36.1254
internal_count=741 690 51 677 442 421 333 235 203 182 161 88 58 136 63 270 47 223
is_linear=0
shrinkage=0.03


Tree=152
num_leaves=27
num_cat=0
split_feature=18 15 17 6 28 18 25 28 18 10 17 18 18 6 28 9 26 18 26 10 15 9 5 17 13 11
split_gain=0.681148 1.30256 1.66057 1.48969 1.44961 1.66076 3.22148 2.33549 2.42253 3.31691 2.20647 1.05438 2.84463 1.5491 1.29453 1.56744 1.97795 1.88321 2.38053 2.03533 1.63071 1.30994 1.15963 1.05811 0.918961 0.208194
threshold=-0.00093166190117571757 0.00015771083435196291 16.634999275207523 21887.934245146618 0.80326510963697384 0.013967686436408446 0.18521516314038514 0.88914406653456213 0.030896555804070917 -0.0015331400088458567 16.73499965667725 -0.014069933050754711 -0.010090417175121656 744.02811386113876 0.79721982283439219 1.1585430397740597 2.7557142857142871 -0.068038746368588796 3.6792857142857098 0.0045784471698727689 1.5707840957242442e-05 1.2758509927401616 56580.825968726807 18.125000000000004 0.0011709393494390154 0.0086818243492914355
decision_type=2 2 2 2 2 2 2 2 2 2 2 2 2 2 2 2 2 2 2 2 2 2 2 2 2 2
left_child=11 4 -3 -4 -2 6 -6 -7 -9 10 -10 14 25 -14 -1 16 -16 20 24 -20 -18 -17 -23 -22 -19 -13
right_child=1 2 3 -5 5 7 -8 8 9 -11 -12 12 13 -15 15 21 17 18 19 -21 23 22 -24 -25 -26 -27
leaf_value=0.023982050449068506 -0.014945925440204977 0.0015395132207006383 -0.033025129973896242 -0.0079545511403091764 0.0072392215416041432 0.033069290211756794 -0.027022444641938929 0.021023855653231019 -0.013306937008071996 -0.023969539039252544 0.010555862337909888 0.035225378392010183 -0.009077251753491106 0.014448967451113289 -0.021143820162660254 0.023700258699202396 0.022696833557801808 -0.0074290128082717278 -0.0020448758183926287 -0.031115861602510692 0.011110352904132922 0.012025883598483582 -0.013044271703136304 -0.012455262061846425 0.012851025898027646 0.022363443566743236
leaf_weight=1.9421173408627499 4.9896665439009658 6.6835486739873877 3.6304469630122167 5.1718798726797104 5.3788165077567083 2.5548691824078587 4.5670839101076126 5.499155122786763 4.6648068428039613 4.5866426154971114 13.816411219537256 2.3462068997323504 6.1535989344120008 4.2646352499723434 5.2352819219231597 3.6187210008501989 4.4022579640150017 3.4989581927657216 3.8929736688733083 4.8902486488223076 3.422007791697979 3.9007995463907719 2.8913565166294575 3.4372624456882477 4.728647269308567 2.1898167133331299
leaf_count=13 25 33 24 33 30 16 22 34 25 27 85 22 37 29 28 24 29 20 25 27 24 26 19 18 26 20
internal_value=0 -0.00220764 -0.00973445 -0.0182947 0.000323092 0.00217825 -0.00849348 0.00558871 0.00313101 -0.00113447 0.0045327 0.00226911 0.00918666 0.00055305 1.34295e-05 -0.00104649 -0.0042056 -0.00106909 -0.00736888 -0.0182308 0.0084469 0.00912119 0.00135376 -0.000698659 0.00422652 0.0290161
internal_weight=0 61.5433 15.4859 8.80233 46.0575 41.0678 9.9459 31.1219 28.567 23.0679 18.4812 60.8149 14.9543 10.4182 45.8606 43.9185 33.5076 28.2724 17.0108 8.78322 11.2615 10.4109 6.79216 6.85927 8.22761 4.53602
internal_count=741 354 90 57 264 239 52 187 171 137 110 387 108 66 279 266 197 169 98 52 71 69 45 42 46 42
is_linear=0
shrinkage=0.03


Tree=153
num_leaves=22
num_cat=0
split_feature=9 4 4 18 18 9 23 13 17 12 4 18 22 22 17 15 28 28 14 5 23
split_gain=0.687203 0.96051 1.43973 1.53588 3.8241 1.62041 2.00548 3.90268 1.81295 1.42021 1.67337 2.81331 1.58531 2.36045 2.47127 1.47564 2.78017 1.95689 1.31054 2.13462 0.623777
threshold=0.42672057136818736 1202622.5000000002 1343770.0000000002 -0.010090417175121656 -0.014069933050754711 0.56040778747491993 1.0000000180025095e-35 0.012100221164284332 17.650000572204593 0.007567447010559559 13957677.000000002 0.015178561447825591 44.963473876703425 42.263701490069245 19.914999961853031 0.0001802555107802004 0.90271932261481724 0.85310323663226495 0.4014228987507879 1465.3894170983615 2.0276003248451393
decision_type=2 2 2 2 2 2 2 2 2 2 2 2 2 2 2 2 2 2 2 2 2
left_child=-1 -2 -3 4 5 -4 7 -7 -8 12 11 -11 13 14 -5 17 -17 -12 -14 -20 -13
right_child=1 2 3 9 -6 6 8 -9 -10 10 15 20 18 -15 -16 16 -18 -19 19 -21 -22
leaf_value=-0.012202689331493387 0.014605563740307527 -0.020952103783582258 0.023596848372436693 -0.015927436362199027 0.034391733403307964 0.036181635119253867 0.00051145152305814867 -0.0096768141446978966 -0.018967035477930945 -0.036885919318613888 -0.014010300739600601 0.004001007877005712 -0.011282820528094893 -0.032006418743231103 0.017704401967409324 0.0090752890499567734 -0.025555188552494019 0.011668720131856821 0.016983908424612202 -0.0033976124672833057 -0.013341505419299923
leaf_weight=4.0055127181112757 4.152010276913642 2.8998094573616973 2.9446188285946837 4.0003661029040796 3.6101851128041735 3.6702529005706301 25.606780350208286 3.0649198591709137 5.1685100346803656 3.8755739927291852 3.7266632765531567 3.4347671866416931 3.2460044994950321 2.6775107905268669 3.8672859184443951 3.5027168095111829 5.1598731279373169 9.4274209812283498 12.253315422683956 7.4285205751657477 4.0883612856268883
leaf_count=24 25 15 17 25 36 31 153 18 31 20 19 20 19 18 34 18 29 53 73 43 20
internal_value=0 0.000432893 -8.48657e-05 0.000461491 0.00480757 0.00216749 0.000485262 0.0153132 -0.00275983 -0.00241024 -0.00680515 -0.0161208 0.00195085 -0.00767604 0.000604044 -0.00193793 -0.0115524 0.00439364 0.00637853 0.00929131 -0.00542359
internal_weight=0 117.805 113.653 110.754 44.0653 40.4551 37.5105 6.73517 30.7753 66.6884 33.2154 11.3987 33.473 10.5452 7.86765 21.8167 8.66259 13.1541 22.9278 19.6818 7.52313
internal_count=741 717 692 677 286 250 233 49 184 391 179 60 212 77 59 119 47 72 135 116 40
is_linear=0
shrinkage=0.03


Tree=154
num_leaves=18
num_cat=0
split_feature=15 17 5 15 5 10 10 10 28 4 18 28 23 14 10 12 24
split_gain=0.653817 1.33168 1.13279 2.19494 2.05225 1.26227 1.12583 3.46659 2.714 2.57154 2.47332 2.58058 2.40122 2.25732 2.38473 1.956 1.3718
threshold=-0.0023353549018384576 19.305000305175785 88973.75026358859 0.0033031069021881546 59872.501892644454 0.0068789396921484789 0.0039461651974429532 0.0022400950341362473 0.78397592194166377 17249175.500000004 0.00090846902765029391 0.90600730483096081 0.54156532997132001 0.91079939943148314 -0.00019738518324108331 0.011557524005405996 -0.27555298095675046
decision_type=2 2 2 2 2 2 2 2 2 2 2 2 2 2 2 2 2
left_child=1 -1 4 5 6 -4 7 8 -2 -9 11 -8 16 14 -10 -14 -13
right_child=2 -3 3 -5 -6 -7 10 9 13 -11 -12 12 15 -15 -16 -17 -18
leaf_value=0.00012790625464036669 -0.020879337157940277 -0.02335416969541072 0.027210494941573172 -0.0085673702404545412 -0.021755967049549813 0.0043643491790003822 0.021625745220556585 0.038149305808343068 0.0045291513564522925 0.005495188279211298 -0.020699272955944457 -0.004924924741266443 -0.025022360673379086 0.025651667679003679 -0.010469107316049527 -0.00041075125323752958 0.021197306992659627
leaf_weight=6.857850965112446 5.1294275671243659 3.1820826940238476 5.0955620072782022 4.3424351885914794 3.9007604718208304 3.7994861528277397 4.154933810234076 3.9501908645033819 34.029310278594487 4.817623745650053 6.5272630825638762 3.3855048641562462 5.9211581163108331 3.3942827880382529 13.258578509092336 5.7076994255185127 3.8862199932336834
leaf_count=39 26 25 37 26 22 26 27 23 214 31 35 19 34 20 76 34 27
internal_value=0 -0.00731456 0.000678958 0.00891648 -0.000433022 0.0174519 0.000450301 0.0026705 -8.442e-05 0.0202069 -0.0043964 0.000219114 -0.00448673 0.00202019 0.00032394 -0.0129424 0.00903555
internal_weight=0 10.0399 111.3 13.2375 98.063 8.89505 94.1622 64.5794 55.8116 8.76781 29.5828 23.0555 18.9006 50.6822 47.2879 11.6289 7.27172
internal_count=741 64 677 89 588 63 566 390 336 54 176 141 114 310 290 68 46
is_linear=0
shrinkage=0.03


Tree=155
num_leaves=17
num_cat=0
split_feature=9 4 11 9 4 14 13 23 7 10 17 17 10 13 27 9
split_gain=0.656238 1.13805 1.06329 2.35023 2.64423 1.95923 1.95673 1.88714 1.82256 1.80597 1.66849 3.44316 3.02148 3.57724 2.07634 0.900173
threshold=0.42672057136818736 1106759.5000000002 0.010759980494733369 0.75053342459595773 33193796.000000004 0.92088718527062452 0.017253190118742993 3.870492459312914 -1164.7335663492011 0.0064537830897077883 16.634999275207523 16.73499965667725 -0.0054450740437684822 0.0047996554395914335 0.0059604707954563517 0.6266645532817906
decision_type=2 2 2 2 2 2 2 2 2 2 2 2 2 2 2 2
left_child=-1 -2 5 15 8 6 10 -7 -5 -10 12 -12 -3 -14 -13 -4
right_child=1 2 3 4 -6 7 -8 -9 9 -11 11 14 13 -15 -16 -17
leaf_value=-0.011960178084121973 0.021666662991811914 -0.020283019573285072 0.0097075736011971725 0.012880904900611251 0.021398710678364571 -0.0029282334158831766 -0.02155536890336663 -0.027147887007065486 -0.030301118593135057 -0.0035549637991471312 -0.02929345969539356 0.018866465099931444 0.0041491719072538919 0.030090415460059097 -0.002422156013352579 0.031998004402629759
leaf_weight=3.9813193827867499 2.2268148213624945 3.4035127200186244 3.2177678793668774 3.2655106149613902 3.9489205926656714 7.1398900821804983 3.5365770682692519 4.8705533817410469 3.5004748925566638 6.4748722836375237 3.9438235312700263 4.6795026883482924 22.74027539789677 6.0588832460343829 34.691095173358917 3.3055741339921951
leaf_count=24 16 18 20 19 26 39 20 28 19 39 21 29 130 41 230 22
internal_value=0 0.000425062 1.29501e-05 0.00567141 -0.000146698 -0.00146051 0.000254663 -0.0127499 -0.00657235 -0.0129405 0.00127606 -0.00256889 0.00644773 0.0096068 0.000108163 0.0210028
internal_weight=0 117.004 114.777 23.7131 17.1898 91.0641 79.0537 12.0104 13.2409 9.97535 75.5171 43.3144 32.2027 28.7992 39.3706 6.52334
internal_count=741 717 701 145 103 556 489 67 77 58 469 280 189 171 259 42
is_linear=0
shrinkage=0.03


Tree=156
num_leaves=23
num_cat=0
split_feature=0 1 0 26 28 17 13 5 12 25 9 28 17 9 13 23 14 9 25 10 17 12
split_gain=0.656416 2.19972 1.57835 1.95557 1.54542 1.43584 1.4251 1.75179 2.11609 1.94846 3.08051 1.41119 1.38683 1.80066 1.95327 2.41401 1.92324 1.7383 1.7093 1.42858 1.26076 1.82397
threshold=583.93500000000006 607.48000000000013 563.36500000000012 4.3610714285714307 1.0945242250505047 15.065000057220461 0.016795098377038079 14876.173321328626 0.019980817870402404 0.21048441851317023 1.3621595210157513 0.98515935121034415 17.820000648498539 1.1674039002194825 -0.0022724887525473743 2.6445825003099803 0.84569103007668689 0.94418696796771473 0.23075689339537969 -0.0013422314589485171 16.355000495910648 0.011761308055765808
decision_type=2 2 2 2 2 2 2 2 2 2 2 2 2 2 2 2 2 2 2 2 2 2
left_child=2 4 3 6 20 -4 7 8 9 10 -1 -11 13 14 15 -3 -17 18 -16 -14 -2 -22
right_child=1 12 5 -5 -6 -7 -8 -9 -10 11 -12 -13 19 -15 17 16 -18 -19 -20 -21 21 -23
leaf_value=0.00013294180520544217 0.022798318456700373 0.01364674109107083 0.0012223678029005035 0.01959658610953913 0.03056622737538946 -0.021506138231240906 -0.015810780776717517 -0.015602655564940036 0.02212795879323725 -0.0012692869893556247 0.031580640074714429 -0.025878005444584993 -5.5963207973891743e-05 0.016973989492638994 -0.010990387091425677 -0.0025013110587424302 -0.030776323387520121 0.022453437842491562 0.012592821028210367 -0.02259814231545761 0.015069639361301318 -0.016990542643813961
leaf_weight=22.686237402260307 3.0798537954688054 2.8256511837244025 4.0925288647413236 4.2354173436760894 3.4165762625634661 6.4347425922751427 5.6593825854361048 5.5383896529674521 4.3583777025341979 4.5644261911511403 3.1986912190914145 3.880049079656601 5.4404978975653648 6.0148029886186114 6.1043901219964045 3.8904097527265531 4.8818882331252098 4.1414487883448592 5.057832658290863 4.7299428097903711 3.2745890915393829 3.1176239997148514
leaf_count=130 18 20 25 28 24 38 32 38 26 26 24 20 39 38 35 20 28 26 29 33 23 21
internal_value=0 0.00239574 -0.00204188 2.54993e-05 0.0132694 -0.0126703 -0.00163614 0.000177713 0.00243677 -6.31771e-05 0.00401904 -0.0125764 -0.000856907 0.00213483 -0.00118299 -0.0104688 -0.0182367 0.00585432 -0.000304351 -0.0105396 0.00703038 -0.000566822
internal_weight=0 55.9755 64.6482 54.121 12.8886 10.5273 49.8856 44.2262 38.6878 34.3294 25.8849 8.44448 43.0869 32.9164 26.9016 11.5979 8.7723 15.3037 11.1622 10.1704 9.47207 6.39221
internal_count=741 354 387 324 86 63 296 264 226 200 154 46 268 196 158 68 48 90 64 72 62 44
is_linear=0
shrinkage=0.03


Tree=157
num_leaves=15
num_cat=0
split_feature=9 13 15 17 23 10 22 25 4 15 26 14 9 18
split_gain=0.637833 0.934652 0.979594 3.5738 3.85068 3.32494 1.26497 2.4787 1.59993 1.93708 2.08039 1.36879 1.19536 1.09976
threshold=0.42672057136818736 0.034058664129461132 0.0018877606126705172 17.820000648498539 1.0948196445478404 0.0052202581850353544 36.07998354924154 -1.1436780080407123 36906238.500000007 -0.0019133450736111693 3.6985714285714311 0.14395901006375347 1.4727971297226572 0.01019528549772686
decision_type=2 2 2 2 2 2 2 2 2 2 2 2 2 2
left_child=-1 2 6 4 -4 13 11 -8 9 -9 -11 -2 -10 -6
right_child=1 -3 3 -5 5 -7 7 8 12 10 -12 -13 -14 -15
leaf_value=-0.011835612675994638 0.0020342316328473271 0.016880812418402464 0.030482121999854936 -0.03110261914315076 0.019328624094227611 -0.023789712411913674 -0.021363677972989839 -0.014594462366186821 0.027897885076665841 -0.0013545306191502207 0.010299562907815097 0.032090605839822338 0.002577059191989721 -0.003279482181098321
leaf_weight=3.9517437741160384 3.1103858798742285 3.0237824730575076 3.0898436922580066 4.0715390965342513 3.282913424074648 5.8314523287117472 4.4579487144947043 7.0692059099674216 3.4643739536404601 49.364227063953876 19.127330675721169 2.428254060447216 3.2540997304022312 4.7216056138277054
leaf_count=24 24 25 23 26 23 34 29 39 23 275 130 20 21 25
internal_value=0 0.000420037 -1.93769e-05 -0.00586785 0.000202424 -0.00655963 0.00131144 0.000423844 0.00160431 0.000356885 0.00190006 0.0152116 0.0156337 0.00599284
internal_weight=0 116.297 113.273 20.9974 16.9258 13.836 92.2758 86.7372 82.2792 75.5608 68.4916 5.53864 6.71847 8.00452
internal_count=741 717 692 131 105 82 561 517 488 444 405 44 44 48
is_linear=0
shrinkage=0.03


Tree=158
num_leaves=18
num_cat=0
split_feature=28 15 0 17 23 9 26 4 13 18 26 11 9 2 15 17 14
split_gain=0.640715 2.3141 2.0859 1.55932 2.15132 1.39725 1.17006 3.52025 2.06903 1.72418 3.12359 1.62275 2.13734 1.69205 1.56226 1.14491 0.570537
threshold=1.2661447388808054 1.5707840957242442e-05 602.05500000000006 19.095000267028812 0.39732859953795702 0.48413440215135572 3.2824999999999913 1202622.5000000002 0.015114993062905315 -0.036894189864689668 3.1292857142857131 -0.0053880416729995542 1.2632540940627057 669.49000000000012 0.0029889135463412437 22.019999504089359 0.50675360011108961
decision_type=2 2 2 2 2 2 2 2 2 2 2 2 2 2 2 2 2
left_child=3 16 -3 5 15 -1 7 -7 9 -9 -11 -8 13 14 -13 -5 -2
right_child=1 2 -4 4 -6 6 11 8 -10 10 -12 12 -14 -15 -16 -17 -18
leaf_value=-0.016289875899741672 0.033010955314684634 0.012760319287812984 -0.020692867561480911 0.0074713126048292725 -0.027809755217210672 0.032051312753839253 0.01893132978788932 0.012466132244623165 -0.025363370386191186 -0.0015546352097907089 -0.031336178851513109 0.0053283122079397114 -0.013699691882601161 -0.013350392702365025 0.025958938253788123 -0.01590437069061176 0.011563091251320143
leaf_weight=4.2177829071879378 2.5015236586332303 3.2832464054226875 3.4299468845129013 4.9059954024851304 4.3168512359261513 2.5909658074378958 6.3088069930672566 6.2969261780381194 3.7121553122997275 30.937165018171072 3.5313841924071303 25.088406018912803 6.1487371250987044 3.7596746534109107 3.8044187575578681 3.0631668642163277 2.0156945548951626
leaf_count=25 25 24 23 36 26 16 39 39 21 170 20 162 33 20 26 20 16
internal_value=0 0.00683904 -0.00433179 -0.00068774 -0.0107532 0.000595135 0.00136774 -0.00194114 -0.00392131 -0.00196877 -0.00460582 0.00482027 0.00252591 0.00558133 0.00804482 -0.00151377 0.0234404
internal_weight=0 11.2304 6.71319 108.682 12.286 96.3964 92.1786 47.0686 44.4776 40.7655 34.4685 45.11 38.8012 32.6525 28.8928 7.96916 4.51722
internal_count=741 88 47 653 82 571 546 266 250 229 190 280 241 208 188 56 41
is_linear=0
shrinkage=0.03


Tree=159
num_leaves=28
num_cat=0
split_feature=0 1 5 26 28 22 14 4 4 28 6 24 23 17 9 13 23 14 9 14 26 10 17 12 22 17 5
split_gain=0.626292 2.04167 1.53274 2.07321 1.499 1.48911 1.75143 1.42744 1.61118 2.02581 1.52922 1.32559 1.88561 1.29743 1.69108 1.83296 2.31796 1.82921 1.62436 1.62317 2.56913 1.33572 1.22894 1.7265 0.978456 0.878844 0.775611
threshold=583.93500000000006 607.48000000000013 21904.482279790685 4.3610714285714307 1.0945242250505047 34.392639517670077 0.29106546353570611 26544780.500000004 2932230.5000000005 1.0205150931430189 1873.2435685910166 1.642577072765147 3.576752285120222 17.820000648498539 1.1674039002194825 -0.0022724887525473743 2.6445825003099803 0.84569103007668689 0.94418696796771473 0.94347177472493537 4.367142857142861 -0.0013422314589485171 16.355000495910648 0.011761308055765808 61.443029305032205 16.510000228881839 243.08876268120608
decision_type=2 2 2 2 2 2 2 2 2 2 2 2 2 2 2 2 2 2 2 2 2 2 2 2 2 2 2
left_child=2 4 5 25 22 -1 -7 8 9 10 -8 24 -13 14 15 16 -3 -18 19 20 -17 -15 -2 -24 -10 -4 -11
right_child=1 13 3 -5 -6 6 7 -9 11 26 -12 12 -14 21 -16 18 17 -19 -20 -21 -22 -23 23 -25 -26 -27 -28
leaf_value=0.0218915461814202 0.022395179319569487 0.013628905372851401 -0.034720171175358111 0.0059708437036428636 0.030135734996817258 -0.023953506506943077 -0.0028739298501254153 -0.018464400998252219 0.028437070371489664 -0.026765755920394416 0.015671561882417709 -0.015139121115433293 0.011957905481978301 -3.2762151629354305e-05 0.016586228804188374 0.023418586775871452 -0.002448586908294421 -0.030123679899143489 0.021884638855290368 -0.016237013694505673 -0.012435821832473949 -0.021996504725933085 0.014569509318426693 -0.016789386389768318 0.0059786747895814261 -0.012944522006004213 -0.006965050185718108
leaf_weight=2.666919980198144 3.0482229888439161 2.7921008318662635 2.9130775555968267 3.5695052966475487 3.347573358565568 2.850487742573022 15.318568512797361 3.4103230051696292 4.0711362026631859 3.4572738856077185 5.4165591299533835 3.6908740699291211 6.1833542734384537 5.3651368468999863 5.9392068199813357 4.1796046048402804 3.8783069998025876 4.8218554779887199 4.0906322896480551 3.7670423462986946 3.1573703214526176 4.6533700637519342 3.2250577732920647 3.097948931157589 3.0568925701081753 3.9029161185026169 3.6708463802933693
leaf_count=20 18 20 16 25 24 18 86 21 31 19 30 20 33 39 38 25 20 28 26 21 18 33 23 21 20 27 21
internal_value=0 0.00235489 -0.00199986 -0.0125512 0.0129039 3.72213e-05 -0.00110277 0.000246468 0.00166872 -0.00277221 0.00197064 0.0089465 0.00182935 -0.000791361 0.00210832 -0.00111376 -0.0101542 -0.0177868 0.00572389 -0.000229609 0.00798912 -0.0102344 0.00674835 -0.000794741 0.0188057 -0.0222512 -0.0165688
internal_weight=0 55.3634 64.1787 10.3855 12.7188 53.7932 51.1263 48.2758 44.8655 27.8632 20.7351 17.0023 9.87423 42.6446 32.6261 26.6869 11.4923 8.70016 15.1946 11.104 7.33697 10.0185 9.37123 6.32301 7.12803 6.81599 7.12812
internal_count=741 354 387 68 86 319 299 281 260 156 116 104 53 268 196 158 68 48 90 64 43 72 62 44 51 43 40
is_linear=0
shrinkage=0.03


Tree=160
num_leaves=18
num_cat=0
split_feature=14 14 0 26 28 13 28 9 23 17 25 12 14 14 14 15 18
split_gain=0.625296 1.43636 1.39907 1.36145 1.01623 3.5665 2.31877 2.28048 2.04907 1.33552 1.30743 1.2676 3.10872 2.83591 2.96851 1.38166 0.997004
threshold=0.97878959540233235 0.9520818078578136 607.05000000000007 3.2924999999999884 0.90755415347640189 0.00068929285664021134 0.78397592194166377 1.096275210196956 4.0916647291556965 16.335000038146976 0.56707234719383781 0.013386251587582556 0.61128845834068934 0.81254574015231806 0.77140488441345767 8.8588002420280826e-05 -0.010090417175121656
decision_type=2 2 2 2 2 2 2 2 2 2 2 2 2 2 2 2 2
left_child=1 4 -3 -2 5 6 -1 9 10 -8 11 13 15 14 -6 -13 -15
right_child=3 2 -4 -5 8 -7 7 -9 -10 -11 -12 12 -14 16 -16 -17 -18
leaf_value=-0.018266903612016914 -0.0044478412993793331 -0.0016578145278577741 -0.025319846446017737 0.022141222647097576 0.00058814129211846454 0.025167012770234743 -0.017127204068134699 0.025880687819095468 -0.017117577950879925 0.0078104684838680178 -0.013003636319776603 0.011985720536391796 0.031164559335055464 -0.0042759445912364325 0.03010094377478327 -0.017537647962155196 -0.025373223538386769
leaf_weight=5.0303961709141793 3.4890326857566825 5.1912991628050786 3.9678778648376465 3.4439155198633671 46.027022557333112 6.3538847789168349 3.385553337633608 3.6156973615288734 6.5992557629942885 4.5041191652417183 6.0690921731293193 2.825873449444769 4.1668861508369446 3.4962792992591858 3.2863338142633429 2.8811821714043617 4.7614957094192487
leaf_count=27 19 29 21 25 309 36 18 22 36 28 39 21 24 20 21 21 25
internal_value=0 -0.000523692 -0.0119085 0.00876017 0.000488663 0.00606342 -0.00127716 0.00615112 -0.00110413 -0.00289059 0.000333373 0.00153351 0.0114645 -0.000169742 0.00255493 -0.00291902 -0.0164408
internal_weight=0 112.162 9.15918 6.93295 103.003 22.8897 16.5358 11.5054 80.1134 7.88967 73.5142 67.4451 9.87394 57.5711 49.3134 5.70706 8.25778
internal_count=741 697 50 44 647 131 95 68 516 46 480 441 66 375 330 42 45
is_linear=0
shrinkage=0.03


Tree=161
num_leaves=27
num_cat=0
split_feature=18 13 26 26 28 5 15 13 12 4 18 15 18 18 4 4 18 17 27 28 16 18 27 18 18 5
split_gain=0.599693 1.30753 1.55031 1.61989 1.82341 2.60111 2.0686 2.36361 2.15555 1.96783 1.6909 1.41572 1.02971 2.56534 1.47356 1.92145 1.1473 1.97072 2.51369 1.92277 2.25142 1.7919 1.69408 2.3617 1.46398 0.222677
threshold=-0.00093166190117571757 -0.033236850692552104 5.0835714285714104 4.0628571428571236 1.047927753414361 13011.282315678678 0.00015771083435196291 -0.0026458258723219825 0.011342318035941103 28129861.500000004 0.053714916987061108 0.00010550352373044353 -0.014069933050754711 -0.010090417175121656 27336363.500000004 12380451.500000002 -0.033359914959074859 15.464999675750734 0.0067341045390415764 0.90953131373300156 1.0000000180025095e-35 -0.079850316281097108 0.0094826330433914075 -0.051930076870410451 -0.068038746368588796 13544.248987520174
decision_type=2 2 2 2 2 2 2 2 2 2 2 2 2 2 2 2 2 2 2 2 2 2 2 2 2 2
left_child=12 -2 3 4 5 6 7 -3 -8 -7 -6 -5 16 25 15 -15 19 -18 -19 -1 21 -21 23 24 -22 -14
right_child=1 2 -4 11 10 9 8 -9 -10 -11 -12 -13 13 14 -16 -17 17 18 -20 20 22 -23 -24 -25 -26 -27
leaf_value=0.021113591968888436 0.029445363837447211 -0.0055840056729061747 -0.017958167774400534 0.021284053344148464 0.022610090851222509 -0.036286008832627704 0.0021228517058112253 0.014377841672722727 -0.029420538125839318 -0.0056924791524692034 -0.0051522693748024097 -0.0055251014157470506 0.020639092392750861 -0.006426044043430214 -0.017389132630659075 0.024499776766097488 0.0083892808884347674 -0.031023284279479868 0.0018337150441645703 0.00083348680902495958 -0.0082135465959160547 0.026572754765383327 0.012049098775804427 0.0043440492277749343 -0.033410150369461829 0.034458529195353492
leaf_weight=4.517017848789691 1.1595102697610844 13.002128284424542 5.4537474960088721 4.8994068205356589 4.2611589208245269 3.9869127348065367 3.5317869484424582 9.0572489574551636 4.352774903178215 3.6015172451734543 3.6793091893196106 2.7779132500290871 1.8283785618841637 3.8591118417680246 2.8507656529545784 3.4021487087011337 4.5206407904624966 4.6285456418991071 3.8292025066912174 6.0633948966860771 3.9629826471209535 4.066991079598667 3.4545013904571524 5.2130595296621314 4.3571128472685823 2.4630571566522121
leaf_count=30 9 70 36 33 24 24 21 50 24 20 25 18 18 24 21 21 24 26 25 39 26 26 25 31 27 24
internal_value=0 -0.00210149 -0.00272566 -0.00116265 -0.00331464 -0.00607781 -0.00210205 0.00261203 -0.0152911 -0.0217661 0.00974608 0.0115836 0.00216187 0.00913601 0.000888123 0.00806376 -8.97315e-05 -0.0076008 -0.0161474 0.00299171 -2.68311e-05 0.0111669 -0.00670207 -0.0114885 -0.0214086 0.0285707
internal_weight=0 59.7634 58.6039 53.1502 45.4728 37.5324 29.9439 22.0594 7.88456 7.58843 7.94047 7.67732 59.0169 14.4035 10.112 7.26126 44.6134 12.9784 8.45775 31.6351 27.118 10.1304 16.9877 13.5332 8.3201 4.29144
internal_count=741 354 345 309 258 209 165 120 45 44 49 51 387 108 66 45 279 75 51 204 174 65 109 84 53 42
is_linear=0
shrinkage=0.03


Tree=162
num_leaves=26
num_cat=0
split_feature=0 1 0 9 26 18 28 14 15 24 9 9 17 4 15 9 13 24 12 15 10 14 17 24 9
split_gain=0.611273 1.92809 1.47935 1.87211 1.70998 1.44791 1.32984 1.91248 2.27787 1.92451 1.76175 2.09162 1.72046 1.91097 1.24832 1.27173 3.35046 2.39631 1.67292 1.73669 1.46371 2.93864 1.00697 0.839653 0.472571
threshold=583.93500000000006 607.48000000000013 563.36500000000012 1.2632540940627057 4.3610714285714307 0.017910549204087415 0.87762016412108612 0.86651710459287135 0.00012084099091924109 1.8693129276063984 0.6154398646962399 0.96063628800708134 15.959999561309816 3309061.5000000005 0.0042981529235690949 0.94418696796771473 0.0032974369883146952 3.503463708054452 -0.0030711513922735962 -1.6000563401691809e-05 0.0074143931588596121 0.93977552244630658 15.065000057220461 0.91320296764886855 1.1585430397740597
decision_type=2 2 2 2 2 2 2 2 2 2 2 2 2 2 2 2 2 2 2 2 2 2 2 2 2
left_child=2 5 4 22 6 23 -1 9 -9 10 -8 -12 -11 -14 15 18 17 24 -3 -20 21 -21 -4 -2 -17
right_child=1 14 3 -5 -6 -7 7 8 -10 12 11 -13 13 -15 -16 16 -18 -19 19 20 -22 -23 -24 -25 -26
leaf_value=0.012319955311408582 0.010807334500818918 -0.024617356916053993 0.0093074263634718643 -0.029869625006040453 0.01859286961703845 0.0016504999908258137 -0.024300355590793892 -0.029131312610504754 0.0015463665728235234 0.024877226703534192 0.015251259099618173 -0.0075517872587148654 -0.011617054833944387 0.018027590886109345 -0.016542290998735717 0.00077085258752467836 0.028706784852480769 -0.016958400599185158 0.016133938868084768 0.00041398875096188009 0.011169808154365595 -0.032751414532992691 -0.013884180209819366 0.031991649157449585 0.016779410818496848
leaf_weight=5.5402856469154349 3.1623866707086545 3.0078978538513175 3.1572261452674848 3.589635893702507 4.1226962134242049 5.7912592738866806 3.6805553399026421 4.9862215965986234 3.8683023005723953 4.2537546306848508 4.8986665084958103 13.872333556413649 4.5097591169178486 3.4574709013104439 4.0621377117931834 2.7982085980474967 4.6770230755209914 5.0445758327841759 4.3287484794855144 6.8876393660902995 3.5194093063473693 3.6940573379397392 3.6134913042187691 3.6016987301409245 4.0786298550665379
leaf_count=34 25 20 21 20 28 37 20 28 21 24 29 93 26 21 25 19 31 29 29 41 21 20 22 24 33
internal_value=0 0.00234277 -0.00198422 -0.0123554 3.58703e-05 0.0126607 -0.00152331 -0.00328533 -0.0157291 -0.000107506 -0.00532208 -0.00160088 0.00947234 0.00124758 -0.000734435 0.000953791 0.00718793 -0.00125438 -0.00387306 -0.000487432 -0.00558985 -0.011164 -0.0030698 0.0220874 0.0102655
internal_weight=0 54.6537 63.5504 10.3604 53.19 12.5553 49.0673 43.5271 8.85452 34.6725 22.4516 18.771 12.221 7.96723 42.0983 38.0362 16.5984 11.9214 21.4378 18.4299 14.1011 10.5817 6.77072 6.76409 6.87684
internal_count=741 354 387 63 324 86 296 262 49 213 142 122 71 47 268 243 112 81 131 111 82 61 43 49 52
is_linear=0
shrinkage=0.03


Tree=163
num_leaves=17
num_cat=0
split_feature=0 1 3 9 13 26 26 28 6 12 14 15 6 2 23 4
split_gain=0.636814 1.28621 2.01991 1.38827 2.25824 1.58104 2.01887 1.79787 3.46958 3.70971 1.49357 1.48291 1.4458 1.19688 1.19153 0.782611
threshold=441.75500000000005 452.09500000000008 456.17000000000002 1.6448934691421291 -0.0009247988352861779 3.2824999999999913 3.3371428571428434 0.95627876768328612 4432.3679913358928 0.0098926785981509075 0.96968805608878605 -9.7480686193735088e-05 2343.5850803194148 426.50500000000005 3.3136557207511719 1469287.5000000002
decision_type=2 2 2 2 2 2 2 2 2 2 2 2 2 2 2 2
left_child=13 15 -3 5 -5 7 -7 8 14 -10 11 -8 -9 -1 -4 -2
right_child=1 2 3 4 -6 6 10 12 9 -11 -12 -13 -14 -15 -16 -17
leaf_value=-0.0064657327714829193 0.00070890508546225188 0.022724378603092055 0.0012462732734810336 0.0014244977448586752 -0.030881992112893747 0.025342062546334559 -0.0096788188685204158 -0.0048866622480809923 0.039466560381386885 -0.0035353386772559695 0.020064744172189983 0.0031795647375165992 -0.029054668983479706 0.01808405976692111 -0.018806409062513355 -0.016257101578547969
leaf_weight=2.9370626322925082 3.7419589981436712 3.5520454049110404 4.5599644854664856 4.5825046338140965 3.3862588480114928 3.5725155845284453 9.9157543741166503 4.7337122038006765 3.3423414491116992 3.9268028140068054 3.8810052126646033 43.413942316547043 4.2082208171486855 4.5656268745660782 6.4237644597887993 7.0707013979554176
leaf_count=21 22 21 27 35 22 20 69 25 21 21 29 282 22 30 35 39
internal_value=0 -0.000558885 0.000509001 -0.000313435 -0.0123039 0.00077262 0.00346265 -0.00523987 0.000159052 0.0162369 0.00209639 0.000788766 -0.0162605 0.0084736 -0.0104814 -0.0103856
internal_weight=0 110.311 99.4988 95.9468 7.96876 87.978 60.7832 27.1948 18.2529 7.26914 57.2107 53.3297 8.94193 7.50269 10.9837 10.8127
internal_count=741 690 629 608 57 551 400 151 104 42 380 351 47 51 62 61
is_linear=0
shrinkage=0.03


Tree=164
num_leaves=15
num_cat=0
split_feature=9 13 13 2 3 23 10 17 18 5 17 10 10 22
split_gain=0.622984 0.897712 0.997299 2.51168 1.96871 1.22781 1.89375 1.59176 2.92304 1.59409 1.33719 1.31727 3.0774 1.65372
threshold=0.42672057136818736 0.034058664129461132 0.016795098377038079 462.10500000000008 643.47500000000014 0.20325639880834959 0.01161136013358033 19.015000343322757 -0.062362194883551207 10640.605149719344 20.259999275207523 0.0049259310783390528 -0.0010160665052101889 42.556452565898098
decision_type=2 2 2 2 2 2 2 2 2 2 2 2 2 2
left_child=-1 2 5 -4 -5 11 7 8 -7 -10 -9 12 13 -2
right_child=1 -3 3 4 -6 6 -8 10 9 -11 -12 -13 -14 -15
leaf_value=-0.011807384797028007 0.02768909189785369 0.016770766544009413 -0.030388649923734221 0.012437708259009389 -0.016979823480316458 0.026312663763723942 -0.021915769495154662 -0.027335376402576904 0.0031686052718684424 -0.0068085446777268986 3.087860838284198e-05 0.022449180202958073 -0.022257547055410637 -0.0046652533716492446
leaf_weight=3.878298543393611 3.6478927396237841 2.9437042437493792 3.3179681971669188 5.0051335990428907 3.4647845029830933 4.1331262327730647 3.5178467482328406 3.2410592511296263 51.249649241566658 20.051631968468428 3.1872501224279404 4.5801241695880881 2.9759996309876433 2.3299159482121468
leaf_count=24 36 25 18 31 20 32 19 19 295 123 25 35 22 17
internal_value=0 0.000419785 -1.50067e-05 -0.00826337 0.000403896 0.000967971 -0.000362757 0.00056343 0.00178461 0.000362791 -0.0137668 0.00936304 0.00266911 0.0150786
internal_weight=0 113.646 110.702 11.7879 8.46992 98.9145 85.3806 81.8627 75.4344 71.3013 6.42831 13.5339 8.95381 5.97781
internal_count=741 717 692 69 51 623 513 494 450 418 44 110 75 53
is_linear=0
shrinkage=0.03


Tree=165
num_leaves=17
num_cat=0
split_feature=0 2 5 9 15 17 23 10 23 17 15 23 17 22 18 15
split_gain=0.60028 1.8863 1.17238 0.754881 1.02614 1.89069 2.86035 2.47038 1.48433 2.07686 1.795 1.39503 1.87765 1.14145 1.13599 0.758958
threshold=441.75500000000005 442.08500000000009 3431.5226174183067 0.42672057136818736 0.0018877606126705172 17.820000648498539 1.0948196445478404 0.0052202581850353544 0.45830994383081253 19.095000267028812 -9.7480686193735088e-05 0.79997906737756364 16.935000419616703 42.556452565898098 0.01019528549772686 1.7285124209093905e-05
decision_type=2 2 2 2 2 2 2 2 2 2 2 2 2 2 2 2
left_child=2 -2 -1 -3 8 6 -6 14 10 11 -5 -10 -13 -12 -8 -15
right_child=1 3 -4 4 5 -7 7 -9 9 -11 13 12 -14 15 -16 -17
leaf_value=0.017701573688826799 -0.028363978708892675 -0.013611936152402609 -0.006759275175363494 -0.0061045095236510376 0.028850949134978467 -0.024215074728329435 0.018708909366689723 -0.02101956957238962 -0.015886077804392797 -0.019665497236083823 0.031162302686874529 0.00012301456718056357 0.013616030955111809 0.019927636218496875 -0.0048736123027177973 -0.0010958070669223334
leaf_weight=4.5696384720504275 2.1503636874258509 3.5393265299499026 2.8716739937663078 3.9696380309760562 2.4393770620226887 3.9563993327319613 3.1334915608167631 5.894645169377327 3.9076303392648688 4.4545054063200942 3.6284330487251264 50.670052461326122 11.363586887717245 3.2650061622262001 4.447907879948616 2.9343884363770485
leaf_count=31 13 22 20 35 18 28 23 36 23 30 30 293 71 24 24 20
internal_value=0 -0.000542875 0.0082619 1.31014e-05 0.000476499 -0.00565536 -0.00104161 -0.00645264 0.00192378 0.000160281 0.0109213 0.00149956 0.00259472 0.0177983 0.00487335 0.00997651
internal_weight=0 109.755 7.44131 107.604 104.065 19.8718 15.9154 13.476 84.1932 70.3958 13.7975 65.9413 62.0336 9.82783 7.5814 6.19939
internal_count=741 690 51 677 655 129 101 83 526 417 109 387 364 74 47 44
is_linear=0
shrinkage=0.03


Tree=166
num_leaves=20
num_cat=0
split_feature=28 15 0 17 23 9 17 6 24 9 5 2 1 18 7 17 0 14 13
split_gain=0.591033 2.16885 1.87012 1.49728 1.82657 1.25954 1.08457 1.16178 4.24606 1.97518 2.79562 1.74687 1.60165 1.55959 1.37487 1.06585 0.88082 0.542202 0.113929
threshold=1.2661447388808054 1.5707840957242442e-05 602.05500000000006 19.095000267028812 0.39732859953795702 0.48413440215135572 18.295000076293949 18026.513412191103 3.4796577130143738 0.64648214930600367 2123.0317059333488 642.4000000000002 599.3950000000001 -0.065906415485071465 -7344.7456465557634 22.019999504089359 634.62000000000012 0.50675360011108961 -0.0048166925431421528
decision_type=2 2 2 2 2 2 2 2 2 2 2 2 2 2 2 2 2 2 2
left_child=3 17 -3 5 15 -1 7 9 11 10 -7 18 -10 -11 -15 -5 -14 -2 -9
right_child=1 2 -4 4 -6 6 -8 8 12 13 -12 -13 16 14 -16 -17 -18 -19 -20
leaf_value=-0.015624821002367631 0.032685546278964375 0.012181075498433606 -0.019932525411474448 0.0067504917606981373 -0.026687550392390239 -0.0010151101196566189 0.016588477323364898 0.038769788496686157 -0.017917492893800555 0.012531787877801093 0.030807319125951235 0.0049522707778761896 0.016107534310354797 -0.019697318330131316 -0.0034422754540169862 -0.016138018287977781 -0.0052031259282551744 0.011380681394184864 0.0298330571373248
leaf_weight=4.1173977442085734 2.3903631903231126 3.189905159175396 3.3418302051723003 4.7570562362670881 4.1726225316524506 6.8698616698384267 4.0125491693615905 2.6074022017419338 4.7308889105916005 4.9450562261044899 3.892291821539402 2.8109892457723618 3.2512973621487617 5.222046896815292 45.369434084743276 2.9769269302487373 3.7691641002893448 1.9538645185530183 2.5292595922946957
leaf_count=25 25 24 23 36 26 37 30 18 25 34 28 17 20 27 267 20 21 16 22
internal_value=0 0.00667637 -0.0042492 -0.000667015 -0.0106904 0.000600885 0.00134311 0.000631778 0.00702868 -0.0012689 0.0104939 0.0239649 -0.0044256 -0.00354837 -0.00512012 -0.00205964 0.00466621 0.0231034 0.0343694
internal_weight=0 10.876 6.53174 106.034 11.9066 94.1276 90.0102 85.9977 19.699 66.2987 10.7622 7.94765 11.7514 55.5365 50.5915 7.73398 7.02046 4.34423 5.13666
internal_count=741 88 47 653 82 571 546 516 123 393 65 57 66 328 294 56 41 41 40
is_linear=0
shrinkage=0.03


Tree=167
num_leaves=18
num_cat=0
split_feature=14 14 0 26 28 13 28 9 23 25 17 12 14 14 14 15 18
split_gain=0.584065 1.27829 1.28902 1.1897 0.934303 3.36025 2.16976 2.15255 1.81564 1.28351 1.18675 1.10873 2.95407 2.62109 2.71372 1.2111 0.906953
threshold=0.97878959540233235 0.9520818078578136 607.05000000000007 3.2924999999999884 0.90755415347640189 0.00068929285664021134 0.78397592194166377 1.096275210196956 4.0916647291556965 0.56707234719383781 16.335000038146976 0.013386251587582556 0.61128845834068934 0.81254574015231806 0.77140488441345767 8.8588002420280826e-05 -0.010090417175121656
decision_type=2 2 2 2 2 2 2 2 2 2 2 2 2 2 2 2 2
left_child=1 4 -3 -2 5 6 -1 10 9 11 -8 13 15 14 -6 -13 -15
right_child=3 2 -4 -5 8 -7 7 -9 -10 -11 -12 12 -14 16 -16 -17 -18
leaf_value=-0.017895444812012662 -0.0038731847752091347 -0.0014403002600413871 -0.024395447542758672 0.0213257654823488 0.00064651778009168004 0.024612101557528434 -0.016467564157044538 0.025348885089255167 -0.016287860385354624 -0.013029097402038173 0.0072713653830031545 0.010933829096459633 0.030338390138180016 -0.0041875659521564725 0.029347913288452016 -0.017088008294166734 -0.024492230642149691
leaf_weight=4.9472196623683038 3.4108017757534972 5.0939334109425527 3.8774773105978966 3.3349568955600262 45.014122495427728 6.214047245681285 3.3211964517831785 3.5305648297071457 6.4883668273687354 5.9770346321165553 4.4145802706480026 2.7290590070188028 4.0642219111323357 3.4331212118268013 3.1738906726241103 2.8250912576913834 4.6771653667092306
leaf_count=27 19 29 21 25 309 36 18 22 36 39 28 21 24 20 21 21 25
internal_value=0 -0.000510014 -0.0113616 0.00858463 0.000455707 0.00585492 -0.00133399 0.00593839 -0.00108918 0.000282491 -0.00292046 0.00148953 0.0109027 -0.000118674 0.00253693 -0.00331934 -0.0158972
internal_weight=0 109.781 8.97141 6.74576 100.81 22.4276 16.2136 11.2663 78.3821 71.8937 7.73578 65.9167 9.61837 56.2983 48.188 5.55415 8.11029
internal_count=741 697 50 44 647 131 95 68 516 480 46 441 66 375 330 42 45
is_linear=0
shrinkage=0.03


Tree=168
num_leaves=24
num_cat=0
split_feature=0 1 28 0 9 26 13 5 12 25 9 5 17 9 13 23 14 9 25 10 3 12 17
split_gain=0.581615 1.80108 1.42745 1.40541 1.74187 1.58191 1.26741 1.49046 1.98059 1.87655 2.89522 1.20413 1.17257 1.51345 1.66896 2.08121 1.6442 1.52904 1.5628 1.23172 1.13715 1.03743 0.898976
threshold=583.93500000000006 607.48000000000013 1.0945242250505047 563.36500000000012 1.2632540940627057 4.3610714285714307 0.016795098377038079 14876.173321328626 0.019980817870402404 0.21048441851317023 1.3621595210157513 306.53643845598208 17.820000648498539 1.1674039002194825 -0.0022724887525473743 2.6445825003099803 0.84569103007668689 0.94418696796771473 0.23075689339537969 -0.0013422314589485171 596.3900000000001 0.011761308055765808 15.065000057220461
decision_type=2 2 2 2 2 2 2 2 2 2 2 2 2 2 2 2 2 2 2 2 2 2 2
left_child=3 2 20 5 22 6 7 8 9 10 -1 -11 13 14 15 -3 -17 18 -16 -14 -2 -22 -5
right_child=1 12 -4 4 -6 -7 -8 -9 -10 11 -12 -13 19 -15 17 16 -18 -19 -20 -21 21 -23 -24
leaf_value=0.00018177003403800732 0.02153321776769394 0.013163276331709302 0.02949753768483359 0.0087669196519827037 -0.029061023716941178 0.018121340923093556 -0.015038319194837431 -0.014632521660148343 0.021720427272199291 -0.021974595424204105 0.031261934640015122 0.0015182882463281977 0.00014743181343432609 0.016071865866291449 -0.010646845211512882 -0.0023964524374240951 -0.029026438331221413 0.02153260807136044 0.012319107732853133 -0.021270921623308469 0.010973853519293763 -0.01370490356166177 -0.013317274674027902
leaf_weight=22.063133720308546 2.9677836783230287 2.7034972906112698 3.2314557284116736 3.0939340181648713 3.5605233982205391 4.0199347846209994 5.488226205110549 5.2910214364528647 4.2267492711544028 4.9013186395168287 3.0732145085930815 3.275982640683651 5.197411922737956 5.7202896382659665 5.8806706368923205 3.7834798544645292 4.6527960374951363 3.979297023266553 4.8793719187378883 4.5162784568965417 3.1369889676570892 2.9983328655362129 3.5767179951071739
leaf_count=130 20 20 24 21 20 28 32 38 26 25 24 21 39 38 35 20 28 26 29 33 23 19 22
internal_value=0 0.00230849 0.0123684 -0.00194863 -0.0121179 3.92278e-05 -0.00146511 0.000274104 0.00237507 -7.94137e-05 0.00398169 -0.0125629 -0.000695034 0.00210716 -0.000979577 -0.00974294 -0.0170835 0.00564364 -0.000232442 -0.00981081 0.00628785 -0.00108666 -0.00307434
internal_weight=0 53.6477 12.3346 62.5708 10.2312 52.3396 48.3196 42.8314 37.5404 33.3136 25.1363 8.1773 41.3131 31.5994 25.8791 11.1398 8.43628 14.7393 10.76 9.71369 9.10311 6.13532 6.67065
internal_count=741 354 86 387 63 324 296 264 226 200 154 46 268 196 158 68 48 90 64 72 62 42 43
is_linear=0
shrinkage=0.03


Tree=169
num_leaves=21
num_cat=0
split_feature=1 0 0 5 28 14 14 11 11 17 27 28 12 22 14 25 15 25 17 12
split_gain=0.582174 0.95502 1.41656 1.34833 1.85936 1.08503 2.28511 1.70189 1.58505 1.22146 1.7441 1.28408 1.03337 1.47613 1.42048 1.55566 3.12179 1.74336 0.823526 0.58662
threshold=673.1450000000001 583.93500000000006 598.43500000000006 21904.482279790685 0.96104092717650869 0.95571238918273771 0.97878959540233235 0.01048411804949312 0.007805016156248624 16.150000572204593 0.0047116571209131061 0.90755415347640189 0.021589107138092038 34.392639517670077 0.29106546353570611 0.19064661357656973 1.8830392554102645e-05 0.11163553550716405 17.605000495910648 0.018587849543923011
decision_type=2 2 2 2 2 2 2 2 2 2 2 2 2 2 2 2 2 2 2 2
left_child=1 3 19 12 -5 7 -7 8 9 11 -11 -4 13 -1 -15 17 -17 -16 -6 -3
right_child=-2 2 5 4 18 6 -8 -9 -10 10 -12 -13 -14 14 15 16 -18 -19 -20 -21
leaf_value=0.021013215903566845 -0.0086857266207386648 0.025924354155042004 0.0013618884309934734 -0.029676534811634854 0.0055127309636523346 -0.026749335802268213 0.0076077586723958309 0.019143149280904801 -0.019996518091957394 -0.022081562466146409 0.0034214631791060499 0.028642346614076736 0.015756961420036651 -0.023111550144936224 0.00020006519061838891 -0.022941518172450947 0.0052392215404644124 0.022403374854149481 -0.016488158711188215 0.0071819752332080294
leaf_weight=2.5757289305329314 6.5290582776069632 3.2724955193698397 3.1145134642720285 3.4826621338725072 4.1659062132239342 3.3742091953754416 3.6023648381233215 5.5689871609210959 2.9037917628884307 2.8313628435134914 16.349232293665409 3.0969375185668468 3.5121751651167861 2.7799951247870913 25.69800761342049 7.2337151467800123 6.92449751496315 3.6325920745730391 2.4211446270346642 2.7795351333916187
leaf_count=20 37 27 18 21 30 19 24 37 18 17 117 22 22 18 158 39 41 21 17 18
internal_value=0 0.000536137 0.00377138 -0.00189411 -0.0119475 0.00176421 -0.009009 0.00398363 0.00100004 0.00340117 -0.000343192 0.0149635 3.94549e-05 -0.00109072 -0.00232121 -0.000992205 -0.00915888 0.00294994 -0.00257394 0.0173165
internal_weight=0 109.32 46.8934 62.4264 10.0697 40.8414 6.97657 33.8648 28.2958 25.392 19.1806 6.21145 52.3567 48.8445 46.2688 43.4888 14.1582 29.3306 6.58705 6.05203
internal_count=741 704 317 387 68 272 43 229 192 174 134 40 319 297 277 259 80 179 47 45
is_linear=0
shrinkage=0.03


Tree=170
num_leaves=21
num_cat=0
split_feature=9 11 9 9 2 13 14 23 17 17 11 9 15 13 10 15 18 24 15 10
split_gain=0.569759 0.865524 2.18053 3.01192 2.70382 1.79524 1.73317 1.85082 1.27536 2.81307 2.73868 3.43156 2.22777 2.71246 2.0825 2.75706 1.63316 1.56163 1.15185 0.735228
threshold=0.42672057136818736 0.010759980494733369 0.8784877071201499 0.97473605250468998 528.52500000000009 0.016795098377038079 0.92088718527062452 3.870492459312914 16.634999275207523 16.73499965667725 8.564285893308822e-05 1.1193590002527609 -7.8325591364971186e-05 0.0047996554395914335 -0.0015505798896402465 -0.0023353549018384576 -0.068038746368588796 1.906466765568406 1.7285124209093905e-05 0.0062164900680828925
decision_type=2 2 2 2 2 2 2 2 2 2 2 2 2 2 2 2 2 2 2 2
left_child=-1 5 18 -4 -5 6 8 -8 10 -10 11 17 -12 -14 15 -11 -16 -2 -3 -6
right_child=1 2 3 4 19 -7 7 -9 9 14 12 -13 13 -15 16 -17 -18 -19 -20 -21
leaf_value=-0.011393047973480916 -0.0298194611172467 0.02623630033431067 -0.028140784700784773 -0.013031907945183337 0.02754504347416559 -0.020808445403217975 -0.00084178530372640585 -0.025568616543534279 -0.025944742483205555 -0.010163661664975997 -0.0088106370574176519 0.018315557316666481 0.010047271716173216 0.037390742990126319 0.0079342854221225358 0.014873907690744337 -0.011736792502103062 -0.0040170180112757093 0.004096717026861315 0.0075964900211202497
leaf_weight=3.8094762228429309 3.7650314569473284 5.2555223926901835 3.0425734743475905 4.2654293440282327 3.3247553706169128 3.9091743677854529 6.64565262198448 4.6172244176268578 3.924048200249671 5.5585054196417323 3.3474557176232382 3.994536366313695 11.014600247144694 4.6408204510808 5.2426946051418808 13.749155633151529 13.789550021290781 4.8054702579975128 3.5391898863017559 3.3264699093997478
leaf_count=24 20 39 17 26 22 23 39 28 22 37 19 28 62 34 38 98 93 30 19 23
internal_value=0 0.000405075 0.00562661 -0.00174487 0.00561192 -0.000929815 -1.66091e-05 -0.0109786 0.00165561 -0.00175203 0.00621785 -0.00464883 0.0134031 0.0181528 0.000724072 0.00766581 -0.00631812 -0.0153521 0.0173268 0.0175682
internal_weight=0 111.758 22.7539 13.9592 10.9167 89.0039 85.0947 11.2629 73.8319 42.264 31.5679 12.565 19.0029 15.6554 38.3399 19.3077 19.0322 8.5705 8.79471 6.65123
internal_count=741 717 146 88 71 571 548 67 481 288 193 78 115 96 266 135 131 50 58 45
is_linear=0
shrinkage=0.03


Tree=171
num_leaves=17
num_cat=0
split_feature=0 2 1 3 9 13 26 26 28 6 12 14 6 15 17 4
split_gain=0.582649 1.15905 1.12927 1.8666 1.28068 2.00517 1.4197 1.91305 1.69031 3.17712 3.39077 1.39215 1.33374 1.24344 1.11597 0.725809
threshold=441.75500000000005 426.50500000000005 452.09500000000008 456.17000000000002 1.6448934691421291 -0.0009247988352861779 3.2824999999999913 3.3371428571428434 0.95627876768328612 4432.3679913358928 0.0098926785981509075 0.96968805608878605 2343.5850803194148 -9.7480686193735088e-05 15.710000038146974 1469287.5000000002
decision_type=2 2 2 2 2 2 2 2 2 2 2 2 2 2 2 2
left_child=1 -1 15 -4 6 -6 8 -8 9 14 -11 13 -10 -9 -5 -2
right_child=2 -3 3 4 5 -7 7 11 12 10 -12 -13 -14 -15 -16 -17
leaf_value=-0.0066161363019888453 0.00095776936182190124 0.017753891562875324 0.022049888499846817 -0.021419583247280674 0.0011418522016615163 -0.029679864076010906 0.024834201388931412 -0.0090156603619341615 -0.004824414329363683 0.038835109339029505 -0.0029393470905023475 0.019541598621227882 -0.028251354929221293 0.0029047472245464678 -0.0018457167508889975 -0.015553192611632585
leaf_weight=2.8928676918148986 3.6628829538822156 4.4711759686470032 3.4790438301861277 4.4755870327353531 4.4573961701244116 3.3106224834918967 3.4980052188038817 9.6789946891367347 4.6685341745614988 3.1882429085671893 3.8730393722653389 3.7795936465263358 4.1150496453046799 42.270301124081023 6.3277477994561195 6.9289749190211296
leaf_count=21 22 30 21 24 35 22 20 69 25 21 21 29 22 282 38 39
internal_value=0 0.00818045 -0.00054177 0.000472635 -0.000329007 -0.0119939 0.00072617 0.00331355 -0.00502441 0.000273564 0.0159223 0.00196274 -0.0157998 0.000683782 -0.00995474 -0.00984336
internal_weight=0 7.36404 107.714 97.1222 93.6431 7.76802 85.8751 59.2269 26.6482 17.8646 7.06128 55.7289 8.78358 51.9493 10.8033 10.5919
internal_count=741 51 690 629 608 57 551 400 151 104 42 380 47 351 62 61
is_linear=0
shrinkage=0.03


Tree=172
num_leaves=20
num_cat=0
split_feature=23 23 23 23 17 23 10 17 18 6 4 3 7 13 4 24 10 10 22
split_gain=0.571187 1.68049 1.32628 1.49327 1.28179 2.52859 2.45036 2.91646 1.68137 1.62813 2.52642 1.75887 1.7512 1.70968 1.70217 1.37199 1.17912 2.49564 1.39469
threshold=4.7775015458738617 5.1376170234714786 4.5224867435867973 4.1832608269783131 17.339999198913578 0.45010399219131619 -0.001362596497733348 19.305000305175785 -0.020643031739272507 18026.513412191103 25038925.000000004 604.91000000000008 -7344.7456465557634 -0.015421199818791807 2039072.0000000002 0.76356529643439808 -0.0015505798896402465 0.0046652314400797987 41.966603153849569
decision_type=2 2 2 2 2 2 2 2 2 2 2 2 2 2 2 2 2 2 2
left_child=2 -2 3 4 9 15 7 -7 -8 12 -11 -12 -1 -14 -15 16 18 -18 -6
right_child=1 -3 -4 -5 5 6 8 -9 -10 10 11 -13 13 14 -16 -17 17 -19 -20
leaf_value=-0.016278057882626529 -0.024467420903698044 0.0038796904341674059 0.016410287382920885 -0.014850552794062768 0.025084178362936631 0.020463537869367096 -0.011526740889944053 -0.018161044196014327 -0.041678168874910299 0.038134575068061047 -0.013506678208233121 0.016139689372166813 0.022495038588807654 -0.0078179078302923893 0.0051068512404242447 0.018758313144379261 -0.024672974117776848 0.0044291827597543673 -0.0075446850563372575
leaf_weight=4.7240116223692814 3.2092947736382476 4.5515912845730782 4.5636686012148848 5.8395260199904433 2.8143420591950443 3.0746508240699768 3.2654915228486061 4.1130644083023071 3.3951240181922895 2.8600049130618554 2.8663240298628807 4.8462728653103113 3.6867631375789562 13.115242935717118 30.491212490946054 3.9326975420117369 4.1893278807401675 7.2269217483699322 2.0290151312947273
leaf_count=26 18 27 27 36 28 19 21 28 20 23 20 33 23 74 195 30 31 47 15
internal_value=0 -0.00784246 0.000586143 -0.000118611 0.000771663 -0.00391351 -0.0137867 -0.00163881 -0.0268959 0.00331978 0.0140522 0.00512186 0.0011384 0.00287809 0.00121955 0.00285773 -0.000988132 -0.0062502 0.0114151
internal_weight=0 7.76089 107.034 102.47 96.6305 34.0406 13.8483 7.18772 6.66062 62.5898 10.5726 7.7126 52.0172 47.2932 43.6065 20.1923 16.2596 11.4162 4.84336
internal_count=741 45 696 669 633 239 88 47 41 394 76 53 318 292 269 151 121 78 43
is_linear=0
shrinkage=0.03


Tree=173
num_leaves=23
num_cat=0
split_feature=1 0 0 9 26 0 28 14 15 24 9 17 14 14 25 3 1 15 13 14 17 12
split_gain=0.561357 0.850296 1.41975 1.58793 1.47745 1.34232 1.24056 1.70249 2.17037 1.71017 1.57573 1.47503 0.995194 2.18658 1.58584 1.6931 1.68357 1.48414 1.26965 1.08278 0.830537 0.572096
threshold=673.1450000000001 583.93500000000006 563.36500000000012 1.2632540940627057 4.3610714285714307 598.43500000000006 0.87762016412108612 0.86651710459287135 0.00012084099091924109 1.8693129276063984 0.6154398646962399 15.959999561309816 0.95571238918273771 0.97878959540233235 0.22118741285725033 663.09000000000003 646.45000000000016 1.6507656646293424e-05 -0.0075703090211484128 0.84569103007668689 15.065000057220461 0.018587849543923011
decision_type=2 2 2 2 2 2 2 2 2 2 2 2 2 2 2 2 2 2 2 2 2 2
left_child=1 2 4 20 6 21 -1 9 -9 10 -8 -11 14 -14 15 16 19 18 -16 -7 -4 -3
right_child=-2 5 3 -5 -6 12 7 8 -10 11 -12 -13 13 -15 17 -17 -18 -19 -20 -21 -22 -23
leaf_value=0.01231206811571655 -0.0085733971680163838 0.025501972756499243 0.0081710590259878191 -0.028282042431573045 0.017854289673451287 0.0021745683150875121 -0.023068449352678974 -0.028227190879083638 0.002129809014982375 0.023779173448163306 -0.0013192904086057077 0.0015547958835111333 -0.026248529644822178 0.0076057150814555392 0.0076133535592548185 -0.021210545404003654 0.021834276504798515 0.00083263869338052012 0.034483116390445975 -0.018057689068473645 -0.013236686612888677 0.0068524708530752574
leaf_weight=5.4031796827912322 6.4609819799661627 3.2093551084399214 3.0351404733955842 3.5320189855992794 3.9566243365406981 12.299463154748087 3.5893607251346138 4.8156054168939573 3.7861109673976898 4.111019052565096 18.198555283248425 7.7631187438964844 3.322175256907939 3.5537931174039841 2.8723856806755066 3.1822980903089038 3.3194109648466101 5.1939587146043777 3.5249951481819135 2.9520227164030066 3.5256151407957077 2.7479550801217556
leaf_count=34 37 27 21 20 28 88 20 28 21 24 122 47 19 24 19 20 27 33 24 18 22 18
internal_value=0 0.000530357 -0.00177333 -0.0120641 0.000238578 0.00360922 -0.00122362 -0.00295409 -0.0148653 8.96123e-05 -0.00490227 0.00924924 0.00164073 -0.00875122 0.00378365 -0.000992131 0.00247248 0.0127462 0.0224188 -0.00174151 -0.00333302 0.0168994
internal_weight=0 107.894 61.7163 10.0928 51.6236 46.1778 47.6669 42.2638 8.60172 33.6621 21.7879 11.8741 40.2205 6.87597 33.3445 21.7532 18.5709 11.5913 6.39738 15.2515 6.56076 5.95731
internal_count=741 704 387 63 324 317 296 262 49 213 142 71 272 43 229 153 133 76 43 106 43 45
is_linear=0
shrinkage=0.03


Tree=174
num_leaves=15
num_cat=0
split_feature=9 4 4 18 18 10 28 9 23 13 17 28 18 22
split_gain=0.588163 0.884239 1.27354 1.24314 3.54356 1.32551 1.6214 1.27598 1.69617 3.36374 1.54192 1.08426 2.61908 2.03058
threshold=0.42672057136818736 1202622.5000000002 1343770.0000000002 -0.010090417175121656 -0.014069933050754711 0.0068789396921484789 0.77139898288785147 0.56040778747491993 1.0000000180025095e-35 0.012100221164284332 17.650000572204593 0.92724138255833422 0.024477890331279454 66.270661298688097
decision_type=2 2 2 2 2 2 2 2 2 2 2 2 2 2
left_child=-1 -2 -3 4 7 6 -5 -4 9 -9 -10 12 -8 -13
right_child=1 2 3 5 -6 -7 11 8 10 -11 -12 13 -14 -15
leaf_value=-0.011610393116000591 0.014356787356564182 -0.019993950291282623 0.021752848645281726 -0.017769448711987299 0.034149568909336021 -0.020852828979575671 -0.0052125039739474603 0.035354237708724465 0.00040400010975032337 -0.0089033777171669583 -0.01813108029061063 0.0006673585648080719 0.019167689483042191 -0.017767424476136443
leaf_weight=3.7860961928963652 3.9477638676762572 2.8200019598007193 2.698470313102006 4.8782117441296569 3.3315287921577683 3.2599907070398322 7.9925125837326032 3.2918155305087557 24.013676621019844 2.9135285913944244 4.8562605008482924 31.900483965873718 7.8710946552455425 6.4678745716810218
leaf_count=24 25 15 17 25 36 21 43 31 153 18 31 214 46 42
internal_value=0 0.000415206 -0.000102577 0.000439519 0.00448997 -0.00222994 -0.00120287 0.00187408 0.000344735 0.0145744 -0.00271382 0.000287308 0.00688429 -0.00244025
internal_weight=0 110.243 106.295 103.475 41.1053 62.3702 59.1102 37.7738 35.0753 6.20534 28.8699 54.232 15.8636 38.3684
internal_count=741 717 692 677 286 391 370 250 233 49 184 345 89 256
is_linear=0
shrinkage=0.03


Tree=175
num_leaves=17
num_cat=0
split_feature=0 5 1 3 9 13 26 26 28 6 12 14 6 15 23 4
split_gain=0.579798 1.12675 1.04028 1.67882 1.19174 1.87998 1.31342 1.79829 1.58118 2.95649 3.2661 1.31006 1.27435 1.14785 1.08051 0.684201
threshold=441.75500000000005 3431.5226174183067 452.09500000000008 456.17000000000002 1.6448934691421291 -0.0009247988352861779 3.2824999999999913 3.3371428571428434 0.95627876768328612 4432.3679913358928 0.0098926785981509075 0.96968805608878605 2343.5850803194148 -9.7480686193735088e-05 3.3136557207511719 1469287.5000000002
decision_type=2 2 2 2 2 2 2 2 2 2 2 2 2 2 2 2
left_child=1 -1 15 -4 6 -6 8 -8 9 14 -11 13 -10 -9 -5 -2
right_child=2 -3 3 4 5 -7 7 11 12 10 -12 -13 -14 -15 -16 -17
leaf_value=0.017576209255245036 0.0010236126047876537 -0.0066550213943717927 0.021063050451625254 0.0017072469180530944 0.0011248815166715997 -0.028921670463154588 0.02427736114298721 -0.0087341186836690562 -0.0045855400162499102 0.038474171255069051 -0.0029636966635569065 0.019059150563141763 -0.027597378786191711 0.00278879854790924 -0.01763886610145798 -0.015066000992807048
leaf_weight=4.4660901501774779 3.636034429073332 2.8161427155137062 3.425005003809928 4.449999384582048 4.4074145071208477 3.260709758847951 3.4302653521299353 9.5615531578659922 4.6385783031582815 3.097480170428752 3.8269480839371681 3.728701338171958 4.0629133358597755 41.767234461382039 6.2440750226378441 6.8786501437425613
leaf_count=31 22 20 21 27 35 22 20 69 25 21 21 29 22 282 35 39
internal_value=0 0.00820565 -0.000544207 0.00043795 -0.000325936 -0.0116518 0.000698121 0.00320259 -0.00486726 0.000300248 0.0155726 0.00188956 -0.0153303 0.000642304 -0.0095886 -0.00950213
internal_weight=0 7.28223 106.416 95.9009 92.4759 7.66812 84.8077 58.4878 26.32 17.6185 6.92443 55.0575 8.70149 51.3288 10.6941 10.5147
internal_count=741 51 690 629 608 57 551 400 151 104 42 380 47 351 62 61
is_linear=0
shrinkage=0.03


Tree=176
num_leaves=20
num_cat=0
split_feature=9 11 9 9 2 15 11 17 22 5 15 24 13 5 13 28 7 11 10
split_gain=0.566477 0.84481 1.96151 2.80574 2.41447 1.8019 1.86346 2.10728 1.67854 1.42151 3.23628 1.34141 1.39995 3.22683 2.12918 2.00879 1.61292 1.11255 0.719491
threshold=0.42672057136818736 0.010759980494733369 0.8784877071201499 0.97473605250468998 528.52500000000009 0.0018877606126705172 0.007805016156248624 17.820000648498539 66.270661298688097 91376.249085141215 -7.8325591364971186e-05 4.5702276559734978 0.0088402517605024062 2306.3916356678433 -0.0026458258723219825 1.0583737458129174 -150562.62528819428 0.018877378337162746 0.0062164900680828925
decision_type=2 2 2 2 2 2 2 2 2 2 2 2 2 2 2 2 2 2 2
left_child=-1 5 17 -4 -5 9 7 8 -7 11 -11 12 14 -14 16 -16 -2 -3 -6
right_child=1 2 3 4 18 6 -8 -9 -10 10 -12 -13 13 -15 15 -17 -18 -19 -20
leaf_value=-0.011407792527338865 0.014868670392307432 0.02543878187554769 -0.027196552761498599 -0.011955819088147026 0.027119919498881116 0.017874377673007653 -0.030505776605005454 -0.027235715034486935 -0.011095373873422834 -0.0094373885568729346 0.034880459658979873 -0.017165901972303995 0.011094430918007971 -0.0298221847353226 0.014606231098757241 -0.0074378126236077742 -0.0046269840796370667 0.0032671741658457129 0.007191535197443099
leaf_weight=3.7764808237552634 4.3529645092785278 5.2666384428739565 2.9757535532116881 4.2213792912662012 3.2636310271918774 3.7250052578747255 3.3366728052496901 2.6909765936434269 3.4833154156804085 2.6992470771074295 3.2910852991044512 4.0096036270260802 3.0873983502387992 3.9591580107808113 16.772630192339431 4.7809405922889701 31.151232950389385 3.3214913308620453 3.2584170699119568
leaf_count=24 33 38 17 26 22 29 19 20 24 21 28 22 21 23 106 32 193 20 23
internal_value=0 0.000409604 0.00562017 -0.0014183 0.00572186 -0.000921212 -0.0111171 -0.00458186 0.00387517 0.000899896 0.0149108 -0.000332305 0.000720605 -0.0118949 0.0022786 0.0097165 -0.00223673 0.0168638 0.0171637
internal_weight=0 109.648 22.3073 13.7192 10.7434 87.3402 13.236 9.8993 7.20832 74.1043 5.99033 68.1139 64.1043 7.04656 57.0578 21.5536 35.5042 8.58813 6.52205
internal_count=741 717 146 88 71 571 92 73 53 479 49 430 408 44 364 138 226 58 45
is_linear=0
shrinkage=0.03


Tree=177
num_leaves=16
num_cat=0
split_feature=0 2 4 26 2 27 24 18 15 0 18 4 26 26 14
split_gain=0.545298 1.11478 0.996488 2.01478 1.63398 1.55342 2.15389 1.33682 2.33061 2.29772 1.5382 1.19278 1.19082 2.70871 2.14541
threshold=441.75500000000005 426.50500000000005 1896053.5000000002 2.4707142857142785 462.10500000000008 0.0054790053245949207 1.6625626455970561 -0.068038746368588796 1.5707840957242442e-05 607.05000000000007 -0.051930076870410451 3125034.5000000005 3.2824999999999913 3.1100000000000079 0.96431204247086821
decision_type=2 2 2 2 2 2 2 2 2 2 2 2 2 2 2
left_child=1 -1 5 -4 11 -2 -7 8 -6 -10 -9 -5 13 -12 -14
right_child=2 -3 3 4 7 6 -8 10 9 -11 12 -13 14 -15 -16
leaf_value=-0.0066735856477964182 -0.022260916387024342 0.017442868073797073 0.018817474152139368 -0.024655908720220214 0.030358609324387567 -0.018750034640775369 0.012925773532818203 -0.016732248868969967 0.015796325326494543 -0.019122147272482477 0.00095162856082057449 -0.0010765056687916856 0.00099949878330809995 -0.025208553172226939 0.023431848856564175
leaf_weight=2.8384054340422145 4.6334255784749967 4.3979572877287865 5.1292813308536997 4.1444219015538684 3.5845991708338243 3.334296777844429 4.5938995480537415 5.0314522981643668 3.8805590830743313 3.012750007212162 13.383767854422333 3.6149234920740128 42.354084689170122 4.8542672805488101 4.2193478047847739
leaf_count=21 24 30 32 24 28 19 28 33 29 18 78 26 291 31 29
internal_value=0 0.00798338 -0.000528945 0.000540028 -0.000524345 -0.00846091 -0.000395862 0.000745654 0.010738 0.000535059 -0.000753408 -0.0136707 0.000487063 -0.00601121 0.00303177
internal_weight=0 7.23636 105.771 93.2095 88.0802 12.5616 7.9282 80.3208 10.4779 6.89331 69.8429 7.75935 64.8115 18.238 46.5734
internal_count=741 51 690 619 587 71 47 537 75 47 462 50 429 109 320
is_linear=0
shrinkage=0.03


Tree=178
num_leaves=11
num_cat=0
split_feature=9 13 13 2 1 18 13 23 23 23
split_gain=0.544211 0.818054 0.878135 2.16778 1.92994 1.06773 1.02125 1.07412 1.30922 1.31756
threshold=0.42672057136818736 0.034058664129461132 0.016795098377038079 462.10500000000008 644.98500000000013 -0.089575643507430178 0.01243435287802014 4.7775015458738617 4.5224867435867973 4.1832608269783131
decision_type=2 2 2 2 2 2 2 2 2 2
left_child=-1 2 5 -4 -5 -2 7 8 9 -7
right_child=1 -3 3 4 -6 6 -8 -9 -10 -11
leaf_value=-0.011216046928541232 0.014621880903107853 0.016457208618136567 -0.028922941001461828 0.012219209043922607 -0.017720807652005854 0.00062088583845799135 0.015264351905019242 -0.012474712650178065 0.016145370175384876 -0.014565374990727383
leaf_weight=3.7531161978840819 4.8578557670116416 2.7835344709455958 3.1796485260128966 4.8727490901947004 3.2169004082679749 69.914021909236908 3.8675474487245074 6.246458761394023 4.5090333521366111 5.5498991832137099
leaf_count=24 39 25 18 32 19 461 26 36 27 34
internal_value=0 0.00040272 -1.80167e-05 -0.0079357 0.000313372 0.000921757 0.000182991 -0.000493514 0.000442303 -0.000495969
internal_weight=0 108.998 106.214 11.2693 8.08965 94.9448 90.087 86.2194 79.973 75.4639
internal_count=741 717 692 69 51 623 584 558 522 495
is_linear=0
shrinkage=0.03


Tree=179
num_leaves=23
num_cat=0
split_feature=25 22 25 15 9 10 13 17 28 18 18 18 4 15 23 17 12 6 15 18 11 23
split_gain=0.555774 1.34191 1.28003 0.960746 1.90316 1.41747 3.01131 3.70506 2.98179 2.63695 1.81365 1.7031 1.37735 1.84414 1.77167 1.56021 1.47703 1.32847 1.29695 0.828378 0.684187 0.487188
threshold=-1.1436780080407123 36.694640986091962 -0.9028449274953716 -0.0019133450736111693 1.1074864842424803 -0.00032927393860177062 0.0042859345960878379 16.73499965667725 0.93532722186614659 0.041460897504214229 0.017910549204087415 0.016631976690828058 1807839.5000000002 0.0022136529069867205 0.66659258983318648 16.644999504089359 0.010754220970002339 10905.898030416214 1.8830392554102645e-05 0.0089505371773547244 -0.015811964979701828 0.3372223534208843
decision_type=2 2 2 2 2 2 2 2 2 2 2 2 2 2 2 2 2 2 2 2 2 2
left_child=1 20 -2 4 -4 6 7 8 11 12 -9 -5 16 15 -15 -14 -7 -10 -12 -8 -1 -3
right_child=2 21 3 5 -6 9 19 10 17 -11 18 -13 13 14 -16 -17 -18 -19 -20 -21 -22 -23
leaf_value=0.016596895190775989 0.018411263456020819 -0.025141080085849896 -0.026257710317087648 0.021429793323292947 0.0023952089127428295 -0.02580573255831041 0.015099499364226778 -0.0024961346790495862 -0.036915962382161924 -0.02201915855090178 0.036023146039975293 -0.0085153528694771503 0.011360704221331062 0.013088632745472886 -0.013773385968415462 -0.0015174077650158928 0.0002029622784643713 -0.010627574572741999 0.0086264700176715316 0.037598538029257195 -0.0058850825434850745 -0.0077110933924947342
leaf_weight=2.3788308780640364 3.543630886822938 2.8423427492380142 3.5732036828994733 3.253969091922043 5.0137118175625801 3.5134529769420686 3.192684229463338 3.2533757351338846 3.0705872625112534 5.2302621826529494 3.854340985417366 3.6009709984064102 19.624496385455132 2.8647253215312949 9.6655581779777986 14.891779348254202 4.4593680128455162 3.9629197120666504 2.6070085391402245 2.734003983438015 2.4971711672842485 2.9320940785109997
leaf_count=23 27 21 21 21 30 19 25 21 17 33 25 20 124 19 62 104 26 23 20 21 20 19
internal_value=0 -0.00650528 0.000697019 5.88669e-05 -0.0095279 0.000975788 0.00636017 0.00155964 -0.00838118 -0.00166323 0.0157713 0.0056993 0.000271848 0.00222586 -0.00763208 0.00580454 -0.0112585 -0.0221042 0.0249692 0.0254784 0.00508309 -0.0162906
internal_weight=0 10.6504 101.91 98.3664 8.58692 89.7795 29.5299 23.6032 13.8884 60.2496 9.71473 6.85494 55.0194 47.0466 12.5303 34.5163 7.97282 7.03351 6.46135 5.92669 4.876 5.77444
internal_count=741 83 658 631 51 580 193 147 81 387 66 41 354 309 81 228 45 40 45 46 43 40
is_linear=0
shrinkage=0.03


Tree=180
num_leaves=18
num_cat=0
split_feature=14 22 22 22 13 17 25 5 7 17 18 10 15 17 17 11 11
split_gain=0.560302 0.709161 1.73988 2.3504 2.26517 1.49306 1.30287 1.96385 1.88265 1.63615 1.42623 2.95833 1.42323 4.33907 1.50035 1.18162 0.766417
threshold=0.14395901006375347 48.366912455566151 44.963473876703425 42.888129274641933 0.0031622491443474847 19.664999961853031 -0.27387334327655294 13011.282315678678 -150562.62528819428 18.420000076293949 -0.065906415485071465 0.010900019970303767 0.00012735849281026631 15.959999561309816 15.694999694824221 -0.0030610436302748174 -0.0085071264386443173
decision_type=2 2 2 2 2 2 2 2 2 2 2 2 2 2 2 2 2
left_child=-1 2 3 4 16 -4 7 15 -8 10 11 -10 14 -14 -12 -3 -2
right_child=1 6 5 -5 -6 -7 8 -9 9 -11 12 -13 13 -15 -16 -17 -18
leaf_value=-0.010477163848887925 0.010823941733912967 -0.028472771084812307 0.026750814742158301 -0.019205619897675538 -0.0066557958803473288 0.0007498961159367693 0.022030851899484998 0.008321358304415695 0.03715341194946882 -0.020375615069171148 -0.0051494768484674205 -0.0065364554732998646 0.010603717079125715 -0.017825506531472773 0.0068696918840696983 -0.005371514207496781 0.035739481184130902
leaf_weight=4.4005216769874087 2.3140436075627795 4.528369538486003 4.8795737102627736 4.4546193853020659 4.9850596804171801 3.3538135141134262 3.5385036095976821 3.6032652482390395 2.7725249305367461 3.504792019724845 14.536211773753164 2.8070960491895676 7.7580909505486515 12.809931065887211 26.185477383434772 3.5587788224220267 2.1375020984560278
leaf_count=36 22 26 35 32 39 23 23 26 24 24 81 18 46 81 162 23 20
internal_value=0 0.00044413 0.00523194 -0.00124488 0.00723361 0.0161595 -0.000793308 -0.0100995 0.000678607 -0.000395012 0.000652222 0.0151731 -0.000669715 -0.00710223 0.00257927 -0.018307 0.0227877
internal_weight=0 107.728 22.1246 13.8912 9.43661 8.23339 85.603 11.6904 73.9126 70.3741 66.8693 5.57962 61.2897 20.568 40.7217 8.08715 4.45155
internal_count=741 705 171 113 81 58 534 75 459 436 412 42 370 127 243 49 42
is_linear=0
shrinkage=0.03


Tree=181
num_leaves=17
num_cat=0
split_feature=4 4 25 22 26 18 13 9 15 15 25 1 14 28 9 14
split_gain=0.528144 0.790814 2.12797 1.27595 1.23277 1.00546 1.26827 1.62295 1.4055 2.12228 1.42734 0.958356 1.29725 1.99066 1.94466 1.56231
threshold=1106759.5000000002 1807839.5000000002 0.2464076006447278 52.863063207515061 2.4439285714285783 -0.00093166190117571757 -0.033236850692552104 1.5504299728969635 -1.5124018059732664e-05 -3.4264118115104627e-05 1.0514067508668816 664.58000000000004 0.94811627177665403 0.9168811519618808 0.57712430902156842 0.97426017067510695
decision_type=2 2 2 2 2 2 2 2 2 2 2 2 2 2 2 2
left_child=-1 2 3 -2 -3 11 -7 8 9 -8 -10 12 13 -6 -15 -14
right_child=1 4 -4 -5 5 6 7 -9 10 -11 -12 -13 15 14 -16 -17
leaf_value=0.012992443397015534 -0.0053122556502832805 0.015229480982336178 0.0076295856050587569 -0.03051503953501206 0.024943108264128409 0.02899889196822851 -0.001477393095909451 -0.018937675242771117 -0.010319153297270093 0.022988920029189737 0.010484851342156654 -0.0084706980782673219 -0.018230009164641636 -0.016733417765576842 0.0071973883141469019 0.0085746726455284417
leaf_weight=2.7531706504523745 3.622281111776827 4.9170728623867026 4.9553934633731842 3.6094202771782875 4.8713641762733451 1.0673928260803212 13.087394341826441 5.7735718935728064 18.343408968299631 4.2196699641644946 3.5410560742020598 5.7758910208940497 4.388392847031354 3.5062067136168507 23.808210356160998 3.5321303866803646
leaf_count=21 21 30 29 19 32 9 86 39 115 27 18 38 27 22 181 27
internal_value=0 -0.000311999 -0.00751422 -0.0178912 0.000594461 -0.000188454 -0.00332103 -0.00408825 -0.00190068 0.00448779 -0.00695292 0.00295438 0.00459976 0.00727629 0.00412552 -0.00627655
internal_weight=0 109.019 12.1871 7.2317 96.8318 91.9147 46.0325 44.9651 39.1915 17.3071 21.8845 45.8822 40.1063 32.1858 27.3144 7.92052
internal_count=741 720 69 40 651 621 294 285 246 113 133 327 289 235 203 54
is_linear=0
shrinkage=0.03


Tree=182
num_leaves=21
num_cat=0
split_feature=5 5 17 18 22 3 28 13 28 10 10 14 10 14 11 26 9 14 23 14
split_gain=0.533532 1.43738 1.20592 1.4193 1.15087 0.969779 1.1365 1.85145 1.91382 2.26558 2.47681 1.31728 3.23729 2.28006 1.6966 1.29755 0.99001 2.1837 2.14062 0.432551
threshold=93663.47509333551 59872.501892644454 17.650000572204593 -0.018964699237889345 48.366912455566151 670.29500000000019 0.92724138255833422 0.00059094366620748861 0.78397592194166377 -0.00019738518324108331 0.0029174652871473143 0.86892287380103628 0.0034826063467824357 0.84312925755878954 0.0099521177787987875 2.7967857142857127 0.96063628800708134 0.71288621044139366 2.2859219471067154 0.9413765724206361
decision_type=2 2 2 2 2 2 2 2 2 2 2 2 2 2 2 2 2 2 2 2
left_child=1 5 3 -2 -4 6 7 8 -1 -10 -11 13 -13 16 -14 -9 18 -18 -8 -17
right_child=2 -3 4 -5 -6 -7 11 15 9 10 -12 12 14 -15 -16 19 17 -19 -20 -21
leaf_value=-0.015941622508500872 0.026925664808240563 -0.015554583075661278 0.0079439079183654497 0.001037613856649936 -0.020796726308183307 -0.012486835639373488 -0.00062103026420974963 0.00048547278883699798 0.019501897118454205 -0.025065021534050699 0.010644921066580795 0.014598994233447449 -0.035471274260770902 0.027268474633973042 -0.0079202543355378994 0.032569190693406809 -0.00069391742946189568 -0.023387221935248316 0.024098070487591772 0.016854722109337406
leaf_weight=4.7587034627795282 3.6259023174643517 5.5539278462529174 2.6620937399566174 4.0181191340088827 2.3705523088574409 5.1591211333870879 16.214218080043796 2.9575815796852094 6.1824244521558311 3.1684977784752801 3.8993274345993996 3.2663511522114268 3.7755542621016485 2.7512183934450141 4.3056920692324638 3.0962745025753975 21.991744948551062 4.6175732240080825 3.9140551947057238 3.2116389870643616
leaf_count=26 28 36 25 27 16 31 107 17 39 19 27 22 21 17 26 21 166 25 26 19
internal_value=0 -0.000727786 0.00580963 0.0133175 -0.00559394 0.000155102 0.00089532 0.00598389 0.00037743 0.00623827 -0.0053638 -0.00138601 -0.0106049 0.000727852 -0.0207921 0.0168809 -0.000834468 -0.00463194 0.00418574 0.0245683
internal_weight=0 98.8239 12.6767 7.64402 5.03265 93.27 88.1109 27.2744 18.009 13.2502 7.06783 60.8364 11.3476 49.4888 8.08125 9.2655 46.7376 26.6093 20.1283 6.30791
internal_count=741 645 96 55 41 609 578 168 111 85 46 410 69 341 47 57 324 191 133 40
is_linear=0
shrinkage=0.03


Tree=183
num_leaves=23
num_cat=0
split_feature=25 22 25 15 9 10 13 17 28 18 18 18 6 4 15 23 17 12 15 18 11 23
split_gain=0.521467 1.32444 1.19929 0.877609 1.78711 1.33039 2.85356 3.47916 2.71404 2.44024 1.78744 1.55861 1.28424 1.25862 1.69663 1.60643 1.41966 1.34672 1.21937 0.820482 0.664403 0.454561
threshold=-1.1436780080407123 36.694640986091962 -0.9028449274953716 -0.0019133450736111693 1.1074864842424803 -0.00032927393860177062 0.0042859345960878379 16.73499965667725 0.93532722186614659 0.041460897504214229 0.017910549204087415 0.016631976690828058 10905.898030416214 1807839.5000000002 0.0022136529069867205 0.66659258983318648 16.644999504089359 0.010754220970002339 1.8830392554102645e-05 0.0089505371773547244 -0.015811964979701828 0.3372223534208843
decision_type=2 2 2 2 2 2 2 2 2 2 2 2 2 2 2 2 2 2 2 2 2 2
left_child=1 20 -2 4 -4 6 7 8 11 13 -9 -5 -10 17 16 -16 -15 -7 -12 -8 -1 -3
right_child=2 21 3 5 -6 9 19 10 12 -11 18 -13 -14 14 15 -17 -18 -19 -20 -21 -22 -23
leaf_value=0.01659993050057252 0.017980010036911225 -0.024689604962942462 -0.025526322635178008 0.020583763078419057 0.0024088172575850333 -0.024799914594224617 0.014650707404565862 -0.0028308849669526361 -0.036117153125119199 -0.021354402286092217 0.035513218668200799 -0.0082857323891959798 -0.010064752293398354 0.010913618487128881 0.012522652469927315 -0.013256090363992746 -0.0014267064971461828 0.00015582379555069395 0.0087308336175839791 0.037313178836809437 -0.0056651899998745635 -0.0077734286283989941
leaf_weight=2.3645603936165571 3.4818800352513781 2.8144455328583717 3.5156844183802587 3.1902668811380845 4.9813892170786858 3.4760627523064676 3.1321351695805779 3.2110871560871583 3.0080570429563522 5.1526397541165343 3.7679913863539696 3.5625387132167816 3.9248472675681114 19.38004544377327 2.816328138113021 9.5631060786545259 14.7958219461143 4.4218376949429512 2.5758723616600037 2.6578882969915867 2.4622678346931917 2.9056094996631145
leaf_count=23 27 21 21 21 30 19 25 21 17 33 25 20 23 124 19 62 104 26 20 21 20 19
internal_value=0 -0.00633095 0.000680685 6.05687e-05 -0.00914941 0.000943477 0.00620996 0.00151533 -0.0081834 -0.00162153 0.015407 0.00535325 -0.0213684 0.00024569 0.00212426 -0.00739141 0.0055711 -0.0108278 0.0246385 0.0250538 0.00524202 -0.0160967
internal_weight=0 10.5469 100.615 97.1336 8.49707 88.6365 29.0307 23.2407 13.6857 59.6058 9.55495 6.75281 6.9329 54.4532 46.5553 12.3794 34.1759 7.8979 6.34386 5.79002 4.82683 5.72006
internal_count=741 83 658 631 51 580 193 147 81 387 66 41 40 354 309 81 228 45 45 46 43 40
is_linear=0
shrinkage=0.03


Tree=184
num_leaves=20
num_cat=0
split_feature=5 5 14 15 15 3 28 13 28 10 10 14 10 14 11 26 28 23 14
split_gain=0.521727 1.35046 1.27408 1.92662 2.22483 0.92285 1.06269 1.75125 1.82742 2.10908 2.3053 1.24565 3.0631 2.15252 1.64304 1.23134 0.965895 1.25352 0.418861
threshold=93663.47509333551 59872.501892644454 0.96968805608878605 -0.00036763694106619677 0.0016379047453215915 670.29500000000019 0.92724138255833422 0.00059094366620748861 0.78397592194166377 -0.00019738518324108331 0.0029174652871473143 0.86892287380103628 0.0034826063467824357 0.84312925755878954 0.0099521177787987875 2.7967857142857127 0.95627876768328612 0.45010399219131619 0.9413765724206361
decision_type=2 2 2 2 2 2 2 2 2 2 2 2 2 2 2 2 2 2 2
left_child=1 5 3 -2 -5 6 7 8 -1 -10 -11 13 -13 16 -14 -9 -8 -18 -17
right_child=2 -3 -4 4 -6 -7 11 15 9 10 -12 12 14 -15 -16 18 17 -19 -20
leaf_value=-0.015666653705750683 -0.019512364915715216 -0.01512670098672377 0.025350097285437793 0.027618121794289539 -0.0057504948678790396 -0.012212330835552244 0.013700690509384871 0.00047931250200593446 0.018955430136705618 -0.024192361608188301 0.010352182247691738 0.014296625667414185 -0.034844629392695947 0.026688426355914011 -0.0076427767487474377 0.032041972819306118 0.0042996310278776602 -0.0062289244327399917 0.016464685936866633
leaf_weight=4.7221999019384446 2.9094216935336581 5.5275603383779517 2.4158945493400088 3.2907613776624194 3.9651209264993668 5.143083229660987 3.795277949422597 2.9410049244761449 6.1265775561332729 3.1497361287474588 3.8808861523866653 3.2369595170021048 3.7295124381780607 2.713071569800376 4.3055741265416145 3.0235279574990273 16.763454983010888 25.904444398358464 3.1954798735678196
leaf_count=26 22 36 17 30 27 31 26 17 39 19 27 22 21 17 26 21 135 163 19
internal_value=0 -0.000721802 0.00576707 0.00111296 0.00938318 0.000137782 0.0008638 0.00580741 0.000342681 0.00608853 -0.00512386 -0.00134755 -0.0103426 0.000714275 -0.0202686 0.016474 -0.000802404 -0.00209244 0.024038
internal_weight=0 98.1584 12.5812 10.1653 7.25588 92.6308 87.4877 27.0394 17.8794 13.1572 7.03062 60.4483 11.272 49.1762 8.03509 9.16001 46.4632 42.6679 6.21901
internal_count=741 645 96 79 57 609 578 168 111 85 46 410 69 341 47 57 324 298 40
is_linear=0
shrinkage=0.03


Tree=185
num_leaves=17
num_cat=0
split_feature=14 22 22 22 13 17 17 9 25 11 25 25 9 15 14 11
split_gain=0.52165 0.648325 1.64396 2.16479 2.14032 1.45422 1.21406 1.1584 1.4491 1.92918 1.88931 1.87459 1.08696 1.2053 1.07047 0.613876
threshold=0.14395901006375347 48.366912455566151 44.963473876703425 42.888129274641933 0.0031622491443474847 19.664999961853031 18.800000190734867 1.7758022386696939 -0.23459296340130845 -0.0025741651062375355 -0.51781528333699522 0.090049450630203878 1.5315935498708926 0.00012735849281026631 0.70915180140676437 -0.0097350081168694463
decision_type=2 2 2 2 2 2 2 2 2 2 2 2 2 2 2 2
left_child=-1 2 3 4 15 -4 7 8 10 11 -3 -10 13 -11 -12 -2
right_child=1 6 5 -5 -6 -7 -8 -9 9 12 14 -13 -14 -15 -16 -17
leaf_value=-0.010166678478169032 0.0098008481194942002 0.0045221954594557422 0.026340387237797663 -0.018569563321958905 -0.0065549344549364064 0.00049409429847545761 -0.019736954090075708 0.016198236034559225 0.031525119996870486 0.0033020201548438579 -0.031357460571436534 0.00017035199209885615 -0.017268617665543658 -0.0060247642202945787 -0.0081734308134817184 0.032538782635768988
leaf_weight=4.3499821685254565 1.9341261778026808 4.5623809546232224 4.7841640301048738 4.4198431037366381 4.9315556269139051 3.3179329186677933 2.928443767130374 3.7546555362641802 3.4480075240135113 36.644408080726869 3.7135883718729001 3.4165264517068863 3.432082585990428 18.902886893600225 3.4646961018443108 2.3879892919212606
leaf_count=36 20 31 35 32 39 23 20 24 20 229 22 21 20 123 24 22
internal_value=0 0.000433102 0.00504757 -0.00129756 0.00695209 0.0157559 -0.000759322 -7.60728e-05 -0.000863657 0.000867638 -0.0105731 0.0159196 -0.000884244 0.000128092 -0.0201674 0.0223637
internal_weight=0 106.043 21.7756 13.6735 9.25367 8.1021 84.2677 81.3392 77.5846 65.8439 11.7407 6.86453 58.9794 55.5473 7.17828 4.32212
internal_count=741 705 171 113 81 58 534 514 490 413 77 41 372 352 46 42
is_linear=0
shrinkage=0.03


Tree=186
num_leaves=20
num_cat=0
split_feature=9 11 9 9 2 15 11 17 22 5 15 14 12 24 14 2 3 23 10
split_gain=0.520362 0.7832 1.7559 2.65562 2.24909 1.57192 1.70669 1.94363 1.53407 1.2944 3.08015 1.25697 2.04314 1.09984 1.0735 0.980504 2.63182 1.45927 0.70173
threshold=0.42672057136818736 0.010759980494733369 0.8784877071201499 0.97473605250468998 528.52500000000009 0.0018877606126705172 0.007805016156248624 17.820000648498539 66.270661298688097 91376.249085141215 -0.00010241279930989413 0.92088718527062452 0.015427900305586608 0.78875037335225062 0.87332639308535931 458.53500000000003 454.39000000000004 0.45830994383081253 0.0062164900680828925
decision_type=2 2 2 2 2 2 2 2 2 2 2 2 2 2 2 2 2 2 2
left_child=-1 5 13 -4 -5 9 7 8 -7 11 -11 14 -13 -3 15 16 -2 -17 -6
right_child=1 2 3 4 18 6 -8 -9 -10 10 -12 12 -14 -15 -16 17 -18 -19 -20
leaf_value=-0.011118788689462394 -0.00021646144538126281 0.00083188829388382063 -0.02666742743269394 -0.011500936855368868 0.026807881310095406 0.017622381928625815 -0.029403338518159069 -0.026246863628905999 -0.010564096308141615 -0.010170659969693746 0.034153828093875835 -0.024670037424566849 0.0064784169504416437 0.023974623126601369 0.015129897073305547 0.0095462271889807503 0.029770265204100643 -0.0054065485370174797 0.006925216107373614
leaf_weight=3.6524702943861476 11.995803155004976 2.7667366713285464 2.8985241055488578 4.1261116266250593 3.210026066750288 3.6145014185458404 3.2405678257346144 2.6191818080842495 3.3470778204500675 2.5336927101016045 3.1843525338917962 4.5441741421818724 3.2512653172016144 5.5666922032833099 4.5556345358490935 7.234142940491437 3.3753388114273539 31.242388349026442 3.1804382316768169
leaf_count=24 77 19 17 26 22 29 19 20 24 20 29 27 22 39 27 61 21 195 23
internal_value=0 0.000397276 0.00547577 -0.00124271 0.00576472 -0.000906148 -0.0105833 -0.00421762 0.00407052 0.000819089 0.0145134 -0.000363787 -0.0116789 0.0162911 0.0011465 -3.65218e-05 0.0063683 -0.00259521 0.0169126
internal_weight=0 106.487 21.7485 13.4151 10.5166 84.7381 12.8213 9.58076 6.96158 71.9168 5.71805 66.1987 7.79544 8.33343 58.4033 53.8477 15.3711 38.4765 6.39046
internal_count=741 717 146 88 71 571 92 73 53 479 49 430 49 58 381 354 98 256 45
is_linear=0
shrinkage=0.03


Tree=187
num_leaves=19
num_cat=0
split_feature=23 23 23 23 17 23 10 17 6 4 7 3 18 13 4 24 18 10
split_gain=0.508997 1.5168 1.05895 1.24845 1.18823 2.26064 2.24577 2.68729 1.62634 2.28909 1.63372 1.60481 1.52347 1.47234 1.38712 1.21491 1.07593 1.73526
threshold=4.7775015458738617 5.1376170234714786 4.5224867435867973 4.1832608269783131 17.339999198913578 0.45010399219131619 -0.001362596497733348 19.305000305175785 18026.513412191103 25038925.000000004 -7344.7456465557634 604.91000000000008 -0.020643031739272507 -0.015421199818791807 2039072.0000000002 0.76356529643439808 -0.10434422296492717 -0.0015505798896402465
decision_type=2 2 2 2 2 2 2 2 2 2 2 2 2 2 2 2 2 2
left_child=2 -2 3 4 8 15 7 -7 10 -10 -1 -11 -8 -12 -15 16 -6 -18
right_child=1 -3 -4 -5 5 6 12 -9 9 11 13 -13 -14 14 -16 -17 17 -19
leaf_value=-0.016158955041175264 -0.023782575338422277 0.0037750230216114459 0.014986679180169616 -0.013895489812150538 0.013058186799880822 0.020134453707341571 -0.011366405768864498 -0.017670045617089378 0.037840779838787371 -0.012594307890612531 0.021300605441672261 0.016293032670369956 -0.040752349017962299 -0.0071416792311075859 0.0047688048452248196 0.018074856376489038 0.0096846620078250133 -0.01421665062470347
leaf_weight=4.5262795761227528 3.0556151792407027 4.3661003261804581 4.386280331760644 5.5532547086477271 3.7243053130805484 2.9476986788213253 3.1304301209747791 3.9733834005892277 2.7048229202628118 2.7472228780388832 3.5467343479394833 4.6782124191522598 3.2221032753586751 12.615909308195127 29.097170528024435 3.7308021392673245 4.3192537538707239 7.447509147226814
leaf_count=26 18 27 27 36 26 19 21 28 23 20 23 33 20 74 195 30 39 56
internal_value=0 -0.00757079 0.000565526 -8.01654e-05 0.000750031 -0.00386919 -0.0133912 -0.00156906 0.00325526 0.0142124 0.00102574 0.00560545 -0.0262714 0.00274432 0.00116654 0.0027062 -0.000995118 -0.00544314
internal_weight=0 7.42172 102.351 97.9651 92.4118 32.4955 13.2736 6.92108 59.9164 10.1303 49.7861 7.42544 6.35253 45.2598 41.7131 19.2219 15.4911 11.7668
internal_count=741 45 696 669 633 239 88 47 394 76 318 53 41 292 269 151 121 95
is_linear=0
shrinkage=0.03


Tree=188
num_leaves=15
num_cat=0
split_feature=0 5 1 2 9 13 26 26 17 13 15 14 0 4
split_gain=0.518227 1.01278 0.893231 1.44273 1.06149 1.36202 1.24178 1.54906 1.50181 1.38273 1.62461 1.19601 1.01278 0.692748
threshold=441.75500000000005 3431.5226174183067 452.09500000000008 455.87500000000006 1.6448934691421291 -0.0009247988352861779 3.2824999999999913 3.3446428571428464 15.364999771118166 0.0050328120510270144 0.00036853531314893015 0.96968805608878605 679.6400000000001 1469287.5000000002
decision_type=2 2 2 2 2 2 2 2 2 2 2 2 2 2
left_child=1 -1 13 -4 6 -6 8 -8 -5 10 -10 12 -9 -2
right_child=2 -3 3 4 5 -7 7 11 9 -11 -12 -13 -14 -15
leaf_value=0.017026232157415021 0.001759758190583481 -0.0063436523362984691 0.018500070684537986 -0.019906265491625965 -0.00036402213409630202 -0.027188479288119686 0.022368612248637457 0.0016389264134065314 0.00034825865976285508 0.013029197695607611 -0.021305459792300217 0.018653584738899911 -0.016808022551913271 -0.014677619184903052
leaf_weight=4.275788187980651 3.5378785729408246 2.7374443784356117 3.8022610917687407 4.8737656101584461 4.0738226771354675 2.9280312433838835 3.5086172856390467 46.411156043410301 11.293729525059463 4.6361607536673537 4.3078007586300364 3.5291166678071013 2.842665120959281 6.6355507466942072
leaf_count=31 22 20 25 26 34 20 22 333 66 30 28 29 16 39
internal_value=0 0.00790437 -0.000525285 0.000405493 -0.000372748 -0.0115815 0.000591365 0.00306615 -0.00495629 -0.00135594 -0.00563064 0.00178307 0.000574268 -0.00896141
internal_weight=0 7.01323 102.381 92.2071 88.4049 7.00185 81.403 56.2916 25.1115 20.2377 15.6015 52.7829 49.2538 10.1734
internal_count=741 51 690 629 604 54 550 400 150 124 94 378 349 61
is_linear=0
shrinkage=0.03


Tree=189
num_leaves=11
num_cat=0
split_feature=9 13 13 2 1 18 13 23 23 23
split_gain=0.499464 0.762467 0.806008 2.02536 1.67764 0.993106 0.851053 0.971353 1.02593 1.11318
threshold=0.42672057136818736 0.034058664129461132 0.016795098377038079 462.10500000000008 644.98500000000013 -0.089575643507430178 0.01243435287802014 4.7775015458738617 4.5224867435867973 4.1832608269783131
decision_type=2 2 2 2 2 2 2 2 2 2
left_child=-1 2 5 -4 -5 -2 7 8 9 -7
right_child=1 -3 3 4 -6 6 -8 -9 -10 -11
leaf_value=-0.010932248689513424 0.01431335112473185 0.01610697649114393 -0.028288834016288036 0.011708934508726059 -0.016588274304559107 0.00064435581840282077 0.01416910902475242 -0.012020098670801201 0.01457354953929777 -0.013569800493857646
leaf_weight=3.6265070512890807 4.7087834663689128 2.707002278417348 3.0912160351872426 4.7089118584990501 3.1449886560440063 67.689975885674357 3.7402321062982073 6.0647399723529807 4.3662147670984259 5.3506394550204268
leaf_count=24 39 25 18 32 19 461 26 36 27 34
internal_value=0 0.000390794 -2.27916e-05 -0.00771856 0.000377698 0.000893554 0.000168986 -0.000458338 0.000447513 -0.000396912
internal_weight=0 105.573 102.866 10.9451 7.8539 91.9206 87.2118 83.4716 77.4068 73.0406
internal_count=741 717 692 69 51 623 584 558 522 495
is_linear=0
shrinkage=0.03


Tree=190
num_leaves=17
num_cat=0
split_feature=25 22 25 6 24 17 17 17 27 7 0 7 25 12 22 28
split_gain=0.511833 1.29045 1.08911 0.825281 3.15941 1.76762 1.18341 1.2777 0.822094 0.801517 1.53716 1.28397 1.41527 1.8421 1.54053 0.453877
threshold=-1.1436780080407123 36.694640986091962 -0.9028449274953716 18026.513412191103 3.4796577130143738 16.634999275207523 18.420000076293949 16.215000152587894 0.0085475732849359855 -7344.7456465557634 478.67000000000002 -3812.9046652740731 -0.60103271615827969 -0.0027445313314582993 56.34734109272339 1.2932199148364567
decision_type=2 2 2 2 2 2 2 2 2 2 2 2 2 2 2 2
left_child=1 8 -2 9 6 -6 7 -5 -1 10 -4 -11 -13 -14 -15 -3
right_child=2 15 3 4 5 -7 -8 -9 -10 11 -12 12 13 14 -16 -17
leaf_value=0.019638552796526838 0.017388112881889285 -0.023500669029615985 -0.024560342704304097 0.0072270050498387372 0.0070881460970101317 -0.016859689552278418 0.0026426306293243105 0.033806466013638778 -0.0056387110203804719 0.01617845786707086 0.0027670871009284116 0.015924184156850742 -0.020514529548067907 0.0083011871400357259 -0.0038012993786145904 -0.0063648907032322101
leaf_weight=2.0344193950295431 3.3909250423312178 3.1765630915760994 3.6747619509696952 2.5592499300837535 5.1309234127402288 6.0386634543538094 3.4322675429284573 4.4719224907457829 2.6879812944680452 3.9622699171304694 3.7358610108494759 3.9584417343139569 4.7517109587788502 12.284805417060864 41.253000147640705 2.4750948883593082
leaf_count=20 27 23 22 18 31 36 28 37 23 26 23 30 30 87 263 17
internal_value=0 -0.00632431 0.00068096 8.62047e-05 0.00523757 -0.00585888 0.0170829 0.0241319 0.00525078 -0.00142749 -0.010784 -0.000380263 -0.00143428 -0.00261309 -0.00102426 -0.0159962
internal_weight=0 10.3741 98.6448 95.2539 21.633 11.1696 10.4634 7.03117 4.7224 73.6209 7.41062 66.2102 62.248 58.2895 53.5378 5.65166
internal_count=741 83 658 631 150 67 83 55 43 481 45 436 410 380 350 40
is_linear=0
shrinkage=0.03


Tree=191
num_leaves=13
num_cat=0
split_feature=0 2 1 2 4 9 13 7 13 28 28 4
split_gain=0.507054 0.997811 0.823223 1.40184 1.05384 1.13244 1.25922 1.07054 1.21985 2.34462 2.32295 0.655927
threshold=441.75500000000005 426.50500000000005 452.09500000000008 455.87500000000006 1896053.5000000002 1.6448934691421291 -0.0009247988352861779 -187707.834941426 -0.0018471607104061369 1.0335745786901691 1.07527690329671 1469287.5000000002
decision_type=2 2 2 2 2 2 2 2 2 2 2 2
left_child=1 -1 11 -4 -5 7 -7 -6 10 -10 -9 -2
right_child=2 -3 3 4 5 6 -8 8 9 -11 -12 -13
leaf_value=-0.0062174097670128076 0.0018130059445457597 0.017020234288174504 0.018281359038353418 -0.014617395070949168 0.017583909149306579 -0.00044146282575426742 -0.026335048973979886 -0.0073052082442298686 0.010445319213612329 -0.0042920059164664988 0.013422612588410916 -0.014212615413099308
leaf_weight=2.7475949935615054 3.525308854877947 4.2132186517119408 3.7731241062283507 4.450301229953765 3.51792949438095 4.0592253338545561 2.8963330052793017 27.265254195779555 22.870025921612985 16.891852002590895 5.9231388773769131 6.6059058140963316
leaf_count=21 22 30 25 25 31 34 20 181 152 113 48 39
internal_value=0 0.0078478 -0.000521402 0.000375662 -0.000393171 0.000365631 -0.0112237 0.0014198 0.000640305 0.00418453 -0.00360591 -0.00863626
internal_weight=0 6.96081 101.778 91.6472 87.8741 83.4238 6.95556 76.4682 72.9503 39.7619 33.1884 10.1312
internal_count=741 51 690 629 604 579 54 525 494 265 229 61
is_linear=0
shrinkage=0.03


Tree=192
num_leaves=12
num_cat=0
split_feature=14 22 25 25 9 25 6 14 22 15 10
split_gain=0.496172 0.931602 1.09947 1.3467 2.97005 1.70039 2.08851 1.005 0.985529 0.918815 0.895474
threshold=0.14395901006375347 36.07998354924154 -1.1436780080407123 -0.51781528333699522 1.3108063799765037 -0.34873677557745947 168525.78311809481 0.52208469094558552 48.150571517481559 -0.0019133450736111693 -0.00032927393860177062
decision_type=2 2 2 2 2 2 2 2 2 2 2
left_child=-1 -2 -3 4 7 8 9 -4 -5 -7 -11
right_child=1 2 3 5 -6 6 -8 -9 -10 10 -12
leaf_value=-0.0099983453576700677 0.016864479368998462 -0.013309915997425275 0.032819656815605461 -0.0047480152430927356 -0.014348017096871918 -0.011867836932714438 0.023995014180231138 0.01124578759508312 -0.028182356255652481 0.0062383857602201593 -0.0015002711335649467
leaf_weight=4.2788860425353041 3.012736350297927 5.3423553369939318 3.3073947317898256 3.5758092030882827 3.1215133499354115 5.8160233162343493 3.2929663360118857 4.712082352489233 2.9455966129899025 18.299762755632393 50.858220592141159
leaf_count=36 27 38 26 27 26 35 23 35 19 115 334
internal_value=0 0.000424917 -6.41445e-05 0.000673519 0.0104794 -0.000614953 0.000611382 0.0201433 -0.0153329 -0.000415661 0.00054744
internal_weight=0 104.284 101.272 95.9294 11.141 84.7884 78.267 8.01948 6.52141 74.974 69.158
internal_count=741 705 678 640 87 553 507 61 46 484 449
is_linear=0
shrinkage=0.03


Tree=193
num_leaves=14
num_cat=0
split_feature=0 5 1 2 4 9 13 7 13 28 28 24 3
split_gain=0.483471 0.94753 0.777393 1.33701 0.991515 1.05115 1.20066 0.989702 1.15177 2.23258 2.20157 0.616677 0.984273
threshold=441.75500000000005 3431.5226174183067 452.09500000000008 455.87500000000006 1896053.5000000002 1.6448934691421291 -0.0009247988352861779 -187707.834941426 -0.0018471607104061369 1.0335745786901691 1.07527690329671 1.4568776701289694 445.01500000000004
decision_type=2 2 2 2 2 2 2 2 2 2 2 2 2
left_child=1 -1 11 -4 -5 7 -7 -6 10 -10 -9 -2 -13
right_child=2 -3 3 4 5 6 -8 8 9 -11 -12 12 -14
leaf_value=0.016617347639929423 -0.019337546335834285 -0.0061120165457826279 0.017903357509001846 -0.014219789408173698 0.017025683797636259 -0.000331260336049176 -0.025686059950500589 -0.0071055051660832997 0.010185449543203499 -0.0042110293339273535 0.013134457524703515 0.0080730783154418541 -0.014536093079632917
leaf_weight=4.2009424082934848 3.1809138227254135 2.7190752625465393 3.7511405795812598 4.4276103749871245 3.4672327712178221 4.0555600579828024 2.8707293495535842 27.231222074478858 22.814901892095811 16.858379080891609 5.8814236987382165 3.4199537448585033 3.5131403058767319
leaf_count=31 18 20 25 25 31 34 20 181 152 113 48 23 20
internal_value=0 0.00768632 -0.000509234 0.000364453 -0.000386524 0.000349815 -0.01084 0.00136622 0.000620266 0.00406795 -0.00351051 -0.00840111 -0.00338345
internal_weight=0 6.92002 101.472 91.3582 87.6071 83.1794 6.92629 76.2532 72.7859 39.6733 33.1126 10.114 6.93309
internal_count=741 51 690 629 604 579 54 525 494 265 229 61 43
is_linear=0
shrinkage=0.03


Tree=194
num_leaves=20
num_cat=0
split_feature=9 11 9 9 2 15 11 17 22 5 15 0 13 5 13 23 7 15 10
split_gain=0.477319 0.718376 1.59684 2.57462 1.91929 1.4383 1.58313 1.83731 1.43985 1.232 2.86874 1.24853 1.40765 3.18907 2.51142 1.44295 1.4385 1.04682 0.680064
threshold=0.42672057136818736 0.010759980494733369 0.8784877071201499 0.97473605250468998 528.52500000000009 0.0018877606126705172 0.007805016156248624 17.820000648498539 66.270661298688097 91376.249085141215 -0.00010241279930989413 665.32000000000005 0.0067520413530570709 243.08876268120608 -0.0026458258723219825 4.3243625484374215 -150562.62528819428 1.7285124209093905e-05 0.0062164900680828925
decision_type=2 2 2 2 2 2 2 2 2 2 2 2 2 2 2 2 2 2 2
left_child=-1 5 17 -4 -5 9 7 8 -7 11 -11 12 14 -14 16 -16 -2 -3 -6
right_child=1 2 3 4 18 6 -8 -9 -10 10 -12 -13 13 -15 15 -17 -18 -19 -20
leaf_value=-0.010749117389456778 0.016313769233350789 0.024777062113240472 -0.026478951312802073 -0.010155657797911671 0.026101636421977804 0.01744843899811668 -0.028431782877647679 -0.025612224181443752 -0.010152193626077138 -0.0096013631563965848 0.033736493054260457 -0.014635626260924113 0.011187556571882867 -0.024445447546095418 0.015998455268622844 -0.0071287616261991706 -0.0041100475736794654 0.0029518570479101953 0.0063224230100492875
leaf_weight=3.5856145024299613 3.4626734033226887 4.773077532649042 2.8367053270339957 4.1084329970180971 3.1362853348255157 3.5306277479976398 3.2026613354682913 2.5712012052536011 3.2826569490134716 2.4881144016981125 3.0718518104404202 5.0897958427667609 3.8275310099124891 5.5212599262595177 14.372966639697561 2.9215135127305976 29.93714595399797 3.3774024769663811 3.1217330917716026
leaf_count=24 28 39 17 26 22 29 19 20 24 20 29 32 27 36 99 17 191 19 23
internal_value=0 0.000382559 0.00529159 -0.0011541 0.00577587 -0.000876155 -0.0102195 -0.0040041 0.00415039 0.000787457 0.0143426 -0.000369654 0.000839659 -0.00985678 0.00281224 0.0120916 -0.00199264 0.0157331 0.016235
internal_weight=0 104.634 21.3536 13.2032 10.3665 83.28 12.5871 9.38449 6.81328 70.6929 5.55997 65.1329 60.0431 9.34879 50.6943 17.2945 33.3998 8.15048 6.25802
internal_count=741 717 146 88 71 571 92 73 53 479 49 430 398 63 335 116 219 58 45
is_linear=0
shrinkage=0.03


Tree=195
num_leaves=12
num_cat=0
split_feature=14 22 25 25 9 25 6 14 11 15 10
split_gain=0.472359 0.895139 1.04573 1.26481 2.80177 1.61919 1.94736 0.969863 0.968482 0.866899 0.861737
threshold=0.14395901006375347 36.07998354924154 -1.1436780080407123 -0.51781528333699522 1.3108063799765037 -0.34873677557745947 168525.78311809481 0.52208469094558552 -0.0030610436302748174 -0.0019133450736111693 -0.00032927393860177062
decision_type=2 2 2 2 2 2 2 2 2 2 2
left_child=-1 -2 -3 4 7 8 9 -4 -5 -7 -11
right_child=1 2 3 5 -6 6 -8 -9 -10 10 -12
leaf_value=-0.0098011107295006162 0.016651296980924123 -0.013020107235464149 0.032378321761186581 -0.028334296605817402 -0.013872157258332969 -0.011532604720689439 0.023376399672324858 0.010984480295199103 -0.0048874537230251458 0.0061486594063360888 -0.0014592927208422802
leaf_weight=4.2394837550818911 2.9686727132648221 5.3103911019861689 3.2268801964819414 2.7924812659621239 3.1138469651341438 5.7873645499348632 3.2400183267891398 4.6629287041723728 3.6682058423757544 18.230290604755275 50.563662137836225
leaf_count=36 27 38 26 19 26 35 23 35 27 115 334
internal_value=0 0.000415638 -6.34892e-05 0.000658599 0.0102243 -0.000590279 0.000607818 0.0197344 -0.0150218 -0.000381312 0.000556803
internal_weight=0 103.565 100.596 95.2857 11.0037 84.282 77.8213 7.88981 6.46069 74.5813 68.794
internal_count=741 705 678 640 87 553 507 61 46 484 449
is_linear=0
shrinkage=0.03


Tree=196
num_leaves=15
num_cat=0
split_feature=5 5 17 18 22 1 12 10 14 1 17 18 12 12
split_gain=0.464256 1.30286 1.08676 1.30257 0.989973 0.868039 0.957888 1.74412 1.36388 1.03539 1.20599 0.909561 3.70957 1.87282
threshold=93663.47509333551 59872.501892644454 17.650000572204593 -0.018964699237889345 48.366912455566151 673.1450000000001 0.020986970526404417 0.0058284716859003946 0.9619922305655294 647.16500000000008 16.150000572204593 0.01019528549772686 0.017038723101741263 0.01767061478728094
decision_type=2 2 2 2 2 2 2 2 2 2 2 2 2 2
left_child=1 5 3 -2 -4 6 8 -8 9 11 -11 13 -13 -1
right_child=2 -3 4 -5 -6 -7 7 -9 -10 10 -12 12 -14 -15
leaf_value=0.00013753421297795138 0.026369411982970933 -0.015014256965566471 0.0074055437022651468 0.0009327775356459617 -0.019784683314194595 -0.01238953329122916 0.025722180569782649 -0.0042475320819443741 -0.018442339213757462 0.026926178265282492 0.0022550024980847153 -0.00042116498921958859 -0.032826077161442695 0.02036159381135802
leaf_weight=32.321164775639772 3.4150731414556503 5.3905658274888983 2.5434399880468845 3.8595169000327569 2.29039466381073 4.6953235268592826 3.6790714189410201 3.3290151506662369 3.4827625900506964 2.7903764992952338 4.9405919127166271 26.559743054211143 3.6117421984672538 4.723197352141141
leaf_count=220 28 36 25 27 16 28 25 25 21 20 36 178 23 33
internal_value=0 -0.000687767 0.00554774 0.0128741 -0.00547788 0.000169055 0.000859226 0.0114858 -9.03146e-05 0.0007625 0.0111597 -0.000433354 -0.00430026 0.00271612
internal_weight=0 95.5236 12.1084 7.27459 4.83383 90.133 85.4377 7.00809 78.4296 74.9468 7.73097 67.2158 30.1715 37.0444
internal_count=741 645 96 55 41 609 581 50 531 510 56 454 201 253
is_linear=0
shrinkage=0.03


Tree=197
num_leaves=20
num_cat=0
split_feature=14 14 0 28 10 28 24 24 9 15 15 18 13 10 13 12 17 23 5
split_gain=0.480043 0.88684 1.05424 0.82539 4.01244 2.25187 1.25966 1.01696 1.39751 1.71115 1.94993 1.65054 1.06533 0.974589 1.52705 1.35006 0.781605 0.740395 0.559632
threshold=0.97878959540233235 0.9520818078578136 607.05000000000007 0.89079153505212971 0.0022400950341362473 0.80326510963697384 4.1560611658799234 2.2369293086053292 0.60184115721495368 0.0019192306732312302 -0.0010721908697049318 -0.0046220234074502145 0.0082302951624968496 -0.0055312234480064939 -0.0062492415324080777 0.007567447010559559 16.789999961853031 3.8246438786421781 44063.995021304057
decision_type=2 2 2 2 2 2 2 2 2 2 2 2 2 2 2 2 2 2 2
left_child=1 3 -3 4 5 -1 7 8 12 10 -10 -11 -5 -9 -15 -16 -8 -7 -2
right_child=18 2 -4 6 -6 17 16 13 9 11 -12 -13 -14 14 15 -17 -18 -19 -20
leaf_value=-0.016333396105651155 -0.0025019690857948176 -0.0005127882104079257 -0.022142358208164591 -0.027593494000228536 0.030053811916848455 -0.00061172256352451544 -0.0040220978907158046 -0.0070595814322029641 -0.011996895305768649 -0.0019973154150109552 0.006246183413545766 -0.029213926996431272 -0.0044241047385497499 0.022786219436601144 0.012471561065963423 -0.013062075106805824 -0.024210993594147575 0.019921862150148573 0.015747971868467256
leaf_weight=5.7442444823682326 2.6013179793953887 4.6695570796728116 3.5852052643895149 3.019469626247882 4.6537921056151381 3.1727351881563663 3.8270033448934546 3.6251209005713489 6.3966330196708361 5.5947051681578159 30.020725203678019 3.1258457489311677 4.372445359826088 5.3769599329680213 4.5214654952287647 3.1704885065555573 3.1434544622898102 3.1490935161709785 3.6120835654437542
leaf_count=34 18 29 21 19 30 21 24 26 47 45 225 22 27 34 36 18 19 20 26
internal_value=0 -0.000483507 -0.00990693 0.000353697 0.00638977 -0.00273727 -0.000970843 0.000253179 -0.00179668 0.000183495 0.00304182 -0.011753 -0.0138884 0.00670331 0.0105209 0.00194704 -0.0131266 0.00961668 0.00810741
internal_weight=0 101.169 8.25476 92.9142 16.7199 12.0661 76.1943 69.2239 52.5298 45.1379 36.4174 8.72055 7.39191 16.694 13.0689 7.69195 6.97046 6.32183 6.2134
internal_count=741 697 50 647 105 75 542 499 385 339 272 67 46 114 88 54 43 41 44
is_linear=0
shrinkage=0.03


Tree=198
num_leaves=13
num_cat=0
split_feature=4 4 4 4 26 18 10 2 9 12 26 13
split_gain=0.460513 0.702131 1.10853 1.64771 1.09844 0.871547 1.12536 2.10292 1.03089 0.934987 2.28276 1.60374
threshold=1106759.5000000002 1327648.5000000002 1469287.5000000002 1807839.5000000002 2.4439285714285783 -0.00093166190117571757 -0.0032173966532097471 564.62500000000011 0.90748722423747397 -0.0062354803379549009 4.7789285714285867 0.001840367659393938
decision_type=2 2 2 2 2 2 2 2 2 2 2 2
left_child=-1 -2 -3 -4 -5 9 8 -8 -7 10 -6 -11
right_child=1 2 3 4 5 6 7 -9 -10 11 -12 -13
leaf_value=0.012441338794044196 -0.012709885029810727 0.018727955336415913 -0.017166787044719481 0.0146486259384701 -0.021413306724820072 0.014202347163808207 -0.019706369960509281 -0.0012280562448653191 -0.0017865243710774548 -0.0011633296590833522 0.014543232889718708 0.011310131886576199
leaf_weight=2.617781374603509 3.9469892829656592 2.8214168846607199 4.9744271561503401 4.7242855094373217 4.1151436716318051 4.8777486383914974 8.3056096620857804 16.664101324975491 14.179509773850439 19.936855472624302 2.5887355878949165 17.350081168115139
leaf_count=21 21 18 30 30 29 38 50 107 99 147 25 126
internal_value=0 -0.000298064 0.000189208 -0.00034607 0.000556147 -0.000200256 -0.00318429 -0.00737445 0.00230586 0.00278623 -0.00752851 0.00464073
internal_weight=0 104.485 100.538 97.7165 92.7421 88.0178 44.027 24.9697 19.0573 43.9908 6.70388 37.2869
internal_count=741 720 699 681 651 621 294 157 137 327 54 273
is_linear=0
shrinkage=0.03


Tree=199
num_leaves=21
num_cat=0
split_feature=9 11 9 9 0 13 14 23 24 17 17 11 9 10 10 15 28 24 25 25
split_gain=0.480872 0.681613 1.5199 2.4282 1.81128 1.43449 1.29645 1.54238 1.00661 0.99071 2.20476 2.17984 2.93967 1.87594 1.76879 2.0425 1.39422 1.23577 1.12662 0.921344
threshold=0.42672057136818736 0.010759980494733369 0.8784877071201499 0.97473605250468998 580.42000000000019 0.016795098377038079 0.92088718527062452 3.870492459312914 0.78875037335225062 16.634999275207523 16.73499965667725 8.564285893308822e-05 1.1193590002527609 -0.0012666149487817744 -0.0015505798896402465 -0.0023353549018384576 0.9168811519618808 1.906466765568406 0.48178602692209938 0.42038125624907219
decision_type=2 2 2 2 2 2 2 2 2 2 2 2 2 2 2 2 2 2 2 2
left_child=-1 5 8 -4 19 6 9 -8 -3 11 -11 12 17 -13 15 -12 -16 -2 -15 -5
right_child=1 2 3 4 -6 -7 7 -9 -10 10 14 13 -14 18 16 -17 -18 -19 -20 -21
leaf_value=-0.010837301641988012 -0.027748956503728127 0.00051373096209958457 -0.02589447278506227 0.0074445885166974229 0.021023452707223788 -0.019404813757088586 -0.00029478071538589079 -0.023823920242330387 0.023003343165455506 -0.023930629133213005 -0.0085772343326438166 -0.0026749990806988716 0.017859087522907865 0.023777873099390633 0.013220280846253049 0.013758204545155502 -0.0098056013502189187 -0.0040358236651205004 0.0023510627984076843 -0.015901339504642932
leaf_weight=3.5539122782647601 3.5525152087211627 2.694870665669443 2.7976588979363433 2.9171862527728063 4.1174051128327847 3.5850440040230742 6.1580294370651227 4.2295469120144844 5.3414386436343193 3.6186202615499488 5.1878748834133139 5.2385184429585978 3.6744872815906993 9.4287921674549526 2.8189980052411618 12.718372799456118 14.750205803662537 4.4623324051499367 2.8841028288006791 3.1796982064843178
leaf_count=24 20 19 17 20 30 23 39 28 39 22 37 33 28 66 19 98 112 30 16 21
internal_value=0 0.000386083 0.00520372 -0.00113173 0.0056507 -0.000845919 -7.41099e-07 -0.00987523 0.0154617 0.00150028 -0.00162373 0.00567699 -0.00435994 0.0123616 0.000651652 0.00728709 -0.00611107 -0.0145465 0.018759 -0.00473098
internal_weight=0 103.356 21.0483 13.0119 10.2143 82.3074 78.7224 10.3876 8.03631 68.3348 39.0941 29.2407 11.6893 17.5514 35.4755 17.9062 17.5692 8.01485 12.3129 6.09688
internal_count=741 717 146 88 71 571 548 67 58 481 288 193 78 115 266 135 131 50 82 41
is_linear=0
shrinkage=0.03


end of trees

feature_importances:
vix_change=368
vix_level=304
volatility_surge=262
volume_surge=229
momentum_2d=228
gap_size=222
momentum_acceleration=219
rsi=183
relative_strength=182
volume=157
macd=150
macd_histogram=145
atr=128
buy_pressure=120
momentum_10d=99
momentum_5d=97
macd_signal=93
atr_pct=80
open=74
low=73
high=60
sell_pressure=59
net_pressure=41
close=30
gap_filled=18
vix_spike=6

parameters:
[boosting: gbdt]
[objective: binary]
[metric: binary_logloss]
[tree_learner: serial]
[device_type: cpu]
[data: ]
[valid: ]
[num_iterations: 200]
[learning_rate: 0.03]
[num_leaves: 31]
[num_threads: 0]
[deterministic: 0]
[force_col_wise: 1]
[force_row_wise: 0]
[histogram_pool_size: -1]
[max_depth: 8]
[min_data_in_leaf: 20]
[min_sum_hessian_in_leaf: 0.001]
[bagging_fraction: 1]
[pos_bagging_fraction: 1]
[neg_bagging_fraction: 1]
[bagging_freq: 0]
[bagging_seed: 3]
[feature_fraction: 1]
[feature_fraction_bynode: 1]
[feature_fraction_seed: 2]
[extra_trees: 0]
[extra_seed: 6]
[early_stopping_round: 0]
[first_metric_only: 0]
[max_delta_step: 0]
[lambda_l1: 0]
[lambda_l2: 0]
[linear_lambda: 0]
[min_gain_to_split: 0]
[drop_rate: 0.1]
[max_drop: 50]
[skip_drop: 0.5]
[xgboost_dart_mode: 0]
[uniform_drop: 0]
[drop_seed: 4]
[top_rate: 0.2]
[other_rate: 0.1]
[min_data_per_group: 100]
[max_cat_threshold: 32]
[cat_l2: 10]
[cat_smooth: 10]
[max_cat_to_onehot: 4]
[top_k: 20]
[monotone_constraints: ]
[monotone_constraints_method: basic]
[monotone_penalty: 0]
[feature_contri: ]
[forcedsplits_filename: ]
[refit_decay_rate: 0.9]
[cegb_tradeoff: 1]
[cegb_penalty_split: 0]
[cegb_penalty_feature_lazy: ]
[cegb_penalty_feature_coupled: ]
[path_smooth: 0]
[interaction_constraints: ]
[verbosity: -1]
[saved_feature_importance_type: 0]
[linear_tree: 0]
[max_bin: 255]
[max_bin_by_feature: ]
[min_data_in_bin: 3]
[bin_construct_sample_cnt: 200000]
[data_random_seed: 1]
[is_enable_sparse: 1]
[enable_bundle: 1]
[use_missing: 1]
[zero_as_missing: 0]
[feature_pre_filter: 1]
[pre_partition: 0]
[two_round: 0]
[header: 0]
[label_column: ]
[weight_column: ]
[group_column: ]
[ignore_column: ]
[categorical_feature: ]
[forcedbins_filename: ]
[precise_float_parser: 0]
[parser_config_file: ]
[objective_seed: 5]
[num_class: 1]
[is_unbalance: 0]
[scale_pos_weight: 1]
[sigmoid: 1]
[boost_from_average: 1]
[reg_sqrt: 0]
[alpha: 0.9]
[fair_c: 1]
[poisson_max_delta_step: 0.7]
[tweedie_variance_power: 1.5]
[lambdarank_truncation_level: 30]
[lambdarank_norm: 1]
[label_gain: ]
[eval_at: ]
[multi_error_top_k: 1]
[auc_mu_weights: ]
[num_machines: 1]
[local_listen_port: 12400]
[time_out: 120]
[machine_list_filename: ]
[machines: ]
[gpu_platform_id: -1]
[gpu_device_id: -1]
[gpu_use_dp: 0]
[num_gpu: 1]

end of parameters

pandas_categorical:[]
