INFO:     Will watch for changes in these directories: ['/Users/seanazulay/Desktop/StockBots/LumoTrade/ml-backend']
INFO:     Uvicorn running on http://0.0.0.0:8000 (Press CTRL+C to quit)
INFO:     Started reloader process [44023] using WatchFiles
INFO:     Started server process [44045]
INFO:     Waiting for application startup.
INFO:     Application startup complete.
✅ InstantDB connected for continuous learning
✅ Ultimate Training V2 endpoint registered (80%+ returns optimized)!
============================================================
LumoTrade ML Backend Starting...
============================================================
Version: 3.0.0 ULTIMATE V2
Environment: development
FMP API: ✓ Configured
FRED API: ✓ Configured
InstantDB: ✓ Configured
============================================================
New Model Monitor Endpoints:
  ✓ GET  /api/model/info       - Model metadata
  ✓ GET  /api/model/features   - Feature catalog
  ✓ GET  /api/model/status     - Real-time status
  ✓ GET  /api/backtest/simulate/{ticker}/{timeframe}
============================================================
API Documentation: http://localhost:8000/docs
Model Monitor: http://localhost:3000/model-monitor
============================================================
INFO:     127.0.0.1:56714 - "GET /api/model/status HTTP/1.1" 200 OK
INFO:     127.0.0.1:56727 - "GET /openapi.json HTTP/1.1" 200 OK
INFO:     127.0.0.1:56765 - "GET /api/training/ultimate_v2?universe=%5B%22SPY%22%2C+%22QQQ%22%2C+%22IWM%22%2C+%22DIA%22%2C+%22XLK%22%5D&start_date=2023-11-26&end_date=2025-11-25&interval=1day&horizons=%5B1%2C+5%2C+20%5D HTTP/1.1" 200 OK
/Users/seanazulay/Desktop/StockBots/LumoTrade/ml-backend/src/core/features/news_sentiment.py:193: UserWarning: This pattern is interpreted as a regular expression, and has match groups. To actually get the groups, use str.extract.
  is_macro = text_blob.str.contains(RX_MACRO, regex=True, na=False) if len(text_blob) else pd.Series(False, index=out.index)
/Users/seanazulay/Desktop/StockBots/LumoTrade/ml-backend/src/core/features/news_sentiment.py:194: UserWarning: This pattern is interpreted as a regular expression, and has match groups. To actually get the groups, use str.extract.
  is_earn = text_blob.str.contains(RX_EARN, regex=True, na=False) if len(text_blob) else pd.Series(False, index=out.index)
/Users/seanazulay/Desktop/StockBots/LumoTrade/ml-backend/src/core/features/news_sentiment.py:193: UserWarning: This pattern is interpreted as a regular expression, and has match groups. To actually get the groups, use str.extract.
  is_macro = text_blob.str.contains(RX_MACRO, regex=True, na=False) if len(text_blob) else pd.Series(False, index=out.index)
/Users/seanazulay/Desktop/StockBots/LumoTrade/ml-backend/src/core/features/news_sentiment.py:194: UserWarning: This pattern is interpreted as a regular expression, and has match groups. To actually get the groups, use str.extract.
  is_earn = text_blob.str.contains(RX_EARN, regex=True, na=False) if len(text_blob) else pd.Series(False, index=out.index)
/Users/seanazulay/Desktop/StockBots/LumoTrade/ml-backend/src/core/features/news_sentiment.py:193: UserWarning: This pattern is interpreted as a regular expression, and has match groups. To actually get the groups, use str.extract.
  is_macro = text_blob.str.contains(RX_MACRO, regex=True, na=False) if len(text_blob) else pd.Series(False, index=out.index)
/Users/seanazulay/Desktop/StockBots/LumoTrade/ml-backend/src/core/features/news_sentiment.py:194: UserWarning: This pattern is interpreted as a regular expression, and has match groups. To actually get the groups, use str.extract.
  is_earn = text_blob.str.contains(RX_EARN, regex=True, na=False) if len(text_blob) else pd.Series(False, index=out.index)
/Users/seanazulay/Desktop/StockBots/LumoTrade/ml-backend/src/core/features/news_sentiment.py:193: UserWarning: This pattern is interpreted as a regular expression, and has match groups. To actually get the groups, use str.extract.
  is_macro = text_blob.str.contains(RX_MACRO, regex=True, na=False) if len(text_blob) else pd.Series(False, index=out.index)
/Users/seanazulay/Desktop/StockBots/LumoTrade/ml-backend/src/core/features/news_sentiment.py:194: UserWarning: This pattern is interpreted as a regular expression, and has match groups. To actually get the groups, use str.extract.
  is_earn = text_blob.str.contains(RX_EARN, regex=True, na=False) if len(text_blob) else pd.Series(False, index=out.index)
/Users/seanazulay/Desktop/StockBots/LumoTrade/ml-backend/src/core/features/news_sentiment.py:193: UserWarning: This pattern is interpreted as a regular expression, and has match groups. To actually get the groups, use str.extract.
  is_macro = text_blob.str.contains(RX_MACRO, regex=True, na=False) if len(text_blob) else pd.Series(False, index=out.index)
/Users/seanazulay/Desktop/StockBots/LumoTrade/ml-backend/src/core/features/news_sentiment.py:194: UserWarning: This pattern is interpreted as a regular expression, and has match groups. To actually get the groups, use str.extract.
  is_earn = text_blob.str.contains(RX_EARN, regex=True, na=False) if len(text_blob) else pd.Series(False, index=out.index)
/Users/seanazulay/Desktop/StockBots/LumoTrade/ml-backend/src/core/features/news_sentiment.py:193: UserWarning: This pattern is interpreted as a regular expression, and has match groups. To actually get the groups, use str.extract.
  is_macro = text_blob.str.contains(RX_MACRO, regex=True, na=False) if len(text_blob) else pd.Series(False, index=out.index)
/Users/seanazulay/Desktop/StockBots/LumoTrade/ml-backend/src/core/features/news_sentiment.py:194: UserWarning: This pattern is interpreted as a regular expression, and has match groups. To actually get the groups, use str.extract.
  is_earn = text_blob.str.contains(RX_EARN, regex=True, na=False) if len(text_blob) else pd.Series(False, index=out.index)
/Users/seanazulay/Desktop/StockBots/LumoTrade/ml-backend/src/core/features/news_sentiment.py:193: UserWarning: This pattern is interpreted as a regular expression, and has match groups. To actually get the groups, use str.extract.
  is_macro = text_blob.str.contains(RX_MACRO, regex=True, na=False) if len(text_blob) else pd.Series(False, index=out.index)
/Users/seanazulay/Desktop/StockBots/LumoTrade/ml-backend/src/core/features/news_sentiment.py:194: UserWarning: This pattern is interpreted as a regular expression, and has match groups. To actually get the groups, use str.extract.
  is_earn = text_blob.str.contains(RX_EARN, regex=True, na=False) if len(text_blob) else pd.Series(False, index=out.index)
/Users/seanazulay/Desktop/StockBots/LumoTrade/ml-backend/src/core/features/news_sentiment.py:193: UserWarning: This pattern is interpreted as a regular expression, and has match groups. To actually get the groups, use str.extract.
  is_macro = text_blob.str.contains(RX_MACRO, regex=True, na=False) if len(text_blob) else pd.Series(False, index=out.index)
/Users/seanazulay/Desktop/StockBots/LumoTrade/ml-backend/src/core/features/news_sentiment.py:194: UserWarning: This pattern is interpreted as a regular expression, and has match groups. To actually get the groups, use str.extract.
  is_earn = text_blob.str.contains(RX_EARN, regex=True, na=False) if len(text_blob) else pd.Series(False, index=out.index)
/Users/seanazulay/Desktop/StockBots/LumoTrade/ml-backend/src/core/features/news_sentiment.py:193: UserWarning: This pattern is interpreted as a regular expression, and has match groups. To actually get the groups, use str.extract.
  is_macro = text_blob.str.contains(RX_MACRO, regex=True, na=False) if len(text_blob) else pd.Series(False, index=out.index)
/Users/seanazulay/Desktop/StockBots/LumoTrade/ml-backend/src/core/features/news_sentiment.py:194: UserWarning: This pattern is interpreted as a regular expression, and has match groups. To actually get the groups, use str.extract.
  is_earn = text_blob.str.contains(RX_EARN, regex=True, na=False) if len(text_blob) else pd.Series(False, index=out.index)
/Users/seanazulay/Desktop/StockBots/LumoTrade/ml-backend/src/core/features/news_sentiment.py:193: UserWarning: This pattern is interpreted as a regular expression, and has match groups. To actually get the groups, use str.extract.
  is_macro = text_blob.str.contains(RX_MACRO, regex=True, na=False) if len(text_blob) else pd.Series(False, index=out.index)
/Users/seanazulay/Desktop/StockBots/LumoTrade/ml-backend/src/core/features/news_sentiment.py:194: UserWarning: This pattern is interpreted as a regular expression, and has match groups. To actually get the groups, use str.extract.
  is_earn = text_blob.str.contains(RX_EARN, regex=True, na=False) if len(text_blob) else pd.Series(False, index=out.index)
[5%] Building ULTIMATE dataset with 400+ features
  → Fetching 10,000+ news articles, options data, microstructure
[Panel Builder] Starting pipeline...
  Universe: ['SPY', 'QQQ', 'IWM', 'DIA', 'XLK']
  Date range: 2023-11-26 to 2025-11-25
  Interval: 1day
  Horizons: [1, 5, 20]

[Step 1/6] Fetching shared data sources...
  - Fetching news from FMP (MAXIMUM coverage for superior predictions)...
    📰 Target: 10,000+ articles per ticker
    ⚡ 6-hour batches for real-time intelligence
[FMP] Fetching news: 2023-11-26 to 2025-11-25, tickers=['SPY', 'QQQ', 'IWM', 'DIA', 'XLK']
[FMP] market page 1: 50 articles
[FMP] market page 2: 50 articles
[FMP] market page 3: 50 articles
[FMP] market page 4: 50 articles
[FMP] market page 5: 50 articles
[FMP] market page 6: 50 articles
[FMP] market page 7: 50 articles
[FMP] market page 8: 50 articles
[FMP] market page 9: 50 articles
[FMP] market page 10: 50 articles
[FMP] market page 11: 50 articles
[FMP] market page 12: 50 articles
[FMP] market page 13: 50 articles
[FMP] market page 14: 50 articles
[FMP] market page 15: 36 articles
[FMP] ticker:SPY page 1: 50 articles
[FMP] ticker:SPY page 2: 50 articles
[FMP] ticker:SPY page 3: 50 articles
[FMP] ticker:SPY page 4: 50 articles
[FMP] ticker:SPY page 5: 50 articles
[FMP] ticker:SPY page 6: 50 articles
[FMP] ticker:SPY page 7: 50 articles
[FMP] ticker:SPY page 8: 50 articles
[FMP] ticker:SPY page 9: 43 articles
[FMP] ticker:QQQ page 1: 50 articles
[FMP] ticker:QQQ page 2: 50 articles
[FMP] ticker:QQQ page 3: 44 articles
[FMP] ticker:IWM page 1: 50 articles
[FMP] ticker:IWM page 2: 50 articles
[FMP] ticker:IWM page 3: 50 articles
[FMP] ticker:IWM page 4: 50 articles
[FMP] ticker:IWM page 5: 50 articles
[FMP] Reached start date at page 5
[FMP] ticker:DIA page 1: 50 articles
[FMP] ticker:DIA page 2: 50 articles
[FMP] ticker:DIA page 3: 50 articles
[FMP] ticker:DIA page 4: 50 articles
[FMP] Reached start date at page 4
[FMP] ticker:XLK page 1: 50 articles
[FMP] ticker:XLK page 2: 50 articles
[FMP] ticker:XLK page 3: 50 articles
[FMP] ticker:XLK page 4: 50 articles
[FMP] ticker:XLK page 5: 50 articles
[FMP] Reached start date at page 5
  - Fetching macro data (FRED)...
[FRED] Fetching DGS2...
[FRED] Fetching DGS10...
[FRED] Fetching DGS30...
[FRED] Fetching FEDFUNDS...
[FRED] Fetching MORTGAGE30US...
[FRED] Fetching CPIAUCSL...
[FRED] Fetching CPILFESL...
[FRED] Fetching PCEPI...
[FRED] Fetching PCEPILFE...
[FRED] Fetching UNRATE...
[FRED] Fetching PAYEMS...
[FRED] Fetching ICSA...
[FRED] Fetching CCSA...
[FRED] Fetching INDPRO...
[FRED] Fetching RSXFS...
[FRED] Fetching HOUST...
[FRED] Fetching PERMIT...
[FRED] Fetching MANEMP...
[FRED] Fetching UMCSENT...
[FRED] Fetching BAMLH0A0HYM2...
[FRED] Fetching BAMLC0A4CBBB...
[FRED] Fetching T10Y2Y...
[FRED] Fetching T10Y3M...
[FRED] Fetching VIXCLS...
  - Fetching macro surprises (FMP)...
  - Fetching cross-asset data (Yahoo)...
Fetching ^VIX data from 2023-11-26 to 2025-11-25...
Fetched 514 bars from FMP for ^VIX (daily)
Cached 514 records
Fetching ^VIX3M data from 2023-11-26 to 2025-11-25...
Fetched 502 bars from FMP for ^VIX3M (daily)
Cached 502 records
Fetching DX-Y.NYB data from 2023-11-26 to 2025-11-25...
Fetched 576 bars from FMP for DX-Y.NYB (daily)
Cached 576 records
Fetching GC=F data from 2023-11-26 to 2025-11-25...
Fetched 521 bars from FMP for GC=F (daily)
Cached 521 records
Fetching CL=F data from 2023-11-26 to 2025-11-25...
Fetched 519 bars from FMP for CL=F (daily)
Cached 519 records
Fetching ^TNX data from 2023-11-26 to 2025-11-25...
Fetched 502 bars from FMP for ^TNX (daily)
Cached 502 records
Fetching HYG data from 2023-11-26 to 2025-11-25...
Fetched 502 bars from FMP for HYG (daily)
Cached 502 records
Fetching LQD data from 2023-11-26 to 2025-11-25...
Fetched 502 bars from FMP for LQD (daily)
Cached 502 records
Fetching TLT data from 2023-11-26 to 2025-11-25...
Fetched 502 bars from FMP for TLT (daily)
Cached 502 records
  - Fetching breadth data (Yahoo)...
Fetching XLB data from 2023-11-26 to 2025-11-25...
Fetched 502 bars from FMP for XLB (daily)
Cached 502 records
Fetching XLC data from 2023-11-26 to 2025-11-25...
Fetched 502 bars from FMP for XLC (daily)
Cached 502 records
Fetching XLE data from 2023-11-26 to 2025-11-25...
Fetched 502 bars from FMP for XLE (daily)
Cached 502 records
Fetching XLF data from 2023-11-26 to 2025-11-25...
Fetched 502 bars from FMP for XLF (daily)
Cached 502 records
Fetching XLI data from 2023-11-26 to 2025-11-25...
Fetched 502 bars from FMP for XLI (daily)
Cached 502 records
Fetching XLK data from 2023-11-26 to 2025-11-25...
Fetched 502 bars from FMP for XLK (daily)
Cached 502 records
Fetching XLP data from 2023-11-26 to 2025-11-25...
Fetched 502 bars from FMP for XLP (daily)
Cached 502 records
Fetching XLRE data from 2023-11-26 to 2025-11-25...
Fetched 502 bars from FMP for XLRE (daily)
Cached 502 records
Fetching XLU data from 2023-11-26 to 2025-11-25...
Fetched 502 bars from FMP for XLU (daily)
Cached 502 records
Fetching XLV data from 2023-11-26 to 2025-11-25...
Fetched 502 bars from FMP for XLV (daily)
Cached 502 records
Fetching XLY data from 2023-11-26 to 2025-11-25...
Fetched 502 bars from FMP for XLY (daily)
Cached 502 records

[Step 2/6] Building features for 5 tickers...
  [1/5] Processing SPY...
Fetching SPY data from 2023-11-26 to 2025-11-25...
Fetched 502 bars from FMP for SPY (daily)
Cached 502 records
    ⚠️  Advanced news features failed, using fallback: this event loop is already running.
    ✓ Market microstructure features: 29 features
    ✓ SPY: 502 samples, 291 features
  [2/5] Processing QQQ...
Fetching QQQ data from 2023-11-26 to 2025-11-25...
Fetched 502 bars from FMP for QQQ (daily)
Cached 502 records
    ⚠️  Advanced news features failed, using fallback: this event loop is already running.
    ✓ Market microstructure features: 29 features
    ✓ QQQ: 502 samples, 291 features
  [3/5] Processing IWM...
Fetching IWM data from 2023-11-26 to 2025-11-25...
Fetched 502 bars from FMP for IWM (daily)
Cached 502 records
    ⚠️  Advanced news features failed, using fallback: this event loop is already running.
    ✓ Market microstructure features: 29 features
    ✓ IWM: 502 samples, 291 features
  [4/5] Processing DIA...
Fetching DIA data from 2023-11-26 to 2025-11-25...
Fetched 502 bars from FMP for DIA (daily)
Cached 502 records
    ⚠️  Advanced news features failed, using fallback: this event loop is already running.
    ✓ Market microstructure features: 29 features
    ✓ DIA: 502 samples, 291 features
  [5/5] Processing XLK...
Loading XLK from cache...
    ⚠️  Advanced news features failed, using fallback: this event loop is already running.
    ✓ Market microstructure features: 29 features
    ✓ XLK: 502 samples, 291 features

[Step 3/6] Concatenating panel...
  Panel shape: (2510, 291)

[Step 4/6] Adding ticker dummies...

[Step 5/6] Separating features and targets...
  Features: (2510, 293)
  Targets: (2510, 3)

[Step 6/6] Final cleanup...
  Dropping 36 cols with >50% missing

[Complete] Panel dataset ready:
  Total samples: 2505
  Total features: 257
  Tickers: ['SPY', 'QQQ', 'IWM', 'DIA', 'XLK']
  Date range: 2023-11-27 00:00:00 to 2025-11-24 00:00:00
[30%] Enhanced dataset ready
  → 2,505 samples, 257 features
[32%] Aggressive feature selection for profit
  → Keeping only features that predict profitable trades
  ✅ Profit-focused feature selection: 112/257 features
     Top 5 profit drivers: ['oil_ret10', 'rsi', 'eom', 'pv_pressure', 'hy_ret20']
[35%] Feature selection complete
  → Kept 112/257 features (removed 145)
[36%] Creating regime-aware features
  → Detecting bull/bear/sideways regimes
INFO:     127.0.0.1:56770 - "GET /api/model/status HTTP/1.1" 200 OK
INFO:     127.0.0.1:56770 - "GET /api/model/status HTTP/1.1" 200 OK
INFO:     127.0.0.1:56895 - "GET /api/training/ultimate_v2?universe=%5B%22SPY%22%2C+%22QQQ%22%2C+%22IWM%22%2C+%22DIA%22%2C+%22XLK%22%5D&start_date=2020-11-26&end_date=2025-11-25&interval=1day&horizons=%5B1%2C+5%2C+20%5D HTTP/1.1" 200 OK
/Users/seanazulay/Desktop/StockBots/LumoTrade/ml-backend/src/core/features/news_sentiment.py:193: UserWarning: This pattern is interpreted as a regular expression, and has match groups. To actually get the groups, use str.extract.
  is_macro = text_blob.str.contains(RX_MACRO, regex=True, na=False) if len(text_blob) else pd.Series(False, index=out.index)
/Users/seanazulay/Desktop/StockBots/LumoTrade/ml-backend/src/core/features/news_sentiment.py:194: UserWarning: This pattern is interpreted as a regular expression, and has match groups. To actually get the groups, use str.extract.
  is_earn = text_blob.str.contains(RX_EARN, regex=True, na=False) if len(text_blob) else pd.Series(False, index=out.index)
/Users/seanazulay/Desktop/StockBots/LumoTrade/ml-backend/src/core/features/news_sentiment.py:193: UserWarning: This pattern is interpreted as a regular expression, and has match groups. To actually get the groups, use str.extract.
  is_macro = text_blob.str.contains(RX_MACRO, regex=True, na=False) if len(text_blob) else pd.Series(False, index=out.index)
/Users/seanazulay/Desktop/StockBots/LumoTrade/ml-backend/src/core/features/news_sentiment.py:194: UserWarning: This pattern is interpreted as a regular expression, and has match groups. To actually get the groups, use str.extract.
  is_earn = text_blob.str.contains(RX_EARN, regex=True, na=False) if len(text_blob) else pd.Series(False, index=out.index)
/Users/seanazulay/Desktop/StockBots/LumoTrade/ml-backend/src/core/features/news_sentiment.py:193: UserWarning: This pattern is interpreted as a regular expression, and has match groups. To actually get the groups, use str.extract.
  is_macro = text_blob.str.contains(RX_MACRO, regex=True, na=False) if len(text_blob) else pd.Series(False, index=out.index)
/Users/seanazulay/Desktop/StockBots/LumoTrade/ml-backend/src/core/features/news_sentiment.py:194: UserWarning: This pattern is interpreted as a regular expression, and has match groups. To actually get the groups, use str.extract.
  is_earn = text_blob.str.contains(RX_EARN, regex=True, na=False) if len(text_blob) else pd.Series(False, index=out.index)
/Users/seanazulay/Desktop/StockBots/LumoTrade/ml-backend/src/core/features/news_sentiment.py:193: UserWarning: This pattern is interpreted as a regular expression, and has match groups. To actually get the groups, use str.extract.
  is_macro = text_blob.str.contains(RX_MACRO, regex=True, na=False) if len(text_blob) else pd.Series(False, index=out.index)
/Users/seanazulay/Desktop/StockBots/LumoTrade/ml-backend/src/core/features/news_sentiment.py:194: UserWarning: This pattern is interpreted as a regular expression, and has match groups. To actually get the groups, use str.extract.
  is_earn = text_blob.str.contains(RX_EARN, regex=True, na=False) if len(text_blob) else pd.Series(False, index=out.index)
/Users/seanazulay/Desktop/StockBots/LumoTrade/ml-backend/src/core/features/news_sentiment.py:193: UserWarning: This pattern is interpreted as a regular expression, and has match groups. To actually get the groups, use str.extract.
  is_macro = text_blob.str.contains(RX_MACRO, regex=True, na=False) if len(text_blob) else pd.Series(False, index=out.index)
/Users/seanazulay/Desktop/StockBots/LumoTrade/ml-backend/src/core/features/news_sentiment.py:194: UserWarning: This pattern is interpreted as a regular expression, and has match groups. To actually get the groups, use str.extract.
  is_earn = text_blob.str.contains(RX_EARN, regex=True, na=False) if len(text_blob) else pd.Series(False, index=out.index)
/Users/seanazulay/Desktop/StockBots/LumoTrade/ml-backend/src/core/features/news_sentiment.py:193: UserWarning: This pattern is interpreted as a regular expression, and has match groups. To actually get the groups, use str.extract.
  is_macro = text_blob.str.contains(RX_MACRO, regex=True, na=False) if len(text_blob) else pd.Series(False, index=out.index)
/Users/seanazulay/Desktop/StockBots/LumoTrade/ml-backend/src/core/features/news_sentiment.py:194: UserWarning: This pattern is interpreted as a regular expression, and has match groups. To actually get the groups, use str.extract.
  is_earn = text_blob.str.contains(RX_EARN, regex=True, na=False) if len(text_blob) else pd.Series(False, index=out.index)
/Users/seanazulay/Desktop/StockBots/LumoTrade/ml-backend/src/core/features/news_sentiment.py:193: UserWarning: This pattern is interpreted as a regular expression, and has match groups. To actually get the groups, use str.extract.
  is_macro = text_blob.str.contains(RX_MACRO, regex=True, na=False) if len(text_blob) else pd.Series(False, index=out.index)
/Users/seanazulay/Desktop/StockBots/LumoTrade/ml-backend/src/core/features/news_sentiment.py:194: UserWarning: This pattern is interpreted as a regular expression, and has match groups. To actually get the groups, use str.extract.
  is_earn = text_blob.str.contains(RX_EARN, regex=True, na=False) if len(text_blob) else pd.Series(False, index=out.index)
/Users/seanazulay/Desktop/StockBots/LumoTrade/ml-backend/src/core/features/news_sentiment.py:193: UserWarning: This pattern is interpreted as a regular expression, and has match groups. To actually get the groups, use str.extract.
  is_macro = text_blob.str.contains(RX_MACRO, regex=True, na=False) if len(text_blob) else pd.Series(False, index=out.index)
/Users/seanazulay/Desktop/StockBots/LumoTrade/ml-backend/src/core/features/news_sentiment.py:194: UserWarning: This pattern is interpreted as a regular expression, and has match groups. To actually get the groups, use str.extract.
  is_earn = text_blob.str.contains(RX_EARN, regex=True, na=False) if len(text_blob) else pd.Series(False, index=out.index)
/Users/seanazulay/Desktop/StockBots/LumoTrade/ml-backend/src/core/features/news_sentiment.py:193: UserWarning: This pattern is interpreted as a regular expression, and has match groups. To actually get the groups, use str.extract.
  is_macro = text_blob.str.contains(RX_MACRO, regex=True, na=False) if len(text_blob) else pd.Series(False, index=out.index)
/Users/seanazulay/Desktop/StockBots/LumoTrade/ml-backend/src/core/features/news_sentiment.py:194: UserWarning: This pattern is interpreted as a regular expression, and has match groups. To actually get the groups, use str.extract.
  is_earn = text_blob.str.contains(RX_EARN, regex=True, na=False) if len(text_blob) else pd.Series(False, index=out.index)
/Users/seanazulay/Desktop/StockBots/LumoTrade/ml-backend/src/core/features/news_sentiment.py:193: UserWarning: This pattern is interpreted as a regular expression, and has match groups. To actually get the groups, use str.extract.
  is_macro = text_blob.str.contains(RX_MACRO, regex=True, na=False) if len(text_blob) else pd.Series(False, index=out.index)
/Users/seanazulay/Desktop/StockBots/LumoTrade/ml-backend/src/core/features/news_sentiment.py:194: UserWarning: This pattern is interpreted as a regular expression, and has match groups. To actually get the groups, use str.extract.
  is_earn = text_blob.str.contains(RX_EARN, regex=True, na=False) if len(text_blob) else pd.Series(False, index=out.index)
[5%] Building ULTIMATE dataset with 400+ features
  → Fetching 10,000+ news articles, options data, microstructure
[Panel Builder] Starting pipeline...
  Universe: ['SPY', 'QQQ', 'IWM', 'DIA', 'XLK']
  Date range: 2020-11-26 to 2025-11-25
  Interval: 1day
  Horizons: [1, 5, 20]

[Step 1/6] Fetching shared data sources...
  - Fetching news from FMP (MAXIMUM coverage for superior predictions)...
    📰 Target: 10,000+ articles per ticker
    ⚡ 6-hour batches for real-time intelligence
[FMP] Fetching news: 2020-11-26 to 2025-11-25, tickers=['SPY', 'QQQ', 'IWM', 'DIA', 'XLK']
[FMP] market page 1: 50 articles
[FMP] market page 2: 50 articles
[FMP] market page 3: 50 articles
[FMP] market page 4: 50 articles
[FMP] market page 5: 50 articles
[FMP] market page 6: 50 articles
[FMP] market page 7: 50 articles
[FMP] market page 8: 50 articles
[FMP] market page 9: 50 articles
[FMP] market page 10: 50 articles
[FMP] market page 11: 50 articles
[FMP] market page 12: 50 articles
[FMP] market page 13: 50 articles
[FMP] market page 14: 50 articles
[FMP] market page 15: 36 articles
[FMP] ticker:SPY page 1: 50 articles
[FMP] ticker:SPY page 2: 50 articles
[FMP] ticker:SPY page 3: 50 articles
[FMP] ticker:SPY page 4: 50 articles
[FMP] ticker:SPY page 5: 50 articles
[FMP] ticker:SPY page 6: 50 articles
[FMP] ticker:SPY page 7: 50 articles
[FMP] ticker:SPY page 8: 50 articles
[FMP] ticker:SPY page 9: 43 articles
[FMP] ticker:QQQ page 1: 50 articles
[FMP] ticker:QQQ page 2: 50 articles
[FMP] ticker:QQQ page 3: 44 articles
[FMP] ticker:IWM page 1: 50 articles
[FMP] ticker:IWM page 2: 50 articles
[FMP] ticker:IWM page 3: 50 articles
[FMP] ticker:IWM page 4: 50 articles
[FMP] ticker:IWM page 5: 50 articles
[FMP] ticker:IWM page 6: 50 articles
[FMP] ticker:IWM page 7: 50 articles
[FMP] ticker:IWM page 8: 50 articles
[FMP] ticker:IWM page 9: 50 articles
[FMP] ticker:IWM page 10: 50 articles
[FMP] ticker:IWM page 11: 50 articles
[FMP] ticker:IWM page 12: 50 articles
[FMP] ticker:IWM page 13: 50 articles
[FMP] ticker:IWM page 14: 50 articles
[FMP] ticker:IWM page 15: 50 articles
[FMP] Reached start date at page 15
[FMP] ticker:DIA page 1: 50 articles
[FMP] ticker:DIA page 2: 50 articles
[FMP] ticker:DIA page 3: 50 articles
[FMP] ticker:DIA page 4: 50 articles
[FMP] ticker:DIA page 5: 50 articles
[FMP] ticker:DIA page 6: 50 articles
[FMP] ticker:DIA page 7: 50 articles
[FMP] ticker:DIA page 8: 50 articles
[FMP] ticker:DIA page 9: 50 articles
[FMP] ticker:DIA page 10: 50 articles
[FMP] ticker:DIA page 11: 50 articles
[FMP] ticker:DIA page 12: 50 articles
[FMP] ticker:DIA page 13: 50 articles
[FMP] ticker:DIA page 14: 50 articles
[FMP] ticker:DIA page 15: 50 articles
[FMP] ticker:DIA page 16: 50 articles
[FMP] ticker:DIA page 17: 50 articles
[FMP] ticker:DIA page 18: 50 articles
[FMP] ticker:DIA page 19: 50 articles
[FMP] Reached start date at page 19
[FMP] ticker:XLK page 1: 50 articles
[FMP] ticker:XLK page 2: 50 articles
[FMP] ticker:XLK page 3: 50 articles
[FMP] ticker:XLK page 4: 50 articles
[FMP] ticker:XLK page 5: 50 articles
[FMP] ticker:XLK page 6: 50 articles
[FMP] ticker:XLK page 7: 50 articles
[FMP] ticker:XLK page 8: 50 articles
[FMP] ticker:XLK page 9: 50 articles
[FMP] ticker:XLK page 10: 50 articles
[FMP] ticker:XLK page 11: 50 articles
[FMP] ticker:XLK page 12: 33 articles
  - Fetching macro data (FRED)...
[FRED] Fetching DGS2...
[FRED] Fetching DGS10...
[FRED] Fetching DGS30...
[FRED] Fetching FEDFUNDS...
[FRED] Fetching MORTGAGE30US...
[FRED] Fetching CPIAUCSL...
[FRED] Fetching CPILFESL...
[FRED] Fetching PCEPI...
[FRED] Fetching PCEPILFE...
[FRED] Fetching UNRATE...
[FRED] Fetching PAYEMS...
[FRED] Fetching ICSA...
[FRED] Fetching CCSA...
[FRED] Fetching INDPRO...
[FRED] Fetching RSXFS...
[FRED] Fetching HOUST...
[FRED] Fetching PERMIT...
[FRED] Fetching MANEMP...
[FRED] Fetching UMCSENT...
[FRED] Fetching BAMLH0A0HYM2...
[FRED] Fetching BAMLC0A4CBBB...
[FRED] Fetching T10Y2Y...
[FRED] Fetching T10Y3M...
[FRED] Fetching VIXCLS...
  - Fetching macro surprises (FMP)...
  - Fetching cross-asset data (Yahoo)...
Fetching ^VIX data from 2020-11-26 to 2025-11-25...
Fetched 1278 bars from FMP for ^VIX (daily)
Cached 1278 records
Fetching ^VIX3M data from 2020-11-26 to 2025-11-25...
Fetched 1255 bars from FMP for ^VIX3M (daily)
Cached 1255 records
Fetching DX-Y.NYB data from 2020-11-26 to 2025-11-25...
Fetched 1338 bars from FMP for DX-Y.NYB (daily)
Cached 1338 records
Fetching GC=F data from 2020-11-26 to 2025-11-25...
Fetched 1295 bars from FMP for GC=F (daily)
Cached 1295 records
Fetching CL=F data from 2020-11-26 to 2025-11-25...
Fetched 1273 bars from FMP for CL=F (daily)
Cached 1273 records
Fetching ^TNX data from 2020-11-26 to 2025-11-25...
Fetched 1255 bars from FMP for ^TNX (daily)
Cached 1255 records
Fetching HYG data from 2020-11-26 to 2025-11-25...
Fetched 1255 bars from FMP for HYG (daily)
Cached 1255 records
Fetching LQD data from 2020-11-26 to 2025-11-25...
Fetched 1255 bars from FMP for LQD (daily)
Cached 1255 records
Fetching TLT data from 2020-11-26 to 2025-11-25...
Fetched 1255 bars from FMP for TLT (daily)
Cached 1255 records
  - Fetching breadth data (Yahoo)...
Fetching XLB data from 2020-11-26 to 2025-11-25...
Fetched 1255 bars from FMP for XLB (daily)
Cached 1255 records
Fetching XLC data from 2020-11-26 to 2025-11-25...
Fetched 1255 bars from FMP for XLC (daily)
Cached 1255 records
Fetching XLE data from 2020-11-26 to 2025-11-25...
Fetched 1255 bars from FMP for XLE (daily)
Cached 1255 records
Fetching XLF data from 2020-11-26 to 2025-11-25...
Fetched 1255 bars from FMP for XLF (daily)
Cached 1255 records
Fetching XLI data from 2020-11-26 to 2025-11-25...
Fetched 1255 bars from FMP for XLI (daily)
Cached 1255 records
Fetching XLK data from 2020-11-26 to 2025-11-25...
Fetched 1255 bars from FMP for XLK (daily)
Cached 1255 records
Fetching XLP data from 2020-11-26 to 2025-11-25...
Fetched 1255 bars from FMP for XLP (daily)
Cached 1255 records
Fetching XLRE data from 2020-11-26 to 2025-11-25...
Fetched 1255 bars from FMP for XLRE (daily)
Cached 1255 records
Fetching XLU data from 2020-11-26 to 2025-11-25...
Fetched 1255 bars from FMP for XLU (daily)
Cached 1255 records
Fetching XLV data from 2020-11-26 to 2025-11-25...
Fetched 1255 bars from FMP for XLV (daily)
Cached 1255 records
Fetching XLY data from 2020-11-26 to 2025-11-25...
Fetched 1255 bars from FMP for XLY (daily)
Cached 1255 records

[Step 2/6] Building features for 5 tickers...
  [1/5] Processing SPY...
Loading SPY from cache...
    ⚠️  Advanced news features failed, using fallback: this event loop is already running.
    ✓ Market microstructure features: 29 features
    ✓ SPY: 1254 samples, 291 features
  [2/5] Processing QQQ...
Loading QQQ from cache...
    ⚠️  Advanced news features failed, using fallback: this event loop is already running.
    ✓ Market microstructure features: 29 features
    ✓ QQQ: 1254 samples, 291 features
  [3/5] Processing IWM...
Fetching IWM data from 2020-11-26 to 2025-11-25...
Fetched 1255 bars from FMP for IWM (daily)
Cached 1255 records
    ⚠️  Advanced news features failed, using fallback: this event loop is already running.
    ✓ Market microstructure features: 29 features
    ✓ IWM: 1255 samples, 291 features
  [4/5] Processing DIA...
Fetching DIA data from 2020-11-26 to 2025-11-25...
Fetched 1255 bars from FMP for DIA (daily)
Cached 1255 records
    ⚠️  Advanced news features failed, using fallback: this event loop is already running.
    ✓ Market microstructure features: 29 features
    ✓ DIA: 1255 samples, 291 features
  [5/5] Processing XLK...
Loading XLK from cache...
    ⚠️  Advanced news features failed, using fallback: this event loop is already running.
    ✓ Market microstructure features: 29 features
    ✓ XLK: 1255 samples, 291 features

[Step 3/6] Concatenating panel...
  Panel shape: (6273, 291)

[Step 4/6] Adding ticker dummies...

[Step 5/6] Separating features and targets...
  Features: (6273, 293)
  Targets: (6273, 3)

[Step 6/6] Final cleanup...
  Dropping 29 cols with >50% missing

[Complete] Panel dataset ready:
  Total samples: 6268
  Total features: 264
  Tickers: ['SPY', 'QQQ', 'IWM', 'DIA', 'XLK']
  Date range: 2020-11-27 00:00:00 to 2025-11-24 00:00:00
[30%] Enhanced dataset ready
  → 6,268 samples, 264 features
[32%] Aggressive feature selection for profit
  → Keeping only features that predict profitable trades
  ✅ Profit-focused feature selection: 99/264 features
     Top 5 profit drivers: ['dxy_x_treasury', 'treasury_ret10', 'oil_ret10', 'hy_ret10', 'dxy_x_oil']
[35%] Feature selection complete
  → Kept 99/264 features (removed 165)
[36%] Creating regime-aware features
  → Detecting bull/bear/sideways regimes
[40%] Created 3 folds
  → Walk-forward validation (train: 627, test: 188)
[40%] Training fold 1/3 (V2 ULTIMATE MODE)
  → Specialized ensemble + high-confidence strategy
INFO:     127.0.0.1:56944 - "GET /api/model/status HTTP/1.1" 200 OK
INFO:     127.0.0.1:57032 - "GET /api/model/status HTTP/1.1" 200 OK
INFO:     127.0.0.1:57054 - "GET /api/training/ultimate_v2?universe=%5B%22SPY%22%2C+%22QQQ%22%2C+%22IWM%22%2C+%22DIA%22%2C+%22XLK%22%5D&start_date=2020-11-26&end_date=2025-11-25&interval=1day&horizons=%5B1%2C+5%2C+20%5D HTTP/1.1" 200 OK
/Users/seanazulay/Desktop/StockBots/LumoTrade/ml-backend/src/core/features/news_sentiment.py:193: UserWarning: This pattern is interpreted as a regular expression, and has match groups. To actually get the groups, use str.extract.
  is_macro = text_blob.str.contains(RX_MACRO, regex=True, na=False) if len(text_blob) else pd.Series(False, index=out.index)
/Users/seanazulay/Desktop/StockBots/LumoTrade/ml-backend/src/core/features/news_sentiment.py:194: UserWarning: This pattern is interpreted as a regular expression, and has match groups. To actually get the groups, use str.extract.
  is_earn = text_blob.str.contains(RX_EARN, regex=True, na=False) if len(text_blob) else pd.Series(False, index=out.index)
/Users/seanazulay/Desktop/StockBots/LumoTrade/ml-backend/src/core/features/news_sentiment.py:193: UserWarning: This pattern is interpreted as a regular expression, and has match groups. To actually get the groups, use str.extract.
  is_macro = text_blob.str.contains(RX_MACRO, regex=True, na=False) if len(text_blob) else pd.Series(False, index=out.index)
/Users/seanazulay/Desktop/StockBots/LumoTrade/ml-backend/src/core/features/news_sentiment.py:194: UserWarning: This pattern is interpreted as a regular expression, and has match groups. To actually get the groups, use str.extract.
  is_earn = text_blob.str.contains(RX_EARN, regex=True, na=False) if len(text_blob) else pd.Series(False, index=out.index)
/Users/seanazulay/Desktop/StockBots/LumoTrade/ml-backend/src/core/features/news_sentiment.py:193: UserWarning: This pattern is interpreted as a regular expression, and has match groups. To actually get the groups, use str.extract.
  is_macro = text_blob.str.contains(RX_MACRO, regex=True, na=False) if len(text_blob) else pd.Series(False, index=out.index)
/Users/seanazulay/Desktop/StockBots/LumoTrade/ml-backend/src/core/features/news_sentiment.py:194: UserWarning: This pattern is interpreted as a regular expression, and has match groups. To actually get the groups, use str.extract.
  is_earn = text_blob.str.contains(RX_EARN, regex=True, na=False) if len(text_blob) else pd.Series(False, index=out.index)
/Users/seanazulay/Desktop/StockBots/LumoTrade/ml-backend/src/core/features/news_sentiment.py:193: UserWarning: This pattern is interpreted as a regular expression, and has match groups. To actually get the groups, use str.extract.
  is_macro = text_blob.str.contains(RX_MACRO, regex=True, na=False) if len(text_blob) else pd.Series(False, index=out.index)
/Users/seanazulay/Desktop/StockBots/LumoTrade/ml-backend/src/core/features/news_sentiment.py:194: UserWarning: This pattern is interpreted as a regular expression, and has match groups. To actually get the groups, use str.extract.
  is_earn = text_blob.str.contains(RX_EARN, regex=True, na=False) if len(text_blob) else pd.Series(False, index=out.index)
/Users/seanazulay/Desktop/StockBots/LumoTrade/ml-backend/src/core/features/news_sentiment.py:193: UserWarning: This pattern is interpreted as a regular expression, and has match groups. To actually get the groups, use str.extract.
  is_macro = text_blob.str.contains(RX_MACRO, regex=True, na=False) if len(text_blob) else pd.Series(False, index=out.index)
/Users/seanazulay/Desktop/StockBots/LumoTrade/ml-backend/src/core/features/news_sentiment.py:194: UserWarning: This pattern is interpreted as a regular expression, and has match groups. To actually get the groups, use str.extract.
  is_earn = text_blob.str.contains(RX_EARN, regex=True, na=False) if len(text_blob) else pd.Series(False, index=out.index)
/Users/seanazulay/Desktop/StockBots/LumoTrade/ml-backend/src/core/features/news_sentiment.py:193: UserWarning: This pattern is interpreted as a regular expression, and has match groups. To actually get the groups, use str.extract.
  is_macro = text_blob.str.contains(RX_MACRO, regex=True, na=False) if len(text_blob) else pd.Series(False, index=out.index)
/Users/seanazulay/Desktop/StockBots/LumoTrade/ml-backend/src/core/features/news_sentiment.py:194: UserWarning: This pattern is interpreted as a regular expression, and has match groups. To actually get the groups, use str.extract.
  is_earn = text_blob.str.contains(RX_EARN, regex=True, na=False) if len(text_blob) else pd.Series(False, index=out.index)
/Users/seanazulay/Desktop/StockBots/LumoTrade/ml-backend/src/core/features/news_sentiment.py:193: UserWarning: This pattern is interpreted as a regular expression, and has match groups. To actually get the groups, use str.extract.
  is_macro = text_blob.str.contains(RX_MACRO, regex=True, na=False) if len(text_blob) else pd.Series(False, index=out.index)
/Users/seanazulay/Desktop/StockBots/LumoTrade/ml-backend/src/core/features/news_sentiment.py:194: UserWarning: This pattern is interpreted as a regular expression, and has match groups. To actually get the groups, use str.extract.
  is_earn = text_blob.str.contains(RX_EARN, regex=True, na=False) if len(text_blob) else pd.Series(False, index=out.index)
/Users/seanazulay/Desktop/StockBots/LumoTrade/ml-backend/src/core/features/news_sentiment.py:193: UserWarning: This pattern is interpreted as a regular expression, and has match groups. To actually get the groups, use str.extract.
  is_macro = text_blob.str.contains(RX_MACRO, regex=True, na=False) if len(text_blob) else pd.Series(False, index=out.index)
/Users/seanazulay/Desktop/StockBots/LumoTrade/ml-backend/src/core/features/news_sentiment.py:194: UserWarning: This pattern is interpreted as a regular expression, and has match groups. To actually get the groups, use str.extract.
  is_earn = text_blob.str.contains(RX_EARN, regex=True, na=False) if len(text_blob) else pd.Series(False, index=out.index)
/Users/seanazulay/Desktop/StockBots/LumoTrade/ml-backend/src/core/features/news_sentiment.py:193: UserWarning: This pattern is interpreted as a regular expression, and has match groups. To actually get the groups, use str.extract.
  is_macro = text_blob.str.contains(RX_MACRO, regex=True, na=False) if len(text_blob) else pd.Series(False, index=out.index)
/Users/seanazulay/Desktop/StockBots/LumoTrade/ml-backend/src/core/features/news_sentiment.py:194: UserWarning: This pattern is interpreted as a regular expression, and has match groups. To actually get the groups, use str.extract.
  is_earn = text_blob.str.contains(RX_EARN, regex=True, na=False) if len(text_blob) else pd.Series(False, index=out.index)
/Users/seanazulay/Desktop/StockBots/LumoTrade/ml-backend/src/core/features/news_sentiment.py:193: UserWarning: This pattern is interpreted as a regular expression, and has match groups. To actually get the groups, use str.extract.
  is_macro = text_blob.str.contains(RX_MACRO, regex=True, na=False) if len(text_blob) else pd.Series(False, index=out.index)
/Users/seanazulay/Desktop/StockBots/LumoTrade/ml-backend/src/core/features/news_sentiment.py:194: UserWarning: This pattern is interpreted as a regular expression, and has match groups. To actually get the groups, use str.extract.
  is_earn = text_blob.str.contains(RX_EARN, regex=True, na=False) if len(text_blob) else pd.Series(False, index=out.index)
WARNING:  WatchFiles detected changes in 'src/core/trading/high_confidence_strategy.py'. Reloading...
INFO:     Shutting down
INFO:     Waiting for application shutdown.
INFO:     Application shutdown complete.
INFO:     Finished server process [44045]
[5%] Building ULTIMATE dataset with 400+ features
  → Fetching 10,000+ news articles, options data, microstructure
[Panel Builder] Starting pipeline...
  Universe: ['SPY', 'QQQ', 'IWM', 'DIA', 'XLK']
  Date range: 2020-11-26 to 2025-11-25
  Interval: 1day
  Horizons: [1, 5, 20]

[Step 1/6] Fetching shared data sources...
  - Fetching news from FMP (MAXIMUM coverage for superior predictions)...
    📰 Target: 10,000+ articles per ticker
    ⚡ 6-hour batches for real-time intelligence
[FMP] Loading cached news: data/cache/news/fmp_6hour_SPY_QQQ_IWM_DIA_XLK_2020-11-26_2025-11-25_200_market.parquet
  - Fetching macro data (FRED)...
[FRED] Fetching DGS2...
[FRED] Fetching DGS10...
[FRED] Fetching DGS30...
[FRED] Fetching FEDFUNDS...
[FRED] Fetching MORTGAGE30US...
[FRED] Fetching CPIAUCSL...
[FRED] Fetching CPILFESL...
[FRED] Fetching PCEPI...
[FRED] Fetching PCEPILFE...
[FRED] Fetching UNRATE...
[FRED] Fetching PAYEMS...
[FRED] Fetching ICSA...
[FRED] Fetching CCSA...
[FRED] Fetching INDPRO...
[FRED] Fetching RSXFS...
[FRED] Fetching HOUST...
[FRED] Fetching PERMIT...
[FRED] Fetching MANEMP...
[FRED] Fetching UMCSENT...
[FRED] Fetching BAMLH0A0HYM2...
[FRED] Fetching BAMLC0A4CBBB...
[FRED] Fetching T10Y2Y...
[FRED] Fetching T10Y3M...
[FRED] Fetching VIXCLS...
  - Fetching macro surprises (FMP)...
  - Fetching cross-asset data (Yahoo)...
Loading ^VIX from cache...
Loading ^VIX3M from cache...
Loading DX-Y.NYB from cache...
Loading GC=F from cache...
Loading CL=F from cache...
Loading ^TNX from cache...
Loading HYG from cache...
Loading LQD from cache...
Loading TLT from cache...
  - Fetching breadth data (Yahoo)...

[Step 2/6] Building features for 5 tickers...
  [1/5] Processing SPY...
Loading SPY from cache...
    ⚠️  Advanced news features failed, using fallback: this event loop is already running.
    ✓ Market microstructure features: 29 features
    ✓ SPY: 1254 samples, 291 features
  [2/5] Processing QQQ...
Loading QQQ from cache...
    ⚠️  Advanced news features failed, using fallback: this event loop is already running.
    ✓ Market microstructure features: 29 features
    ✓ QQQ: 1254 samples, 291 features
  [3/5] Processing IWM...
Loading IWM from cache...
    ⚠️  Advanced news features failed, using fallback: this event loop is already running.
    ✓ Market microstructure features: 29 features
    ✓ IWM: 1255 samples, 291 features
  [4/5] Processing DIA...
Loading DIA from cache...
    ⚠️  Advanced news features failed, using fallback: this event loop is already running.
    ✓ Market microstructure features: 29 features
    ✓ DIA: 1255 samples, 291 features
  [5/5] Processing XLK...
Loading XLK from cache...
    ⚠️  Advanced news features failed, using fallback: this event loop is already running.
    ✓ Market microstructure features: 29 features
    ✓ XLK: 1255 samples, 291 features

[Step 3/6] Concatenating panel...
  Panel shape: (6273, 291)

[Step 4/6] Adding ticker dummies...

[Step 5/6] Separating features and targets...
  Features: (6273, 293)
  Targets: (6273, 3)

[Step 6/6] Final cleanup...
  Dropping 29 cols with >50% missing

[Complete] Panel dataset ready:
  Total samples: 6268
  Total features: 264
  Tickers: ['SPY', 'QQQ', 'IWM', 'DIA', 'XLK']
  Date range: 2020-11-27 00:00:00 to 2025-11-24 00:00:00
[30%] Enhanced dataset ready
  → 6,268 samples, 264 features
[32%] Aggressive feature selection for profit
  → Keeping only features that predict profitable trades
  ✅ Profit-focused feature selection: 99/264 features
     Top 5 profit drivers: ['dxy_x_treasury', 'treasury_ret10', 'oil_ret10', 'hy_ret10', 'dxy_x_oil']
[35%] Feature selection complete
  → Kept 99/264 features (removed 165)
[36%] Creating regime-aware features
  → Detecting bull/bear/sideways regimes
[40%] Created 3 folds
  → Walk-forward validation (train: 627, test: 188)
[40%] Training fold 1/3 (V2 ULTIMATE MODE)
  → Specialized ensemble + high-confidence strategy

LumoTrade ML Backend shutting down...
INFO:     Started server process [47732]
INFO:     Waiting for application startup.
INFO:     Application startup complete.
✅ InstantDB connected for continuous learning
✅ Ultimate Training V2 endpoint registered (80%+ returns optimized)!
============================================================
LumoTrade ML Backend Starting...
============================================================
Version: 3.0.0 ULTIMATE V2
Environment: development
FMP API: ✓ Configured
FRED API: ✓ Configured
InstantDB: ✓ Configured
============================================================
New Model Monitor Endpoints:
  ✓ GET  /api/model/info       - Model metadata
  ✓ GET  /api/model/features   - Feature catalog
  ✓ GET  /api/model/status     - Real-time status
  ✓ GET  /api/backtest/simulate/{ticker}/{timeframe}
============================================================
API Documentation: http://localhost:8000/docs
Model Monitor: http://localhost:3000/model-monitor
============================================================
INFO:     127.0.0.1:57133 - "GET /api/model/status HTTP/1.1" 200 OK
INFO:     127.0.0.1:57275 - "GET /api/training/ultimate_v2?universe=%5B%22SPY%22%2C+%22QQQ%22%2C+%22IWM%22%2C+%22DIA%22%2C+%22XLK%22%5D&start_date=2020-11-26&end_date=2025-11-25&interval=1day&horizons=%5B1%2C+5%2C+20%5D HTTP/1.1" 200 OK
/Users/seanazulay/Desktop/StockBots/LumoTrade/ml-backend/src/core/features/news_sentiment.py:193: UserWarning: This pattern is interpreted as a regular expression, and has match groups. To actually get the groups, use str.extract.
  is_macro = text_blob.str.contains(RX_MACRO, regex=True, na=False) if len(text_blob) else pd.Series(False, index=out.index)
/Users/seanazulay/Desktop/StockBots/LumoTrade/ml-backend/src/core/features/news_sentiment.py:194: UserWarning: This pattern is interpreted as a regular expression, and has match groups. To actually get the groups, use str.extract.
  is_earn = text_blob.str.contains(RX_EARN, regex=True, na=False) if len(text_blob) else pd.Series(False, index=out.index)
/Users/seanazulay/Desktop/StockBots/LumoTrade/ml-backend/src/core/features/news_sentiment.py:193: UserWarning: This pattern is interpreted as a regular expression, and has match groups. To actually get the groups, use str.extract.
  is_macro = text_blob.str.contains(RX_MACRO, regex=True, na=False) if len(text_blob) else pd.Series(False, index=out.index)
/Users/seanazulay/Desktop/StockBots/LumoTrade/ml-backend/src/core/features/news_sentiment.py:194: UserWarning: This pattern is interpreted as a regular expression, and has match groups. To actually get the groups, use str.extract.
  is_earn = text_blob.str.contains(RX_EARN, regex=True, na=False) if len(text_blob) else pd.Series(False, index=out.index)
/Users/seanazulay/Desktop/StockBots/LumoTrade/ml-backend/src/core/features/news_sentiment.py:193: UserWarning: This pattern is interpreted as a regular expression, and has match groups. To actually get the groups, use str.extract.
  is_macro = text_blob.str.contains(RX_MACRO, regex=True, na=False) if len(text_blob) else pd.Series(False, index=out.index)
/Users/seanazulay/Desktop/StockBots/LumoTrade/ml-backend/src/core/features/news_sentiment.py:194: UserWarning: This pattern is interpreted as a regular expression, and has match groups. To actually get the groups, use str.extract.
  is_earn = text_blob.str.contains(RX_EARN, regex=True, na=False) if len(text_blob) else pd.Series(False, index=out.index)
/Users/seanazulay/Desktop/StockBots/LumoTrade/ml-backend/src/core/features/news_sentiment.py:193: UserWarning: This pattern is interpreted as a regular expression, and has match groups. To actually get the groups, use str.extract.
  is_macro = text_blob.str.contains(RX_MACRO, regex=True, na=False) if len(text_blob) else pd.Series(False, index=out.index)
/Users/seanazulay/Desktop/StockBots/LumoTrade/ml-backend/src/core/features/news_sentiment.py:194: UserWarning: This pattern is interpreted as a regular expression, and has match groups. To actually get the groups, use str.extract.
  is_earn = text_blob.str.contains(RX_EARN, regex=True, na=False) if len(text_blob) else pd.Series(False, index=out.index)
/Users/seanazulay/Desktop/StockBots/LumoTrade/ml-backend/src/core/features/news_sentiment.py:193: UserWarning: This pattern is interpreted as a regular expression, and has match groups. To actually get the groups, use str.extract.
  is_macro = text_blob.str.contains(RX_MACRO, regex=True, na=False) if len(text_blob) else pd.Series(False, index=out.index)
/Users/seanazulay/Desktop/StockBots/LumoTrade/ml-backend/src/core/features/news_sentiment.py:194: UserWarning: This pattern is interpreted as a regular expression, and has match groups. To actually get the groups, use str.extract.
  is_earn = text_blob.str.contains(RX_EARN, regex=True, na=False) if len(text_blob) else pd.Series(False, index=out.index)
/Users/seanazulay/Desktop/StockBots/LumoTrade/ml-backend/src/core/features/news_sentiment.py:193: UserWarning: This pattern is interpreted as a regular expression, and has match groups. To actually get the groups, use str.extract.
  is_macro = text_blob.str.contains(RX_MACRO, regex=True, na=False) if len(text_blob) else pd.Series(False, index=out.index)
/Users/seanazulay/Desktop/StockBots/LumoTrade/ml-backend/src/core/features/news_sentiment.py:194: UserWarning: This pattern is interpreted as a regular expression, and has match groups. To actually get the groups, use str.extract.
  is_earn = text_blob.str.contains(RX_EARN, regex=True, na=False) if len(text_blob) else pd.Series(False, index=out.index)
/Users/seanazulay/Desktop/StockBots/LumoTrade/ml-backend/src/core/features/news_sentiment.py:193: UserWarning: This pattern is interpreted as a regular expression, and has match groups. To actually get the groups, use str.extract.
  is_macro = text_blob.str.contains(RX_MACRO, regex=True, na=False) if len(text_blob) else pd.Series(False, index=out.index)
/Users/seanazulay/Desktop/StockBots/LumoTrade/ml-backend/src/core/features/news_sentiment.py:194: UserWarning: This pattern is interpreted as a regular expression, and has match groups. To actually get the groups, use str.extract.
  is_earn = text_blob.str.contains(RX_EARN, regex=True, na=False) if len(text_blob) else pd.Series(False, index=out.index)
/Users/seanazulay/Desktop/StockBots/LumoTrade/ml-backend/src/core/features/news_sentiment.py:193: UserWarning: This pattern is interpreted as a regular expression, and has match groups. To actually get the groups, use str.extract.
  is_macro = text_blob.str.contains(RX_MACRO, regex=True, na=False) if len(text_blob) else pd.Series(False, index=out.index)
/Users/seanazulay/Desktop/StockBots/LumoTrade/ml-backend/src/core/features/news_sentiment.py:194: UserWarning: This pattern is interpreted as a regular expression, and has match groups. To actually get the groups, use str.extract.
  is_earn = text_blob.str.contains(RX_EARN, regex=True, na=False) if len(text_blob) else pd.Series(False, index=out.index)
/Users/seanazulay/Desktop/StockBots/LumoTrade/ml-backend/src/core/features/news_sentiment.py:193: UserWarning: This pattern is interpreted as a regular expression, and has match groups. To actually get the groups, use str.extract.
  is_macro = text_blob.str.contains(RX_MACRO, regex=True, na=False) if len(text_blob) else pd.Series(False, index=out.index)
/Users/seanazulay/Desktop/StockBots/LumoTrade/ml-backend/src/core/features/news_sentiment.py:194: UserWarning: This pattern is interpreted as a regular expression, and has match groups. To actually get the groups, use str.extract.
  is_earn = text_blob.str.contains(RX_EARN, regex=True, na=False) if len(text_blob) else pd.Series(False, index=out.index)
/Users/seanazulay/Desktop/StockBots/LumoTrade/ml-backend/src/core/features/news_sentiment.py:193: UserWarning: This pattern is interpreted as a regular expression, and has match groups. To actually get the groups, use str.extract.
  is_macro = text_blob.str.contains(RX_MACRO, regex=True, na=False) if len(text_blob) else pd.Series(False, index=out.index)
/Users/seanazulay/Desktop/StockBots/LumoTrade/ml-backend/src/core/features/news_sentiment.py:194: UserWarning: This pattern is interpreted as a regular expression, and has match groups. To actually get the groups, use str.extract.
  is_earn = text_blob.str.contains(RX_EARN, regex=True, na=False) if len(text_blob) else pd.Series(False, index=out.index)
[5%] Building ULTIMATE dataset with 400+ features
  → Fetching 10,000+ news articles, options data, microstructure
[Panel Builder] Starting pipeline...
  Universe: ['SPY', 'QQQ', 'IWM', 'DIA', 'XLK']
  Date range: 2020-11-26 to 2025-11-25
  Interval: 1day
  Horizons: [1, 5, 20]

[Step 1/6] Fetching shared data sources...
  - Fetching news from FMP (MAXIMUM coverage for superior predictions)...
    📰 Target: 10,000+ articles per ticker
    ⚡ 6-hour batches for real-time intelligence
[FMP] Loading cached news: data/cache/news/fmp_6hour_SPY_QQQ_IWM_DIA_XLK_2020-11-26_2025-11-25_200_market.parquet
  - Fetching macro data (FRED)...
[FRED] Fetching DGS2...
[FRED] Fetching DGS10...
[FRED] Fetching DGS30...
[FRED] Fetching FEDFUNDS...
[FRED] Fetching MORTGAGE30US...
[FRED] Fetching CPIAUCSL...
[FRED] Fetching CPILFESL...
[FRED] Fetching PCEPI...
[FRED] Fetching PCEPILFE...
[FRED] Fetching UNRATE...
[FRED] Fetching PAYEMS...
[FRED] Fetching ICSA...
[FRED] Fetching CCSA...
[FRED] Fetching INDPRO...
[FRED] Fetching RSXFS...
[FRED] Fetching HOUST...
[FRED] Fetching PERMIT...
[FRED] Fetching MANEMP...
[FRED] Fetching UMCSENT...
[FRED] Fetching BAMLH0A0HYM2...
[FRED] Fetching BAMLC0A4CBBB...
[FRED] Fetching T10Y2Y...
[FRED] Fetching T10Y3M...
[FRED] Fetching VIXCLS...
  - Fetching macro surprises (FMP)...
  - Fetching cross-asset data (Yahoo)...
Loading ^VIX from cache...
Loading ^VIX3M from cache...
Loading DX-Y.NYB from cache...
Loading GC=F from cache...
Loading CL=F from cache...
Loading ^TNX from cache...
Loading HYG from cache...
Loading LQD from cache...
Loading TLT from cache...
  - Fetching breadth data (Yahoo)...

[Step 2/6] Building features for 5 tickers...
  [1/5] Processing SPY...
Loading SPY from cache...
    ⚠️  Advanced news features failed, using fallback: this event loop is already running.
    ✓ Market microstructure features: 29 features
    ✓ SPY: 1254 samples, 291 features
  [2/5] Processing QQQ...
Loading QQQ from cache...
    ⚠️  Advanced news features failed, using fallback: this event loop is already running.
    ✓ Market microstructure features: 29 features
    ✓ QQQ: 1254 samples, 291 features
  [3/5] Processing IWM...
Loading IWM from cache...
    ⚠️  Advanced news features failed, using fallback: this event loop is already running.
    ✓ Market microstructure features: 29 features
    ✓ IWM: 1255 samples, 291 features
  [4/5] Processing DIA...
Loading DIA from cache...
    ⚠️  Advanced news features failed, using fallback: this event loop is already running.
    ✓ Market microstructure features: 29 features
    ✓ DIA: 1255 samples, 291 features
  [5/5] Processing XLK...
Loading XLK from cache...
    ⚠️  Advanced news features failed, using fallback: this event loop is already running.
    ✓ Market microstructure features: 29 features
    ✓ XLK: 1255 samples, 291 features

[Step 3/6] Concatenating panel...
  Panel shape: (6273, 291)

[Step 4/6] Adding ticker dummies...

[Step 5/6] Separating features and targets...
  Features: (6273, 293)
  Targets: (6273, 3)

[Step 6/6] Final cleanup...
  Dropping 29 cols with >50% missing

[Complete] Panel dataset ready:
  Total samples: 6268
  Total features: 264
  Tickers: ['SPY', 'QQQ', 'IWM', 'DIA', 'XLK']
  Date range: 2020-11-27 00:00:00 to 2025-11-24 00:00:00
[30%] Enhanced dataset ready
  → 6,268 samples, 264 features
[32%] Aggressive feature selection for profit
  → Keeping only features that predict profitable trades
  ✅ Profit-focused feature selection: 99/264 features
     Top 5 profit drivers: ['dxy_x_treasury', 'treasury_ret10', 'oil_ret10', 'hy_ret10', 'dxy_x_oil']
[35%] Feature selection complete
  → Kept 99/264 features (removed 165)
[36%] Creating regime-aware features
  → Detecting bull/bear/sideways regimes
[40%] Created 3 folds
  → Walk-forward validation (train: 627, test: 188)
[40%] Training fold 1/3 (V2 ULTIMATE MODE)
  → Specialized ensemble + high-confidence strategy
[53%] Fold 1 complete
  → Dir Acc: 55.24%, Annual Return: -36.8%
[55%] Training fold 2/3 (V2 ULTIMATE MODE)
  → Specialized ensemble + high-confidence strategy
[68%] Fold 2 complete
  → Dir Acc: 54.92%, Annual Return: -4.0%
[70%] Training fold 3/3 (V2 ULTIMATE MODE)
  → Specialized ensemble + high-confidence strategy
[83%] Fold 3 complete
  → Dir Acc: 50.05%, Annual Return: -24.9%
[87%] Analyzing overall performance
  → Calculating 80%+ return metrics
[92%] Training final V2 ULTIMATE model
  → Full dataset + all optimizations
[96%] Saving ULTIMATE V2 model
  → Saving to files & database
✅ Saved 8,505 predictions
✅ Saved 2,835 trading signals
❌ InstantDB request error: Expecting value: line 1 column 1 (char 0)
✅ Saved to InstantDB
[100%] 🎯 ULTIMATE V2 TRAINING COMPLETE - TARGET: 80%+ ANNUAL RETURNS
  → Dir Acc: 53.40%, Annual Return: -21.9%, Sharpe: -5.20
INFO:     127.0.0.1:57308 - "GET /api/model/status HTTP/1.1" 200 OK
WARNING:  WatchFiles detected changes in 'test_v2_import.py', 'src/core/trading/high_confidence_strategy.py', 'src/core/training/ultimate_trainer_v2.py'. Reloading...
INFO:     Shutting down
INFO:     Waiting for application shutdown.
INFO:     Application shutdown complete.
INFO:     Finished server process [47732]

LumoTrade ML Backend shutting down...
INFO:     Started server process [49173]
INFO:     Waiting for application startup.
INFO:     Application startup complete.
✅ InstantDB connected for continuous learning
✅ Ultimate Training V2 endpoint registered (80%+ returns optimized)!
============================================================
LumoTrade ML Backend Starting...
============================================================
Version: 3.0.0 ULTIMATE V2
Environment: development
FMP API: ✓ Configured
FRED API: ✓ Configured
InstantDB: ✓ Configured
============================================================
New Model Monitor Endpoints:
  ✓ GET  /api/model/info       - Model metadata
  ✓ GET  /api/model/features   - Feature catalog
  ✓ GET  /api/model/status     - Real-time status
  ✓ GET  /api/backtest/simulate/{ticker}/{timeframe}
============================================================
API Documentation: http://localhost:8000/docs
Model Monitor: http://localhost:3000/model-monitor
============================================================
INFO:     127.0.0.1:57461 - "GET /api/model/status HTTP/1.1" 200 OK
INFO:     127.0.0.1:57677 - "GET /api/model/status HTTP/1.1" 200 OK
INFO:     127.0.0.1:57754 - "GET /api/model/status HTTP/1.1" 200 OK
INFO:     127.0.0.1:57786 - "GET /api/model/status HTTP/1.1" 200 OK
INFO:     127.0.0.1:57841 - "GET /api/model/status HTTP/1.1" 200 OK
INFO:     127.0.0.1:57876 - "GET /api/model/status HTTP/1.1" 200 OK
INFO:     127.0.0.1:57916 - "GET /api/model/status HTTP/1.1" 200 OK
INFO:     127.0.0.1:57956 - "GET /api/model/status HTTP/1.1" 200 OK
INFO:     127.0.0.1:57978 - "GET /api/model/status HTTP/1.1" 200 OK
INFO:     127.0.0.1:58028 - "GET /api/model/status HTTP/1.1" 200 OK
INFO:     127.0.0.1:58089 - "GET /api/model/status HTTP/1.1" 200 OK
INFO:     127.0.0.1:58141 - "GET /api/model/status HTTP/1.1" 200 OK
INFO:     127.0.0.1:58163 - "GET /api/model/status HTTP/1.1" 200 OK
INFO:     127.0.0.1:58212 - "GET /api/model/status HTTP/1.1" 200 OK
INFO:     127.0.0.1:58242 - "GET /api/model/status HTTP/1.1" 200 OK
INFO:     127.0.0.1:58276 - "GET /api/model/status HTTP/1.1" 200 OK
INFO:     127.0.0.1:58308 - "GET /api/model/status HTTP/1.1" 200 OK
INFO:     127.0.0.1:58326 - "GET /api/model/status HTTP/1.1" 200 OK
INFO:     127.0.0.1:58385 - "GET /api/model/status HTTP/1.1" 200 OK
INFO:     127.0.0.1:58431 - "GET /api/model/status HTTP/1.1" 200 OK
INFO:     127.0.0.1:58455 - "GET /api/model/status HTTP/1.1" 200 OK
INFO:     127.0.0.1:58485 - "GET /api/model/status HTTP/1.1" 200 OK
INFO:     127.0.0.1:58511 - "GET /api/model/status HTTP/1.1" 200 OK
WARNING:  WatchFiles detected changes in 'src/core/training/ultimate_trainer.py'. Reloading...
INFO:     Shutting down
INFO:     Waiting for application shutdown.
INFO:     Application shutdown complete.
INFO:     Finished server process [49173]

LumoTrade ML Backend shutting down...
WARNING:  WatchFiles detected changes in 'src/core/training/ultimate_trainer.py'. Reloading...
INFO:     Started server process [59113]
INFO:     Waiting for application startup.
INFO:     Application startup complete.
✅ InstantDB connected for continuous learning
✅ Ultimate Training V1 endpoint registered!
✅ Ultimate Training V2 endpoint registered (80%+ returns optimized)!
============================================================
LumoTrade ML Backend Starting...
============================================================
Version: 3.0.0 ULTIMATE V2
Environment: development
FMP API: ✓ Configured
FRED API: ✓ Configured
InstantDB: ✓ Configured
============================================================
New Model Monitor Endpoints:
  ✓ GET  /api/model/info       - Model metadata
  ✓ GET  /api/model/features   - Feature catalog
  ✓ GET  /api/model/status     - Real-time status
  ✓ GET  /api/backtest/simulate/{ticker}/{timeframe}
============================================================
API Documentation: http://localhost:8000/docs
Model Monitor: http://localhost:3000/model-monitor
============================================================
INFO:     127.0.0.1:58542 - "GET /api/model/status HTTP/1.1" 200 OK
INFO:     127.0.0.1:58563 - "GET /api/model/status HTTP/1.1" 200 OK
INFO:     127.0.0.1:58565 - "GET /api/model/status HTTP/1.1" 200 OK
Loading QQQ from cache...
⚠️  No predictions CSV found (checked ultimate & v2 folders)
Warning: No trained predictions found for QQQ, using mock data
INFO:     127.0.0.1:58565 - "GET /api/backtest/simulate/QQQ/1y HTTP/1.1" 200 OK
Loading QQQ from cache...
⚠️  No predictions CSV found (checked ultimate & v2 folders)
Warning: No trained predictions found for QQQ, using mock data
INFO:     127.0.0.1:58565 - "GET /api/backtest/simulate/QQQ/1y HTTP/1.1" 200 OK
Loading QQQ from cache...
⚠️  No predictions CSV found (checked ultimate & v2 folders)
Warning: No trained predictions found for QQQ, using mock data
INFO:     127.0.0.1:58570 - "GET /api/backtest/simulate/QQQ/5y HTTP/1.1" 200 OK
WARNING:  WatchFiles detected changes in 'src/api/training_ultimate.py'. Reloading...
INFO:     Shutting down
INFO:     Waiting for application shutdown.
INFO:     Application shutdown complete.
INFO:     Finished server process [59113]

LumoTrade ML Backend shutting down...
INFO:     Started server process [59711]
INFO:     Waiting for application startup.
INFO:     Application startup complete.
✅ InstantDB connected for continuous learning
✅ Ultimate Training V1 endpoint registered!
✅ Ultimate Training V2 endpoint registered (80%+ returns optimized)!
============================================================
LumoTrade ML Backend Starting...
============================================================
Version: 3.0.0 ULTIMATE V2
Environment: development
FMP API: ✓ Configured
FRED API: ✓ Configured
InstantDB: ✓ Configured
============================================================
New Model Monitor Endpoints:
  ✓ GET  /api/model/info       - Model metadata
  ✓ GET  /api/model/features   - Feature catalog
  ✓ GET  /api/model/status     - Real-time status
  ✓ GET  /api/backtest/simulate/{ticker}/{timeframe}
============================================================
API Documentation: http://localhost:8000/docs
Model Monitor: http://localhost:3000/model-monitor
============================================================
Loading QQQ from cache...
⚠️  No predictions CSV found (checked ultimate & v2 folders)
Warning: No trained predictions found for QQQ, using mock data
INFO:     127.0.0.1:58573 - "GET /api/backtest/simulate/QQQ/10y HTTP/1.1" 200 OK
INFO:     127.0.0.1:58578 - "GET /api/model/status HTTP/1.1" 200 OK
INFO:     127.0.0.1:58585 - "GET /api/model/status HTTP/1.1" 200 OK
INFO:     127.0.0.1:58587 - "GET /api/model/info HTTP/1.1" 200 OK
INFO:     127.0.0.1:58585 - "GET /api/model/status HTTP/1.1" 200 OK
INFO:     127.0.0.1:58587 - "GET /api/model/info HTTP/1.1" 200 OK
INFO:     127.0.0.1:58591 - "GET /api/model/status HTTP/1.1" 200 OK
INFO:     127.0.0.1:58613 - "GET /api/model/status HTTP/1.1" 200 OK
INFO:     127.0.0.1:58614 - "GET /api/model/info HTTP/1.1" 200 OK
INFO:     127.0.0.1:58622 - "GET /api/model/status HTTP/1.1" 200 OK
INFO:     127.0.0.1:58626 - "GET /api/model/status HTTP/1.1" 200 OK
INFO:     127.0.0.1:58629 - "GET /api/model/status HTTP/1.1" 200 OK
INFO:     127.0.0.1:58632 - "GET /api/model/status HTTP/1.1" 200 OK
INFO:     127.0.0.1:58638 - "GET /api/model/status HTTP/1.1" 200 OK
INFO:     127.0.0.1:58647 - "GET /api/model/status HTTP/1.1" 200 OK
WARNING:  WatchFiles detected changes in 'src/core/features/index_specific.py'. Reloading...
INFO:     Shutting down
INFO:     Waiting for application shutdown.
INFO:     Application shutdown complete.
INFO:     Finished server process [59711]

LumoTrade ML Backend shutting down...
WARNING:  WatchFiles detected changes in 'src/core/features/index_specific.py'. Reloading...
INFO:     Started server process [60929]
INFO:     Waiting for application startup.
INFO:     Application startup complete.
✅ InstantDB connected for continuous learning
✅ Ultimate Training V1 endpoint registered!
✅ Ultimate Training V2 endpoint registered (80%+ returns optimized)!
============================================================
LumoTrade ML Backend Starting...
============================================================
Version: 3.0.0 ULTIMATE V2
Environment: development
FMP API: ✓ Configured
FRED API: ✓ Configured
InstantDB: ✓ Configured
============================================================
New Model Monitor Endpoints:
  ✓ GET  /api/model/info       - Model metadata
  ✓ GET  /api/model/features   - Feature catalog
  ✓ GET  /api/model/status     - Real-time status
  ✓ GET  /api/backtest/simulate/{ticker}/{timeframe}
============================================================
API Documentation: http://localhost:8000/docs
Model Monitor: http://localhost:3000/model-monitor
============================================================
INFO:     127.0.0.1:58664 - "GET /api/model/status HTTP/1.1" 200 OK
WARNING:  WatchFiles detected changes in 'src/core/data/dataset_builder.py'. Reloading...
INFO:     Shutting down
INFO:     Waiting for application shutdown.
INFO:     Application shutdown complete.
INFO:     Finished server process [60929]

LumoTrade ML Backend shutting down...
INFO:     Started server process [61238]
INFO:     Waiting for application startup.
INFO:     Application startup complete.
WARNING:  WatchFiles detected changes in 'src/core/data/dataset_builder.py'. Reloading...
INFO:     Shutting down
INFO:     Waiting for application shutdown.
INFO:     Application shutdown complete.
INFO:     Finished server process [61238]
✅ InstantDB connected for continuous learning
✅ Ultimate Training V1 endpoint registered!
✅ Ultimate Training V2 endpoint registered (80%+ returns optimized)!
============================================================
LumoTrade ML Backend Starting...
============================================================
Version: 3.0.0 ULTIMATE V2
Environment: development
FMP API: ✓ Configured
FRED API: ✓ Configured
InstantDB: ✓ Configured
============================================================
New Model Monitor Endpoints:
  ✓ GET  /api/model/info       - Model metadata
  ✓ GET  /api/model/features   - Feature catalog
  ✓ GET  /api/model/status     - Real-time status
  ✓ GET  /api/backtest/simulate/{ticker}/{timeframe}
============================================================
API Documentation: http://localhost:8000/docs
Model Monitor: http://localhost:3000/model-monitor
============================================================

LumoTrade ML Backend shutting down...
INFO:     Started server process [61361]
INFO:     Waiting for application startup.
INFO:     Application startup complete.
WARNING:  WatchFiles detected changes in 'src/core/trading/high_confidence_strategy.py'. Reloading...
INFO:     Shutting down
INFO:     Waiting for application shutdown.
INFO:     Application shutdown complete.
INFO:     Finished server process [61361]
✅ InstantDB connected for continuous learning
✅ Ultimate Training V1 endpoint registered!
✅ Ultimate Training V2 endpoint registered (80%+ returns optimized)!
============================================================
LumoTrade ML Backend Starting...
============================================================
Version: 3.0.0 ULTIMATE V2
Environment: development
FMP API: ✓ Configured
FRED API: ✓ Configured
InstantDB: ✓ Configured
============================================================
New Model Monitor Endpoints:
  ✓ GET  /api/model/info       - Model metadata
  ✓ GET  /api/model/features   - Feature catalog
  ✓ GET  /api/model/status     - Real-time status
  ✓ GET  /api/backtest/simulate/{ticker}/{timeframe}
============================================================
API Documentation: http://localhost:8000/docs
Model Monitor: http://localhost:3000/model-monitor
============================================================

LumoTrade ML Backend shutting down...
INFO:     Started server process [61615]
INFO:     Waiting for application startup.
INFO:     Application startup complete.
✅ InstantDB connected for continuous learning
✅ Ultimate Training V1 endpoint registered!
✅ Ultimate Training V2 endpoint registered (80%+ returns optimized)!
============================================================
LumoTrade ML Backend Starting...
============================================================
Version: 3.0.0 ULTIMATE V2
Environment: development
FMP API: ✓ Configured
FRED API: ✓ Configured
InstantDB: ✓ Configured
============================================================
New Model Monitor Endpoints:
  ✓ GET  /api/model/info       - Model metadata
  ✓ GET  /api/model/features   - Feature catalog
  ✓ GET  /api/model/status     - Real-time status
  ✓ GET  /api/backtest/simulate/{ticker}/{timeframe}
============================================================
API Documentation: http://localhost:8000/docs
Model Monitor: http://localhost:3000/model-monitor
============================================================
INFO:     127.0.0.1:58701 - "GET /api/model/status HTTP/1.1" 200 OK
INFO:     127.0.0.1:58703 - "GET /api/model/status HTTP/1.1" 200 OK
Loading SPY from cache...
⚠️  No predictions CSV found (checked ultimate & v2 folders)
Warning: No trained predictions found for SPY, using mock data
INFO:     127.0.0.1:58703 - "GET /api/backtest/simulate/SPY/1y HTTP/1.1" 200 OK
Loading SPY from cache...
⚠️  No predictions CSV found (checked ultimate & v2 folders)
Warning: No trained predictions found for SPY, using mock data
INFO:     127.0.0.1:58703 - "GET /api/backtest/simulate/SPY/1y HTTP/1.1" 200 OK
INFO:     127.0.0.1:58703 - "GET /api/model/features HTTP/1.1" 200 OK
INFO:     127.0.0.1:58706 - "GET /api/model/features HTTP/1.1" 200 OK
INFO:     127.0.0.1:58709 - "GET /api/model/features HTTP/1.1" 200 OK
INFO:     127.0.0.1:58709 - "GET /api/model/features HTTP/1.1" 200 OK
INFO:     127.0.0.1:58719 - "GET /api/model/status HTTP/1.1" 200 OK
WARNING:  WatchFiles detected changes in 'src/core/trading/high_confidence_strategy.py'. Reloading...
INFO:     Shutting down
INFO:     Waiting for application shutdown.
INFO:     Application shutdown complete.
INFO:     Finished server process [61615]

LumoTrade ML Backend shutting down...
INFO:     Started server process [61798]
INFO:     Waiting for application startup.
INFO:     Application startup complete.
✅ InstantDB connected for continuous learning
✅ Ultimate Training V1 endpoint registered!
✅ Ultimate Training V2 endpoint registered (80%+ returns optimized)!
============================================================
LumoTrade ML Backend Starting...
============================================================
Version: 3.0.0 ULTIMATE V2
Environment: development
FMP API: ✓ Configured
FRED API: ✓ Configured
InstantDB: ✓ Configured
============================================================
New Model Monitor Endpoints:
  ✓ GET  /api/model/info       - Model metadata
  ✓ GET  /api/model/features   - Feature catalog
  ✓ GET  /api/model/status     - Real-time status
  ✓ GET  /api/backtest/simulate/{ticker}/{timeframe}
============================================================
API Documentation: http://localhost:8000/docs
Model Monitor: http://localhost:3000/model-monitor
============================================================
INFO:     127.0.0.1:58726 - "GET /api/model/status HTTP/1.1" 200 OK
INFO:     127.0.0.1:58726 - "GET /api/model/info HTTP/1.1" 200 OK
INFO:     127.0.0.1:58726 - "GET /api/model/info HTTP/1.1" 200 OK
Loading SPY from cache...
⚠️  No predictions CSV found (checked ultimate & v2 folders)
Warning: No trained predictions found for SPY, using mock data
INFO:     127.0.0.1:58728 - "GET /api/backtest/simulate/SPY/1y HTTP/1.1" 200 OK
Loading SPY from cache...
⚠️  No predictions CSV found (checked ultimate & v2 folders)
Warning: No trained predictions found for SPY, using mock data
INFO:     127.0.0.1:58728 - "GET /api/backtest/simulate/SPY/1y HTTP/1.1" 200 OK
INFO:     127.0.0.1:58728 - "GET /api/model/features HTTP/1.1" 200 OK
INFO:     127.0.0.1:58730 - "GET /api/model/features HTTP/1.1" 200 OK
INFO:     127.0.0.1:58730 - "GET /api/accuracy/history?days=30 HTTP/1.1" 404 Not Found
INFO:     127.0.0.1:58734 - "GET /api/model/status HTTP/1.1" 200 OK
INFO:     127.0.0.1:58734 - "GET /api/model/features HTTP/1.1" 200 OK
INFO:     127.0.0.1:58734 - "GET /api/model/features HTTP/1.1" 200 OK
WARNING:  WatchFiles detected changes in 'src/core/trading/high_confidence_strategy.py'. Reloading...
INFO:     Shutting down
INFO:     Waiting for application shutdown.
INFO:     Application shutdown complete.
INFO:     Finished server process [61798]

LumoTrade ML Backend shutting down...
INFO:     Started server process [62075]
INFO:     Waiting for application startup.
INFO:     Application startup complete.
✅ InstantDB connected for continuous learning
✅ Ultimate Training V1 endpoint registered!
✅ Ultimate Training V2 endpoint registered (80%+ returns optimized)!
============================================================
LumoTrade ML Backend Starting...
============================================================
Version: 3.0.0 ULTIMATE V2
Environment: development
FMP API: ✓ Configured
FRED API: ✓ Configured
InstantDB: ✓ Configured
============================================================
New Model Monitor Endpoints:
  ✓ GET  /api/model/info       - Model metadata
  ✓ GET  /api/model/features   - Feature catalog
  ✓ GET  /api/model/status     - Real-time status
  ✓ GET  /api/backtest/simulate/{ticker}/{timeframe}
============================================================
API Documentation: http://localhost:8000/docs
Model Monitor: http://localhost:3000/model-monitor
============================================================
INFO:     127.0.0.1:58746 - "GET /api/model/status HTTP/1.1" 200 OK
INFO:     127.0.0.1:58750 - "GET /api/model/status HTTP/1.1" 200 OK
WARNING:  WatchFiles detected changes in 'src/core/trading/high_confidence_strategy.py'. Reloading...
INFO:     Shutting down
INFO:     Waiting for application shutdown.
INFO:     Application shutdown complete.
INFO:     Finished server process [62075]

LumoTrade ML Backend shutting down...
INFO:     Started server process [62257]
INFO:     Waiting for application startup.
INFO:     Application startup complete.
✅ InstantDB connected for continuous learning
✅ Ultimate Training V1 endpoint registered!
✅ Ultimate Training V2 endpoint registered (80%+ returns optimized)!
============================================================
LumoTrade ML Backend Starting...
============================================================
Version: 3.0.0 ULTIMATE V2
Environment: development
FMP API: ✓ Configured
FRED API: ✓ Configured
InstantDB: ✓ Configured
============================================================
New Model Monitor Endpoints:
  ✓ GET  /api/model/info       - Model metadata
  ✓ GET  /api/model/features   - Feature catalog
  ✓ GET  /api/model/status     - Real-time status
  ✓ GET  /api/backtest/simulate/{ticker}/{timeframe}
============================================================
API Documentation: http://localhost:8000/docs
Model Monitor: http://localhost:3000/model-monitor
============================================================
INFO:     127.0.0.1:58755 - "GET /api/model/status HTTP/1.1" 200 OK
INFO:     127.0.0.1:58767 - "GET /api/model/status HTTP/1.1" 200 OK
INFO:     127.0.0.1:58770 - "GET /api/model/status HTTP/1.1" 200 OK
INFO:     127.0.0.1:58785 - "GET /api/model/status HTTP/1.1" 200 OK
INFO:     127.0.0.1:58798 - "GET /api/model/status HTTP/1.1" 200 OK
WARNING:  WatchFiles detected changes in 'test_ultimate_production.py'. Reloading...
INFO:     Shutting down
INFO:     Waiting for application shutdown.
INFO:     Application shutdown complete.
INFO:     Finished server process [62257]

LumoTrade ML Backend shutting down...
WARNING:  WatchFiles detected changes in 'test_ultimate_production.py'. Reloading...
INFO:     Started server process [63147]
INFO:     Waiting for application startup.
INFO:     Application startup complete.
WARNING:  WatchFiles detected changes in 'test_v2_import.py', 'validate_v2.py', 'src/api/training_ultimate_v2.py', 'src/core/training/ultimate_trainer_v2.py'. Reloading...
INFO:     Shutting down
INFO:     Waiting for application shutdown.
INFO:     Application shutdown complete.
INFO:     Finished server process [63147]
✅ InstantDB connected for continuous learning
✅ Ultimate Training V1 endpoint registered!
✅ Ultimate Training V2 endpoint registered (80%+ returns optimized)!
============================================================
LumoTrade ML Backend Starting...
============================================================
Version: 3.0.0 ULTIMATE V2
Environment: development
FMP API: ✓ Configured
FRED API: ✓ Configured
InstantDB: ✓ Configured
============================================================
New Model Monitor Endpoints:
  ✓ GET  /api/model/info       - Model metadata
  ✓ GET  /api/model/features   - Feature catalog
  ✓ GET  /api/model/status     - Real-time status
  ✓ GET  /api/backtest/simulate/{ticker}/{timeframe}
============================================================
API Documentation: http://localhost:8000/docs
Model Monitor: http://localhost:3000/model-monitor
============================================================

LumoTrade ML Backend shutting down...
INFO:     Started server process [63275]
INFO:     Waiting for application startup.
INFO:     Application startup complete.
✅ InstantDB connected for continuous learning
✅ Ultimate Training V1 endpoint registered!
============================================================
LumoTrade ML Backend Starting...
============================================================
Version: 3.0.0 ULTIMATE V2
Environment: development
FMP API: ✓ Configured
FRED API: ✓ Configured
InstantDB: ✓ Configured
============================================================
New Model Monitor Endpoints:
  ✓ GET  /api/model/info       - Model metadata
  ✓ GET  /api/model/features   - Feature catalog
  ✓ GET  /api/model/status     - Real-time status
  ✓ GET  /api/backtest/simulate/{ticker}/{timeframe}
============================================================
API Documentation: http://localhost:8000/docs
Model Monitor: http://localhost:3000/model-monitor
============================================================
INFO:     127.0.0.1:58874 - "GET /api/model/status HTTP/1.1" 200 OK
INFO:     127.0.0.1:58892 - "GET /api/model/status HTTP/1.1" 200 OK
INFO:     127.0.0.1:58917 - "GET /api/model/status HTTP/1.1" 200 OK
INFO:     127.0.0.1:58935 - "GET /api/model/status HTTP/1.1" 200 OK
INFO:     127.0.0.1:58952 - "GET /api/model/status HTTP/1.1" 200 OK
INFO:     127.0.0.1:58955 - "GET /api/model/status HTTP/1.1" 200 OK
INFO:     127.0.0.1:58958 - "GET /api/model/status HTTP/1.1" 200 OK
INFO:     127.0.0.1:58997 - "GET /api/model/status HTTP/1.1" 200 OK
INFO:     127.0.0.1:59022 - "GET /api/model/status HTTP/1.1" 200 OK
WARNING:  WatchFiles detected changes in 'src/core/data/dataset_builder.py', 'src/api/training_ultimate.py', 'src/core/trading/high_confidence_strategy.py', 'src/core/features/index_specific.py', 'test_ultimate_production.py', 'src/core/training/ultimate_trainer.py'. Reloading...
INFO:     Shutting down
INFO:     Waiting for application shutdown.
INFO:     Application shutdown complete.
INFO:     Finished server process [63275]

LumoTrade ML Backend shutting down...
INFO:     Started server process [66602]
INFO:     Waiting for application startup.
INFO:     Application startup complete.
✅ InstantDB connected for continuous learning
✅ Ultimate Training V1 endpoint registered!
============================================================
LumoTrade ML Backend Starting...
============================================================
Version: 3.0.0 ULTIMATE V2
Environment: development
FMP API: ✓ Configured
FRED API: ✓ Configured
InstantDB: ✓ Configured
============================================================
New Model Monitor Endpoints:
  ✓ GET  /api/model/info       - Model metadata
  ✓ GET  /api/model/features   - Feature catalog
  ✓ GET  /api/model/status     - Real-time status
  ✓ GET  /api/backtest/simulate/{ticker}/{timeframe}
============================================================
API Documentation: http://localhost:8000/docs
Model Monitor: http://localhost:3000/model-monitor
============================================================
INFO:     127.0.0.1:59069 - "GET /api/model/status HTTP/1.1" 200 OK
INFO:     127.0.0.1:59098 - "GET /api/model/status HTTP/1.1" 200 OK
INFO:     127.0.0.1:59112 - "GET /api/model/status HTTP/1.1" 200 OK
INFO:     127.0.0.1:59136 - "GET /api/model/status HTTP/1.1" 200 OK
INFO:     127.0.0.1:59158 - "GET /api/model/status HTTP/1.1" 200 OK
INFO:     127.0.0.1:59193 - "GET /api/model/status HTTP/1.1" 200 OK
INFO:     127.0.0.1:59224 - "GET /api/model/status HTTP/1.1" 200 OK
INFO:     127.0.0.1:59247 - "GET /api/model/status HTTP/1.1" 200 OK
INFO:     127.0.0.1:59295 - "GET /api/model/status HTTP/1.1" 200 OK
WARNING:  WatchFiles detected changes in 'src/api/training.py'. Reloading...
INFO:     Shutting down
INFO:     Waiting for application shutdown.
INFO:     Application shutdown complete.
INFO:     Finished server process [66602]

LumoTrade ML Backend shutting down...
INFO:     Started server process [71776]
INFO:     Waiting for application startup.
INFO:     Application startup complete.
WARNING:  WatchFiles detected changes in 'src/api/training.py'. Reloading...
INFO:     Shutting down
INFO:     Waiting for application shutdown.
INFO:     Application shutdown complete.
INFO:     Finished server process [71776]
✅ InstantDB connected for continuous learning
✅ Ultimate Training V1 endpoint registered!
============================================================
LumoTrade ML Backend Starting...
============================================================
Version: 3.0.0 ULTIMATE V2
Environment: development
FMP API: ✓ Configured
FRED API: ✓ Configured
InstantDB: ✓ Configured
============================================================
New Model Monitor Endpoints:
  ✓ GET  /api/model/info       - Model metadata
  ✓ GET  /api/model/features   - Feature catalog
  ✓ GET  /api/model/status     - Real-time status
  ✓ GET  /api/backtest/simulate/{ticker}/{timeframe}
============================================================
API Documentation: http://localhost:8000/docs
Model Monitor: http://localhost:3000/model-monitor
============================================================

LumoTrade ML Backend shutting down...
INFO:     Started server process [71842]
INFO:     Waiting for application startup.
INFO:     Application startup complete.
WARNING:  WatchFiles detected changes in 'src/core/training/trainer.py'. Reloading...
INFO:     Shutting down
INFO:     Waiting for application shutdown.
INFO:     Application shutdown complete.
INFO:     Finished server process [71842]
✅ InstantDB connected for continuous learning
✅ Ultimate Training V1 endpoint registered!
============================================================
LumoTrade ML Backend Starting...
============================================================
Version: 3.0.0 ULTIMATE V2
Environment: development
FMP API: ✓ Configured
FRED API: ✓ Configured
InstantDB: ✓ Configured
============================================================
New Model Monitor Endpoints:
  ✓ GET  /api/model/info       - Model metadata
  ✓ GET  /api/model/features   - Feature catalog
  ✓ GET  /api/model/status     - Real-time status
  ✓ GET  /api/backtest/simulate/{ticker}/{timeframe}
============================================================
API Documentation: http://localhost:8000/docs
Model Monitor: http://localhost:3000/model-monitor
============================================================

LumoTrade ML Backend shutting down...
WARNING:  WatchFiles detected changes in 'src/core/training/optimized_trainer.py'. Reloading...
WARNING:  WatchFiles detected changes in 'src/api/training_optimized.py'. Reloading...
Process SpawnProcess-23:
Traceback (most recent call last):
  File "/Users/seanazulay/.pyenv/versions/3.10.0/lib/python3.10/multiprocessing/process.py", line 315, in _bootstrap
    self.run()
  File "/Users/seanazulay/.pyenv/versions/3.10.0/lib/python3.10/multiprocessing/process.py", line 108, in run
    self._target(*self._args, **self._kwargs)
  File "/Users/seanazulay/.pyenv/versions/3.10.0/lib/python3.10/site-packages/uvicorn/_subprocess.py", line 78, in subprocess_started
    target(sockets=sockets)
  File "/Users/seanazulay/.pyenv/versions/3.10.0/lib/python3.10/site-packages/uvicorn/server.py", line 62, in run
    return asyncio.run(self.serve(sockets=sockets))
  File "/Users/seanazulay/.pyenv/versions/3.10.0/lib/python3.10/asyncio/runners.py", line 44, in run
    return loop.run_until_complete(main)
  File "uvloop/loop.pyx", line 1518, in uvloop.loop.Loop.run_until_complete
  File "/Users/seanazulay/.pyenv/versions/3.10.0/lib/python3.10/site-packages/uvicorn/server.py", line 69, in serve
    config.load()
  File "/Users/seanazulay/.pyenv/versions/3.10.0/lib/python3.10/site-packages/uvicorn/config.py", line 458, in load
    self.loaded_app = import_from_string(self.app)
  File "/Users/seanazulay/.pyenv/versions/3.10.0/lib/python3.10/site-packages/uvicorn/importer.py", line 24, in import_from_string
    raise exc from None
  File "/Users/seanazulay/.pyenv/versions/3.10.0/lib/python3.10/site-packages/uvicorn/importer.py", line 21, in import_from_string
    module = importlib.import_module(module_str)
  File "/Users/seanazulay/.pyenv/versions/3.10.0/lib/python3.10/importlib/__init__.py", line 126, in import_module
    return _bootstrap._gcd_import(name[level:], package, level)
  File "<frozen importlib._bootstrap>", line 1050, in _gcd_import
  File "<frozen importlib._bootstrap>", line 1027, in _find_and_load
  File "<frozen importlib._bootstrap>", line 1006, in _find_and_load_unlocked
  File "<frozen importlib._bootstrap>", line 688, in _load_unlocked
  File "<frozen importlib._bootstrap_external>", line 883, in exec_module
  File "<frozen importlib._bootstrap>", line 241, in _call_with_frames_removed
  File "/Users/seanazulay/Desktop/StockBots/LumoTrade/ml-backend/app.py", line 16, in <module>
    from src.api import health, training, prediction, backtest, models_info
  File "/Users/seanazulay/Desktop/StockBots/LumoTrade/ml-backend/src/api/training.py", line 13, in <module>
    from src.core.training.ultimate_trainer import ultimate_trainer
  File "/Users/seanazulay/Desktop/StockBots/LumoTrade/ml-backend/src/core/training/__init__.py", line 6, in <module>
    from .trainer import train_panel_models
ModuleNotFoundError: No module named 'src.core.training.trainer'
WARNING:  WatchFiles detected changes in 'app.py'. Reloading...
Process SpawnProcess-24:
Traceback (most recent call last):
  File "/Users/seanazulay/.pyenv/versions/3.10.0/lib/python3.10/multiprocessing/process.py", line 315, in _bootstrap
    self.run()
  File "/Users/seanazulay/.pyenv/versions/3.10.0/lib/python3.10/multiprocessing/process.py", line 108, in run
    self._target(*self._args, **self._kwargs)
  File "/Users/seanazulay/.pyenv/versions/3.10.0/lib/python3.10/site-packages/uvicorn/_subprocess.py", line 78, in subprocess_started
    target(sockets=sockets)
  File "/Users/seanazulay/.pyenv/versions/3.10.0/lib/python3.10/site-packages/uvicorn/server.py", line 62, in run
    return asyncio.run(self.serve(sockets=sockets))
  File "/Users/seanazulay/.pyenv/versions/3.10.0/lib/python3.10/asyncio/runners.py", line 44, in run
    return loop.run_until_complete(main)
  File "uvloop/loop.pyx", line 1518, in uvloop.loop.Loop.run_until_complete
  File "/Users/seanazulay/.pyenv/versions/3.10.0/lib/python3.10/site-packages/uvicorn/server.py", line 69, in serve
    config.load()
  File "/Users/seanazulay/.pyenv/versions/3.10.0/lib/python3.10/site-packages/uvicorn/config.py", line 458, in load
    self.loaded_app = import_from_string(self.app)
  File "/Users/seanazulay/.pyenv/versions/3.10.0/lib/python3.10/site-packages/uvicorn/importer.py", line 24, in import_from_string
    raise exc from None
  File "/Users/seanazulay/.pyenv/versions/3.10.0/lib/python3.10/site-packages/uvicorn/importer.py", line 21, in import_from_string
    module = importlib.import_module(module_str)
  File "/Users/seanazulay/.pyenv/versions/3.10.0/lib/python3.10/importlib/__init__.py", line 126, in import_module
    return _bootstrap._gcd_import(name[level:], package, level)
  File "<frozen importlib._bootstrap>", line 1050, in _gcd_import
  File "<frozen importlib._bootstrap>", line 1027, in _find_and_load
  File "<frozen importlib._bootstrap>", line 1006, in _find_and_load_unlocked
  File "<frozen importlib._bootstrap>", line 688, in _load_unlocked
  File "<frozen importlib._bootstrap_external>", line 883, in exec_module
  File "<frozen importlib._bootstrap>", line 241, in _call_with_frames_removed
  File "/Users/seanazulay/Desktop/StockBots/LumoTrade/ml-backend/app.py", line 16, in <module>
    from src.api import health, training, prediction, backtest, models_info
  File "/Users/seanazulay/Desktop/StockBots/LumoTrade/ml-backend/src/api/training.py", line 13, in <module>
    from src.core.training.ultimate_trainer import ultimate_trainer
  File "/Users/seanazulay/Desktop/StockBots/LumoTrade/ml-backend/src/core/training/__init__.py", line 6, in <module>
    from .trainer import train_panel_models
ModuleNotFoundError: No module named 'src.core.training.trainer'
WARNING:  WatchFiles detected changes in 'app.py'. Reloading...
Process SpawnProcess-25:
Traceback (most recent call last):
  File "/Users/seanazulay/.pyenv/versions/3.10.0/lib/python3.10/multiprocessing/process.py", line 315, in _bootstrap
    self.run()
  File "/Users/seanazulay/.pyenv/versions/3.10.0/lib/python3.10/multiprocessing/process.py", line 108, in run
    self._target(*self._args, **self._kwargs)
  File "/Users/seanazulay/.pyenv/versions/3.10.0/lib/python3.10/site-packages/uvicorn/_subprocess.py", line 78, in subprocess_started
    target(sockets=sockets)
  File "/Users/seanazulay/.pyenv/versions/3.10.0/lib/python3.10/site-packages/uvicorn/server.py", line 62, in run
    return asyncio.run(self.serve(sockets=sockets))
  File "/Users/seanazulay/.pyenv/versions/3.10.0/lib/python3.10/asyncio/runners.py", line 44, in run
    return loop.run_until_complete(main)
  File "uvloop/loop.pyx", line 1518, in uvloop.loop.Loop.run_until_complete
  File "/Users/seanazulay/.pyenv/versions/3.10.0/lib/python3.10/site-packages/uvicorn/server.py", line 69, in serve
    config.load()
  File "/Users/seanazulay/.pyenv/versions/3.10.0/lib/python3.10/site-packages/uvicorn/config.py", line 458, in load
    self.loaded_app = import_from_string(self.app)
  File "/Users/seanazulay/.pyenv/versions/3.10.0/lib/python3.10/site-packages/uvicorn/importer.py", line 24, in import_from_string
    raise exc from None
  File "/Users/seanazulay/.pyenv/versions/3.10.0/lib/python3.10/site-packages/uvicorn/importer.py", line 21, in import_from_string
    module = importlib.import_module(module_str)
  File "/Users/seanazulay/.pyenv/versions/3.10.0/lib/python3.10/importlib/__init__.py", line 126, in import_module
    return _bootstrap._gcd_import(name[level:], package, level)
  File "<frozen importlib._bootstrap>", line 1050, in _gcd_import
  File "<frozen importlib._bootstrap>", line 1027, in _find_and_load
  File "<frozen importlib._bootstrap>", line 1006, in _find_and_load_unlocked
  File "<frozen importlib._bootstrap>", line 688, in _load_unlocked
  File "<frozen importlib._bootstrap_external>", line 883, in exec_module
  File "<frozen importlib._bootstrap>", line 241, in _call_with_frames_removed
  File "/Users/seanazulay/Desktop/StockBots/LumoTrade/ml-backend/app.py", line 16, in <module>
    from src.api import health, training, prediction, backtest, models_info
  File "/Users/seanazulay/Desktop/StockBots/LumoTrade/ml-backend/src/api/training.py", line 13, in <module>
    from src.core.training.ultimate_trainer import ultimate_trainer
  File "/Users/seanazulay/Desktop/StockBots/LumoTrade/ml-backend/src/core/training/__init__.py", line 6, in <module>
    from .trainer import train_panel_models
ModuleNotFoundError: No module named 'src.core.training.trainer'
WARNING:  WatchFiles detected changes in 'app.py'. Reloading...
Process SpawnProcess-26:
Traceback (most recent call last):
  File "/Users/seanazulay/.pyenv/versions/3.10.0/lib/python3.10/multiprocessing/process.py", line 315, in _bootstrap
    self.run()
  File "/Users/seanazulay/.pyenv/versions/3.10.0/lib/python3.10/multiprocessing/process.py", line 108, in run
    self._target(*self._args, **self._kwargs)
  File "/Users/seanazulay/.pyenv/versions/3.10.0/lib/python3.10/site-packages/uvicorn/_subprocess.py", line 78, in subprocess_started
    target(sockets=sockets)
  File "/Users/seanazulay/.pyenv/versions/3.10.0/lib/python3.10/site-packages/uvicorn/server.py", line 62, in run
    return asyncio.run(self.serve(sockets=sockets))
  File "/Users/seanazulay/.pyenv/versions/3.10.0/lib/python3.10/asyncio/runners.py", line 44, in run
    return loop.run_until_complete(main)
  File "uvloop/loop.pyx", line 1518, in uvloop.loop.Loop.run_until_complete
  File "/Users/seanazulay/.pyenv/versions/3.10.0/lib/python3.10/site-packages/uvicorn/server.py", line 69, in serve
    config.load()
  File "/Users/seanazulay/.pyenv/versions/3.10.0/lib/python3.10/site-packages/uvicorn/config.py", line 458, in load
    self.loaded_app = import_from_string(self.app)
  File "/Users/seanazulay/.pyenv/versions/3.10.0/lib/python3.10/site-packages/uvicorn/importer.py", line 24, in import_from_string
    raise exc from None
  File "/Users/seanazulay/.pyenv/versions/3.10.0/lib/python3.10/site-packages/uvicorn/importer.py", line 21, in import_from_string
    module = importlib.import_module(module_str)
  File "/Users/seanazulay/.pyenv/versions/3.10.0/lib/python3.10/importlib/__init__.py", line 126, in import_module
    return _bootstrap._gcd_import(name[level:], package, level)
  File "<frozen importlib._bootstrap>", line 1050, in _gcd_import
  File "<frozen importlib._bootstrap>", line 1027, in _find_and_load
  File "<frozen importlib._bootstrap>", line 1006, in _find_and_load_unlocked
  File "<frozen importlib._bootstrap>", line 688, in _load_unlocked
  File "<frozen importlib._bootstrap_external>", line 883, in exec_module
  File "<frozen importlib._bootstrap>", line 241, in _call_with_frames_removed
  File "/Users/seanazulay/Desktop/StockBots/LumoTrade/ml-backend/app.py", line 16, in <module>
    from src.api import health, training, prediction, backtest, models_info
  File "/Users/seanazulay/Desktop/StockBots/LumoTrade/ml-backend/src/api/training.py", line 13, in <module>
    from src.core.training.ultimate_trainer import ultimate_trainer
  File "/Users/seanazulay/Desktop/StockBots/LumoTrade/ml-backend/src/core/training/__init__.py", line 6, in <module>
    from .trainer import train_panel_models
ModuleNotFoundError: No module named 'src.core.training.trainer'
WARNING:  WatchFiles detected changes in 'src/api/training.py', 'app.py'. Reloading...
Process SpawnProcess-27:
Traceback (most recent call last):
  File "/Users/seanazulay/.pyenv/versions/3.10.0/lib/python3.10/multiprocessing/process.py", line 315, in _bootstrap
    self.run()
  File "/Users/seanazulay/.pyenv/versions/3.10.0/lib/python3.10/multiprocessing/process.py", line 108, in run
    self._target(*self._args, **self._kwargs)
  File "/Users/seanazulay/.pyenv/versions/3.10.0/lib/python3.10/site-packages/uvicorn/_subprocess.py", line 78, in subprocess_started
    target(sockets=sockets)
  File "/Users/seanazulay/.pyenv/versions/3.10.0/lib/python3.10/site-packages/uvicorn/server.py", line 62, in run
    return asyncio.run(self.serve(sockets=sockets))
  File "/Users/seanazulay/.pyenv/versions/3.10.0/lib/python3.10/asyncio/runners.py", line 44, in run
    return loop.run_until_complete(main)
  File "uvloop/loop.pyx", line 1518, in uvloop.loop.Loop.run_until_complete
  File "/Users/seanazulay/.pyenv/versions/3.10.0/lib/python3.10/site-packages/uvicorn/server.py", line 69, in serve
    config.load()
  File "/Users/seanazulay/.pyenv/versions/3.10.0/lib/python3.10/site-packages/uvicorn/config.py", line 458, in load
    self.loaded_app = import_from_string(self.app)
  File "/Users/seanazulay/.pyenv/versions/3.10.0/lib/python3.10/site-packages/uvicorn/importer.py", line 24, in import_from_string
    raise exc from None
  File "/Users/seanazulay/.pyenv/versions/3.10.0/lib/python3.10/site-packages/uvicorn/importer.py", line 21, in import_from_string
    module = importlib.import_module(module_str)
  File "/Users/seanazulay/.pyenv/versions/3.10.0/lib/python3.10/importlib/__init__.py", line 126, in import_module
    return _bootstrap._gcd_import(name[level:], package, level)
  File "<frozen importlib._bootstrap>", line 1050, in _gcd_import
  File "<frozen importlib._bootstrap>", line 1027, in _find_and_load
  File "<frozen importlib._bootstrap>", line 1006, in _find_and_load_unlocked
  File "<frozen importlib._bootstrap>", line 688, in _load_unlocked
  File "<frozen importlib._bootstrap_external>", line 883, in exec_module
  File "<frozen importlib._bootstrap>", line 241, in _call_with_frames_removed
  File "/Users/seanazulay/Desktop/StockBots/LumoTrade/ml-backend/app.py", line 16, in <module>
    from src.api import health, training, prediction, backtest, models_info
  File "/Users/seanazulay/Desktop/StockBots/LumoTrade/ml-backend/src/api/training.py", line 13, in <module>
    from src.core.training.ultimate_trainer import ultimate_trainer
  File "/Users/seanazulay/Desktop/StockBots/LumoTrade/ml-backend/src/core/training/__init__.py", line 6, in <module>
    from .trainer import train_panel_models
ModuleNotFoundError: No module named 'src.core.training.trainer'
WARNING:  WatchFiles detected changes in 'src/api/training_ultimate.py', 'src/core/training/ultimate_trainer.py', 'src/core/training/ultimate_trainer_v2.py'. Reloading...
WARNING:  WatchFiles detected changes in 'src/core/training/ultimate_trainer_v2.py'. Reloading...
Process SpawnProcess-29:
Traceback (most recent call last):
  File "/Users/seanazulay/.pyenv/versions/3.10.0/lib/python3.10/multiprocessing/process.py", line 315, in _bootstrap
    self.run()
  File "/Users/seanazulay/.pyenv/versions/3.10.0/lib/python3.10/multiprocessing/process.py", line 108, in run
    self._target(*self._args, **self._kwargs)
  File "/Users/seanazulay/.pyenv/versions/3.10.0/lib/python3.10/site-packages/uvicorn/_subprocess.py", line 78, in subprocess_started
    target(sockets=sockets)
  File "/Users/seanazulay/.pyenv/versions/3.10.0/lib/python3.10/site-packages/uvicorn/server.py", line 62, in run
    return asyncio.run(self.serve(sockets=sockets))
  File "/Users/seanazulay/.pyenv/versions/3.10.0/lib/python3.10/asyncio/runners.py", line 44, in run
    return loop.run_until_complete(main)
  File "uvloop/loop.pyx", line 1518, in uvloop.loop.Loop.run_until_complete
  File "/Users/seanazulay/.pyenv/versions/3.10.0/lib/python3.10/site-packages/uvicorn/server.py", line 69, in serve
    config.load()
  File "/Users/seanazulay/.pyenv/versions/3.10.0/lib/python3.10/site-packages/uvicorn/config.py", line 458, in load
    self.loaded_app = import_from_string(self.app)
  File "/Users/seanazulay/.pyenv/versions/3.10.0/lib/python3.10/site-packages/uvicorn/importer.py", line 24, in import_from_string
    raise exc from None
  File "/Users/seanazulay/.pyenv/versions/3.10.0/lib/python3.10/site-packages/uvicorn/importer.py", line 21, in import_from_string
    module = importlib.import_module(module_str)
  File "/Users/seanazulay/.pyenv/versions/3.10.0/lib/python3.10/importlib/__init__.py", line 126, in import_module
    return _bootstrap._gcd_import(name[level:], package, level)
  File "<frozen importlib._bootstrap>", line 1050, in _gcd_import
  File "<frozen importlib._bootstrap>", line 1027, in _find_and_load
  File "<frozen importlib._bootstrap>", line 1006, in _find_and_load_unlocked
  File "<frozen importlib._bootstrap>", line 688, in _load_unlocked
  File "<frozen importlib._bootstrap_external>", line 883, in exec_module
  File "<frozen importlib._bootstrap>", line 241, in _call_with_frames_removed
  File "/Users/seanazulay/Desktop/StockBots/LumoTrade/ml-backend/app.py", line 16, in <module>
    from src.api import health, training, prediction, backtest, models_info
  File "/Users/seanazulay/Desktop/StockBots/LumoTrade/ml-backend/src/api/training.py", line 13, in <module>
    from src.core.training.ultimate_trainer import ultimate_trainer
  File "/Users/seanazulay/Desktop/StockBots/LumoTrade/ml-backend/src/core/training/__init__.py", line 6, in <module>
    from .trainer import train_panel_models
ModuleNotFoundError: No module named 'src.core.training.trainer'
WARNING:  WatchFiles detected changes in 'diagnose_model.py'. Reloading...
WARNING:  WatchFiles detected changes in 'diagnose_model.py'. Reloading...
WARNING:  WatchFiles detected changes in 'diagnose_model.py'. Reloading...
Process SpawnProcess-32:
Traceback (most recent call last):
  File "/Users/seanazulay/.pyenv/versions/3.10.0/lib/python3.10/multiprocessing/process.py", line 315, in _bootstrap
    self.run()
  File "/Users/seanazulay/.pyenv/versions/3.10.0/lib/python3.10/multiprocessing/process.py", line 108, in run
    self._target(*self._args, **self._kwargs)
  File "/Users/seanazulay/.pyenv/versions/3.10.0/lib/python3.10/site-packages/uvicorn/_subprocess.py", line 78, in subprocess_started
    target(sockets=sockets)
  File "/Users/seanazulay/.pyenv/versions/3.10.0/lib/python3.10/site-packages/uvicorn/server.py", line 62, in run
    return asyncio.run(self.serve(sockets=sockets))
  File "/Users/seanazulay/.pyenv/versions/3.10.0/lib/python3.10/asyncio/runners.py", line 44, in run
    return loop.run_until_complete(main)
  File "uvloop/loop.pyx", line 1518, in uvloop.loop.Loop.run_until_complete
  File "/Users/seanazulay/.pyenv/versions/3.10.0/lib/python3.10/site-packages/uvicorn/server.py", line 69, in serve
    config.load()
  File "/Users/seanazulay/.pyenv/versions/3.10.0/lib/python3.10/site-packages/uvicorn/config.py", line 458, in load
    self.loaded_app = import_from_string(self.app)
  File "/Users/seanazulay/.pyenv/versions/3.10.0/lib/python3.10/site-packages/uvicorn/importer.py", line 24, in import_from_string
    raise exc from None
  File "/Users/seanazulay/.pyenv/versions/3.10.0/lib/python3.10/site-packages/uvicorn/importer.py", line 21, in import_from_string
    module = importlib.import_module(module_str)
  File "/Users/seanazulay/.pyenv/versions/3.10.0/lib/python3.10/importlib/__init__.py", line 126, in import_module
    return _bootstrap._gcd_import(name[level:], package, level)
  File "<frozen importlib._bootstrap>", line 1050, in _gcd_import
  File "<frozen importlib._bootstrap>", line 1027, in _find_and_load
  File "<frozen importlib._bootstrap>", line 1006, in _find_and_load_unlocked
  File "<frozen importlib._bootstrap>", line 688, in _load_unlocked
  File "<frozen importlib._bootstrap_external>", line 883, in exec_module
  File "<frozen importlib._bootstrap>", line 241, in _call_with_frames_removed
  File "/Users/seanazulay/Desktop/StockBots/LumoTrade/ml-backend/app.py", line 16, in <module>
    from src.api import health, training, prediction, backtest, models_info
  File "/Users/seanazulay/Desktop/StockBots/LumoTrade/ml-backend/src/api/training.py", line 13, in <module>
    from src.core.training.ultimate_trainer import ultimate_trainer
  File "/Users/seanazulay/Desktop/StockBots/LumoTrade/ml-backend/src/core/training/__init__.py", line 6, in <module>
    from .trainer import train_panel_models
ModuleNotFoundError: No module named 'src.core.training.trainer'
WARNING:  WatchFiles detected changes in 'diagnose_model.py'. Reloading...
Process SpawnProcess-33:
Traceback (most recent call last):
  File "/Users/seanazulay/.pyenv/versions/3.10.0/lib/python3.10/multiprocessing/process.py", line 315, in _bootstrap
    self.run()
  File "/Users/seanazulay/.pyenv/versions/3.10.0/lib/python3.10/multiprocessing/process.py", line 108, in run
    self._target(*self._args, **self._kwargs)
  File "/Users/seanazulay/.pyenv/versions/3.10.0/lib/python3.10/site-packages/uvicorn/_subprocess.py", line 78, in subprocess_started
    target(sockets=sockets)
  File "/Users/seanazulay/.pyenv/versions/3.10.0/lib/python3.10/site-packages/uvicorn/server.py", line 62, in run
    return asyncio.run(self.serve(sockets=sockets))
  File "/Users/seanazulay/.pyenv/versions/3.10.0/lib/python3.10/asyncio/runners.py", line 44, in run
    return loop.run_until_complete(main)
  File "uvloop/loop.pyx", line 1518, in uvloop.loop.Loop.run_until_complete
  File "/Users/seanazulay/.pyenv/versions/3.10.0/lib/python3.10/site-packages/uvicorn/server.py", line 69, in serve
    config.load()
  File "/Users/seanazulay/.pyenv/versions/3.10.0/lib/python3.10/site-packages/uvicorn/config.py", line 458, in load
    self.loaded_app = import_from_string(self.app)
  File "/Users/seanazulay/.pyenv/versions/3.10.0/lib/python3.10/site-packages/uvicorn/importer.py", line 24, in import_from_string
    raise exc from None
  File "/Users/seanazulay/.pyenv/versions/3.10.0/lib/python3.10/site-packages/uvicorn/importer.py", line 21, in import_from_string
    module = importlib.import_module(module_str)
  File "/Users/seanazulay/.pyenv/versions/3.10.0/lib/python3.10/importlib/__init__.py", line 126, in import_module
    return _bootstrap._gcd_import(name[level:], package, level)
  File "<frozen importlib._bootstrap>", line 1050, in _gcd_import
  File "<frozen importlib._bootstrap>", line 1027, in _find_and_load
  File "<frozen importlib._bootstrap>", line 1006, in _find_and_load_unlocked
  File "<frozen importlib._bootstrap>", line 688, in _load_unlocked
  File "<frozen importlib._bootstrap_external>", line 883, in exec_module
  File "<frozen importlib._bootstrap>", line 241, in _call_with_frames_removed
  File "/Users/seanazulay/Desktop/StockBots/LumoTrade/ml-backend/app.py", line 16, in <module>
    from src.api import health, training, prediction, backtest, models_info
  File "/Users/seanazulay/Desktop/StockBots/LumoTrade/ml-backend/src/api/training.py", line 13, in <module>
    from src.core.training.ultimate_trainer import ultimate_trainer
  File "/Users/seanazulay/Desktop/StockBots/LumoTrade/ml-backend/src/core/training/__init__.py", line 6, in <module>
    from .trainer import train_panel_models
ModuleNotFoundError: No module named 'src.core.training.trainer'
WARNING:  WatchFiles detected changes in 'diagnose_model.py'. Reloading...
Process SpawnProcess-34:
Traceback (most recent call last):
  File "/Users/seanazulay/.pyenv/versions/3.10.0/lib/python3.10/multiprocessing/process.py", line 315, in _bootstrap
    self.run()
  File "/Users/seanazulay/.pyenv/versions/3.10.0/lib/python3.10/multiprocessing/process.py", line 108, in run
    self._target(*self._args, **self._kwargs)
  File "/Users/seanazulay/.pyenv/versions/3.10.0/lib/python3.10/site-packages/uvicorn/_subprocess.py", line 78, in subprocess_started
    target(sockets=sockets)
  File "/Users/seanazulay/.pyenv/versions/3.10.0/lib/python3.10/site-packages/uvicorn/server.py", line 62, in run
    return asyncio.run(self.serve(sockets=sockets))
  File "/Users/seanazulay/.pyenv/versions/3.10.0/lib/python3.10/asyncio/runners.py", line 44, in run
    return loop.run_until_complete(main)
  File "uvloop/loop.pyx", line 1518, in uvloop.loop.Loop.run_until_complete
  File "/Users/seanazulay/.pyenv/versions/3.10.0/lib/python3.10/site-packages/uvicorn/server.py", line 69, in serve
    config.load()
  File "/Users/seanazulay/.pyenv/versions/3.10.0/lib/python3.10/site-packages/uvicorn/config.py", line 458, in load
    self.loaded_app = import_from_string(self.app)
  File "/Users/seanazulay/.pyenv/versions/3.10.0/lib/python3.10/site-packages/uvicorn/importer.py", line 24, in import_from_string
    raise exc from None
  File "/Users/seanazulay/.pyenv/versions/3.10.0/lib/python3.10/site-packages/uvicorn/importer.py", line 21, in import_from_string
    module = importlib.import_module(module_str)
  File "/Users/seanazulay/.pyenv/versions/3.10.0/lib/python3.10/importlib/__init__.py", line 126, in import_module
    return _bootstrap._gcd_import(name[level:], package, level)
  File "<frozen importlib._bootstrap>", line 1050, in _gcd_import
  File "<frozen importlib._bootstrap>", line 1027, in _find_and_load
  File "<frozen importlib._bootstrap>", line 1006, in _find_and_load_unlocked
  File "<frozen importlib._bootstrap>", line 688, in _load_unlocked
  File "<frozen importlib._bootstrap_external>", line 883, in exec_module
  File "<frozen importlib._bootstrap>", line 241, in _call_with_frames_removed
  File "/Users/seanazulay/Desktop/StockBots/LumoTrade/ml-backend/app.py", line 16, in <module>
    from src.api import health, training, prediction, backtest, models_info
  File "/Users/seanazulay/Desktop/StockBots/LumoTrade/ml-backend/src/api/training.py", line 13, in <module>
    from src.core.training.ultimate_trainer import ultimate_trainer
  File "/Users/seanazulay/Desktop/StockBots/LumoTrade/ml-backend/src/core/training/__init__.py", line 6, in <module>
    from .trainer import train_panel_models
ModuleNotFoundError: No module named 'src.core.training.trainer'
WARNING:  WatchFiles detected changes in 'src/core/features/core_features.py'. Reloading...
WARNING:  WatchFiles detected changes in 'src/core/features/core_features.py'. Reloading...
WARNING:  WatchFiles detected changes in 'src/core/features/core_features.py'. Reloading...
Process SpawnProcess-37:
Traceback (most recent call last):
  File "/Users/seanazulay/.pyenv/versions/3.10.0/lib/python3.10/multiprocessing/process.py", line 315, in _bootstrap
    self.run()
  File "/Users/seanazulay/.pyenv/versions/3.10.0/lib/python3.10/multiprocessing/process.py", line 108, in run
    self._target(*self._args, **self._kwargs)
  File "/Users/seanazulay/.pyenv/versions/3.10.0/lib/python3.10/site-packages/uvicorn/_subprocess.py", line 78, in subprocess_started
    target(sockets=sockets)
  File "/Users/seanazulay/.pyenv/versions/3.10.0/lib/python3.10/site-packages/uvicorn/server.py", line 62, in run
    return asyncio.run(self.serve(sockets=sockets))
  File "/Users/seanazulay/.pyenv/versions/3.10.0/lib/python3.10/asyncio/runners.py", line 44, in run
    return loop.run_until_complete(main)
  File "uvloop/loop.pyx", line 1518, in uvloop.loop.Loop.run_until_complete
  File "/Users/seanazulay/.pyenv/versions/3.10.0/lib/python3.10/site-packages/uvicorn/server.py", line 69, in serve
    config.load()
  File "/Users/seanazulay/.pyenv/versions/3.10.0/lib/python3.10/site-packages/uvicorn/config.py", line 458, in load
    self.loaded_app = import_from_string(self.app)
  File "/Users/seanazulay/.pyenv/versions/3.10.0/lib/python3.10/site-packages/uvicorn/importer.py", line 24, in import_from_string
    raise exc from None
  File "/Users/seanazulay/.pyenv/versions/3.10.0/lib/python3.10/site-packages/uvicorn/importer.py", line 21, in import_from_string
    module = importlib.import_module(module_str)
  File "/Users/seanazulay/.pyenv/versions/3.10.0/lib/python3.10/importlib/__init__.py", line 126, in import_module
    return _bootstrap._gcd_import(name[level:], package, level)
  File "<frozen importlib._bootstrap>", line 1050, in _gcd_import
  File "<frozen importlib._bootstrap>", line 1027, in _find_and_load
  File "<frozen importlib._bootstrap>", line 1006, in _find_and_load_unlocked
  File "<frozen importlib._bootstrap>", line 688, in _load_unlocked
  File "<frozen importlib._bootstrap_external>", line 883, in exec_module
  File "<frozen importlib._bootstrap>", line 241, in _call_with_frames_removed
  File "/Users/seanazulay/Desktop/StockBots/LumoTrade/ml-backend/app.py", line 16, in <module>
    from src.api import health, training, prediction, backtest, models_info
  File "/Users/seanazulay/Desktop/StockBots/LumoTrade/ml-backend/src/api/training.py", line 13, in <module>
    from src.core.training.ultimate_trainer import ultimate_trainer
  File "/Users/seanazulay/Desktop/StockBots/LumoTrade/ml-backend/src/core/training/__init__.py", line 6, in <module>
    from .trainer import train_panel_models
ModuleNotFoundError: No module named 'src.core.training.trainer'
WARNING:  WatchFiles detected changes in 'src/core/data/dataset_builder.py'. Reloading...
Process SpawnProcess-38:
Traceback (most recent call last):
  File "/Users/seanazulay/.pyenv/versions/3.10.0/lib/python3.10/multiprocessing/process.py", line 315, in _bootstrap
    self.run()
  File "/Users/seanazulay/.pyenv/versions/3.10.0/lib/python3.10/multiprocessing/process.py", line 108, in run
    self._target(*self._args, **self._kwargs)
  File "/Users/seanazulay/.pyenv/versions/3.10.0/lib/python3.10/site-packages/uvicorn/_subprocess.py", line 78, in subprocess_started
    target(sockets=sockets)
  File "/Users/seanazulay/.pyenv/versions/3.10.0/lib/python3.10/site-packages/uvicorn/server.py", line 62, in run
    return asyncio.run(self.serve(sockets=sockets))
  File "/Users/seanazulay/.pyenv/versions/3.10.0/lib/python3.10/asyncio/runners.py", line 44, in run
    return loop.run_until_complete(main)
  File "uvloop/loop.pyx", line 1518, in uvloop.loop.Loop.run_until_complete
  File "/Users/seanazulay/.pyenv/versions/3.10.0/lib/python3.10/site-packages/uvicorn/server.py", line 69, in serve
    config.load()
  File "/Users/seanazulay/.pyenv/versions/3.10.0/lib/python3.10/site-packages/uvicorn/config.py", line 458, in load
    self.loaded_app = import_from_string(self.app)
  File "/Users/seanazulay/.pyenv/versions/3.10.0/lib/python3.10/site-packages/uvicorn/importer.py", line 24, in import_from_string
    raise exc from None
  File "/Users/seanazulay/.pyenv/versions/3.10.0/lib/python3.10/site-packages/uvicorn/importer.py", line 21, in import_from_string
    module = importlib.import_module(module_str)
  File "/Users/seanazulay/.pyenv/versions/3.10.0/lib/python3.10/importlib/__init__.py", line 126, in import_module
    return _bootstrap._gcd_import(name[level:], package, level)
  File "<frozen importlib._bootstrap>", line 1050, in _gcd_import
  File "<frozen importlib._bootstrap>", line 1027, in _find_and_load
  File "<frozen importlib._bootstrap>", line 1006, in _find_and_load_unlocked
  File "<frozen importlib._bootstrap>", line 688, in _load_unlocked
  File "<frozen importlib._bootstrap_external>", line 883, in exec_module
  File "<frozen importlib._bootstrap>", line 241, in _call_with_frames_removed
  File "/Users/seanazulay/Desktop/StockBots/LumoTrade/ml-backend/app.py", line 16, in <module>
    from src.api import health, training, prediction, backtest, models_info
  File "/Users/seanazulay/Desktop/StockBots/LumoTrade/ml-backend/src/api/training.py", line 13, in <module>
    from src.core.training.ultimate_trainer import ultimate_trainer
  File "/Users/seanazulay/Desktop/StockBots/LumoTrade/ml-backend/src/core/training/__init__.py", line 6, in <module>
    from .trainer import train_panel_models
ModuleNotFoundError: No module named 'src.core.training.trainer'
WARNING:  WatchFiles detected changes in 'src/core/data/dataset_builder.py'. Reloading...
Process SpawnProcess-39:
Traceback (most recent call last):
  File "/Users/seanazulay/.pyenv/versions/3.10.0/lib/python3.10/multiprocessing/process.py", line 315, in _bootstrap
    self.run()
  File "/Users/seanazulay/.pyenv/versions/3.10.0/lib/python3.10/multiprocessing/process.py", line 108, in run
    self._target(*self._args, **self._kwargs)
  File "/Users/seanazulay/.pyenv/versions/3.10.0/lib/python3.10/site-packages/uvicorn/_subprocess.py", line 78, in subprocess_started
    target(sockets=sockets)
  File "/Users/seanazulay/.pyenv/versions/3.10.0/lib/python3.10/site-packages/uvicorn/server.py", line 62, in run
    return asyncio.run(self.serve(sockets=sockets))
  File "/Users/seanazulay/.pyenv/versions/3.10.0/lib/python3.10/asyncio/runners.py", line 44, in run
    return loop.run_until_complete(main)
  File "uvloop/loop.pyx", line 1518, in uvloop.loop.Loop.run_until_complete
  File "/Users/seanazulay/.pyenv/versions/3.10.0/lib/python3.10/site-packages/uvicorn/server.py", line 69, in serve
    config.load()
  File "/Users/seanazulay/.pyenv/versions/3.10.0/lib/python3.10/site-packages/uvicorn/config.py", line 458, in load
    self.loaded_app = import_from_string(self.app)
  File "/Users/seanazulay/.pyenv/versions/3.10.0/lib/python3.10/site-packages/uvicorn/importer.py", line 24, in import_from_string
    raise exc from None
  File "/Users/seanazulay/.pyenv/versions/3.10.0/lib/python3.10/site-packages/uvicorn/importer.py", line 21, in import_from_string
    module = importlib.import_module(module_str)
  File "/Users/seanazulay/.pyenv/versions/3.10.0/lib/python3.10/importlib/__init__.py", line 126, in import_module
    return _bootstrap._gcd_import(name[level:], package, level)
  File "<frozen importlib._bootstrap>", line 1050, in _gcd_import
  File "<frozen importlib._bootstrap>", line 1027, in _find_and_load
  File "<frozen importlib._bootstrap>", line 1006, in _find_and_load_unlocked
  File "<frozen importlib._bootstrap>", line 688, in _load_unlocked
  File "<frozen importlib._bootstrap_external>", line 883, in exec_module
  File "<frozen importlib._bootstrap>", line 241, in _call_with_frames_removed
  File "/Users/seanazulay/Desktop/StockBots/LumoTrade/ml-backend/app.py", line 16, in <module>
    from src.api import health, training, prediction, backtest, models_info
  File "/Users/seanazulay/Desktop/StockBots/LumoTrade/ml-backend/src/api/training.py", line 13, in <module>
    from src.core.training.ultimate_trainer import ultimate_trainer
  File "/Users/seanazulay/Desktop/StockBots/LumoTrade/ml-backend/src/core/training/__init__.py", line 6, in <module>
    from .trainer import train_panel_models
ModuleNotFoundError: No module named 'src.core.training.trainer'
WARNING:  WatchFiles detected changes in 'src/core/data/dataset_builder.py'. Reloading...
Process SpawnProcess-40:
Traceback (most recent call last):
  File "/Users/seanazulay/.pyenv/versions/3.10.0/lib/python3.10/multiprocessing/process.py", line 315, in _bootstrap
    self.run()
  File "/Users/seanazulay/.pyenv/versions/3.10.0/lib/python3.10/multiprocessing/process.py", line 108, in run
    self._target(*self._args, **self._kwargs)
  File "/Users/seanazulay/.pyenv/versions/3.10.0/lib/python3.10/site-packages/uvicorn/_subprocess.py", line 78, in subprocess_started
    target(sockets=sockets)
  File "/Users/seanazulay/.pyenv/versions/3.10.0/lib/python3.10/site-packages/uvicorn/server.py", line 62, in run
    return asyncio.run(self.serve(sockets=sockets))
  File "/Users/seanazulay/.pyenv/versions/3.10.0/lib/python3.10/asyncio/runners.py", line 44, in run
    return loop.run_until_complete(main)
  File "uvloop/loop.pyx", line 1518, in uvloop.loop.Loop.run_until_complete
  File "/Users/seanazulay/.pyenv/versions/3.10.0/lib/python3.10/site-packages/uvicorn/server.py", line 69, in serve
    config.load()
  File "/Users/seanazulay/.pyenv/versions/3.10.0/lib/python3.10/site-packages/uvicorn/config.py", line 458, in load
    self.loaded_app = import_from_string(self.app)
  File "/Users/seanazulay/.pyenv/versions/3.10.0/lib/python3.10/site-packages/uvicorn/importer.py", line 24, in import_from_string
    raise exc from None
  File "/Users/seanazulay/.pyenv/versions/3.10.0/lib/python3.10/site-packages/uvicorn/importer.py", line 21, in import_from_string
    module = importlib.import_module(module_str)
  File "/Users/seanazulay/.pyenv/versions/3.10.0/lib/python3.10/importlib/__init__.py", line 126, in import_module
    return _bootstrap._gcd_import(name[level:], package, level)
  File "<frozen importlib._bootstrap>", line 1050, in _gcd_import
  File "<frozen importlib._bootstrap>", line 1027, in _find_and_load
  File "<frozen importlib._bootstrap>", line 1006, in _find_and_load_unlocked
  File "<frozen importlib._bootstrap>", line 688, in _load_unlocked
  File "<frozen importlib._bootstrap_external>", line 883, in exec_module
  File "<frozen importlib._bootstrap>", line 241, in _call_with_frames_removed
  File "/Users/seanazulay/Desktop/StockBots/LumoTrade/ml-backend/app.py", line 16, in <module>
    from src.api import health, training, prediction, backtest, models_info
  File "/Users/seanazulay/Desktop/StockBots/LumoTrade/ml-backend/src/api/training.py", line 13, in <module>
    from src.core.training.ultimate_trainer import ultimate_trainer
  File "/Users/seanazulay/Desktop/StockBots/LumoTrade/ml-backend/src/core/training/__init__.py", line 6, in <module>
    from .trainer import train_panel_models
ModuleNotFoundError: No module named 'src.core.training.trainer'
WARNING:  WatchFiles detected changes in 'src/core/data/dataset_builder.py'. Reloading...
Process SpawnProcess-41:
Traceback (most recent call last):
  File "/Users/seanazulay/.pyenv/versions/3.10.0/lib/python3.10/multiprocessing/process.py", line 315, in _bootstrap
    self.run()
  File "/Users/seanazulay/.pyenv/versions/3.10.0/lib/python3.10/multiprocessing/process.py", line 108, in run
    self._target(*self._args, **self._kwargs)
  File "/Users/seanazulay/.pyenv/versions/3.10.0/lib/python3.10/site-packages/uvicorn/_subprocess.py", line 78, in subprocess_started
    target(sockets=sockets)
  File "/Users/seanazulay/.pyenv/versions/3.10.0/lib/python3.10/site-packages/uvicorn/server.py", line 62, in run
    return asyncio.run(self.serve(sockets=sockets))
  File "/Users/seanazulay/.pyenv/versions/3.10.0/lib/python3.10/asyncio/runners.py", line 44, in run
    return loop.run_until_complete(main)
  File "uvloop/loop.pyx", line 1518, in uvloop.loop.Loop.run_until_complete
  File "/Users/seanazulay/.pyenv/versions/3.10.0/lib/python3.10/site-packages/uvicorn/server.py", line 69, in serve
    config.load()
  File "/Users/seanazulay/.pyenv/versions/3.10.0/lib/python3.10/site-packages/uvicorn/config.py", line 458, in load
    self.loaded_app = import_from_string(self.app)
  File "/Users/seanazulay/.pyenv/versions/3.10.0/lib/python3.10/site-packages/uvicorn/importer.py", line 24, in import_from_string
    raise exc from None
  File "/Users/seanazulay/.pyenv/versions/3.10.0/lib/python3.10/site-packages/uvicorn/importer.py", line 21, in import_from_string
    module = importlib.import_module(module_str)
  File "/Users/seanazulay/.pyenv/versions/3.10.0/lib/python3.10/importlib/__init__.py", line 126, in import_module
    return _bootstrap._gcd_import(name[level:], package, level)
  File "<frozen importlib._bootstrap>", line 1050, in _gcd_import
  File "<frozen importlib._bootstrap>", line 1027, in _find_and_load
  File "<frozen importlib._bootstrap>", line 1006, in _find_and_load_unlocked
  File "<frozen importlib._bootstrap>", line 688, in _load_unlocked
  File "<frozen importlib._bootstrap_external>", line 883, in exec_module
  File "<frozen importlib._bootstrap>", line 241, in _call_with_frames_removed
  File "/Users/seanazulay/Desktop/StockBots/LumoTrade/ml-backend/app.py", line 16, in <module>
    from src.api import health, training, prediction, backtest, models_info
  File "/Users/seanazulay/Desktop/StockBots/LumoTrade/ml-backend/src/api/training.py", line 13, in <module>
    from src.core.training.ultimate_trainer import ultimate_trainer
  File "/Users/seanazulay/Desktop/StockBots/LumoTrade/ml-backend/src/core/training/__init__.py", line 6, in <module>
    from .trainer import train_panel_models
ModuleNotFoundError: No module named 'src.core.training.trainer'
WARNING:  WatchFiles detected changes in 'src/core/training/ultimate_trainer.py'. Reloading...
Process SpawnProcess-42:
Traceback (most recent call last):
  File "/Users/seanazulay/.pyenv/versions/3.10.0/lib/python3.10/multiprocessing/process.py", line 315, in _bootstrap
    self.run()
  File "/Users/seanazulay/.pyenv/versions/3.10.0/lib/python3.10/multiprocessing/process.py", line 108, in run
    self._target(*self._args, **self._kwargs)
  File "/Users/seanazulay/.pyenv/versions/3.10.0/lib/python3.10/site-packages/uvicorn/_subprocess.py", line 78, in subprocess_started
    target(sockets=sockets)
  File "/Users/seanazulay/.pyenv/versions/3.10.0/lib/python3.10/site-packages/uvicorn/server.py", line 62, in run
    return asyncio.run(self.serve(sockets=sockets))
  File "/Users/seanazulay/.pyenv/versions/3.10.0/lib/python3.10/asyncio/runners.py", line 44, in run
    return loop.run_until_complete(main)
  File "uvloop/loop.pyx", line 1518, in uvloop.loop.Loop.run_until_complete
  File "/Users/seanazulay/.pyenv/versions/3.10.0/lib/python3.10/site-packages/uvicorn/server.py", line 69, in serve
    config.load()
  File "/Users/seanazulay/.pyenv/versions/3.10.0/lib/python3.10/site-packages/uvicorn/config.py", line 458, in load
    self.loaded_app = import_from_string(self.app)
  File "/Users/seanazulay/.pyenv/versions/3.10.0/lib/python3.10/site-packages/uvicorn/importer.py", line 24, in import_from_string
    raise exc from None
  File "/Users/seanazulay/.pyenv/versions/3.10.0/lib/python3.10/site-packages/uvicorn/importer.py", line 21, in import_from_string
    module = importlib.import_module(module_str)
  File "/Users/seanazulay/.pyenv/versions/3.10.0/lib/python3.10/importlib/__init__.py", line 126, in import_module
    return _bootstrap._gcd_import(name[level:], package, level)
  File "<frozen importlib._bootstrap>", line 1050, in _gcd_import
  File "<frozen importlib._bootstrap>", line 1027, in _find_and_load
  File "<frozen importlib._bootstrap>", line 1006, in _find_and_load_unlocked
  File "<frozen importlib._bootstrap>", line 688, in _load_unlocked
  File "<frozen importlib._bootstrap_external>", line 883, in exec_module
  File "<frozen importlib._bootstrap>", line 241, in _call_with_frames_removed
  File "/Users/seanazulay/Desktop/StockBots/LumoTrade/ml-backend/app.py", line 16, in <module>
    from src.api import health, training, prediction, backtest, models_info
  File "/Users/seanazulay/Desktop/StockBots/LumoTrade/ml-backend/src/api/training.py", line 13, in <module>
    from src.core.training.ultimate_trainer import ultimate_trainer
  File "/Users/seanazulay/Desktop/StockBots/LumoTrade/ml-backend/src/core/training/__init__.py", line 6, in <module>
    from .trainer import train_panel_models
ModuleNotFoundError: No module named 'src.core.training.trainer'
WARNING:  WatchFiles detected changes in 'src/core/training/ultimate_trainer.py'. Reloading...
Process SpawnProcess-43:
Traceback (most recent call last):
  File "/Users/seanazulay/.pyenv/versions/3.10.0/lib/python3.10/multiprocessing/process.py", line 315, in _bootstrap
    self.run()
  File "/Users/seanazulay/.pyenv/versions/3.10.0/lib/python3.10/multiprocessing/process.py", line 108, in run
    self._target(*self._args, **self._kwargs)
  File "/Users/seanazulay/.pyenv/versions/3.10.0/lib/python3.10/site-packages/uvicorn/_subprocess.py", line 78, in subprocess_started
    target(sockets=sockets)
  File "/Users/seanazulay/.pyenv/versions/3.10.0/lib/python3.10/site-packages/uvicorn/server.py", line 62, in run
    return asyncio.run(self.serve(sockets=sockets))
  File "/Users/seanazulay/.pyenv/versions/3.10.0/lib/python3.10/asyncio/runners.py", line 44, in run
    return loop.run_until_complete(main)
  File "uvloop/loop.pyx", line 1518, in uvloop.loop.Loop.run_until_complete
  File "/Users/seanazulay/.pyenv/versions/3.10.0/lib/python3.10/site-packages/uvicorn/server.py", line 69, in serve
    config.load()
  File "/Users/seanazulay/.pyenv/versions/3.10.0/lib/python3.10/site-packages/uvicorn/config.py", line 458, in load
    self.loaded_app = import_from_string(self.app)
  File "/Users/seanazulay/.pyenv/versions/3.10.0/lib/python3.10/site-packages/uvicorn/importer.py", line 24, in import_from_string
    raise exc from None
  File "/Users/seanazulay/.pyenv/versions/3.10.0/lib/python3.10/site-packages/uvicorn/importer.py", line 21, in import_from_string
    module = importlib.import_module(module_str)
  File "/Users/seanazulay/.pyenv/versions/3.10.0/lib/python3.10/importlib/__init__.py", line 126, in import_module
    return _bootstrap._gcd_import(name[level:], package, level)
  File "<frozen importlib._bootstrap>", line 1050, in _gcd_import
  File "<frozen importlib._bootstrap>", line 1027, in _find_and_load
  File "<frozen importlib._bootstrap>", line 1006, in _find_and_load_unlocked
  File "<frozen importlib._bootstrap>", line 688, in _load_unlocked
  File "<frozen importlib._bootstrap_external>", line 883, in exec_module
  File "<frozen importlib._bootstrap>", line 241, in _call_with_frames_removed
  File "/Users/seanazulay/Desktop/StockBots/LumoTrade/ml-backend/app.py", line 16, in <module>
    from src.api import health, training, prediction, backtest, models_info
  File "/Users/seanazulay/Desktop/StockBots/LumoTrade/ml-backend/src/api/training.py", line 13, in <module>
    from src.core.training.ultimate_trainer import ultimate_trainer
  File "/Users/seanazulay/Desktop/StockBots/LumoTrade/ml-backend/src/core/training/__init__.py", line 6, in <module>
    from .trainer import train_panel_models
ModuleNotFoundError: No module named 'src.core.training.trainer'
WARNING:  WatchFiles detected changes in 'src/core/training/ultimate_trainer.py'. Reloading...
Process SpawnProcess-44:
Traceback (most recent call last):
  File "/Users/seanazulay/.pyenv/versions/3.10.0/lib/python3.10/multiprocessing/process.py", line 315, in _bootstrap
    self.run()
  File "/Users/seanazulay/.pyenv/versions/3.10.0/lib/python3.10/multiprocessing/process.py", line 108, in run
    self._target(*self._args, **self._kwargs)
  File "/Users/seanazulay/.pyenv/versions/3.10.0/lib/python3.10/site-packages/uvicorn/_subprocess.py", line 78, in subprocess_started
    target(sockets=sockets)
  File "/Users/seanazulay/.pyenv/versions/3.10.0/lib/python3.10/site-packages/uvicorn/server.py", line 62, in run
    return asyncio.run(self.serve(sockets=sockets))
  File "/Users/seanazulay/.pyenv/versions/3.10.0/lib/python3.10/asyncio/runners.py", line 44, in run
    return loop.run_until_complete(main)
  File "uvloop/loop.pyx", line 1518, in uvloop.loop.Loop.run_until_complete
  File "/Users/seanazulay/.pyenv/versions/3.10.0/lib/python3.10/site-packages/uvicorn/server.py", line 69, in serve
    config.load()
  File "/Users/seanazulay/.pyenv/versions/3.10.0/lib/python3.10/site-packages/uvicorn/config.py", line 458, in load
    self.loaded_app = import_from_string(self.app)
  File "/Users/seanazulay/.pyenv/versions/3.10.0/lib/python3.10/site-packages/uvicorn/importer.py", line 24, in import_from_string
    raise exc from None
  File "/Users/seanazulay/.pyenv/versions/3.10.0/lib/python3.10/site-packages/uvicorn/importer.py", line 21, in import_from_string
    module = importlib.import_module(module_str)
  File "/Users/seanazulay/.pyenv/versions/3.10.0/lib/python3.10/importlib/__init__.py", line 126, in import_module
    return _bootstrap._gcd_import(name[level:], package, level)
  File "<frozen importlib._bootstrap>", line 1050, in _gcd_import
  File "<frozen importlib._bootstrap>", line 1027, in _find_and_load
  File "<frozen importlib._bootstrap>", line 1006, in _find_and_load_unlocked
  File "<frozen importlib._bootstrap>", line 688, in _load_unlocked
  File "<frozen importlib._bootstrap_external>", line 883, in exec_module
  File "<frozen importlib._bootstrap>", line 241, in _call_with_frames_removed
  File "/Users/seanazulay/Desktop/StockBots/LumoTrade/ml-backend/app.py", line 16, in <module>
    from src.api import health, training, prediction, backtest, models_info
  File "/Users/seanazulay/Desktop/StockBots/LumoTrade/ml-backend/src/api/training.py", line 13, in <module>
    from src.core.training.ultimate_trainer import ultimate_trainer
  File "/Users/seanazulay/Desktop/StockBots/LumoTrade/ml-backend/src/core/training/__init__.py", line 6, in <module>
    from .trainer import train_panel_models
ModuleNotFoundError: No module named 'src.core.training.trainer'
WARNING:  WatchFiles detected changes in 'src/core/training/ultimate_trainer.py'. Reloading...
Process SpawnProcess-45:
Traceback (most recent call last):
  File "/Users/seanazulay/.pyenv/versions/3.10.0/lib/python3.10/multiprocessing/process.py", line 315, in _bootstrap
    self.run()
  File "/Users/seanazulay/.pyenv/versions/3.10.0/lib/python3.10/multiprocessing/process.py", line 108, in run
    self._target(*self._args, **self._kwargs)
  File "/Users/seanazulay/.pyenv/versions/3.10.0/lib/python3.10/site-packages/uvicorn/_subprocess.py", line 78, in subprocess_started
    target(sockets=sockets)
  File "/Users/seanazulay/.pyenv/versions/3.10.0/lib/python3.10/site-packages/uvicorn/server.py", line 62, in run
    return asyncio.run(self.serve(sockets=sockets))
  File "/Users/seanazulay/.pyenv/versions/3.10.0/lib/python3.10/asyncio/runners.py", line 44, in run
    return loop.run_until_complete(main)
  File "uvloop/loop.pyx", line 1518, in uvloop.loop.Loop.run_until_complete
  File "/Users/seanazulay/.pyenv/versions/3.10.0/lib/python3.10/site-packages/uvicorn/server.py", line 69, in serve
    config.load()
  File "/Users/seanazulay/.pyenv/versions/3.10.0/lib/python3.10/site-packages/uvicorn/config.py", line 458, in load
    self.loaded_app = import_from_string(self.app)
  File "/Users/seanazulay/.pyenv/versions/3.10.0/lib/python3.10/site-packages/uvicorn/importer.py", line 24, in import_from_string
    raise exc from None
  File "/Users/seanazulay/.pyenv/versions/3.10.0/lib/python3.10/site-packages/uvicorn/importer.py", line 21, in import_from_string
    module = importlib.import_module(module_str)
  File "/Users/seanazulay/.pyenv/versions/3.10.0/lib/python3.10/importlib/__init__.py", line 126, in import_module
    return _bootstrap._gcd_import(name[level:], package, level)
  File "<frozen importlib._bootstrap>", line 1050, in _gcd_import
  File "<frozen importlib._bootstrap>", line 1027, in _find_and_load
  File "<frozen importlib._bootstrap>", line 1006, in _find_and_load_unlocked
  File "<frozen importlib._bootstrap>", line 688, in _load_unlocked
  File "<frozen importlib._bootstrap_external>", line 883, in exec_module
  File "<frozen importlib._bootstrap>", line 241, in _call_with_frames_removed
  File "/Users/seanazulay/Desktop/StockBots/LumoTrade/ml-backend/app.py", line 16, in <module>
    from src.api import health, training, prediction, backtest, models_info
  File "/Users/seanazulay/Desktop/StockBots/LumoTrade/ml-backend/src/api/training.py", line 13, in <module>
    from src.core.training.ultimate_trainer import ultimate_trainer
  File "/Users/seanazulay/Desktop/StockBots/LumoTrade/ml-backend/src/core/training/__init__.py", line 6, in <module>
    from .trainer import train_panel_models
ModuleNotFoundError: No module named 'src.core.training.trainer'
WARNING:  WatchFiles detected changes in 'test_optimized_model.py'. Reloading...
WARNING:  WatchFiles detected changes in 'test_optimized_model.py'. Reloading...
Process SpawnProcess-47:
Traceback (most recent call last):
  File "/Users/seanazulay/.pyenv/versions/3.10.0/lib/python3.10/multiprocessing/process.py", line 315, in _bootstrap
    self.run()
  File "/Users/seanazulay/.pyenv/versions/3.10.0/lib/python3.10/multiprocessing/process.py", line 108, in run
    self._target(*self._args, **self._kwargs)
  File "/Users/seanazulay/.pyenv/versions/3.10.0/lib/python3.10/site-packages/uvicorn/_subprocess.py", line 78, in subprocess_started
    target(sockets=sockets)
  File "/Users/seanazulay/.pyenv/versions/3.10.0/lib/python3.10/site-packages/uvicorn/server.py", line 62, in run
    return asyncio.run(self.serve(sockets=sockets))
  File "/Users/seanazulay/.pyenv/versions/3.10.0/lib/python3.10/asyncio/runners.py", line 44, in run
    return loop.run_until_complete(main)
  File "uvloop/loop.pyx", line 1518, in uvloop.loop.Loop.run_until_complete
  File "/Users/seanazulay/.pyenv/versions/3.10.0/lib/python3.10/site-packages/uvicorn/server.py", line 69, in serve
    config.load()
  File "/Users/seanazulay/.pyenv/versions/3.10.0/lib/python3.10/site-packages/uvicorn/config.py", line 458, in load
    self.loaded_app = import_from_string(self.app)
  File "/Users/seanazulay/.pyenv/versions/3.10.0/lib/python3.10/site-packages/uvicorn/importer.py", line 24, in import_from_string
    raise exc from None
  File "/Users/seanazulay/.pyenv/versions/3.10.0/lib/python3.10/site-packages/uvicorn/importer.py", line 21, in import_from_string
    module = importlib.import_module(module_str)
  File "/Users/seanazulay/.pyenv/versions/3.10.0/lib/python3.10/importlib/__init__.py", line 126, in import_module
    return _bootstrap._gcd_import(name[level:], package, level)
  File "<frozen importlib._bootstrap>", line 1050, in _gcd_import
  File "<frozen importlib._bootstrap>", line 1027, in _find_and_load
  File "<frozen importlib._bootstrap>", line 1006, in _find_and_load_unlocked
  File "<frozen importlib._bootstrap>", line 688, in _load_unlocked
  File "<frozen importlib._bootstrap_external>", line 883, in exec_module
  File "<frozen importlib._bootstrap>", line 241, in _call_with_frames_removed
  File "/Users/seanazulay/Desktop/StockBots/LumoTrade/ml-backend/app.py", line 16, in <module>
    from src.api import health, training, prediction, backtest, models_info
  File "/Users/seanazulay/Desktop/StockBots/LumoTrade/ml-backend/src/api/training.py", line 13, in <module>
    from src.core.training.ultimate_trainer import ultimate_trainer
  File "/Users/seanazulay/Desktop/StockBots/LumoTrade/ml-backend/src/core/training/__init__.py", line 6, in <module>
    from .trainer import train_panel_models
ModuleNotFoundError: No module named 'src.core.training.trainer'
WARNING:  WatchFiles detected changes in 'src/core/features/core_features.py'. Reloading...
Process SpawnProcess-48:
Traceback (most recent call last):
  File "/Users/seanazulay/.pyenv/versions/3.10.0/lib/python3.10/multiprocessing/process.py", line 315, in _bootstrap
    self.run()
  File "/Users/seanazulay/.pyenv/versions/3.10.0/lib/python3.10/multiprocessing/process.py", line 108, in run
    self._target(*self._args, **self._kwargs)
  File "/Users/seanazulay/.pyenv/versions/3.10.0/lib/python3.10/site-packages/uvicorn/_subprocess.py", line 78, in subprocess_started
    target(sockets=sockets)
  File "/Users/seanazulay/.pyenv/versions/3.10.0/lib/python3.10/site-packages/uvicorn/server.py", line 62, in run
    return asyncio.run(self.serve(sockets=sockets))
  File "/Users/seanazulay/.pyenv/versions/3.10.0/lib/python3.10/asyncio/runners.py", line 44, in run
    return loop.run_until_complete(main)
  File "uvloop/loop.pyx", line 1518, in uvloop.loop.Loop.run_until_complete
  File "/Users/seanazulay/.pyenv/versions/3.10.0/lib/python3.10/site-packages/uvicorn/server.py", line 69, in serve
    config.load()
  File "/Users/seanazulay/.pyenv/versions/3.10.0/lib/python3.10/site-packages/uvicorn/config.py", line 458, in load
    self.loaded_app = import_from_string(self.app)
  File "/Users/seanazulay/.pyenv/versions/3.10.0/lib/python3.10/site-packages/uvicorn/importer.py", line 24, in import_from_string
    raise exc from None
  File "/Users/seanazulay/.pyenv/versions/3.10.0/lib/python3.10/site-packages/uvicorn/importer.py", line 21, in import_from_string
    module = importlib.import_module(module_str)
  File "/Users/seanazulay/.pyenv/versions/3.10.0/lib/python3.10/importlib/__init__.py", line 126, in import_module
    return _bootstrap._gcd_import(name[level:], package, level)
  File "<frozen importlib._bootstrap>", line 1050, in _gcd_import
  File "<frozen importlib._bootstrap>", line 1027, in _find_and_load
  File "<frozen importlib._bootstrap>", line 1006, in _find_and_load_unlocked
  File "<frozen importlib._bootstrap>", line 688, in _load_unlocked
  File "<frozen importlib._bootstrap_external>", line 883, in exec_module
  File "<frozen importlib._bootstrap>", line 241, in _call_with_frames_removed
  File "/Users/seanazulay/Desktop/StockBots/LumoTrade/ml-backend/app.py", line 16, in <module>
    from src.api import health, training, prediction, backtest, models_info
  File "/Users/seanazulay/Desktop/StockBots/LumoTrade/ml-backend/src/api/training.py", line 13, in <module>
    from src.core.training.ultimate_trainer import ultimate_trainer
  File "/Users/seanazulay/Desktop/StockBots/LumoTrade/ml-backend/src/core/training/__init__.py", line 6, in <module>
    from .trainer import train_panel_models
ModuleNotFoundError: No module named 'src.core.training.trainer'
WARNING:  WatchFiles detected changes in 'src/core/features/core_features.py'. Reloading...
Process SpawnProcess-49:
Traceback (most recent call last):
  File "/Users/seanazulay/.pyenv/versions/3.10.0/lib/python3.10/multiprocessing/process.py", line 315, in _bootstrap
    self.run()
  File "/Users/seanazulay/.pyenv/versions/3.10.0/lib/python3.10/multiprocessing/process.py", line 108, in run
    self._target(*self._args, **self._kwargs)
  File "/Users/seanazulay/.pyenv/versions/3.10.0/lib/python3.10/site-packages/uvicorn/_subprocess.py", line 78, in subprocess_started
    target(sockets=sockets)
  File "/Users/seanazulay/.pyenv/versions/3.10.0/lib/python3.10/site-packages/uvicorn/server.py", line 62, in run
    return asyncio.run(self.serve(sockets=sockets))
  File "/Users/seanazulay/.pyenv/versions/3.10.0/lib/python3.10/asyncio/runners.py", line 44, in run
    return loop.run_until_complete(main)
  File "uvloop/loop.pyx", line 1518, in uvloop.loop.Loop.run_until_complete
  File "/Users/seanazulay/.pyenv/versions/3.10.0/lib/python3.10/site-packages/uvicorn/server.py", line 69, in serve
    config.load()
  File "/Users/seanazulay/.pyenv/versions/3.10.0/lib/python3.10/site-packages/uvicorn/config.py", line 458, in load
    self.loaded_app = import_from_string(self.app)
  File "/Users/seanazulay/.pyenv/versions/3.10.0/lib/python3.10/site-packages/uvicorn/importer.py", line 24, in import_from_string
    raise exc from None
  File "/Users/seanazulay/.pyenv/versions/3.10.0/lib/python3.10/site-packages/uvicorn/importer.py", line 21, in import_from_string
    module = importlib.import_module(module_str)
  File "/Users/seanazulay/.pyenv/versions/3.10.0/lib/python3.10/importlib/__init__.py", line 126, in import_module
    return _bootstrap._gcd_import(name[level:], package, level)
  File "<frozen importlib._bootstrap>", line 1050, in _gcd_import
  File "<frozen importlib._bootstrap>", line 1027, in _find_and_load
  File "<frozen importlib._bootstrap>", line 1006, in _find_and_load_unlocked
  File "<frozen importlib._bootstrap>", line 688, in _load_unlocked
  File "<frozen importlib._bootstrap_external>", line 883, in exec_module
  File "<frozen importlib._bootstrap>", line 241, in _call_with_frames_removed
  File "/Users/seanazulay/Desktop/StockBots/LumoTrade/ml-backend/app.py", line 16, in <module>
    from src.api import health, training, prediction, backtest, models_info
  File "/Users/seanazulay/Desktop/StockBots/LumoTrade/ml-backend/src/api/training.py", line 13, in <module>
    from src.core.training.ultimate_trainer import ultimate_trainer
  File "/Users/seanazulay/Desktop/StockBots/LumoTrade/ml-backend/src/core/training/__init__.py", line 6, in <module>
    from .trainer import train_panel_models
ModuleNotFoundError: No module named 'src.core.training.trainer'
WARNING:  WatchFiles detected changes in 'test_core_features_simple.py'. Reloading...
WARNING:  WatchFiles detected changes in 'test_core_features_simple.py'. Reloading...
WARNING:  WatchFiles detected changes in 'test_core_features_simple.py'. Reloading...
Process SpawnProcess-52:
Traceback (most recent call last):
  File "/Users/seanazulay/.pyenv/versions/3.10.0/lib/python3.10/multiprocessing/process.py", line 315, in _bootstrap
    self.run()
  File "/Users/seanazulay/.pyenv/versions/3.10.0/lib/python3.10/multiprocessing/process.py", line 108, in run
    self._target(*self._args, **self._kwargs)
  File "/Users/seanazulay/.pyenv/versions/3.10.0/lib/python3.10/site-packages/uvicorn/_subprocess.py", line 78, in subprocess_started
    target(sockets=sockets)
  File "/Users/seanazulay/.pyenv/versions/3.10.0/lib/python3.10/site-packages/uvicorn/server.py", line 62, in run
    return asyncio.run(self.serve(sockets=sockets))
  File "/Users/seanazulay/.pyenv/versions/3.10.0/lib/python3.10/asyncio/runners.py", line 44, in run
    return loop.run_until_complete(main)
  File "uvloop/loop.pyx", line 1518, in uvloop.loop.Loop.run_until_complete
  File "/Users/seanazulay/.pyenv/versions/3.10.0/lib/python3.10/site-packages/uvicorn/server.py", line 69, in serve
    config.load()
  File "/Users/seanazulay/.pyenv/versions/3.10.0/lib/python3.10/site-packages/uvicorn/config.py", line 458, in load
    self.loaded_app = import_from_string(self.app)
  File "/Users/seanazulay/.pyenv/versions/3.10.0/lib/python3.10/site-packages/uvicorn/importer.py", line 24, in import_from_string
    raise exc from None
  File "/Users/seanazulay/.pyenv/versions/3.10.0/lib/python3.10/site-packages/uvicorn/importer.py", line 21, in import_from_string
    module = importlib.import_module(module_str)
  File "/Users/seanazulay/.pyenv/versions/3.10.0/lib/python3.10/importlib/__init__.py", line 126, in import_module
    return _bootstrap._gcd_import(name[level:], package, level)
  File "<frozen importlib._bootstrap>", line 1050, in _gcd_import
  File "<frozen importlib._bootstrap>", line 1027, in _find_and_load
  File "<frozen importlib._bootstrap>", line 1006, in _find_and_load_unlocked
  File "<frozen importlib._bootstrap>", line 688, in _load_unlocked
  File "<frozen importlib._bootstrap_external>", line 883, in exec_module
  File "<frozen importlib._bootstrap>", line 241, in _call_with_frames_removed
  File "/Users/seanazulay/Desktop/StockBots/LumoTrade/ml-backend/app.py", line 16, in <module>
    from src.api import health, training, prediction, backtest, models_info
  File "/Users/seanazulay/Desktop/StockBots/LumoTrade/ml-backend/src/api/training.py", line 13, in <module>
    from src.core.training.ultimate_trainer import ultimate_trainer
  File "/Users/seanazulay/Desktop/StockBots/LumoTrade/ml-backend/src/core/training/__init__.py", line 6, in <module>
    from .trainer import train_panel_models
ModuleNotFoundError: No module named 'src.core.training.trainer'
WARNING:  WatchFiles detected changes in 'src/core/data/dataset_builder.py', 'test_optimized_model.py', 'src/core/features/core_features.py', 'test_core_features_simple.py', 'src/core/training/ultimate_trainer.py'. Reloading...
Process SpawnProcess-53:
Traceback (most recent call last):
  File "/Users/seanazulay/.pyenv/versions/3.10.0/lib/python3.10/multiprocessing/process.py", line 315, in _bootstrap
    self.run()
  File "/Users/seanazulay/.pyenv/versions/3.10.0/lib/python3.10/multiprocessing/process.py", line 108, in run
    self._target(*self._args, **self._kwargs)
  File "/Users/seanazulay/.pyenv/versions/3.10.0/lib/python3.10/site-packages/uvicorn/_subprocess.py", line 78, in subprocess_started
    target(sockets=sockets)
  File "/Users/seanazulay/.pyenv/versions/3.10.0/lib/python3.10/site-packages/uvicorn/server.py", line 62, in run
    return asyncio.run(self.serve(sockets=sockets))
  File "/Users/seanazulay/.pyenv/versions/3.10.0/lib/python3.10/asyncio/runners.py", line 44, in run
    return loop.run_until_complete(main)
  File "uvloop/loop.pyx", line 1518, in uvloop.loop.Loop.run_until_complete
  File "/Users/seanazulay/.pyenv/versions/3.10.0/lib/python3.10/site-packages/uvicorn/server.py", line 69, in serve
    config.load()
  File "/Users/seanazulay/.pyenv/versions/3.10.0/lib/python3.10/site-packages/uvicorn/config.py", line 458, in load
    self.loaded_app = import_from_string(self.app)
  File "/Users/seanazulay/.pyenv/versions/3.10.0/lib/python3.10/site-packages/uvicorn/importer.py", line 24, in import_from_string
    raise exc from None
  File "/Users/seanazulay/.pyenv/versions/3.10.0/lib/python3.10/site-packages/uvicorn/importer.py", line 21, in import_from_string
    module = importlib.import_module(module_str)
  File "/Users/seanazulay/.pyenv/versions/3.10.0/lib/python3.10/importlib/__init__.py", line 126, in import_module
    return _bootstrap._gcd_import(name[level:], package, level)
  File "<frozen importlib._bootstrap>", line 1050, in _gcd_import
  File "<frozen importlib._bootstrap>", line 1027, in _find_and_load
  File "<frozen importlib._bootstrap>", line 1006, in _find_and_load_unlocked
  File "<frozen importlib._bootstrap>", line 688, in _load_unlocked
  File "<frozen importlib._bootstrap_external>", line 883, in exec_module
  File "<frozen importlib._bootstrap>", line 241, in _call_with_frames_removed
  File "/Users/seanazulay/Desktop/StockBots/LumoTrade/ml-backend/app.py", line 16, in <module>
    from src.api import health, training, prediction, backtest, models_info
  File "/Users/seanazulay/Desktop/StockBots/LumoTrade/ml-backend/src/api/training.py", line 13, in <module>
    from src.core.training.ultimate_trainer import ultimate_trainer
  File "/Users/seanazulay/Desktop/StockBots/LumoTrade/ml-backend/src/core/training/__init__.py", line 6, in <module>
    from .trainer import train_panel_models
ModuleNotFoundError: No module named 'src.core.training.trainer'
WARNING:  WatchFiles detected changes in 'src/core/features/index_specific.py'. Reloading...
WARNING:  WatchFiles detected changes in 'src/core/features/advanced_news_sentiment.py'. Reloading...
WARNING:  WatchFiles detected changes in 'src/core/features/market_microstructure.py'. Reloading...
WARNING:  WatchFiles detected changes in 'src/core/features/momentum_regime.py'. Reloading...
WARNING:  WatchFiles detected changes in 'src/core/features/news_sentiment.py'. Reloading...
WARNING:  WatchFiles detected changes in 'src/core/features/macro.py'. Reloading...
WARNING:  WatchFiles detected changes in 'src/core/features/cross_asset.py'. Reloading...
WARNING:  WatchFiles detected changes in 'src/core/features/interactions.py'. Reloading...
WARNING:  WatchFiles detected changes in 'src/core/features/calendar.py'. Reloading...
WARNING:  WatchFiles detected changes in 'src/core/features/technicals.py'. Reloading...
WARNING:  WatchFiles detected changes in 'src/core/features/breadth.py'. Reloading...
Process SpawnProcess-64:
Traceback (most recent call last):
  File "/Users/seanazulay/.pyenv/versions/3.10.0/lib/python3.10/multiprocessing/process.py", line 315, in _bootstrap
    self.run()
  File "/Users/seanazulay/.pyenv/versions/3.10.0/lib/python3.10/multiprocessing/process.py", line 108, in run
    self._target(*self._args, **self._kwargs)
  File "/Users/seanazulay/.pyenv/versions/3.10.0/lib/python3.10/site-packages/uvicorn/_subprocess.py", line 78, in subprocess_started
    target(sockets=sockets)
  File "/Users/seanazulay/.pyenv/versions/3.10.0/lib/python3.10/site-packages/uvicorn/server.py", line 62, in run
    return asyncio.run(self.serve(sockets=sockets))
  File "/Users/seanazulay/.pyenv/versions/3.10.0/lib/python3.10/asyncio/runners.py", line 44, in run
    return loop.run_until_complete(main)
  File "uvloop/loop.pyx", line 1518, in uvloop.loop.Loop.run_until_complete
  File "/Users/seanazulay/.pyenv/versions/3.10.0/lib/python3.10/site-packages/uvicorn/server.py", line 69, in serve
    config.load()
  File "/Users/seanazulay/.pyenv/versions/3.10.0/lib/python3.10/site-packages/uvicorn/config.py", line 458, in load
    self.loaded_app = import_from_string(self.app)
  File "/Users/seanazulay/.pyenv/versions/3.10.0/lib/python3.10/site-packages/uvicorn/importer.py", line 24, in import_from_string
    raise exc from None
  File "/Users/seanazulay/.pyenv/versions/3.10.0/lib/python3.10/site-packages/uvicorn/importer.py", line 21, in import_from_string
    module = importlib.import_module(module_str)
  File "/Users/seanazulay/.pyenv/versions/3.10.0/lib/python3.10/importlib/__init__.py", line 126, in import_module
    return _bootstrap._gcd_import(name[level:], package, level)
  File "<frozen importlib._bootstrap>", line 1050, in _gcd_import
  File "<frozen importlib._bootstrap>", line 1027, in _find_and_load
  File "<frozen importlib._bootstrap>", line 1006, in _find_and_load_unlocked
  File "<frozen importlib._bootstrap>", line 688, in _load_unlocked
  File "<frozen importlib._bootstrap_external>", line 883, in exec_module
  File "<frozen importlib._bootstrap>", line 241, in _call_with_frames_removed
  File "/Users/seanazulay/Desktop/StockBots/LumoTrade/ml-backend/app.py", line 16, in <module>
    from src.api import health, training, prediction, backtest, models_info
  File "/Users/seanazulay/Desktop/StockBots/LumoTrade/ml-backend/src/api/training.py", line 13, in <module>
    from src.core.training.ultimate_trainer import ultimate_trainer
  File "/Users/seanazulay/Desktop/StockBots/LumoTrade/ml-backend/src/core/training/__init__.py", line 6, in <module>
    from .trainer import train_panel_models
ModuleNotFoundError: No module named 'src.core.training.trainer'
WARNING:  WatchFiles detected changes in 'src/core/training/ultimate_trainer_v2.py'. Reloading...
Process SpawnProcess-65:
Traceback (most recent call last):
  File "/Users/seanazulay/.pyenv/versions/3.10.0/lib/python3.10/multiprocessing/process.py", line 315, in _bootstrap
    self.run()
  File "/Users/seanazulay/.pyenv/versions/3.10.0/lib/python3.10/multiprocessing/process.py", line 108, in run
    self._target(*self._args, **self._kwargs)
  File "/Users/seanazulay/.pyenv/versions/3.10.0/lib/python3.10/site-packages/uvicorn/_subprocess.py", line 78, in subprocess_started
    target(sockets=sockets)
  File "/Users/seanazulay/.pyenv/versions/3.10.0/lib/python3.10/site-packages/uvicorn/server.py", line 62, in run
    return asyncio.run(self.serve(sockets=sockets))
  File "/Users/seanazulay/.pyenv/versions/3.10.0/lib/python3.10/asyncio/runners.py", line 44, in run
    return loop.run_until_complete(main)
  File "uvloop/loop.pyx", line 1518, in uvloop.loop.Loop.run_until_complete
  File "/Users/seanazulay/.pyenv/versions/3.10.0/lib/python3.10/site-packages/uvicorn/server.py", line 69, in serve
    config.load()
  File "/Users/seanazulay/.pyenv/versions/3.10.0/lib/python3.10/site-packages/uvicorn/config.py", line 458, in load
    self.loaded_app = import_from_string(self.app)
  File "/Users/seanazulay/.pyenv/versions/3.10.0/lib/python3.10/site-packages/uvicorn/importer.py", line 24, in import_from_string
    raise exc from None
  File "/Users/seanazulay/.pyenv/versions/3.10.0/lib/python3.10/site-packages/uvicorn/importer.py", line 21, in import_from_string
    module = importlib.import_module(module_str)
  File "/Users/seanazulay/.pyenv/versions/3.10.0/lib/python3.10/importlib/__init__.py", line 126, in import_module
    return _bootstrap._gcd_import(name[level:], package, level)
  File "<frozen importlib._bootstrap>", line 1050, in _gcd_import
  File "<frozen importlib._bootstrap>", line 1027, in _find_and_load
  File "<frozen importlib._bootstrap>", line 1006, in _find_and_load_unlocked
  File "<frozen importlib._bootstrap>", line 688, in _load_unlocked
  File "<frozen importlib._bootstrap_external>", line 883, in exec_module
  File "<frozen importlib._bootstrap>", line 241, in _call_with_frames_removed
  File "/Users/seanazulay/Desktop/StockBots/LumoTrade/ml-backend/app.py", line 16, in <module>
    from src.api import health, training, prediction, backtest, models_info
  File "/Users/seanazulay/Desktop/StockBots/LumoTrade/ml-backend/src/api/training.py", line 13, in <module>
    from src.core.training.ultimate_trainer import ultimate_trainer
  File "/Users/seanazulay/Desktop/StockBots/LumoTrade/ml-backend/src/core/training/__init__.py", line 6, in <module>
    from .trainer import train_panel_models
ModuleNotFoundError: No module named 'src.core.training.trainer'
WARNING:  WatchFiles detected changes in 'test_fmp_data.py'. Reloading...
Process SpawnProcess-66:
Traceback (most recent call last):
  File "/Users/seanazulay/.pyenv/versions/3.10.0/lib/python3.10/multiprocessing/process.py", line 315, in _bootstrap
    self.run()
  File "/Users/seanazulay/.pyenv/versions/3.10.0/lib/python3.10/multiprocessing/process.py", line 108, in run
    self._target(*self._args, **self._kwargs)
  File "/Users/seanazulay/.pyenv/versions/3.10.0/lib/python3.10/site-packages/uvicorn/_subprocess.py", line 78, in subprocess_started
    target(sockets=sockets)
  File "/Users/seanazulay/.pyenv/versions/3.10.0/lib/python3.10/site-packages/uvicorn/server.py", line 62, in run
    return asyncio.run(self.serve(sockets=sockets))
  File "/Users/seanazulay/.pyenv/versions/3.10.0/lib/python3.10/asyncio/runners.py", line 44, in run
    return loop.run_until_complete(main)
  File "uvloop/loop.pyx", line 1518, in uvloop.loop.Loop.run_until_complete
  File "/Users/seanazulay/.pyenv/versions/3.10.0/lib/python3.10/site-packages/uvicorn/server.py", line 69, in serve
    config.load()
  File "/Users/seanazulay/.pyenv/versions/3.10.0/lib/python3.10/site-packages/uvicorn/config.py", line 458, in load
    self.loaded_app = import_from_string(self.app)
  File "/Users/seanazulay/.pyenv/versions/3.10.0/lib/python3.10/site-packages/uvicorn/importer.py", line 24, in import_from_string
    raise exc from None
  File "/Users/seanazulay/.pyenv/versions/3.10.0/lib/python3.10/site-packages/uvicorn/importer.py", line 21, in import_from_string
    module = importlib.import_module(module_str)
  File "/Users/seanazulay/.pyenv/versions/3.10.0/lib/python3.10/importlib/__init__.py", line 126, in import_module
    return _bootstrap._gcd_import(name[level:], package, level)
  File "<frozen importlib._bootstrap>", line 1050, in _gcd_import
  File "<frozen importlib._bootstrap>", line 1027, in _find_and_load
  File "<frozen importlib._bootstrap>", line 1006, in _find_and_load_unlocked
  File "<frozen importlib._bootstrap>", line 688, in _load_unlocked
  File "<frozen importlib._bootstrap_external>", line 883, in exec_module
  File "<frozen importlib._bootstrap>", line 241, in _call_with_frames_removed
  File "/Users/seanazulay/Desktop/StockBots/LumoTrade/ml-backend/app.py", line 16, in <module>
    from src.api import health, training, prediction, backtest, models_info
  File "/Users/seanazulay/Desktop/StockBots/LumoTrade/ml-backend/src/api/training.py", line 13, in <module>
    from src.core.training.ultimate_trainer import ultimate_trainer
  File "/Users/seanazulay/Desktop/StockBots/LumoTrade/ml-backend/src/core/training/__init__.py", line 6, in <module>
    from .trainer import train_panel_models
ModuleNotFoundError: No module named 'src.core.training.trainer'
WARNING:  WatchFiles detected changes in 'src/core/training/ultimate_trainer.py'. Reloading...
Process SpawnProcess-67:
Traceback (most recent call last):
  File "/Users/seanazulay/.pyenv/versions/3.10.0/lib/python3.10/multiprocessing/process.py", line 315, in _bootstrap
    self.run()
  File "/Users/seanazulay/.pyenv/versions/3.10.0/lib/python3.10/multiprocessing/process.py", line 108, in run
    self._target(*self._args, **self._kwargs)
  File "/Users/seanazulay/.pyenv/versions/3.10.0/lib/python3.10/site-packages/uvicorn/_subprocess.py", line 78, in subprocess_started
    target(sockets=sockets)
  File "/Users/seanazulay/.pyenv/versions/3.10.0/lib/python3.10/site-packages/uvicorn/server.py", line 62, in run
    return asyncio.run(self.serve(sockets=sockets))
  File "/Users/seanazulay/.pyenv/versions/3.10.0/lib/python3.10/asyncio/runners.py", line 44, in run
    return loop.run_until_complete(main)
  File "uvloop/loop.pyx", line 1518, in uvloop.loop.Loop.run_until_complete
  File "/Users/seanazulay/.pyenv/versions/3.10.0/lib/python3.10/site-packages/uvicorn/server.py", line 69, in serve
    config.load()
  File "/Users/seanazulay/.pyenv/versions/3.10.0/lib/python3.10/site-packages/uvicorn/config.py", line 458, in load
    self.loaded_app = import_from_string(self.app)
  File "/Users/seanazulay/.pyenv/versions/3.10.0/lib/python3.10/site-packages/uvicorn/importer.py", line 24, in import_from_string
    raise exc from None
  File "/Users/seanazulay/.pyenv/versions/3.10.0/lib/python3.10/site-packages/uvicorn/importer.py", line 21, in import_from_string
    module = importlib.import_module(module_str)
  File "/Users/seanazulay/.pyenv/versions/3.10.0/lib/python3.10/importlib/__init__.py", line 126, in import_module
    return _bootstrap._gcd_import(name[level:], package, level)
  File "<frozen importlib._bootstrap>", line 1050, in _gcd_import
  File "<frozen importlib._bootstrap>", line 1027, in _find_and_load
  File "<frozen importlib._bootstrap>", line 1006, in _find_and_load_unlocked
  File "<frozen importlib._bootstrap>", line 688, in _load_unlocked
  File "<frozen importlib._bootstrap_external>", line 883, in exec_module
  File "<frozen importlib._bootstrap>", line 241, in _call_with_frames_removed
  File "/Users/seanazulay/Desktop/StockBots/LumoTrade/ml-backend/app.py", line 16, in <module>
    from src.api import health, training, prediction, backtest, models_info
  File "/Users/seanazulay/Desktop/StockBots/LumoTrade/ml-backend/src/api/training.py", line 13, in <module>
    from src.core.training.ultimate_trainer import ultimate_trainer
  File "/Users/seanazulay/Desktop/StockBots/LumoTrade/ml-backend/src/core/training/__init__.py", line 6, in <module>
    from .trainer import train_panel_models
ModuleNotFoundError: No module named 'src.core.training.trainer'
WARNING:  WatchFiles detected changes in 'src/core/features/__init__.py'. Reloading...
Process SpawnProcess-68:
Traceback (most recent call last):
  File "/Users/seanazulay/.pyenv/versions/3.10.0/lib/python3.10/multiprocessing/process.py", line 315, in _bootstrap
    self.run()
  File "/Users/seanazulay/.pyenv/versions/3.10.0/lib/python3.10/multiprocessing/process.py", line 108, in run
    self._target(*self._args, **self._kwargs)
  File "/Users/seanazulay/.pyenv/versions/3.10.0/lib/python3.10/site-packages/uvicorn/_subprocess.py", line 78, in subprocess_started
    target(sockets=sockets)
  File "/Users/seanazulay/.pyenv/versions/3.10.0/lib/python3.10/site-packages/uvicorn/server.py", line 62, in run
    return asyncio.run(self.serve(sockets=sockets))
  File "/Users/seanazulay/.pyenv/versions/3.10.0/lib/python3.10/asyncio/runners.py", line 44, in run
    return loop.run_until_complete(main)
  File "uvloop/loop.pyx", line 1518, in uvloop.loop.Loop.run_until_complete
  File "/Users/seanazulay/.pyenv/versions/3.10.0/lib/python3.10/site-packages/uvicorn/server.py", line 69, in serve
    config.load()
  File "/Users/seanazulay/.pyenv/versions/3.10.0/lib/python3.10/site-packages/uvicorn/config.py", line 458, in load
    self.loaded_app = import_from_string(self.app)
  File "/Users/seanazulay/.pyenv/versions/3.10.0/lib/python3.10/site-packages/uvicorn/importer.py", line 24, in import_from_string
    raise exc from None
  File "/Users/seanazulay/.pyenv/versions/3.10.0/lib/python3.10/site-packages/uvicorn/importer.py", line 21, in import_from_string
    module = importlib.import_module(module_str)
  File "/Users/seanazulay/.pyenv/versions/3.10.0/lib/python3.10/importlib/__init__.py", line 126, in import_module
    return _bootstrap._gcd_import(name[level:], package, level)
  File "<frozen importlib._bootstrap>", line 1050, in _gcd_import
  File "<frozen importlib._bootstrap>", line 1027, in _find_and_load
  File "<frozen importlib._bootstrap>", line 1006, in _find_and_load_unlocked
  File "<frozen importlib._bootstrap>", line 688, in _load_unlocked
  File "<frozen importlib._bootstrap_external>", line 883, in exec_module
  File "<frozen importlib._bootstrap>", line 241, in _call_with_frames_removed
  File "/Users/seanazulay/Desktop/StockBots/LumoTrade/ml-backend/app.py", line 16, in <module>
    from src.api import health, training, prediction, backtest, models_info
  File "/Users/seanazulay/Desktop/StockBots/LumoTrade/ml-backend/src/api/training.py", line 13, in <module>
    from src.core.training.ultimate_trainer import ultimate_trainer
  File "/Users/seanazulay/Desktop/StockBots/LumoTrade/ml-backend/src/core/training/__init__.py", line 6, in <module>
    from .trainer import train_panel_models
ModuleNotFoundError: No module named 'src.core.training.trainer'
WARNING:  WatchFiles detected changes in 'src/api/training_ultimate.py'. Reloading...
Process SpawnProcess-69:
Traceback (most recent call last):
  File "/Users/seanazulay/.pyenv/versions/3.10.0/lib/python3.10/multiprocessing/process.py", line 315, in _bootstrap
    self.run()
  File "/Users/seanazulay/.pyenv/versions/3.10.0/lib/python3.10/multiprocessing/process.py", line 108, in run
    self._target(*self._args, **self._kwargs)
  File "/Users/seanazulay/.pyenv/versions/3.10.0/lib/python3.10/site-packages/uvicorn/_subprocess.py", line 78, in subprocess_started
    target(sockets=sockets)
  File "/Users/seanazulay/.pyenv/versions/3.10.0/lib/python3.10/site-packages/uvicorn/server.py", line 62, in run
    return asyncio.run(self.serve(sockets=sockets))
  File "/Users/seanazulay/.pyenv/versions/3.10.0/lib/python3.10/asyncio/runners.py", line 44, in run
    return loop.run_until_complete(main)
  File "uvloop/loop.pyx", line 1518, in uvloop.loop.Loop.run_until_complete
  File "/Users/seanazulay/.pyenv/versions/3.10.0/lib/python3.10/site-packages/uvicorn/server.py", line 69, in serve
    config.load()
  File "/Users/seanazulay/.pyenv/versions/3.10.0/lib/python3.10/site-packages/uvicorn/config.py", line 458, in load
    self.loaded_app = import_from_string(self.app)
  File "/Users/seanazulay/.pyenv/versions/3.10.0/lib/python3.10/site-packages/uvicorn/importer.py", line 24, in import_from_string
    raise exc from None
  File "/Users/seanazulay/.pyenv/versions/3.10.0/lib/python3.10/site-packages/uvicorn/importer.py", line 21, in import_from_string
    module = importlib.import_module(module_str)
  File "/Users/seanazulay/.pyenv/versions/3.10.0/lib/python3.10/importlib/__init__.py", line 126, in import_module
    return _bootstrap._gcd_import(name[level:], package, level)
  File "<frozen importlib._bootstrap>", line 1050, in _gcd_import
  File "<frozen importlib._bootstrap>", line 1027, in _find_and_load
  File "<frozen importlib._bootstrap>", line 1006, in _find_and_load_unlocked
  File "<frozen importlib._bootstrap>", line 688, in _load_unlocked
  File "<frozen importlib._bootstrap_external>", line 883, in exec_module
  File "<frozen importlib._bootstrap>", line 241, in _call_with_frames_removed
  File "/Users/seanazulay/Desktop/StockBots/LumoTrade/ml-backend/app.py", line 16, in <module>
    from src.api import health, training, prediction, backtest, models_info
  File "/Users/seanazulay/Desktop/StockBots/LumoTrade/ml-backend/src/api/training.py", line 13, in <module>
    from src.core.training.ultimate_trainer import ultimate_trainer
  File "/Users/seanazulay/Desktop/StockBots/LumoTrade/ml-backend/src/core/training/__init__.py", line 6, in <module>
    from .trainer import train_panel_models
ModuleNotFoundError: No module named 'src.core.training.trainer'
WARNING:  WatchFiles detected changes in 'app.py'. Reloading...
Process SpawnProcess-70:
Traceback (most recent call last):
  File "/Users/seanazulay/.pyenv/versions/3.10.0/lib/python3.10/multiprocessing/process.py", line 315, in _bootstrap
    self.run()
  File "/Users/seanazulay/.pyenv/versions/3.10.0/lib/python3.10/multiprocessing/process.py", line 108, in run
    self._target(*self._args, **self._kwargs)
  File "/Users/seanazulay/.pyenv/versions/3.10.0/lib/python3.10/site-packages/uvicorn/_subprocess.py", line 78, in subprocess_started
    target(sockets=sockets)
  File "/Users/seanazulay/.pyenv/versions/3.10.0/lib/python3.10/site-packages/uvicorn/server.py", line 62, in run
    return asyncio.run(self.serve(sockets=sockets))
  File "/Users/seanazulay/.pyenv/versions/3.10.0/lib/python3.10/asyncio/runners.py", line 44, in run
    return loop.run_until_complete(main)
  File "uvloop/loop.pyx", line 1518, in uvloop.loop.Loop.run_until_complete
  File "/Users/seanazulay/.pyenv/versions/3.10.0/lib/python3.10/site-packages/uvicorn/server.py", line 69, in serve
    config.load()
  File "/Users/seanazulay/.pyenv/versions/3.10.0/lib/python3.10/site-packages/uvicorn/config.py", line 458, in load
    self.loaded_app = import_from_string(self.app)
  File "/Users/seanazulay/.pyenv/versions/3.10.0/lib/python3.10/site-packages/uvicorn/importer.py", line 21, in import_from_string
    module = importlib.import_module(module_str)
  File "/Users/seanazulay/.pyenv/versions/3.10.0/lib/python3.10/importlib/__init__.py", line 126, in import_module
    return _bootstrap._gcd_import(name[level:], package, level)
  File "<frozen importlib._bootstrap>", line 1050, in _gcd_import
  File "<frozen importlib._bootstrap>", line 1027, in _find_and_load
  File "<frozen importlib._bootstrap>", line 1006, in _find_and_load_unlocked
  File "<frozen importlib._bootstrap>", line 688, in _load_unlocked
  File "<frozen importlib._bootstrap_external>", line 883, in exec_module
  File "<frozen importlib._bootstrap>", line 241, in _call_with_frames_removed
  File "/Users/seanazulay/Desktop/StockBots/LumoTrade/ml-backend/app.py", line 16, in <module>
    from src.api import health, prediction, backtest, models_info, training_ultimate
  File "/Users/seanazulay/Desktop/StockBots/LumoTrade/ml-backend/src/api/prediction.py", line 12, in <module>
    from src.core.inference.engine import PanelPredictionEngine
  File "/Users/seanazulay/Desktop/StockBots/LumoTrade/ml-backend/src/core/inference/engine.py", line 15, in <module>
    from src.core.features import (
ImportError: cannot import name 'build_technical_features' from 'src.core.features' (/Users/seanazulay/Desktop/StockBots/LumoTrade/ml-backend/src/core/features/__init__.py)
WARNING:  WatchFiles detected changes in 'app.py'. Reloading...
Process SpawnProcess-71:
Traceback (most recent call last):
  File "/Users/seanazulay/.pyenv/versions/3.10.0/lib/python3.10/multiprocessing/process.py", line 315, in _bootstrap
    self.run()
  File "/Users/seanazulay/.pyenv/versions/3.10.0/lib/python3.10/multiprocessing/process.py", line 108, in run
    self._target(*self._args, **self._kwargs)
  File "/Users/seanazulay/.pyenv/versions/3.10.0/lib/python3.10/site-packages/uvicorn/_subprocess.py", line 78, in subprocess_started
    target(sockets=sockets)
  File "/Users/seanazulay/.pyenv/versions/3.10.0/lib/python3.10/site-packages/uvicorn/server.py", line 62, in run
    return asyncio.run(self.serve(sockets=sockets))
  File "/Users/seanazulay/.pyenv/versions/3.10.0/lib/python3.10/asyncio/runners.py", line 44, in run
    return loop.run_until_complete(main)
  File "uvloop/loop.pyx", line 1518, in uvloop.loop.Loop.run_until_complete
  File "/Users/seanazulay/.pyenv/versions/3.10.0/lib/python3.10/site-packages/uvicorn/server.py", line 69, in serve
    config.load()
  File "/Users/seanazulay/.pyenv/versions/3.10.0/lib/python3.10/site-packages/uvicorn/config.py", line 458, in load
    self.loaded_app = import_from_string(self.app)
  File "/Users/seanazulay/.pyenv/versions/3.10.0/lib/python3.10/site-packages/uvicorn/importer.py", line 21, in import_from_string
    module = importlib.import_module(module_str)
  File "/Users/seanazulay/.pyenv/versions/3.10.0/lib/python3.10/importlib/__init__.py", line 126, in import_module
    return _bootstrap._gcd_import(name[level:], package, level)
  File "<frozen importlib._bootstrap>", line 1050, in _gcd_import
  File "<frozen importlib._bootstrap>", line 1027, in _find_and_load
  File "<frozen importlib._bootstrap>", line 1006, in _find_and_load_unlocked
  File "<frozen importlib._bootstrap>", line 688, in _load_unlocked
  File "<frozen importlib._bootstrap_external>", line 883, in exec_module
  File "<frozen importlib._bootstrap>", line 241, in _call_with_frames_removed
  File "/Users/seanazulay/Desktop/StockBots/LumoTrade/ml-backend/app.py", line 16, in <module>
    from src.api import health, prediction, backtest, models_info, training_ultimate
  File "/Users/seanazulay/Desktop/StockBots/LumoTrade/ml-backend/src/api/prediction.py", line 12, in <module>
    from src.core.inference.engine import PanelPredictionEngine
  File "/Users/seanazulay/Desktop/StockBots/LumoTrade/ml-backend/src/core/inference/engine.py", line 15, in <module>
    from src.core.features import (
ImportError: cannot import name 'build_technical_features' from 'src.core.features' (/Users/seanazulay/Desktop/StockBots/LumoTrade/ml-backend/src/core/features/__init__.py)
WARNING:  WatchFiles detected changes in 'app.py'. Reloading...
Process SpawnProcess-72:
Traceback (most recent call last):
  File "/Users/seanazulay/.pyenv/versions/3.10.0/lib/python3.10/multiprocessing/process.py", line 315, in _bootstrap
    self.run()
  File "/Users/seanazulay/.pyenv/versions/3.10.0/lib/python3.10/multiprocessing/process.py", line 108, in run
    self._target(*self._args, **self._kwargs)
  File "/Users/seanazulay/.pyenv/versions/3.10.0/lib/python3.10/site-packages/uvicorn/_subprocess.py", line 78, in subprocess_started
    target(sockets=sockets)
  File "/Users/seanazulay/.pyenv/versions/3.10.0/lib/python3.10/site-packages/uvicorn/server.py", line 62, in run
    return asyncio.run(self.serve(sockets=sockets))
  File "/Users/seanazulay/.pyenv/versions/3.10.0/lib/python3.10/asyncio/runners.py", line 44, in run
    return loop.run_until_complete(main)
  File "uvloop/loop.pyx", line 1518, in uvloop.loop.Loop.run_until_complete
  File "/Users/seanazulay/.pyenv/versions/3.10.0/lib/python3.10/site-packages/uvicorn/server.py", line 69, in serve
    config.load()
  File "/Users/seanazulay/.pyenv/versions/3.10.0/lib/python3.10/site-packages/uvicorn/config.py", line 458, in load
    self.loaded_app = import_from_string(self.app)
  File "/Users/seanazulay/.pyenv/versions/3.10.0/lib/python3.10/site-packages/uvicorn/importer.py", line 21, in import_from_string
    module = importlib.import_module(module_str)
  File "/Users/seanazulay/.pyenv/versions/3.10.0/lib/python3.10/importlib/__init__.py", line 126, in import_module
    return _bootstrap._gcd_import(name[level:], package, level)
  File "<frozen importlib._bootstrap>", line 1050, in _gcd_import
  File "<frozen importlib._bootstrap>", line 1027, in _find_and_load
  File "<frozen importlib._bootstrap>", line 1006, in _find_and_load_unlocked
  File "<frozen importlib._bootstrap>", line 688, in _load_unlocked
  File "<frozen importlib._bootstrap_external>", line 883, in exec_module
  File "<frozen importlib._bootstrap>", line 241, in _call_with_frames_removed
  File "/Users/seanazulay/Desktop/StockBots/LumoTrade/ml-backend/app.py", line 16, in <module>
    from src.api import health, prediction, backtest, models_info, training_ultimate
  File "/Users/seanazulay/Desktop/StockBots/LumoTrade/ml-backend/src/api/prediction.py", line 12, in <module>
    from src.core.inference.engine import PanelPredictionEngine
  File "/Users/seanazulay/Desktop/StockBots/LumoTrade/ml-backend/src/core/inference/engine.py", line 15, in <module>
    from src.core.features import (
ImportError: cannot import name 'build_technical_features' from 'src.core.features' (/Users/seanazulay/Desktop/StockBots/LumoTrade/ml-backend/src/core/features/__init__.py)
WARNING:  WatchFiles detected changes in 'src/api/training.py'. Reloading...
Process SpawnProcess-73:
Traceback (most recent call last):
  File "/Users/seanazulay/.pyenv/versions/3.10.0/lib/python3.10/multiprocessing/process.py", line 315, in _bootstrap
    self.run()
  File "/Users/seanazulay/.pyenv/versions/3.10.0/lib/python3.10/multiprocessing/process.py", line 108, in run
    self._target(*self._args, **self._kwargs)
  File "/Users/seanazulay/.pyenv/versions/3.10.0/lib/python3.10/site-packages/uvicorn/_subprocess.py", line 78, in subprocess_started
    target(sockets=sockets)
  File "/Users/seanazulay/.pyenv/versions/3.10.0/lib/python3.10/site-packages/uvicorn/server.py", line 62, in run
    return asyncio.run(self.serve(sockets=sockets))
  File "/Users/seanazulay/.pyenv/versions/3.10.0/lib/python3.10/asyncio/runners.py", line 44, in run
    return loop.run_until_complete(main)
  File "uvloop/loop.pyx", line 1518, in uvloop.loop.Loop.run_until_complete
  File "/Users/seanazulay/.pyenv/versions/3.10.0/lib/python3.10/site-packages/uvicorn/server.py", line 69, in serve
    config.load()
  File "/Users/seanazulay/.pyenv/versions/3.10.0/lib/python3.10/site-packages/uvicorn/config.py", line 458, in load
    self.loaded_app = import_from_string(self.app)
  File "/Users/seanazulay/.pyenv/versions/3.10.0/lib/python3.10/site-packages/uvicorn/importer.py", line 21, in import_from_string
    module = importlib.import_module(module_str)
  File "/Users/seanazulay/.pyenv/versions/3.10.0/lib/python3.10/importlib/__init__.py", line 126, in import_module
    return _bootstrap._gcd_import(name[level:], package, level)
  File "<frozen importlib._bootstrap>", line 1050, in _gcd_import
  File "<frozen importlib._bootstrap>", line 1027, in _find_and_load
  File "<frozen importlib._bootstrap>", line 1006, in _find_and_load_unlocked
  File "<frozen importlib._bootstrap>", line 688, in _load_unlocked
  File "<frozen importlib._bootstrap_external>", line 883, in exec_module
  File "<frozen importlib._bootstrap>", line 241, in _call_with_frames_removed
  File "/Users/seanazulay/Desktop/StockBots/LumoTrade/ml-backend/app.py", line 16, in <module>
    from src.api import health, prediction, backtest, models_info, training_ultimate
  File "/Users/seanazulay/Desktop/StockBots/LumoTrade/ml-backend/src/api/prediction.py", line 12, in <module>
    from src.core.inference.engine import PanelPredictionEngine
  File "/Users/seanazulay/Desktop/StockBots/LumoTrade/ml-backend/src/core/inference/engine.py", line 15, in <module>
    from src.core.features import (
ImportError: cannot import name 'build_technical_features' from 'src.core.features' (/Users/seanazulay/Desktop/StockBots/LumoTrade/ml-backend/src/core/features/__init__.py)
WARNING:  WatchFiles detected changes in 'src/api/training_ultimate.py'. Reloading...
Process SpawnProcess-74:
Traceback (most recent call last):
  File "/Users/seanazulay/.pyenv/versions/3.10.0/lib/python3.10/multiprocessing/process.py", line 315, in _bootstrap
    self.run()
  File "/Users/seanazulay/.pyenv/versions/3.10.0/lib/python3.10/multiprocessing/process.py", line 108, in run
    self._target(*self._args, **self._kwargs)
  File "/Users/seanazulay/.pyenv/versions/3.10.0/lib/python3.10/site-packages/uvicorn/_subprocess.py", line 78, in subprocess_started
    target(sockets=sockets)
  File "/Users/seanazulay/.pyenv/versions/3.10.0/lib/python3.10/site-packages/uvicorn/server.py", line 62, in run
    return asyncio.run(self.serve(sockets=sockets))
  File "/Users/seanazulay/.pyenv/versions/3.10.0/lib/python3.10/asyncio/runners.py", line 44, in run
    return loop.run_until_complete(main)
  File "uvloop/loop.pyx", line 1518, in uvloop.loop.Loop.run_until_complete
  File "/Users/seanazulay/.pyenv/versions/3.10.0/lib/python3.10/site-packages/uvicorn/server.py", line 69, in serve
    config.load()
  File "/Users/seanazulay/.pyenv/versions/3.10.0/lib/python3.10/site-packages/uvicorn/config.py", line 458, in load
    self.loaded_app = import_from_string(self.app)
  File "/Users/seanazulay/.pyenv/versions/3.10.0/lib/python3.10/site-packages/uvicorn/importer.py", line 21, in import_from_string
    module = importlib.import_module(module_str)
  File "/Users/seanazulay/.pyenv/versions/3.10.0/lib/python3.10/importlib/__init__.py", line 126, in import_module
    return _bootstrap._gcd_import(name[level:], package, level)
  File "<frozen importlib._bootstrap>", line 1050, in _gcd_import
  File "<frozen importlib._bootstrap>", line 1027, in _find_and_load
  File "<frozen importlib._bootstrap>", line 1006, in _find_and_load_unlocked
  File "<frozen importlib._bootstrap>", line 688, in _load_unlocked
  File "<frozen importlib._bootstrap_external>", line 883, in exec_module
  File "<frozen importlib._bootstrap>", line 241, in _call_with_frames_removed
  File "/Users/seanazulay/Desktop/StockBots/LumoTrade/ml-backend/app.py", line 16, in <module>
    from src.api import health, prediction, backtest, models_info, training_ultimate
  File "/Users/seanazulay/Desktop/StockBots/LumoTrade/ml-backend/src/api/prediction.py", line 12, in <module>
    from src.core.inference.engine import PanelPredictionEngine
  File "/Users/seanazulay/Desktop/StockBots/LumoTrade/ml-backend/src/core/inference/engine.py", line 15, in <module>
    from src.core.features import (
ImportError: cannot import name 'build_technical_features' from 'src.core.features' (/Users/seanazulay/Desktop/StockBots/LumoTrade/ml-backend/src/core/features/__init__.py)
WARNING:  WatchFiles detected changes in 'src/api/training_ultimate.py'. Reloading...
Process SpawnProcess-75:
Traceback (most recent call last):
  File "/Users/seanazulay/.pyenv/versions/3.10.0/lib/python3.10/multiprocessing/process.py", line 315, in _bootstrap
    self.run()
  File "/Users/seanazulay/.pyenv/versions/3.10.0/lib/python3.10/multiprocessing/process.py", line 108, in run
    self._target(*self._args, **self._kwargs)
  File "/Users/seanazulay/.pyenv/versions/3.10.0/lib/python3.10/site-packages/uvicorn/_subprocess.py", line 78, in subprocess_started
    target(sockets=sockets)
  File "/Users/seanazulay/.pyenv/versions/3.10.0/lib/python3.10/site-packages/uvicorn/server.py", line 62, in run
    return asyncio.run(self.serve(sockets=sockets))
  File "/Users/seanazulay/.pyenv/versions/3.10.0/lib/python3.10/asyncio/runners.py", line 44, in run
    return loop.run_until_complete(main)
  File "uvloop/loop.pyx", line 1518, in uvloop.loop.Loop.run_until_complete
  File "/Users/seanazulay/.pyenv/versions/3.10.0/lib/python3.10/site-packages/uvicorn/server.py", line 69, in serve
    config.load()
  File "/Users/seanazulay/.pyenv/versions/3.10.0/lib/python3.10/site-packages/uvicorn/config.py", line 458, in load
    self.loaded_app = import_from_string(self.app)
  File "/Users/seanazulay/.pyenv/versions/3.10.0/lib/python3.10/site-packages/uvicorn/importer.py", line 21, in import_from_string
    module = importlib.import_module(module_str)
  File "/Users/seanazulay/.pyenv/versions/3.10.0/lib/python3.10/importlib/__init__.py", line 126, in import_module
    return _bootstrap._gcd_import(name[level:], package, level)
  File "<frozen importlib._bootstrap>", line 1050, in _gcd_import
  File "<frozen importlib._bootstrap>", line 1027, in _find_and_load
  File "<frozen importlib._bootstrap>", line 1006, in _find_and_load_unlocked
  File "<frozen importlib._bootstrap>", line 688, in _load_unlocked
  File "<frozen importlib._bootstrap_external>", line 883, in exec_module
  File "<frozen importlib._bootstrap>", line 241, in _call_with_frames_removed
  File "/Users/seanazulay/Desktop/StockBots/LumoTrade/ml-backend/app.py", line 16, in <module>
    from src.api import health, prediction, backtest, models_info, training_ultimate
  File "/Users/seanazulay/Desktop/StockBots/LumoTrade/ml-backend/src/api/prediction.py", line 12, in <module>
    from src.core.inference.engine import PanelPredictionEngine
  File "/Users/seanazulay/Desktop/StockBots/LumoTrade/ml-backend/src/core/inference/engine.py", line 15, in <module>
    from src.core.features import (
ImportError: cannot import name 'build_technical_features' from 'src.core.features' (/Users/seanazulay/Desktop/StockBots/LumoTrade/ml-backend/src/core/features/__init__.py)
WARNING:  WatchFiles detected changes in 'src/api/training_ultimate.py', 'src/core/training/ultimate_trainer.py', 'src/core/features/__init__.py', 'app.py'. Reloading...
Process SpawnProcess-76:
Traceback (most recent call last):
  File "/Users/seanazulay/.pyenv/versions/3.10.0/lib/python3.10/multiprocessing/process.py", line 315, in _bootstrap
    self.run()
  File "/Users/seanazulay/.pyenv/versions/3.10.0/lib/python3.10/multiprocessing/process.py", line 108, in run
    self._target(*self._args, **self._kwargs)
  File "/Users/seanazulay/.pyenv/versions/3.10.0/lib/python3.10/site-packages/uvicorn/_subprocess.py", line 78, in subprocess_started
    target(sockets=sockets)
  File "/Users/seanazulay/.pyenv/versions/3.10.0/lib/python3.10/site-packages/uvicorn/server.py", line 62, in run
    return asyncio.run(self.serve(sockets=sockets))
  File "/Users/seanazulay/.pyenv/versions/3.10.0/lib/python3.10/asyncio/runners.py", line 44, in run
    return loop.run_until_complete(main)
  File "uvloop/loop.pyx", line 1518, in uvloop.loop.Loop.run_until_complete
  File "/Users/seanazulay/.pyenv/versions/3.10.0/lib/python3.10/site-packages/uvicorn/server.py", line 69, in serve
    config.load()
  File "/Users/seanazulay/.pyenv/versions/3.10.0/lib/python3.10/site-packages/uvicorn/config.py", line 458, in load
    self.loaded_app = import_from_string(self.app)
  File "/Users/seanazulay/.pyenv/versions/3.10.0/lib/python3.10/site-packages/uvicorn/importer.py", line 21, in import_from_string
    module = importlib.import_module(module_str)
  File "/Users/seanazulay/.pyenv/versions/3.10.0/lib/python3.10/importlib/__init__.py", line 126, in import_module
    return _bootstrap._gcd_import(name[level:], package, level)
  File "<frozen importlib._bootstrap>", line 1050, in _gcd_import
  File "<frozen importlib._bootstrap>", line 1027, in _find_and_load
  File "<frozen importlib._bootstrap>", line 1006, in _find_and_load_unlocked
  File "<frozen importlib._bootstrap>", line 688, in _load_unlocked
  File "<frozen importlib._bootstrap_external>", line 883, in exec_module
  File "<frozen importlib._bootstrap>", line 241, in _call_with_frames_removed
  File "/Users/seanazulay/Desktop/StockBots/LumoTrade/ml-backend/app.py", line 16, in <module>
    from src.api import health, prediction, backtest, models_info, training_ultimate
  File "/Users/seanazulay/Desktop/StockBots/LumoTrade/ml-backend/src/api/prediction.py", line 12, in <module>
    from src.core.inference.engine import PanelPredictionEngine
  File "/Users/seanazulay/Desktop/StockBots/LumoTrade/ml-backend/src/core/inference/engine.py", line 15, in <module>
    from src.core.features import (
ImportError: cannot import name 'build_technical_features' from 'src.core.features' (/Users/seanazulay/Desktop/StockBots/LumoTrade/ml-backend/src/core/features/__init__.py)
WARNING:  WatchFiles detected changes in 'src/api/training_ultimate.py', 'src/core/features/core_features.py'. Reloading...
Process SpawnProcess-77:
Traceback (most recent call last):
  File "/Users/seanazulay/.pyenv/versions/3.10.0/lib/python3.10/multiprocessing/process.py", line 315, in _bootstrap
    self.run()
  File "/Users/seanazulay/.pyenv/versions/3.10.0/lib/python3.10/multiprocessing/process.py", line 108, in run
    self._target(*self._args, **self._kwargs)
  File "/Users/seanazulay/.pyenv/versions/3.10.0/lib/python3.10/site-packages/uvicorn/_subprocess.py", line 78, in subprocess_started
    target(sockets=sockets)
  File "/Users/seanazulay/.pyenv/versions/3.10.0/lib/python3.10/site-packages/uvicorn/server.py", line 62, in run
    return asyncio.run(self.serve(sockets=sockets))
  File "/Users/seanazulay/.pyenv/versions/3.10.0/lib/python3.10/asyncio/runners.py", line 44, in run
    return loop.run_until_complete(main)
  File "uvloop/loop.pyx", line 1518, in uvloop.loop.Loop.run_until_complete
  File "/Users/seanazulay/.pyenv/versions/3.10.0/lib/python3.10/site-packages/uvicorn/server.py", line 69, in serve
    config.load()
  File "/Users/seanazulay/.pyenv/versions/3.10.0/lib/python3.10/site-packages/uvicorn/config.py", line 458, in load
    self.loaded_app = import_from_string(self.app)
  File "/Users/seanazulay/.pyenv/versions/3.10.0/lib/python3.10/site-packages/uvicorn/importer.py", line 21, in import_from_string
    module = importlib.import_module(module_str)
  File "/Users/seanazulay/.pyenv/versions/3.10.0/lib/python3.10/importlib/__init__.py", line 126, in import_module
    return _bootstrap._gcd_import(name[level:], package, level)
  File "<frozen importlib._bootstrap>", line 1050, in _gcd_import
  File "<frozen importlib._bootstrap>", line 1027, in _find_and_load
  File "<frozen importlib._bootstrap>", line 1006, in _find_and_load_unlocked
  File "<frozen importlib._bootstrap>", line 688, in _load_unlocked
  File "<frozen importlib._bootstrap_external>", line 883, in exec_module
  File "<frozen importlib._bootstrap>", line 241, in _call_with_frames_removed
  File "/Users/seanazulay/Desktop/StockBots/LumoTrade/ml-backend/app.py", line 16, in <module>
    from src.api import health, prediction, backtest, models_info, training_ultimate
  File "/Users/seanazulay/Desktop/StockBots/LumoTrade/ml-backend/src/api/prediction.py", line 12, in <module>
    from src.core.inference.engine import PanelPredictionEngine
  File "/Users/seanazulay/Desktop/StockBots/LumoTrade/ml-backend/src/core/inference/engine.py", line 15, in <module>
    from src.core.features import (
ImportError: cannot import name 'build_technical_features' from 'src.core.features' (/Users/seanazulay/Desktop/StockBots/LumoTrade/ml-backend/src/core/features/__init__.py)
WARNING:  WatchFiles detected changes in 'test_training.py', 'test_optimized_model.py', 'test_core_features_simple.py', 'test_ultimate_production.py', 'test_production.py', 'test_features.py'. Reloading...
Process SpawnProcess-78:
Traceback (most recent call last):
  File "/Users/seanazulay/.pyenv/versions/3.10.0/lib/python3.10/multiprocessing/process.py", line 315, in _bootstrap
    self.run()
  File "/Users/seanazulay/.pyenv/versions/3.10.0/lib/python3.10/multiprocessing/process.py", line 108, in run
    self._target(*self._args, **self._kwargs)
  File "/Users/seanazulay/.pyenv/versions/3.10.0/lib/python3.10/site-packages/uvicorn/_subprocess.py", line 78, in subprocess_started
    target(sockets=sockets)
  File "/Users/seanazulay/.pyenv/versions/3.10.0/lib/python3.10/site-packages/uvicorn/server.py", line 62, in run
    return asyncio.run(self.serve(sockets=sockets))
  File "/Users/seanazulay/.pyenv/versions/3.10.0/lib/python3.10/asyncio/runners.py", line 44, in run
    return loop.run_until_complete(main)
  File "uvloop/loop.pyx", line 1518, in uvloop.loop.Loop.run_until_complete
  File "/Users/seanazulay/.pyenv/versions/3.10.0/lib/python3.10/site-packages/uvicorn/server.py", line 69, in serve
    config.load()
  File "/Users/seanazulay/.pyenv/versions/3.10.0/lib/python3.10/site-packages/uvicorn/config.py", line 458, in load
    self.loaded_app = import_from_string(self.app)
  File "/Users/seanazulay/.pyenv/versions/3.10.0/lib/python3.10/site-packages/uvicorn/importer.py", line 21, in import_from_string
    module = importlib.import_module(module_str)
  File "/Users/seanazulay/.pyenv/versions/3.10.0/lib/python3.10/importlib/__init__.py", line 126, in import_module
    return _bootstrap._gcd_import(name[level:], package, level)
  File "<frozen importlib._bootstrap>", line 1050, in _gcd_import
  File "<frozen importlib._bootstrap>", line 1027, in _find_and_load
  File "<frozen importlib._bootstrap>", line 1006, in _find_and_load_unlocked
  File "<frozen importlib._bootstrap>", line 688, in _load_unlocked
  File "<frozen importlib._bootstrap_external>", line 883, in exec_module
  File "<frozen importlib._bootstrap>", line 241, in _call_with_frames_removed
  File "/Users/seanazulay/Desktop/StockBots/LumoTrade/ml-backend/app.py", line 16, in <module>
    from src.api import health, prediction, backtest, models_info, training_ultimate
  File "/Users/seanazulay/Desktop/StockBots/LumoTrade/ml-backend/src/api/prediction.py", line 12, in <module>
    from src.core.inference.engine import PanelPredictionEngine
  File "/Users/seanazulay/Desktop/StockBots/LumoTrade/ml-backend/src/core/inference/engine.py", line 15, in <module>
    from src.core.features import (
ImportError: cannot import name 'build_technical_features' from 'src.core.features' (/Users/seanazulay/Desktop/StockBots/LumoTrade/ml-backend/src/core/features/__init__.py)
WARNING:  WatchFiles detected changes in 'src/core/training/__init__.py'. Reloading...
Process SpawnProcess-79:
Traceback (most recent call last):
  File "/Users/seanazulay/.pyenv/versions/3.10.0/lib/python3.10/multiprocessing/process.py", line 315, in _bootstrap
    self.run()
  File "/Users/seanazulay/.pyenv/versions/3.10.0/lib/python3.10/multiprocessing/process.py", line 108, in run
    self._target(*self._args, **self._kwargs)
  File "/Users/seanazulay/.pyenv/versions/3.10.0/lib/python3.10/site-packages/uvicorn/_subprocess.py", line 78, in subprocess_started
    target(sockets=sockets)
  File "/Users/seanazulay/.pyenv/versions/3.10.0/lib/python3.10/site-packages/uvicorn/server.py", line 62, in run
    return asyncio.run(self.serve(sockets=sockets))
  File "/Users/seanazulay/.pyenv/versions/3.10.0/lib/python3.10/asyncio/runners.py", line 44, in run
    return loop.run_until_complete(main)
  File "uvloop/loop.pyx", line 1518, in uvloop.loop.Loop.run_until_complete
  File "/Users/seanazulay/.pyenv/versions/3.10.0/lib/python3.10/site-packages/uvicorn/server.py", line 69, in serve
    config.load()
  File "/Users/seanazulay/.pyenv/versions/3.10.0/lib/python3.10/site-packages/uvicorn/config.py", line 458, in load
    self.loaded_app = import_from_string(self.app)
  File "/Users/seanazulay/.pyenv/versions/3.10.0/lib/python3.10/site-packages/uvicorn/importer.py", line 21, in import_from_string
    module = importlib.import_module(module_str)
  File "/Users/seanazulay/.pyenv/versions/3.10.0/lib/python3.10/importlib/__init__.py", line 126, in import_module
    return _bootstrap._gcd_import(name[level:], package, level)
  File "<frozen importlib._bootstrap>", line 1050, in _gcd_import
  File "<frozen importlib._bootstrap>", line 1027, in _find_and_load
  File "<frozen importlib._bootstrap>", line 1006, in _find_and_load_unlocked
  File "<frozen importlib._bootstrap>", line 688, in _load_unlocked
  File "<frozen importlib._bootstrap_external>", line 883, in exec_module
  File "<frozen importlib._bootstrap>", line 241, in _call_with_frames_removed
  File "/Users/seanazulay/Desktop/StockBots/LumoTrade/ml-backend/app.py", line 16, in <module>
    from src.api import health, prediction, backtest, models_info, training_ultimate
  File "/Users/seanazulay/Desktop/StockBots/LumoTrade/ml-backend/src/api/prediction.py", line 12, in <module>
    from src.core.inference.engine import PanelPredictionEngine
  File "/Users/seanazulay/Desktop/StockBots/LumoTrade/ml-backend/src/core/inference/engine.py", line 15, in <module>
    from src.core.features import (
ImportError: cannot import name 'build_technical_features' from 'src.core.features' (/Users/seanazulay/Desktop/StockBots/LumoTrade/ml-backend/src/core/features/__init__.py)
WARNING:  WatchFiles detected changes in 'test_training.py'. Reloading...
Process SpawnProcess-80:
Traceback (most recent call last):
  File "/Users/seanazulay/.pyenv/versions/3.10.0/lib/python3.10/multiprocessing/process.py", line 315, in _bootstrap
    self.run()
  File "/Users/seanazulay/.pyenv/versions/3.10.0/lib/python3.10/multiprocessing/process.py", line 108, in run
    self._target(*self._args, **self._kwargs)
  File "/Users/seanazulay/.pyenv/versions/3.10.0/lib/python3.10/site-packages/uvicorn/_subprocess.py", line 78, in subprocess_started
    target(sockets=sockets)
  File "/Users/seanazulay/.pyenv/versions/3.10.0/lib/python3.10/site-packages/uvicorn/server.py", line 62, in run
    return asyncio.run(self.serve(sockets=sockets))
  File "/Users/seanazulay/.pyenv/versions/3.10.0/lib/python3.10/asyncio/runners.py", line 44, in run
    return loop.run_until_complete(main)
  File "uvloop/loop.pyx", line 1518, in uvloop.loop.Loop.run_until_complete
  File "/Users/seanazulay/.pyenv/versions/3.10.0/lib/python3.10/site-packages/uvicorn/server.py", line 69, in serve
    config.load()
  File "/Users/seanazulay/.pyenv/versions/3.10.0/lib/python3.10/site-packages/uvicorn/config.py", line 458, in load
    self.loaded_app = import_from_string(self.app)
  File "/Users/seanazulay/.pyenv/versions/3.10.0/lib/python3.10/site-packages/uvicorn/importer.py", line 21, in import_from_string
    module = importlib.import_module(module_str)
  File "/Users/seanazulay/.pyenv/versions/3.10.0/lib/python3.10/importlib/__init__.py", line 126, in import_module
    return _bootstrap._gcd_import(name[level:], package, level)
  File "<frozen importlib._bootstrap>", line 1050, in _gcd_import
  File "<frozen importlib._bootstrap>", line 1027, in _find_and_load
  File "<frozen importlib._bootstrap>", line 1006, in _find_and_load_unlocked
  File "<frozen importlib._bootstrap>", line 688, in _load_unlocked
  File "<frozen importlib._bootstrap_external>", line 883, in exec_module
  File "<frozen importlib._bootstrap>", line 241, in _call_with_frames_removed
  File "/Users/seanazulay/Desktop/StockBots/LumoTrade/ml-backend/app.py", line 16, in <module>
    from src.api import health, prediction, backtest, models_info, training_ultimate
  File "/Users/seanazulay/Desktop/StockBots/LumoTrade/ml-backend/src/api/prediction.py", line 12, in <module>
    from src.core.inference.engine import PanelPredictionEngine
  File "/Users/seanazulay/Desktop/StockBots/LumoTrade/ml-backend/src/core/inference/engine.py", line 15, in <module>
    from src.core.features import (
ImportError: cannot import name 'build_technical_features' from 'src.core.features' (/Users/seanazulay/Desktop/StockBots/LumoTrade/ml-backend/src/core/features/__init__.py)
WARNING:  WatchFiles detected changes in 'test_training.py'. Reloading...
Process SpawnProcess-81:
Traceback (most recent call last):
  File "/Users/seanazulay/.pyenv/versions/3.10.0/lib/python3.10/multiprocessing/process.py", line 315, in _bootstrap
    self.run()
  File "/Users/seanazulay/.pyenv/versions/3.10.0/lib/python3.10/multiprocessing/process.py", line 108, in run
    self._target(*self._args, **self._kwargs)
  File "/Users/seanazulay/.pyenv/versions/3.10.0/lib/python3.10/site-packages/uvicorn/_subprocess.py", line 78, in subprocess_started
    target(sockets=sockets)
  File "/Users/seanazulay/.pyenv/versions/3.10.0/lib/python3.10/site-packages/uvicorn/server.py", line 62, in run
    return asyncio.run(self.serve(sockets=sockets))
  File "/Users/seanazulay/.pyenv/versions/3.10.0/lib/python3.10/asyncio/runners.py", line 44, in run
    return loop.run_until_complete(main)
  File "uvloop/loop.pyx", line 1518, in uvloop.loop.Loop.run_until_complete
  File "/Users/seanazulay/.pyenv/versions/3.10.0/lib/python3.10/site-packages/uvicorn/server.py", line 69, in serve
    config.load()
  File "/Users/seanazulay/.pyenv/versions/3.10.0/lib/python3.10/site-packages/uvicorn/config.py", line 458, in load
    self.loaded_app = import_from_string(self.app)
  File "/Users/seanazulay/.pyenv/versions/3.10.0/lib/python3.10/site-packages/uvicorn/importer.py", line 21, in import_from_string
    module = importlib.import_module(module_str)
  File "/Users/seanazulay/.pyenv/versions/3.10.0/lib/python3.10/importlib/__init__.py", line 126, in import_module
    return _bootstrap._gcd_import(name[level:], package, level)
  File "<frozen importlib._bootstrap>", line 1050, in _gcd_import
  File "<frozen importlib._bootstrap>", line 1027, in _find_and_load
  File "<frozen importlib._bootstrap>", line 1006, in _find_and_load_unlocked
  File "<frozen importlib._bootstrap>", line 688, in _load_unlocked
  File "<frozen importlib._bootstrap_external>", line 883, in exec_module
  File "<frozen importlib._bootstrap>", line 241, in _call_with_frames_removed
  File "/Users/seanazulay/Desktop/StockBots/LumoTrade/ml-backend/app.py", line 16, in <module>
    from src.api import health, prediction, backtest, models_info, training_ultimate
  File "/Users/seanazulay/Desktop/StockBots/LumoTrade/ml-backend/src/api/prediction.py", line 12, in <module>
    from src.core.inference.engine import PanelPredictionEngine
  File "/Users/seanazulay/Desktop/StockBots/LumoTrade/ml-backend/src/core/inference/engine.py", line 15, in <module>
    from src.core.features import (
ImportError: cannot import name 'build_technical_features' from 'src.core.features' (/Users/seanazulay/Desktop/StockBots/LumoTrade/ml-backend/src/core/features/__init__.py)
WARNING:  WatchFiles detected changes in 'src/core/features/core_features.py'. Reloading...
Process SpawnProcess-82:
Traceback (most recent call last):
  File "/Users/seanazulay/.pyenv/versions/3.10.0/lib/python3.10/multiprocessing/process.py", line 315, in _bootstrap
    self.run()
  File "/Users/seanazulay/.pyenv/versions/3.10.0/lib/python3.10/multiprocessing/process.py", line 108, in run
    self._target(*self._args, **self._kwargs)
  File "/Users/seanazulay/.pyenv/versions/3.10.0/lib/python3.10/site-packages/uvicorn/_subprocess.py", line 78, in subprocess_started
    target(sockets=sockets)
  File "/Users/seanazulay/.pyenv/versions/3.10.0/lib/python3.10/site-packages/uvicorn/server.py", line 62, in run
    return asyncio.run(self.serve(sockets=sockets))
  File "/Users/seanazulay/.pyenv/versions/3.10.0/lib/python3.10/asyncio/runners.py", line 44, in run
    return loop.run_until_complete(main)
  File "uvloop/loop.pyx", line 1518, in uvloop.loop.Loop.run_until_complete
  File "/Users/seanazulay/.pyenv/versions/3.10.0/lib/python3.10/site-packages/uvicorn/server.py", line 69, in serve
    config.load()
  File "/Users/seanazulay/.pyenv/versions/3.10.0/lib/python3.10/site-packages/uvicorn/config.py", line 458, in load
    self.loaded_app = import_from_string(self.app)
  File "/Users/seanazulay/.pyenv/versions/3.10.0/lib/python3.10/site-packages/uvicorn/importer.py", line 21, in import_from_string
    module = importlib.import_module(module_str)
  File "/Users/seanazulay/.pyenv/versions/3.10.0/lib/python3.10/importlib/__init__.py", line 126, in import_module
    return _bootstrap._gcd_import(name[level:], package, level)
  File "<frozen importlib._bootstrap>", line 1050, in _gcd_import
  File "<frozen importlib._bootstrap>", line 1027, in _find_and_load
  File "<frozen importlib._bootstrap>", line 1006, in _find_and_load_unlocked
  File "<frozen importlib._bootstrap>", line 688, in _load_unlocked
  File "<frozen importlib._bootstrap_external>", line 883, in exec_module
  File "<frozen importlib._bootstrap>", line 241, in _call_with_frames_removed
  File "/Users/seanazulay/Desktop/StockBots/LumoTrade/ml-backend/app.py", line 16, in <module>
    from src.api import health, prediction, backtest, models_info, training_ultimate
  File "/Users/seanazulay/Desktop/StockBots/LumoTrade/ml-backend/src/api/prediction.py", line 12, in <module>
    from src.core.inference.engine import PanelPredictionEngine
  File "/Users/seanazulay/Desktop/StockBots/LumoTrade/ml-backend/src/core/inference/engine.py", line 15, in <module>
    from src.core.features import (
ImportError: cannot import name 'build_technical_features' from 'src.core.features' (/Users/seanazulay/Desktop/StockBots/LumoTrade/ml-backend/src/core/features/__init__.py)
WARNING:  WatchFiles detected changes in 'src/core/features/core_features.py'. Reloading...
Process SpawnProcess-83:
Traceback (most recent call last):
  File "/Users/seanazulay/.pyenv/versions/3.10.0/lib/python3.10/multiprocessing/process.py", line 315, in _bootstrap
    self.run()
  File "/Users/seanazulay/.pyenv/versions/3.10.0/lib/python3.10/multiprocessing/process.py", line 108, in run
    self._target(*self._args, **self._kwargs)
  File "/Users/seanazulay/.pyenv/versions/3.10.0/lib/python3.10/site-packages/uvicorn/_subprocess.py", line 78, in subprocess_started
    target(sockets=sockets)
  File "/Users/seanazulay/.pyenv/versions/3.10.0/lib/python3.10/site-packages/uvicorn/server.py", line 62, in run
    return asyncio.run(self.serve(sockets=sockets))
  File "/Users/seanazulay/.pyenv/versions/3.10.0/lib/python3.10/asyncio/runners.py", line 44, in run
    return loop.run_until_complete(main)
  File "uvloop/loop.pyx", line 1518, in uvloop.loop.Loop.run_until_complete
  File "/Users/seanazulay/.pyenv/versions/3.10.0/lib/python3.10/site-packages/uvicorn/server.py", line 69, in serve
    config.load()
  File "/Users/seanazulay/.pyenv/versions/3.10.0/lib/python3.10/site-packages/uvicorn/config.py", line 458, in load
    self.loaded_app = import_from_string(self.app)
  File "/Users/seanazulay/.pyenv/versions/3.10.0/lib/python3.10/site-packages/uvicorn/importer.py", line 21, in import_from_string
    module = importlib.import_module(module_str)
  File "/Users/seanazulay/.pyenv/versions/3.10.0/lib/python3.10/importlib/__init__.py", line 126, in import_module
    return _bootstrap._gcd_import(name[level:], package, level)
  File "<frozen importlib._bootstrap>", line 1050, in _gcd_import
  File "<frozen importlib._bootstrap>", line 1027, in _find_and_load
  File "<frozen importlib._bootstrap>", line 1006, in _find_and_load_unlocked
  File "<frozen importlib._bootstrap>", line 688, in _load_unlocked
  File "<frozen importlib._bootstrap_external>", line 883, in exec_module
  File "<frozen importlib._bootstrap>", line 241, in _call_with_frames_removed
  File "/Users/seanazulay/Desktop/StockBots/LumoTrade/ml-backend/app.py", line 16, in <module>
    from src.api import health, prediction, backtest, models_info, training_ultimate
  File "/Users/seanazulay/Desktop/StockBots/LumoTrade/ml-backend/src/api/prediction.py", line 12, in <module>
    from src.core.inference.engine import PanelPredictionEngine
  File "/Users/seanazulay/Desktop/StockBots/LumoTrade/ml-backend/src/core/inference/engine.py", line 15, in <module>
    from src.core.features import (
ImportError: cannot import name 'build_technical_features' from 'src.core.features' (/Users/seanazulay/Desktop/StockBots/LumoTrade/ml-backend/src/core/features/__init__.py)
WARNING:  WatchFiles detected changes in 'src/core/features/core_features.py'. Reloading...
Process SpawnProcess-84:
Traceback (most recent call last):
  File "/Users/seanazulay/.pyenv/versions/3.10.0/lib/python3.10/multiprocessing/process.py", line 315, in _bootstrap
    self.run()
  File "/Users/seanazulay/.pyenv/versions/3.10.0/lib/python3.10/multiprocessing/process.py", line 108, in run
    self._target(*self._args, **self._kwargs)
  File "/Users/seanazulay/.pyenv/versions/3.10.0/lib/python3.10/site-packages/uvicorn/_subprocess.py", line 78, in subprocess_started
    target(sockets=sockets)
  File "/Users/seanazulay/.pyenv/versions/3.10.0/lib/python3.10/site-packages/uvicorn/server.py", line 62, in run
    return asyncio.run(self.serve(sockets=sockets))
  File "/Users/seanazulay/.pyenv/versions/3.10.0/lib/python3.10/asyncio/runners.py", line 44, in run
    return loop.run_until_complete(main)
  File "uvloop/loop.pyx", line 1518, in uvloop.loop.Loop.run_until_complete
  File "/Users/seanazulay/.pyenv/versions/3.10.0/lib/python3.10/site-packages/uvicorn/server.py", line 69, in serve
    config.load()
  File "/Users/seanazulay/.pyenv/versions/3.10.0/lib/python3.10/site-packages/uvicorn/config.py", line 458, in load
    self.loaded_app = import_from_string(self.app)
  File "/Users/seanazulay/.pyenv/versions/3.10.0/lib/python3.10/site-packages/uvicorn/importer.py", line 21, in import_from_string
    module = importlib.import_module(module_str)
  File "/Users/seanazulay/.pyenv/versions/3.10.0/lib/python3.10/importlib/__init__.py", line 126, in import_module
    return _bootstrap._gcd_import(name[level:], package, level)
  File "<frozen importlib._bootstrap>", line 1050, in _gcd_import
  File "<frozen importlib._bootstrap>", line 1027, in _find_and_load
  File "<frozen importlib._bootstrap>", line 1006, in _find_and_load_unlocked
  File "<frozen importlib._bootstrap>", line 688, in _load_unlocked
  File "<frozen importlib._bootstrap_external>", line 883, in exec_module
  File "<frozen importlib._bootstrap>", line 241, in _call_with_frames_removed
  File "/Users/seanazulay/Desktop/StockBots/LumoTrade/ml-backend/app.py", line 16, in <module>
    from src.api import health, prediction, backtest, models_info, training_ultimate
  File "/Users/seanazulay/Desktop/StockBots/LumoTrade/ml-backend/src/api/prediction.py", line 12, in <module>
    from src.core.inference.engine import PanelPredictionEngine
  File "/Users/seanazulay/Desktop/StockBots/LumoTrade/ml-backend/src/core/inference/engine.py", line 15, in <module>
    from src.core.features import (
ImportError: cannot import name 'build_technical_features' from 'src.core.features' (/Users/seanazulay/Desktop/StockBots/LumoTrade/ml-backend/src/core/features/__init__.py)
WARNING:  WatchFiles detected changes in 'test_training.py'. Reloading...
Process SpawnProcess-85:
Traceback (most recent call last):
  File "/Users/seanazulay/.pyenv/versions/3.10.0/lib/python3.10/multiprocessing/process.py", line 315, in _bootstrap
    self.run()
  File "/Users/seanazulay/.pyenv/versions/3.10.0/lib/python3.10/multiprocessing/process.py", line 108, in run
    self._target(*self._args, **self._kwargs)
  File "/Users/seanazulay/.pyenv/versions/3.10.0/lib/python3.10/site-packages/uvicorn/_subprocess.py", line 78, in subprocess_started
    target(sockets=sockets)
  File "/Users/seanazulay/.pyenv/versions/3.10.0/lib/python3.10/site-packages/uvicorn/server.py", line 62, in run
    return asyncio.run(self.serve(sockets=sockets))
  File "/Users/seanazulay/.pyenv/versions/3.10.0/lib/python3.10/asyncio/runners.py", line 44, in run
    return loop.run_until_complete(main)
  File "uvloop/loop.pyx", line 1518, in uvloop.loop.Loop.run_until_complete
  File "/Users/seanazulay/.pyenv/versions/3.10.0/lib/python3.10/site-packages/uvicorn/server.py", line 69, in serve
    config.load()
  File "/Users/seanazulay/.pyenv/versions/3.10.0/lib/python3.10/site-packages/uvicorn/config.py", line 458, in load
    self.loaded_app = import_from_string(self.app)
  File "/Users/seanazulay/.pyenv/versions/3.10.0/lib/python3.10/site-packages/uvicorn/importer.py", line 21, in import_from_string
    module = importlib.import_module(module_str)
  File "/Users/seanazulay/.pyenv/versions/3.10.0/lib/python3.10/importlib/__init__.py", line 126, in import_module
    return _bootstrap._gcd_import(name[level:], package, level)
  File "<frozen importlib._bootstrap>", line 1050, in _gcd_import
  File "<frozen importlib._bootstrap>", line 1027, in _find_and_load
  File "<frozen importlib._bootstrap>", line 1006, in _find_and_load_unlocked
  File "<frozen importlib._bootstrap>", line 688, in _load_unlocked
  File "<frozen importlib._bootstrap_external>", line 883, in exec_module
  File "<frozen importlib._bootstrap>", line 241, in _call_with_frames_removed
  File "/Users/seanazulay/Desktop/StockBots/LumoTrade/ml-backend/app.py", line 16, in <module>
    from src.api import health, prediction, backtest, models_info, training_ultimate
  File "/Users/seanazulay/Desktop/StockBots/LumoTrade/ml-backend/src/api/prediction.py", line 12, in <module>
    from src.core.inference.engine import PanelPredictionEngine
  File "/Users/seanazulay/Desktop/StockBots/LumoTrade/ml-backend/src/core/inference/engine.py", line 15, in <module>
    from src.core.features import (
ImportError: cannot import name 'build_technical_features' from 'src.core.features' (/Users/seanazulay/Desktop/StockBots/LumoTrade/ml-backend/src/core/features/__init__.py)
WARNING:  WatchFiles detected changes in 'test_training.py'. Reloading...
Process SpawnProcess-86:
Traceback (most recent call last):
  File "/Users/seanazulay/.pyenv/versions/3.10.0/lib/python3.10/multiprocessing/process.py", line 315, in _bootstrap
    self.run()
  File "/Users/seanazulay/.pyenv/versions/3.10.0/lib/python3.10/multiprocessing/process.py", line 108, in run
    self._target(*self._args, **self._kwargs)
  File "/Users/seanazulay/.pyenv/versions/3.10.0/lib/python3.10/site-packages/uvicorn/_subprocess.py", line 78, in subprocess_started
    target(sockets=sockets)
  File "/Users/seanazulay/.pyenv/versions/3.10.0/lib/python3.10/site-packages/uvicorn/server.py", line 62, in run
    return asyncio.run(self.serve(sockets=sockets))
  File "/Users/seanazulay/.pyenv/versions/3.10.0/lib/python3.10/asyncio/runners.py", line 44, in run
    return loop.run_until_complete(main)
  File "uvloop/loop.pyx", line 1518, in uvloop.loop.Loop.run_until_complete
  File "/Users/seanazulay/.pyenv/versions/3.10.0/lib/python3.10/site-packages/uvicorn/server.py", line 69, in serve
    config.load()
  File "/Users/seanazulay/.pyenv/versions/3.10.0/lib/python3.10/site-packages/uvicorn/config.py", line 458, in load
    self.loaded_app = import_from_string(self.app)
  File "/Users/seanazulay/.pyenv/versions/3.10.0/lib/python3.10/site-packages/uvicorn/importer.py", line 21, in import_from_string
    module = importlib.import_module(module_str)
  File "/Users/seanazulay/.pyenv/versions/3.10.0/lib/python3.10/importlib/__init__.py", line 126, in import_module
    return _bootstrap._gcd_import(name[level:], package, level)
  File "<frozen importlib._bootstrap>", line 1050, in _gcd_import
  File "<frozen importlib._bootstrap>", line 1027, in _find_and_load
  File "<frozen importlib._bootstrap>", line 1006, in _find_and_load_unlocked
  File "<frozen importlib._bootstrap>", line 688, in _load_unlocked
  File "<frozen importlib._bootstrap_external>", line 883, in exec_module
  File "<frozen importlib._bootstrap>", line 241, in _call_with_frames_removed
  File "/Users/seanazulay/Desktop/StockBots/LumoTrade/ml-backend/app.py", line 16, in <module>
    from src.api import health, prediction, backtest, models_info, training_ultimate
  File "/Users/seanazulay/Desktop/StockBots/LumoTrade/ml-backend/src/api/prediction.py", line 12, in <module>
    from src.core.inference.engine import PanelPredictionEngine
  File "/Users/seanazulay/Desktop/StockBots/LumoTrade/ml-backend/src/core/inference/engine.py", line 15, in <module>
    from src.core.features import (
ImportError: cannot import name 'build_technical_features' from 'src.core.features' (/Users/seanazulay/Desktop/StockBots/LumoTrade/ml-backend/src/core/features/__init__.py)
WARNING:  WatchFiles detected changes in 'src/core/training/__init__.py', 'test_training.py', 'src/core/features/core_features.py'. Reloading...
Process SpawnProcess-87:
Traceback (most recent call last):
  File "/Users/seanazulay/.pyenv/versions/3.10.0/lib/python3.10/multiprocessing/process.py", line 315, in _bootstrap
    self.run()
  File "/Users/seanazulay/.pyenv/versions/3.10.0/lib/python3.10/multiprocessing/process.py", line 108, in run
    self._target(*self._args, **self._kwargs)
  File "/Users/seanazulay/.pyenv/versions/3.10.0/lib/python3.10/site-packages/uvicorn/_subprocess.py", line 78, in subprocess_started
    target(sockets=sockets)
  File "/Users/seanazulay/.pyenv/versions/3.10.0/lib/python3.10/site-packages/uvicorn/server.py", line 62, in run
    return asyncio.run(self.serve(sockets=sockets))
  File "/Users/seanazulay/.pyenv/versions/3.10.0/lib/python3.10/asyncio/runners.py", line 44, in run
    return loop.run_until_complete(main)
  File "uvloop/loop.pyx", line 1518, in uvloop.loop.Loop.run_until_complete
  File "/Users/seanazulay/.pyenv/versions/3.10.0/lib/python3.10/site-packages/uvicorn/server.py", line 69, in serve
    config.load()
  File "/Users/seanazulay/.pyenv/versions/3.10.0/lib/python3.10/site-packages/uvicorn/config.py", line 458, in load
    self.loaded_app = import_from_string(self.app)
  File "/Users/seanazulay/.pyenv/versions/3.10.0/lib/python3.10/site-packages/uvicorn/importer.py", line 21, in import_from_string
    module = importlib.import_module(module_str)
  File "/Users/seanazulay/.pyenv/versions/3.10.0/lib/python3.10/importlib/__init__.py", line 126, in import_module
    return _bootstrap._gcd_import(name[level:], package, level)
  File "<frozen importlib._bootstrap>", line 1050, in _gcd_import
  File "<frozen importlib._bootstrap>", line 1027, in _find_and_load
  File "<frozen importlib._bootstrap>", line 1006, in _find_and_load_unlocked
  File "<frozen importlib._bootstrap>", line 688, in _load_unlocked
  File "<frozen importlib._bootstrap_external>", line 883, in exec_module
  File "<frozen importlib._bootstrap>", line 241, in _call_with_frames_removed
  File "/Users/seanazulay/Desktop/StockBots/LumoTrade/ml-backend/app.py", line 16, in <module>
    from src.api import health, prediction, backtest, models_info, training_ultimate
  File "/Users/seanazulay/Desktop/StockBots/LumoTrade/ml-backend/src/api/prediction.py", line 12, in <module>
    from src.core.inference.engine import PanelPredictionEngine
  File "/Users/seanazulay/Desktop/StockBots/LumoTrade/ml-backend/src/core/inference/engine.py", line 15, in <module>
    from src.core.features import (
ImportError: cannot import name 'build_technical_features' from 'src.core.features' (/Users/seanazulay/Desktop/StockBots/LumoTrade/ml-backend/src/core/features/__init__.py)
WARNING:  WatchFiles detected changes in 'src/core/features/core_features.py'. Reloading...
Process SpawnProcess-88:
Traceback (most recent call last):
  File "/Users/seanazulay/.pyenv/versions/3.10.0/lib/python3.10/multiprocessing/process.py", line 315, in _bootstrap
    self.run()
  File "/Users/seanazulay/.pyenv/versions/3.10.0/lib/python3.10/multiprocessing/process.py", line 108, in run
    self._target(*self._args, **self._kwargs)
  File "/Users/seanazulay/.pyenv/versions/3.10.0/lib/python3.10/site-packages/uvicorn/_subprocess.py", line 78, in subprocess_started
    target(sockets=sockets)
  File "/Users/seanazulay/.pyenv/versions/3.10.0/lib/python3.10/site-packages/uvicorn/server.py", line 62, in run
    return asyncio.run(self.serve(sockets=sockets))
  File "/Users/seanazulay/.pyenv/versions/3.10.0/lib/python3.10/asyncio/runners.py", line 44, in run
    return loop.run_until_complete(main)
  File "uvloop/loop.pyx", line 1518, in uvloop.loop.Loop.run_until_complete
  File "/Users/seanazulay/.pyenv/versions/3.10.0/lib/python3.10/site-packages/uvicorn/server.py", line 69, in serve
    config.load()
  File "/Users/seanazulay/.pyenv/versions/3.10.0/lib/python3.10/site-packages/uvicorn/config.py", line 458, in load
    self.loaded_app = import_from_string(self.app)
  File "/Users/seanazulay/.pyenv/versions/3.10.0/lib/python3.10/site-packages/uvicorn/importer.py", line 21, in import_from_string
    module = importlib.import_module(module_str)
  File "/Users/seanazulay/.pyenv/versions/3.10.0/lib/python3.10/importlib/__init__.py", line 126, in import_module
    return _bootstrap._gcd_import(name[level:], package, level)
  File "<frozen importlib._bootstrap>", line 1050, in _gcd_import
  File "<frozen importlib._bootstrap>", line 1027, in _find_and_load
  File "<frozen importlib._bootstrap>", line 1006, in _find_and_load_unlocked
  File "<frozen importlib._bootstrap>", line 688, in _load_unlocked
  File "<frozen importlib._bootstrap_external>", line 883, in exec_module
  File "<frozen importlib._bootstrap>", line 241, in _call_with_frames_removed
  File "/Users/seanazulay/Desktop/StockBots/LumoTrade/ml-backend/app.py", line 16, in <module>
    from src.api import health, prediction, backtest, models_info, training_ultimate
  File "/Users/seanazulay/Desktop/StockBots/LumoTrade/ml-backend/src/api/prediction.py", line 12, in <module>
    from src.core.inference.engine import PanelPredictionEngine
  File "/Users/seanazulay/Desktop/StockBots/LumoTrade/ml-backend/src/core/inference/engine.py", line 15, in <module>
    from src.core.features import (
ImportError: cannot import name 'build_technical_features' from 'src.core.features' (/Users/seanazulay/Desktop/StockBots/LumoTrade/ml-backend/src/core/features/__init__.py)
WARNING:  WatchFiles detected changes in 'src/core/training/ultimate_trainer.py'. Reloading...
Process SpawnProcess-89:
Traceback (most recent call last):
  File "/Users/seanazulay/.pyenv/versions/3.10.0/lib/python3.10/multiprocessing/process.py", line 315, in _bootstrap
    self.run()
  File "/Users/seanazulay/.pyenv/versions/3.10.0/lib/python3.10/multiprocessing/process.py", line 108, in run
    self._target(*self._args, **self._kwargs)
  File "/Users/seanazulay/.pyenv/versions/3.10.0/lib/python3.10/site-packages/uvicorn/_subprocess.py", line 78, in subprocess_started
    target(sockets=sockets)
  File "/Users/seanazulay/.pyenv/versions/3.10.0/lib/python3.10/site-packages/uvicorn/server.py", line 62, in run
    return asyncio.run(self.serve(sockets=sockets))
  File "/Users/seanazulay/.pyenv/versions/3.10.0/lib/python3.10/asyncio/runners.py", line 44, in run
    return loop.run_until_complete(main)
  File "uvloop/loop.pyx", line 1518, in uvloop.loop.Loop.run_until_complete
  File "/Users/seanazulay/.pyenv/versions/3.10.0/lib/python3.10/site-packages/uvicorn/server.py", line 69, in serve
    config.load()
  File "/Users/seanazulay/.pyenv/versions/3.10.0/lib/python3.10/site-packages/uvicorn/config.py", line 458, in load
    self.loaded_app = import_from_string(self.app)
  File "/Users/seanazulay/.pyenv/versions/3.10.0/lib/python3.10/site-packages/uvicorn/importer.py", line 21, in import_from_string
    module = importlib.import_module(module_str)
  File "/Users/seanazulay/.pyenv/versions/3.10.0/lib/python3.10/importlib/__init__.py", line 126, in import_module
    return _bootstrap._gcd_import(name[level:], package, level)
  File "<frozen importlib._bootstrap>", line 1050, in _gcd_import
  File "<frozen importlib._bootstrap>", line 1027, in _find_and_load
  File "<frozen importlib._bootstrap>", line 1006, in _find_and_load_unlocked
  File "<frozen importlib._bootstrap>", line 688, in _load_unlocked
  File "<frozen importlib._bootstrap_external>", line 883, in exec_module
  File "<frozen importlib._bootstrap>", line 241, in _call_with_frames_removed
  File "/Users/seanazulay/Desktop/StockBots/LumoTrade/ml-backend/app.py", line 16, in <module>
    from src.api import health, prediction, backtest, models_info, training_ultimate
  File "/Users/seanazulay/Desktop/StockBots/LumoTrade/ml-backend/src/api/prediction.py", line 12, in <module>
    from src.core.inference.engine import PanelPredictionEngine
  File "/Users/seanazulay/Desktop/StockBots/LumoTrade/ml-backend/src/core/inference/engine.py", line 15, in <module>
    from src.core.features import (
ImportError: cannot import name 'build_technical_features' from 'src.core.features' (/Users/seanazulay/Desktop/StockBots/LumoTrade/ml-backend/src/core/features/__init__.py)
WARNING:  WatchFiles detected changes in 'src/core/training/ultimate_trainer.py'. Reloading...
Process SpawnProcess-90:
Traceback (most recent call last):
  File "/Users/seanazulay/.pyenv/versions/3.10.0/lib/python3.10/multiprocessing/process.py", line 315, in _bootstrap
    self.run()
  File "/Users/seanazulay/.pyenv/versions/3.10.0/lib/python3.10/multiprocessing/process.py", line 108, in run
    self._target(*self._args, **self._kwargs)
  File "/Users/seanazulay/.pyenv/versions/3.10.0/lib/python3.10/site-packages/uvicorn/_subprocess.py", line 78, in subprocess_started
    target(sockets=sockets)
  File "/Users/seanazulay/.pyenv/versions/3.10.0/lib/python3.10/site-packages/uvicorn/server.py", line 62, in run
    return asyncio.run(self.serve(sockets=sockets))
  File "/Users/seanazulay/.pyenv/versions/3.10.0/lib/python3.10/asyncio/runners.py", line 44, in run
    return loop.run_until_complete(main)
  File "uvloop/loop.pyx", line 1518, in uvloop.loop.Loop.run_until_complete
  File "/Users/seanazulay/.pyenv/versions/3.10.0/lib/python3.10/site-packages/uvicorn/server.py", line 69, in serve
    config.load()
  File "/Users/seanazulay/.pyenv/versions/3.10.0/lib/python3.10/site-packages/uvicorn/config.py", line 458, in load
    self.loaded_app = import_from_string(self.app)
  File "/Users/seanazulay/.pyenv/versions/3.10.0/lib/python3.10/site-packages/uvicorn/importer.py", line 21, in import_from_string
    module = importlib.import_module(module_str)
  File "/Users/seanazulay/.pyenv/versions/3.10.0/lib/python3.10/importlib/__init__.py", line 126, in import_module
    return _bootstrap._gcd_import(name[level:], package, level)
  File "<frozen importlib._bootstrap>", line 1050, in _gcd_import
  File "<frozen importlib._bootstrap>", line 1027, in _find_and_load
  File "<frozen importlib._bootstrap>", line 1006, in _find_and_load_unlocked
  File "<frozen importlib._bootstrap>", line 688, in _load_unlocked
  File "<frozen importlib._bootstrap_external>", line 883, in exec_module
  File "<frozen importlib._bootstrap>", line 241, in _call_with_frames_removed
  File "/Users/seanazulay/Desktop/StockBots/LumoTrade/ml-backend/app.py", line 16, in <module>
    from src.api import health, prediction, backtest, models_info, training_ultimate
  File "/Users/seanazulay/Desktop/StockBots/LumoTrade/ml-backend/src/api/prediction.py", line 12, in <module>
    from src.core.inference.engine import PanelPredictionEngine
  File "/Users/seanazulay/Desktop/StockBots/LumoTrade/ml-backend/src/core/inference/engine.py", line 15, in <module>
    from src.core.features import (
ImportError: cannot import name 'build_technical_features' from 'src.core.features' (/Users/seanazulay/Desktop/StockBots/LumoTrade/ml-backend/src/core/features/__init__.py)
WARNING:  WatchFiles detected changes in 'src/core/training/ultimate_trainer.py'. Reloading...
Process SpawnProcess-91:
Traceback (most recent call last):
  File "/Users/seanazulay/.pyenv/versions/3.10.0/lib/python3.10/multiprocessing/process.py", line 315, in _bootstrap
    self.run()
  File "/Users/seanazulay/.pyenv/versions/3.10.0/lib/python3.10/multiprocessing/process.py", line 108, in run
    self._target(*self._args, **self._kwargs)
  File "/Users/seanazulay/.pyenv/versions/3.10.0/lib/python3.10/site-packages/uvicorn/_subprocess.py", line 78, in subprocess_started
    target(sockets=sockets)
  File "/Users/seanazulay/.pyenv/versions/3.10.0/lib/python3.10/site-packages/uvicorn/server.py", line 62, in run
    return asyncio.run(self.serve(sockets=sockets))
  File "/Users/seanazulay/.pyenv/versions/3.10.0/lib/python3.10/asyncio/runners.py", line 44, in run
    return loop.run_until_complete(main)
  File "uvloop/loop.pyx", line 1518, in uvloop.loop.Loop.run_until_complete
  File "/Users/seanazulay/.pyenv/versions/3.10.0/lib/python3.10/site-packages/uvicorn/server.py", line 69, in serve
    config.load()
  File "/Users/seanazulay/.pyenv/versions/3.10.0/lib/python3.10/site-packages/uvicorn/config.py", line 458, in load
    self.loaded_app = import_from_string(self.app)
  File "/Users/seanazulay/.pyenv/versions/3.10.0/lib/python3.10/site-packages/uvicorn/importer.py", line 21, in import_from_string
    module = importlib.import_module(module_str)
  File "/Users/seanazulay/.pyenv/versions/3.10.0/lib/python3.10/importlib/__init__.py", line 126, in import_module
    return _bootstrap._gcd_import(name[level:], package, level)
  File "<frozen importlib._bootstrap>", line 1050, in _gcd_import
  File "<frozen importlib._bootstrap>", line 1027, in _find_and_load
  File "<frozen importlib._bootstrap>", line 1006, in _find_and_load_unlocked
  File "<frozen importlib._bootstrap>", line 688, in _load_unlocked
  File "<frozen importlib._bootstrap_external>", line 883, in exec_module
  File "<frozen importlib._bootstrap>", line 241, in _call_with_frames_removed
  File "/Users/seanazulay/Desktop/StockBots/LumoTrade/ml-backend/app.py", line 16, in <module>
    from src.api import health, prediction, backtest, models_info, training_ultimate
  File "/Users/seanazulay/Desktop/StockBots/LumoTrade/ml-backend/src/api/prediction.py", line 12, in <module>
    from src.core.inference.engine import PanelPredictionEngine
  File "/Users/seanazulay/Desktop/StockBots/LumoTrade/ml-backend/src/core/inference/engine.py", line 15, in <module>
    from src.core.features import (
ImportError: cannot import name 'build_technical_features' from 'src.core.features' (/Users/seanazulay/Desktop/StockBots/LumoTrade/ml-backend/src/core/features/__init__.py)
WARNING:  WatchFiles detected changes in 'src/core/training/ultimate_trainer.py'. Reloading...
Process SpawnProcess-92:
Traceback (most recent call last):
  File "/Users/seanazulay/.pyenv/versions/3.10.0/lib/python3.10/multiprocessing/process.py", line 315, in _bootstrap
    self.run()
  File "/Users/seanazulay/.pyenv/versions/3.10.0/lib/python3.10/multiprocessing/process.py", line 108, in run
    self._target(*self._args, **self._kwargs)
  File "/Users/seanazulay/.pyenv/versions/3.10.0/lib/python3.10/site-packages/uvicorn/_subprocess.py", line 78, in subprocess_started
    target(sockets=sockets)
  File "/Users/seanazulay/.pyenv/versions/3.10.0/lib/python3.10/site-packages/uvicorn/server.py", line 62, in run
    return asyncio.run(self.serve(sockets=sockets))
  File "/Users/seanazulay/.pyenv/versions/3.10.0/lib/python3.10/asyncio/runners.py", line 44, in run
    return loop.run_until_complete(main)
  File "uvloop/loop.pyx", line 1518, in uvloop.loop.Loop.run_until_complete
  File "/Users/seanazulay/.pyenv/versions/3.10.0/lib/python3.10/site-packages/uvicorn/server.py", line 69, in serve
    config.load()
  File "/Users/seanazulay/.pyenv/versions/3.10.0/lib/python3.10/site-packages/uvicorn/config.py", line 458, in load
    self.loaded_app = import_from_string(self.app)
  File "/Users/seanazulay/.pyenv/versions/3.10.0/lib/python3.10/site-packages/uvicorn/importer.py", line 21, in import_from_string
    module = importlib.import_module(module_str)
  File "/Users/seanazulay/.pyenv/versions/3.10.0/lib/python3.10/importlib/__init__.py", line 126, in import_module
    return _bootstrap._gcd_import(name[level:], package, level)
  File "<frozen importlib._bootstrap>", line 1050, in _gcd_import
  File "<frozen importlib._bootstrap>", line 1027, in _find_and_load
  File "<frozen importlib._bootstrap>", line 1006, in _find_and_load_unlocked
  File "<frozen importlib._bootstrap>", line 688, in _load_unlocked
  File "<frozen importlib._bootstrap_external>", line 883, in exec_module
  File "<frozen importlib._bootstrap>", line 241, in _call_with_frames_removed
  File "/Users/seanazulay/Desktop/StockBots/LumoTrade/ml-backend/app.py", line 16, in <module>
    from src.api import health, prediction, backtest, models_info, training_ultimate
  File "/Users/seanazulay/Desktop/StockBots/LumoTrade/ml-backend/src/api/prediction.py", line 12, in <module>
    from src.core.inference.engine import PanelPredictionEngine
  File "/Users/seanazulay/Desktop/StockBots/LumoTrade/ml-backend/src/core/inference/engine.py", line 15, in <module>
    from src.core.features import (
ImportError: cannot import name 'build_technical_features' from 'src.core.features' (/Users/seanazulay/Desktop/StockBots/LumoTrade/ml-backend/src/core/features/__init__.py)
WARNING:  WatchFiles detected changes in 'test_training.py'. Reloading...
Process SpawnProcess-93:
Traceback (most recent call last):
  File "/Users/seanazulay/.pyenv/versions/3.10.0/lib/python3.10/multiprocessing/process.py", line 315, in _bootstrap
    self.run()
  File "/Users/seanazulay/.pyenv/versions/3.10.0/lib/python3.10/multiprocessing/process.py", line 108, in run
    self._target(*self._args, **self._kwargs)
  File "/Users/seanazulay/.pyenv/versions/3.10.0/lib/python3.10/site-packages/uvicorn/_subprocess.py", line 78, in subprocess_started
    target(sockets=sockets)
  File "/Users/seanazulay/.pyenv/versions/3.10.0/lib/python3.10/site-packages/uvicorn/server.py", line 62, in run
    return asyncio.run(self.serve(sockets=sockets))
  File "/Users/seanazulay/.pyenv/versions/3.10.0/lib/python3.10/asyncio/runners.py", line 44, in run
    return loop.run_until_complete(main)
  File "uvloop/loop.pyx", line 1518, in uvloop.loop.Loop.run_until_complete
  File "/Users/seanazulay/.pyenv/versions/3.10.0/lib/python3.10/site-packages/uvicorn/server.py", line 69, in serve
    config.load()
  File "/Users/seanazulay/.pyenv/versions/3.10.0/lib/python3.10/site-packages/uvicorn/config.py", line 458, in load
    self.loaded_app = import_from_string(self.app)
  File "/Users/seanazulay/.pyenv/versions/3.10.0/lib/python3.10/site-packages/uvicorn/importer.py", line 21, in import_from_string
    module = importlib.import_module(module_str)
  File "/Users/seanazulay/.pyenv/versions/3.10.0/lib/python3.10/importlib/__init__.py", line 126, in import_module
    return _bootstrap._gcd_import(name[level:], package, level)
  File "<frozen importlib._bootstrap>", line 1050, in _gcd_import
  File "<frozen importlib._bootstrap>", line 1027, in _find_and_load
  File "<frozen importlib._bootstrap>", line 1006, in _find_and_load_unlocked
  File "<frozen importlib._bootstrap>", line 688, in _load_unlocked
  File "<frozen importlib._bootstrap_external>", line 883, in exec_module
  File "<frozen importlib._bootstrap>", line 241, in _call_with_frames_removed
  File "/Users/seanazulay/Desktop/StockBots/LumoTrade/ml-backend/app.py", line 16, in <module>
    from src.api import health, prediction, backtest, models_info, training_ultimate
  File "/Users/seanazulay/Desktop/StockBots/LumoTrade/ml-backend/src/api/prediction.py", line 12, in <module>
    from src.core.inference.engine import PanelPredictionEngine
  File "/Users/seanazulay/Desktop/StockBots/LumoTrade/ml-backend/src/core/inference/engine.py", line 15, in <module>
    from src.core.features import (
ImportError: cannot import name 'build_technical_features' from 'src.core.features' (/Users/seanazulay/Desktop/StockBots/LumoTrade/ml-backend/src/core/features/__init__.py)
WARNING:  WatchFiles detected changes in 'src/core/features/core_features.py'. Reloading...
Process SpawnProcess-94:
Traceback (most recent call last):
  File "/Users/seanazulay/.pyenv/versions/3.10.0/lib/python3.10/multiprocessing/process.py", line 315, in _bootstrap
    self.run()
  File "/Users/seanazulay/.pyenv/versions/3.10.0/lib/python3.10/multiprocessing/process.py", line 108, in run
    self._target(*self._args, **self._kwargs)
  File "/Users/seanazulay/.pyenv/versions/3.10.0/lib/python3.10/site-packages/uvicorn/_subprocess.py", line 78, in subprocess_started
    target(sockets=sockets)
  File "/Users/seanazulay/.pyenv/versions/3.10.0/lib/python3.10/site-packages/uvicorn/server.py", line 62, in run
    return asyncio.run(self.serve(sockets=sockets))
  File "/Users/seanazulay/.pyenv/versions/3.10.0/lib/python3.10/asyncio/runners.py", line 44, in run
    return loop.run_until_complete(main)
  File "uvloop/loop.pyx", line 1518, in uvloop.loop.Loop.run_until_complete
  File "/Users/seanazulay/.pyenv/versions/3.10.0/lib/python3.10/site-packages/uvicorn/server.py", line 69, in serve
    config.load()
  File "/Users/seanazulay/.pyenv/versions/3.10.0/lib/python3.10/site-packages/uvicorn/config.py", line 458, in load
    self.loaded_app = import_from_string(self.app)
  File "/Users/seanazulay/.pyenv/versions/3.10.0/lib/python3.10/site-packages/uvicorn/importer.py", line 21, in import_from_string
    module = importlib.import_module(module_str)
  File "/Users/seanazulay/.pyenv/versions/3.10.0/lib/python3.10/importlib/__init__.py", line 126, in import_module
    return _bootstrap._gcd_import(name[level:], package, level)
  File "<frozen importlib._bootstrap>", line 1050, in _gcd_import
  File "<frozen importlib._bootstrap>", line 1027, in _find_and_load
  File "<frozen importlib._bootstrap>", line 1006, in _find_and_load_unlocked
  File "<frozen importlib._bootstrap>", line 688, in _load_unlocked
  File "<frozen importlib._bootstrap_external>", line 883, in exec_module
  File "<frozen importlib._bootstrap>", line 241, in _call_with_frames_removed
  File "/Users/seanazulay/Desktop/StockBots/LumoTrade/ml-backend/app.py", line 16, in <module>
    from src.api import health, prediction, backtest, models_info, training_ultimate
  File "/Users/seanazulay/Desktop/StockBots/LumoTrade/ml-backend/src/api/prediction.py", line 12, in <module>
    from src.core.inference.engine import PanelPredictionEngine
  File "/Users/seanazulay/Desktop/StockBots/LumoTrade/ml-backend/src/core/inference/engine.py", line 15, in <module>
    from src.core.features import (
ImportError: cannot import name 'build_technical_features' from 'src.core.features' (/Users/seanazulay/Desktop/StockBots/LumoTrade/ml-backend/src/core/features/__init__.py)
WARNING:  WatchFiles detected changes in 'src/core/training/ultimate_trainer.py'. Reloading...
Process SpawnProcess-95:
Traceback (most recent call last):
  File "/Users/seanazulay/.pyenv/versions/3.10.0/lib/python3.10/multiprocessing/process.py", line 315, in _bootstrap
    self.run()
  File "/Users/seanazulay/.pyenv/versions/3.10.0/lib/python3.10/multiprocessing/process.py", line 108, in run
    self._target(*self._args, **self._kwargs)
  File "/Users/seanazulay/.pyenv/versions/3.10.0/lib/python3.10/site-packages/uvicorn/_subprocess.py", line 78, in subprocess_started
    target(sockets=sockets)
  File "/Users/seanazulay/.pyenv/versions/3.10.0/lib/python3.10/site-packages/uvicorn/server.py", line 62, in run
    return asyncio.run(self.serve(sockets=sockets))
  File "/Users/seanazulay/.pyenv/versions/3.10.0/lib/python3.10/asyncio/runners.py", line 44, in run
    return loop.run_until_complete(main)
  File "uvloop/loop.pyx", line 1518, in uvloop.loop.Loop.run_until_complete
  File "/Users/seanazulay/.pyenv/versions/3.10.0/lib/python3.10/site-packages/uvicorn/server.py", line 69, in serve
    config.load()
  File "/Users/seanazulay/.pyenv/versions/3.10.0/lib/python3.10/site-packages/uvicorn/config.py", line 458, in load
    self.loaded_app = import_from_string(self.app)
  File "/Users/seanazulay/.pyenv/versions/3.10.0/lib/python3.10/site-packages/uvicorn/importer.py", line 21, in import_from_string
    module = importlib.import_module(module_str)
  File "/Users/seanazulay/.pyenv/versions/3.10.0/lib/python3.10/importlib/__init__.py", line 126, in import_module
    return _bootstrap._gcd_import(name[level:], package, level)
  File "<frozen importlib._bootstrap>", line 1050, in _gcd_import
  File "<frozen importlib._bootstrap>", line 1027, in _find_and_load
  File "<frozen importlib._bootstrap>", line 1006, in _find_and_load_unlocked
  File "<frozen importlib._bootstrap>", line 688, in _load_unlocked
  File "<frozen importlib._bootstrap_external>", line 883, in exec_module
  File "<frozen importlib._bootstrap>", line 241, in _call_with_frames_removed
  File "/Users/seanazulay/Desktop/StockBots/LumoTrade/ml-backend/app.py", line 16, in <module>
    from src.api import health, prediction, backtest, models_info, training_ultimate
  File "/Users/seanazulay/Desktop/StockBots/LumoTrade/ml-backend/src/api/prediction.py", line 12, in <module>
    from src.core.inference.engine import PanelPredictionEngine
  File "/Users/seanazulay/Desktop/StockBots/LumoTrade/ml-backend/src/core/inference/engine.py", line 15, in <module>
    from src.core.features import (
ImportError: cannot import name 'build_technical_features' from 'src.core.features' (/Users/seanazulay/Desktop/StockBots/LumoTrade/ml-backend/src/core/features/__init__.py)
WARNING:  WatchFiles detected changes in 'src/core/training/ultimate_trainer.py'. Reloading...
Process SpawnProcess-96:
Traceback (most recent call last):
  File "/Users/seanazulay/.pyenv/versions/3.10.0/lib/python3.10/multiprocessing/process.py", line 315, in _bootstrap
    self.run()
  File "/Users/seanazulay/.pyenv/versions/3.10.0/lib/python3.10/multiprocessing/process.py", line 108, in run
    self._target(*self._args, **self._kwargs)
  File "/Users/seanazulay/.pyenv/versions/3.10.0/lib/python3.10/site-packages/uvicorn/_subprocess.py", line 78, in subprocess_started
    target(sockets=sockets)
  File "/Users/seanazulay/.pyenv/versions/3.10.0/lib/python3.10/site-packages/uvicorn/server.py", line 62, in run
    return asyncio.run(self.serve(sockets=sockets))
  File "/Users/seanazulay/.pyenv/versions/3.10.0/lib/python3.10/asyncio/runners.py", line 44, in run
    return loop.run_until_complete(main)
  File "uvloop/loop.pyx", line 1518, in uvloop.loop.Loop.run_until_complete
  File "/Users/seanazulay/.pyenv/versions/3.10.0/lib/python3.10/site-packages/uvicorn/server.py", line 69, in serve
    config.load()
  File "/Users/seanazulay/.pyenv/versions/3.10.0/lib/python3.10/site-packages/uvicorn/config.py", line 458, in load
    self.loaded_app = import_from_string(self.app)
  File "/Users/seanazulay/.pyenv/versions/3.10.0/lib/python3.10/site-packages/uvicorn/importer.py", line 21, in import_from_string
    module = importlib.import_module(module_str)
  File "/Users/seanazulay/.pyenv/versions/3.10.0/lib/python3.10/importlib/__init__.py", line 126, in import_module
    return _bootstrap._gcd_import(name[level:], package, level)
  File "<frozen importlib._bootstrap>", line 1050, in _gcd_import
  File "<frozen importlib._bootstrap>", line 1027, in _find_and_load
  File "<frozen importlib._bootstrap>", line 1006, in _find_and_load_unlocked
  File "<frozen importlib._bootstrap>", line 688, in _load_unlocked
  File "<frozen importlib._bootstrap_external>", line 883, in exec_module
  File "<frozen importlib._bootstrap>", line 241, in _call_with_frames_removed
  File "/Users/seanazulay/Desktop/StockBots/LumoTrade/ml-backend/app.py", line 16, in <module>
    from src.api import health, prediction, backtest, models_info, training_ultimate
  File "/Users/seanazulay/Desktop/StockBots/LumoTrade/ml-backend/src/api/prediction.py", line 12, in <module>
    from src.core.inference.engine import PanelPredictionEngine
  File "/Users/seanazulay/Desktop/StockBots/LumoTrade/ml-backend/src/core/inference/engine.py", line 15, in <module>
    from src.core.features import (
ImportError: cannot import name 'build_technical_features' from 'src.core.features' (/Users/seanazulay/Desktop/StockBots/LumoTrade/ml-backend/src/core/features/__init__.py)
WARNING:  WatchFiles detected changes in 'src/core/training/ultimate_trainer.py', 'test_training.py', 'src/core/features/core_features.py'. Reloading...
Process SpawnProcess-97:
Traceback (most recent call last):
  File "/Users/seanazulay/.pyenv/versions/3.10.0/lib/python3.10/multiprocessing/process.py", line 315, in _bootstrap
    self.run()
  File "/Users/seanazulay/.pyenv/versions/3.10.0/lib/python3.10/multiprocessing/process.py", line 108, in run
    self._target(*self._args, **self._kwargs)
  File "/Users/seanazulay/.pyenv/versions/3.10.0/lib/python3.10/site-packages/uvicorn/_subprocess.py", line 78, in subprocess_started
    target(sockets=sockets)
  File "/Users/seanazulay/.pyenv/versions/3.10.0/lib/python3.10/site-packages/uvicorn/server.py", line 62, in run
    return asyncio.run(self.serve(sockets=sockets))
  File "/Users/seanazulay/.pyenv/versions/3.10.0/lib/python3.10/asyncio/runners.py", line 44, in run
    return loop.run_until_complete(main)
  File "uvloop/loop.pyx", line 1518, in uvloop.loop.Loop.run_until_complete
  File "/Users/seanazulay/.pyenv/versions/3.10.0/lib/python3.10/site-packages/uvicorn/server.py", line 69, in serve
    config.load()
  File "/Users/seanazulay/.pyenv/versions/3.10.0/lib/python3.10/site-packages/uvicorn/config.py", line 458, in load
    self.loaded_app = import_from_string(self.app)
  File "/Users/seanazulay/.pyenv/versions/3.10.0/lib/python3.10/site-packages/uvicorn/importer.py", line 21, in import_from_string
    module = importlib.import_module(module_str)
  File "/Users/seanazulay/.pyenv/versions/3.10.0/lib/python3.10/importlib/__init__.py", line 126, in import_module
    return _bootstrap._gcd_import(name[level:], package, level)
  File "<frozen importlib._bootstrap>", line 1050, in _gcd_import
  File "<frozen importlib._bootstrap>", line 1027, in _find_and_load
  File "<frozen importlib._bootstrap>", line 1006, in _find_and_load_unlocked
  File "<frozen importlib._bootstrap>", line 688, in _load_unlocked
  File "<frozen importlib._bootstrap_external>", line 883, in exec_module
  File "<frozen importlib._bootstrap>", line 241, in _call_with_frames_removed
  File "/Users/seanazulay/Desktop/StockBots/LumoTrade/ml-backend/app.py", line 16, in <module>
    from src.api import health, prediction, backtest, models_info, training_ultimate
  File "/Users/seanazulay/Desktop/StockBots/LumoTrade/ml-backend/src/api/prediction.py", line 12, in <module>
    from src.core.inference.engine import PanelPredictionEngine
  File "/Users/seanazulay/Desktop/StockBots/LumoTrade/ml-backend/src/core/inference/engine.py", line 15, in <module>
    from src.core.features import (
ImportError: cannot import name 'build_technical_features' from 'src.core.features' (/Users/seanazulay/Desktop/StockBots/LumoTrade/ml-backend/src/core/features/__init__.py)
WARNING:  WatchFiles detected changes in 'src/core/features/daily_news_sentiment.py'. Reloading...
WARNING:  WatchFiles detected changes in 'src/core/features/daily_news_sentiment.py'. Reloading...
WARNING:  WatchFiles detected changes in 'src/core/features/daily_news_sentiment.py'. Reloading...
Process SpawnProcess-100:
Traceback (most recent call last):
  File "/Users/seanazulay/.pyenv/versions/3.10.0/lib/python3.10/multiprocessing/process.py", line 315, in _bootstrap
    self.run()
  File "/Users/seanazulay/.pyenv/versions/3.10.0/lib/python3.10/multiprocessing/process.py", line 108, in run
    self._target(*self._args, **self._kwargs)
  File "/Users/seanazulay/.pyenv/versions/3.10.0/lib/python3.10/site-packages/uvicorn/_subprocess.py", line 78, in subprocess_started
    target(sockets=sockets)
  File "/Users/seanazulay/.pyenv/versions/3.10.0/lib/python3.10/site-packages/uvicorn/server.py", line 62, in run
    return asyncio.run(self.serve(sockets=sockets))
  File "/Users/seanazulay/.pyenv/versions/3.10.0/lib/python3.10/asyncio/runners.py", line 44, in run
    return loop.run_until_complete(main)
  File "uvloop/loop.pyx", line 1518, in uvloop.loop.Loop.run_until_complete
  File "/Users/seanazulay/.pyenv/versions/3.10.0/lib/python3.10/site-packages/uvicorn/server.py", line 69, in serve
    config.load()
  File "/Users/seanazulay/.pyenv/versions/3.10.0/lib/python3.10/site-packages/uvicorn/config.py", line 458, in load
    self.loaded_app = import_from_string(self.app)
  File "/Users/seanazulay/.pyenv/versions/3.10.0/lib/python3.10/site-packages/uvicorn/importer.py", line 21, in import_from_string
    module = importlib.import_module(module_str)
  File "/Users/seanazulay/.pyenv/versions/3.10.0/lib/python3.10/importlib/__init__.py", line 126, in import_module
    return _bootstrap._gcd_import(name[level:], package, level)
  File "<frozen importlib._bootstrap>", line 1050, in _gcd_import
  File "<frozen importlib._bootstrap>", line 1027, in _find_and_load
  File "<frozen importlib._bootstrap>", line 1006, in _find_and_load_unlocked
  File "<frozen importlib._bootstrap>", line 688, in _load_unlocked
  File "<frozen importlib._bootstrap_external>", line 883, in exec_module
  File "<frozen importlib._bootstrap>", line 241, in _call_with_frames_removed
  File "/Users/seanazulay/Desktop/StockBots/LumoTrade/ml-backend/app.py", line 16, in <module>
    from src.api import health, prediction, backtest, models_info, training_ultimate
  File "/Users/seanazulay/Desktop/StockBots/LumoTrade/ml-backend/src/api/prediction.py", line 12, in <module>
    from src.core.inference.engine import PanelPredictionEngine
  File "/Users/seanazulay/Desktop/StockBots/LumoTrade/ml-backend/src/core/inference/engine.py", line 15, in <module>
    from src.core.features import (
ImportError: cannot import name 'build_technical_features' from 'src.core.features' (/Users/seanazulay/Desktop/StockBots/LumoTrade/ml-backend/src/core/features/__init__.py)
WARNING:  WatchFiles detected changes in 'src/core/features/core_features.py'. Reloading...
Process SpawnProcess-101:
Traceback (most recent call last):
  File "/Users/seanazulay/.pyenv/versions/3.10.0/lib/python3.10/multiprocessing/process.py", line 315, in _bootstrap
    self.run()
  File "/Users/seanazulay/.pyenv/versions/3.10.0/lib/python3.10/multiprocessing/process.py", line 108, in run
    self._target(*self._args, **self._kwargs)
  File "/Users/seanazulay/.pyenv/versions/3.10.0/lib/python3.10/site-packages/uvicorn/_subprocess.py", line 78, in subprocess_started
    target(sockets=sockets)
  File "/Users/seanazulay/.pyenv/versions/3.10.0/lib/python3.10/site-packages/uvicorn/server.py", line 62, in run
    return asyncio.run(self.serve(sockets=sockets))
  File "/Users/seanazulay/.pyenv/versions/3.10.0/lib/python3.10/asyncio/runners.py", line 44, in run
    return loop.run_until_complete(main)
  File "uvloop/loop.pyx", line 1518, in uvloop.loop.Loop.run_until_complete
  File "/Users/seanazulay/.pyenv/versions/3.10.0/lib/python3.10/site-packages/uvicorn/server.py", line 69, in serve
    config.load()
  File "/Users/seanazulay/.pyenv/versions/3.10.0/lib/python3.10/site-packages/uvicorn/config.py", line 458, in load
    self.loaded_app = import_from_string(self.app)
  File "/Users/seanazulay/.pyenv/versions/3.10.0/lib/python3.10/site-packages/uvicorn/importer.py", line 21, in import_from_string
    module = importlib.import_module(module_str)
  File "/Users/seanazulay/.pyenv/versions/3.10.0/lib/python3.10/importlib/__init__.py", line 126, in import_module
    return _bootstrap._gcd_import(name[level:], package, level)
  File "<frozen importlib._bootstrap>", line 1050, in _gcd_import
  File "<frozen importlib._bootstrap>", line 1027, in _find_and_load
  File "<frozen importlib._bootstrap>", line 1006, in _find_and_load_unlocked
  File "<frozen importlib._bootstrap>", line 688, in _load_unlocked
  File "<frozen importlib._bootstrap_external>", line 883, in exec_module
  File "<frozen importlib._bootstrap>", line 241, in _call_with_frames_removed
  File "/Users/seanazulay/Desktop/StockBots/LumoTrade/ml-backend/app.py", line 16, in <module>
    from src.api import health, prediction, backtest, models_info, training_ultimate
  File "/Users/seanazulay/Desktop/StockBots/LumoTrade/ml-backend/src/api/prediction.py", line 12, in <module>
    from src.core.inference.engine import PanelPredictionEngine
  File "/Users/seanazulay/Desktop/StockBots/LumoTrade/ml-backend/src/core/inference/engine.py", line 15, in <module>
    from src.core.features import (
ImportError: cannot import name 'build_technical_features' from 'src.core.features' (/Users/seanazulay/Desktop/StockBots/LumoTrade/ml-backend/src/core/features/__init__.py)
WARNING:  WatchFiles detected changes in 'src/core/features/core_features.py'. Reloading...
Process SpawnProcess-102:
Traceback (most recent call last):
  File "/Users/seanazulay/.pyenv/versions/3.10.0/lib/python3.10/multiprocessing/process.py", line 315, in _bootstrap
    self.run()
  File "/Users/seanazulay/.pyenv/versions/3.10.0/lib/python3.10/multiprocessing/process.py", line 108, in run
    self._target(*self._args, **self._kwargs)
  File "/Users/seanazulay/.pyenv/versions/3.10.0/lib/python3.10/site-packages/uvicorn/_subprocess.py", line 78, in subprocess_started
    target(sockets=sockets)
  File "/Users/seanazulay/.pyenv/versions/3.10.0/lib/python3.10/site-packages/uvicorn/server.py", line 62, in run
    return asyncio.run(self.serve(sockets=sockets))
  File "/Users/seanazulay/.pyenv/versions/3.10.0/lib/python3.10/asyncio/runners.py", line 44, in run
    return loop.run_until_complete(main)
  File "uvloop/loop.pyx", line 1518, in uvloop.loop.Loop.run_until_complete
  File "/Users/seanazulay/.pyenv/versions/3.10.0/lib/python3.10/site-packages/uvicorn/server.py", line 69, in serve
    config.load()
  File "/Users/seanazulay/.pyenv/versions/3.10.0/lib/python3.10/site-packages/uvicorn/config.py", line 458, in load
    self.loaded_app = import_from_string(self.app)
  File "/Users/seanazulay/.pyenv/versions/3.10.0/lib/python3.10/site-packages/uvicorn/importer.py", line 21, in import_from_string
    module = importlib.import_module(module_str)
  File "/Users/seanazulay/.pyenv/versions/3.10.0/lib/python3.10/importlib/__init__.py", line 126, in import_module
    return _bootstrap._gcd_import(name[level:], package, level)
  File "<frozen importlib._bootstrap>", line 1050, in _gcd_import
  File "<frozen importlib._bootstrap>", line 1027, in _find_and_load
  File "<frozen importlib._bootstrap>", line 1006, in _find_and_load_unlocked
  File "<frozen importlib._bootstrap>", line 688, in _load_unlocked
  File "<frozen importlib._bootstrap_external>", line 883, in exec_module
  File "<frozen importlib._bootstrap>", line 241, in _call_with_frames_removed
  File "/Users/seanazulay/Desktop/StockBots/LumoTrade/ml-backend/app.py", line 16, in <module>
    from src.api import health, prediction, backtest, models_info, training_ultimate
  File "/Users/seanazulay/Desktop/StockBots/LumoTrade/ml-backend/src/api/prediction.py", line 12, in <module>
    from src.core.inference.engine import PanelPredictionEngine
  File "/Users/seanazulay/Desktop/StockBots/LumoTrade/ml-backend/src/core/inference/engine.py", line 15, in <module>
    from src.core.features import (
ImportError: cannot import name 'build_technical_features' from 'src.core.features' (/Users/seanazulay/Desktop/StockBots/LumoTrade/ml-backend/src/core/features/__init__.py)
WARNING:  WatchFiles detected changes in 'src/core/features/core_features.py'. Reloading...
Process SpawnProcess-103:
Traceback (most recent call last):
  File "/Users/seanazulay/.pyenv/versions/3.10.0/lib/python3.10/multiprocessing/process.py", line 315, in _bootstrap
    self.run()
  File "/Users/seanazulay/.pyenv/versions/3.10.0/lib/python3.10/multiprocessing/process.py", line 108, in run
    self._target(*self._args, **self._kwargs)
  File "/Users/seanazulay/.pyenv/versions/3.10.0/lib/python3.10/site-packages/uvicorn/_subprocess.py", line 78, in subprocess_started
    target(sockets=sockets)
  File "/Users/seanazulay/.pyenv/versions/3.10.0/lib/python3.10/site-packages/uvicorn/server.py", line 62, in run
    return asyncio.run(self.serve(sockets=sockets))
  File "/Users/seanazulay/.pyenv/versions/3.10.0/lib/python3.10/asyncio/runners.py", line 44, in run
    return loop.run_until_complete(main)
  File "uvloop/loop.pyx", line 1518, in uvloop.loop.Loop.run_until_complete
  File "/Users/seanazulay/.pyenv/versions/3.10.0/lib/python3.10/site-packages/uvicorn/server.py", line 69, in serve
    config.load()
  File "/Users/seanazulay/.pyenv/versions/3.10.0/lib/python3.10/site-packages/uvicorn/config.py", line 458, in load
    self.loaded_app = import_from_string(self.app)
  File "/Users/seanazulay/.pyenv/versions/3.10.0/lib/python3.10/site-packages/uvicorn/importer.py", line 21, in import_from_string
    module = importlib.import_module(module_str)
  File "/Users/seanazulay/.pyenv/versions/3.10.0/lib/python3.10/importlib/__init__.py", line 126, in import_module
    return _bootstrap._gcd_import(name[level:], package, level)
  File "<frozen importlib._bootstrap>", line 1050, in _gcd_import
  File "<frozen importlib._bootstrap>", line 1027, in _find_and_load
  File "<frozen importlib._bootstrap>", line 1006, in _find_and_load_unlocked
  File "<frozen importlib._bootstrap>", line 688, in _load_unlocked
  File "<frozen importlib._bootstrap_external>", line 883, in exec_module
  File "<frozen importlib._bootstrap>", line 241, in _call_with_frames_removed
  File "/Users/seanazulay/Desktop/StockBots/LumoTrade/ml-backend/app.py", line 16, in <module>
    from src.api import health, prediction, backtest, models_info, training_ultimate
  File "/Users/seanazulay/Desktop/StockBots/LumoTrade/ml-backend/src/api/prediction.py", line 12, in <module>
    from src.core.inference.engine import PanelPredictionEngine
  File "/Users/seanazulay/Desktop/StockBots/LumoTrade/ml-backend/src/core/inference/engine.py", line 15, in <module>
    from src.core.features import (
ImportError: cannot import name 'build_technical_features' from 'src.core.features' (/Users/seanazulay/Desktop/StockBots/LumoTrade/ml-backend/src/core/features/__init__.py)
WARNING:  WatchFiles detected changes in 'src/core/training/ultimate_trainer.py'. Reloading...
Process SpawnProcess-104:
Traceback (most recent call last):
  File "/Users/seanazulay/.pyenv/versions/3.10.0/lib/python3.10/multiprocessing/process.py", line 315, in _bootstrap
    self.run()
  File "/Users/seanazulay/.pyenv/versions/3.10.0/lib/python3.10/multiprocessing/process.py", line 108, in run
    self._target(*self._args, **self._kwargs)
  File "/Users/seanazulay/.pyenv/versions/3.10.0/lib/python3.10/site-packages/uvicorn/_subprocess.py", line 78, in subprocess_started
    target(sockets=sockets)
  File "/Users/seanazulay/.pyenv/versions/3.10.0/lib/python3.10/site-packages/uvicorn/server.py", line 62, in run
    return asyncio.run(self.serve(sockets=sockets))
  File "/Users/seanazulay/.pyenv/versions/3.10.0/lib/python3.10/asyncio/runners.py", line 44, in run
    return loop.run_until_complete(main)
  File "uvloop/loop.pyx", line 1518, in uvloop.loop.Loop.run_until_complete
  File "/Users/seanazulay/.pyenv/versions/3.10.0/lib/python3.10/site-packages/uvicorn/server.py", line 69, in serve
    config.load()
  File "/Users/seanazulay/.pyenv/versions/3.10.0/lib/python3.10/site-packages/uvicorn/config.py", line 458, in load
    self.loaded_app = import_from_string(self.app)
  File "/Users/seanazulay/.pyenv/versions/3.10.0/lib/python3.10/site-packages/uvicorn/importer.py", line 21, in import_from_string
    module = importlib.import_module(module_str)
  File "/Users/seanazulay/.pyenv/versions/3.10.0/lib/python3.10/importlib/__init__.py", line 126, in import_module
    return _bootstrap._gcd_import(name[level:], package, level)
  File "<frozen importlib._bootstrap>", line 1050, in _gcd_import
  File "<frozen importlib._bootstrap>", line 1027, in _find_and_load
  File "<frozen importlib._bootstrap>", line 1006, in _find_and_load_unlocked
  File "<frozen importlib._bootstrap>", line 688, in _load_unlocked
  File "<frozen importlib._bootstrap_external>", line 883, in exec_module
  File "<frozen importlib._bootstrap>", line 241, in _call_with_frames_removed
  File "/Users/seanazulay/Desktop/StockBots/LumoTrade/ml-backend/app.py", line 16, in <module>
    from src.api import health, prediction, backtest, models_info, training_ultimate
  File "/Users/seanazulay/Desktop/StockBots/LumoTrade/ml-backend/src/api/prediction.py", line 12, in <module>
    from src.core.inference.engine import PanelPredictionEngine
  File "/Users/seanazulay/Desktop/StockBots/LumoTrade/ml-backend/src/core/inference/engine.py", line 15, in <module>
    from src.core.features import (
ImportError: cannot import name 'build_technical_features' from 'src.core.features' (/Users/seanazulay/Desktop/StockBots/LumoTrade/ml-backend/src/core/features/__init__.py)
WARNING:  WatchFiles detected changes in 'src/core/data/dataset_builder.py'. Reloading...
Process SpawnProcess-105:
Traceback (most recent call last):
  File "/Users/seanazulay/.pyenv/versions/3.10.0/lib/python3.10/multiprocessing/process.py", line 315, in _bootstrap
    self.run()
  File "/Users/seanazulay/.pyenv/versions/3.10.0/lib/python3.10/multiprocessing/process.py", line 108, in run
    self._target(*self._args, **self._kwargs)
  File "/Users/seanazulay/.pyenv/versions/3.10.0/lib/python3.10/site-packages/uvicorn/_subprocess.py", line 78, in subprocess_started
    target(sockets=sockets)
  File "/Users/seanazulay/.pyenv/versions/3.10.0/lib/python3.10/site-packages/uvicorn/server.py", line 62, in run
    return asyncio.run(self.serve(sockets=sockets))
  File "/Users/seanazulay/.pyenv/versions/3.10.0/lib/python3.10/asyncio/runners.py", line 44, in run
    return loop.run_until_complete(main)
  File "uvloop/loop.pyx", line 1518, in uvloop.loop.Loop.run_until_complete
  File "/Users/seanazulay/.pyenv/versions/3.10.0/lib/python3.10/site-packages/uvicorn/server.py", line 69, in serve
    config.load()
  File "/Users/seanazulay/.pyenv/versions/3.10.0/lib/python3.10/site-packages/uvicorn/config.py", line 458, in load
    self.loaded_app = import_from_string(self.app)
  File "/Users/seanazulay/.pyenv/versions/3.10.0/lib/python3.10/site-packages/uvicorn/importer.py", line 21, in import_from_string
    module = importlib.import_module(module_str)
  File "/Users/seanazulay/.pyenv/versions/3.10.0/lib/python3.10/importlib/__init__.py", line 126, in import_module
    return _bootstrap._gcd_import(name[level:], package, level)
  File "<frozen importlib._bootstrap>", line 1050, in _gcd_import
  File "<frozen importlib._bootstrap>", line 1027, in _find_and_load
  File "<frozen importlib._bootstrap>", line 1006, in _find_and_load_unlocked
  File "<frozen importlib._bootstrap>", line 688, in _load_unlocked
  File "<frozen importlib._bootstrap_external>", line 883, in exec_module
  File "<frozen importlib._bootstrap>", line 241, in _call_with_frames_removed
  File "/Users/seanazulay/Desktop/StockBots/LumoTrade/ml-backend/app.py", line 16, in <module>
    from src.api import health, prediction, backtest, models_info, training_ultimate
  File "/Users/seanazulay/Desktop/StockBots/LumoTrade/ml-backend/src/api/prediction.py", line 12, in <module>
    from src.core.inference.engine import PanelPredictionEngine
  File "/Users/seanazulay/Desktop/StockBots/LumoTrade/ml-backend/src/core/inference/engine.py", line 15, in <module>
    from src.core.features import (
ImportError: cannot import name 'build_technical_features' from 'src.core.features' (/Users/seanazulay/Desktop/StockBots/LumoTrade/ml-backend/src/core/features/__init__.py)
WARNING:  WatchFiles detected changes in 'src/core/training/ultimate_trainer.py'. Reloading...
Process SpawnProcess-106:
Traceback (most recent call last):
  File "/Users/seanazulay/.pyenv/versions/3.10.0/lib/python3.10/multiprocessing/process.py", line 315, in _bootstrap
    self.run()
  File "/Users/seanazulay/.pyenv/versions/3.10.0/lib/python3.10/multiprocessing/process.py", line 108, in run
    self._target(*self._args, **self._kwargs)
  File "/Users/seanazulay/.pyenv/versions/3.10.0/lib/python3.10/site-packages/uvicorn/_subprocess.py", line 78, in subprocess_started
    target(sockets=sockets)
  File "/Users/seanazulay/.pyenv/versions/3.10.0/lib/python3.10/site-packages/uvicorn/server.py", line 62, in run
    return asyncio.run(self.serve(sockets=sockets))
  File "/Users/seanazulay/.pyenv/versions/3.10.0/lib/python3.10/asyncio/runners.py", line 44, in run
    return loop.run_until_complete(main)
  File "uvloop/loop.pyx", line 1518, in uvloop.loop.Loop.run_until_complete
  File "/Users/seanazulay/.pyenv/versions/3.10.0/lib/python3.10/site-packages/uvicorn/server.py", line 69, in serve
    config.load()
  File "/Users/seanazulay/.pyenv/versions/3.10.0/lib/python3.10/site-packages/uvicorn/config.py", line 458, in load
    self.loaded_app = import_from_string(self.app)
  File "/Users/seanazulay/.pyenv/versions/3.10.0/lib/python3.10/site-packages/uvicorn/importer.py", line 21, in import_from_string
    module = importlib.import_module(module_str)
  File "/Users/seanazulay/.pyenv/versions/3.10.0/lib/python3.10/importlib/__init__.py", line 126, in import_module
    return _bootstrap._gcd_import(name[level:], package, level)
  File "<frozen importlib._bootstrap>", line 1050, in _gcd_import
  File "<frozen importlib._bootstrap>", line 1027, in _find_and_load
  File "<frozen importlib._bootstrap>", line 1006, in _find_and_load_unlocked
  File "<frozen importlib._bootstrap>", line 688, in _load_unlocked
  File "<frozen importlib._bootstrap_external>", line 883, in exec_module
  File "<frozen importlib._bootstrap>", line 241, in _call_with_frames_removed
  File "/Users/seanazulay/Desktop/StockBots/LumoTrade/ml-backend/app.py", line 16, in <module>
    from src.api import health, prediction, backtest, models_info, training_ultimate
  File "/Users/seanazulay/Desktop/StockBots/LumoTrade/ml-backend/src/api/prediction.py", line 12, in <module>
    from src.core.inference.engine import PanelPredictionEngine
  File "/Users/seanazulay/Desktop/StockBots/LumoTrade/ml-backend/src/core/inference/engine.py", line 15, in <module>
    from src.core.features import (
ImportError: cannot import name 'build_technical_features' from 'src.core.features' (/Users/seanazulay/Desktop/StockBots/LumoTrade/ml-backend/src/core/features/__init__.py)
WARNING:  WatchFiles detected changes in 'src/core/training/ultimate_trainer.py'. Reloading...
Process SpawnProcess-107:
Traceback (most recent call last):
  File "/Users/seanazulay/.pyenv/versions/3.10.0/lib/python3.10/multiprocessing/process.py", line 315, in _bootstrap
    self.run()
  File "/Users/seanazulay/.pyenv/versions/3.10.0/lib/python3.10/multiprocessing/process.py", line 108, in run
    self._target(*self._args, **self._kwargs)
  File "/Users/seanazulay/.pyenv/versions/3.10.0/lib/python3.10/site-packages/uvicorn/_subprocess.py", line 78, in subprocess_started
    target(sockets=sockets)
  File "/Users/seanazulay/.pyenv/versions/3.10.0/lib/python3.10/site-packages/uvicorn/server.py", line 62, in run
    return asyncio.run(self.serve(sockets=sockets))
  File "/Users/seanazulay/.pyenv/versions/3.10.0/lib/python3.10/asyncio/runners.py", line 44, in run
    return loop.run_until_complete(main)
  File "uvloop/loop.pyx", line 1518, in uvloop.loop.Loop.run_until_complete
  File "/Users/seanazulay/.pyenv/versions/3.10.0/lib/python3.10/site-packages/uvicorn/server.py", line 69, in serve
    config.load()
  File "/Users/seanazulay/.pyenv/versions/3.10.0/lib/python3.10/site-packages/uvicorn/config.py", line 458, in load
    self.loaded_app = import_from_string(self.app)
  File "/Users/seanazulay/.pyenv/versions/3.10.0/lib/python3.10/site-packages/uvicorn/importer.py", line 21, in import_from_string
    module = importlib.import_module(module_str)
  File "/Users/seanazulay/.pyenv/versions/3.10.0/lib/python3.10/importlib/__init__.py", line 126, in import_module
    return _bootstrap._gcd_import(name[level:], package, level)
  File "<frozen importlib._bootstrap>", line 1050, in _gcd_import
  File "<frozen importlib._bootstrap>", line 1027, in _find_and_load
  File "<frozen importlib._bootstrap>", line 1006, in _find_and_load_unlocked
  File "<frozen importlib._bootstrap>", line 688, in _load_unlocked
  File "<frozen importlib._bootstrap_external>", line 883, in exec_module
  File "<frozen importlib._bootstrap>", line 241, in _call_with_frames_removed
  File "/Users/seanazulay/Desktop/StockBots/LumoTrade/ml-backend/app.py", line 16, in <module>
    from src.api import health, prediction, backtest, models_info, training_ultimate
  File "/Users/seanazulay/Desktop/StockBots/LumoTrade/ml-backend/src/api/prediction.py", line 12, in <module>
    from src.core.inference.engine import PanelPredictionEngine
  File "/Users/seanazulay/Desktop/StockBots/LumoTrade/ml-backend/src/core/inference/engine.py", line 15, in <module>
    from src.core.features import (
ImportError: cannot import name 'build_technical_features' from 'src.core.features' (/Users/seanazulay/Desktop/StockBots/LumoTrade/ml-backend/src/core/features/__init__.py)
WARNING:  WatchFiles detected changes in 'src/core/training/ultimate_trainer.py'. Reloading...
Process SpawnProcess-108:
Traceback (most recent call last):
  File "/Users/seanazulay/.pyenv/versions/3.10.0/lib/python3.10/multiprocessing/process.py", line 315, in _bootstrap
    self.run()
  File "/Users/seanazulay/.pyenv/versions/3.10.0/lib/python3.10/multiprocessing/process.py", line 108, in run
    self._target(*self._args, **self._kwargs)
  File "/Users/seanazulay/.pyenv/versions/3.10.0/lib/python3.10/site-packages/uvicorn/_subprocess.py", line 78, in subprocess_started
    target(sockets=sockets)
  File "/Users/seanazulay/.pyenv/versions/3.10.0/lib/python3.10/site-packages/uvicorn/server.py", line 62, in run
    return asyncio.run(self.serve(sockets=sockets))
  File "/Users/seanazulay/.pyenv/versions/3.10.0/lib/python3.10/asyncio/runners.py", line 44, in run
    return loop.run_until_complete(main)
  File "uvloop/loop.pyx", line 1518, in uvloop.loop.Loop.run_until_complete
  File "/Users/seanazulay/.pyenv/versions/3.10.0/lib/python3.10/site-packages/uvicorn/server.py", line 69, in serve
    config.load()
  File "/Users/seanazulay/.pyenv/versions/3.10.0/lib/python3.10/site-packages/uvicorn/config.py", line 458, in load
    self.loaded_app = import_from_string(self.app)
  File "/Users/seanazulay/.pyenv/versions/3.10.0/lib/python3.10/site-packages/uvicorn/importer.py", line 21, in import_from_string
    module = importlib.import_module(module_str)
  File "/Users/seanazulay/.pyenv/versions/3.10.0/lib/python3.10/importlib/__init__.py", line 126, in import_module
    return _bootstrap._gcd_import(name[level:], package, level)
  File "<frozen importlib._bootstrap>", line 1050, in _gcd_import
  File "<frozen importlib._bootstrap>", line 1027, in _find_and_load
  File "<frozen importlib._bootstrap>", line 1006, in _find_and_load_unlocked
  File "<frozen importlib._bootstrap>", line 688, in _load_unlocked
  File "<frozen importlib._bootstrap_external>", line 883, in exec_module
  File "<frozen importlib._bootstrap>", line 241, in _call_with_frames_removed
  File "/Users/seanazulay/Desktop/StockBots/LumoTrade/ml-backend/app.py", line 16, in <module>
    from src.api import health, prediction, backtest, models_info, training_ultimate
  File "/Users/seanazulay/Desktop/StockBots/LumoTrade/ml-backend/src/api/prediction.py", line 12, in <module>
    from src.core.inference.engine import PanelPredictionEngine
  File "/Users/seanazulay/Desktop/StockBots/LumoTrade/ml-backend/src/core/inference/engine.py", line 15, in <module>
    from src.core.features import (
ImportError: cannot import name 'build_technical_features' from 'src.core.features' (/Users/seanazulay/Desktop/StockBots/LumoTrade/ml-backend/src/core/features/__init__.py)
WARNING:  WatchFiles detected changes in 'src/core/training/ultimate_trainer.py'. Reloading...
Process SpawnProcess-109:
Traceback (most recent call last):
  File "/Users/seanazulay/.pyenv/versions/3.10.0/lib/python3.10/multiprocessing/process.py", line 315, in _bootstrap
    self.run()
  File "/Users/seanazulay/.pyenv/versions/3.10.0/lib/python3.10/multiprocessing/process.py", line 108, in run
    self._target(*self._args, **self._kwargs)
  File "/Users/seanazulay/.pyenv/versions/3.10.0/lib/python3.10/site-packages/uvicorn/_subprocess.py", line 78, in subprocess_started
    target(sockets=sockets)
  File "/Users/seanazulay/.pyenv/versions/3.10.0/lib/python3.10/site-packages/uvicorn/server.py", line 62, in run
    return asyncio.run(self.serve(sockets=sockets))
  File "/Users/seanazulay/.pyenv/versions/3.10.0/lib/python3.10/asyncio/runners.py", line 44, in run
    return loop.run_until_complete(main)
  File "uvloop/loop.pyx", line 1518, in uvloop.loop.Loop.run_until_complete
  File "/Users/seanazulay/.pyenv/versions/3.10.0/lib/python3.10/site-packages/uvicorn/server.py", line 69, in serve
    config.load()
  File "/Users/seanazulay/.pyenv/versions/3.10.0/lib/python3.10/site-packages/uvicorn/config.py", line 458, in load
    self.loaded_app = import_from_string(self.app)
  File "/Users/seanazulay/.pyenv/versions/3.10.0/lib/python3.10/site-packages/uvicorn/importer.py", line 21, in import_from_string
    module = importlib.import_module(module_str)
  File "/Users/seanazulay/.pyenv/versions/3.10.0/lib/python3.10/importlib/__init__.py", line 126, in import_module
    return _bootstrap._gcd_import(name[level:], package, level)
  File "<frozen importlib._bootstrap>", line 1050, in _gcd_import
  File "<frozen importlib._bootstrap>", line 1027, in _find_and_load
  File "<frozen importlib._bootstrap>", line 1006, in _find_and_load_unlocked
  File "<frozen importlib._bootstrap>", line 688, in _load_unlocked
  File "<frozen importlib._bootstrap_external>", line 883, in exec_module
  File "<frozen importlib._bootstrap>", line 241, in _call_with_frames_removed
  File "/Users/seanazulay/Desktop/StockBots/LumoTrade/ml-backend/app.py", line 16, in <module>
    from src.api import health, prediction, backtest, models_info, training_ultimate
  File "/Users/seanazulay/Desktop/StockBots/LumoTrade/ml-backend/src/api/prediction.py", line 12, in <module>
    from src.core.inference.engine import PanelPredictionEngine
  File "/Users/seanazulay/Desktop/StockBots/LumoTrade/ml-backend/src/core/inference/engine.py", line 15, in <module>
    from src.core.features import (
ImportError: cannot import name 'build_technical_features' from 'src.core.features' (/Users/seanazulay/Desktop/StockBots/LumoTrade/ml-backend/src/core/features/__init__.py)
WARNING:  WatchFiles detected changes in 'src/core/data/dataset_builder.py'. Reloading...
Process SpawnProcess-110:
Traceback (most recent call last):
  File "/Users/seanazulay/.pyenv/versions/3.10.0/lib/python3.10/multiprocessing/process.py", line 315, in _bootstrap
    self.run()
  File "/Users/seanazulay/.pyenv/versions/3.10.0/lib/python3.10/multiprocessing/process.py", line 108, in run
    self._target(*self._args, **self._kwargs)
  File "/Users/seanazulay/.pyenv/versions/3.10.0/lib/python3.10/site-packages/uvicorn/_subprocess.py", line 78, in subprocess_started
    target(sockets=sockets)
  File "/Users/seanazulay/.pyenv/versions/3.10.0/lib/python3.10/site-packages/uvicorn/server.py", line 62, in run
    return asyncio.run(self.serve(sockets=sockets))
  File "/Users/seanazulay/.pyenv/versions/3.10.0/lib/python3.10/asyncio/runners.py", line 44, in run
    return loop.run_until_complete(main)
  File "uvloop/loop.pyx", line 1518, in uvloop.loop.Loop.run_until_complete
  File "/Users/seanazulay/.pyenv/versions/3.10.0/lib/python3.10/site-packages/uvicorn/server.py", line 69, in serve
    config.load()
  File "/Users/seanazulay/.pyenv/versions/3.10.0/lib/python3.10/site-packages/uvicorn/config.py", line 458, in load
    self.loaded_app = import_from_string(self.app)
  File "/Users/seanazulay/.pyenv/versions/3.10.0/lib/python3.10/site-packages/uvicorn/importer.py", line 21, in import_from_string
    module = importlib.import_module(module_str)
  File "/Users/seanazulay/.pyenv/versions/3.10.0/lib/python3.10/importlib/__init__.py", line 126, in import_module
    return _bootstrap._gcd_import(name[level:], package, level)
  File "<frozen importlib._bootstrap>", line 1050, in _gcd_import
  File "<frozen importlib._bootstrap>", line 1027, in _find_and_load
  File "<frozen importlib._bootstrap>", line 1006, in _find_and_load_unlocked
  File "<frozen importlib._bootstrap>", line 688, in _load_unlocked
  File "<frozen importlib._bootstrap_external>", line 883, in exec_module
  File "<frozen importlib._bootstrap>", line 241, in _call_with_frames_removed
  File "/Users/seanazulay/Desktop/StockBots/LumoTrade/ml-backend/app.py", line 16, in <module>
    from src.api import health, prediction, backtest, models_info, training_ultimate
  File "/Users/seanazulay/Desktop/StockBots/LumoTrade/ml-backend/src/api/prediction.py", line 12, in <module>
    from src.core.inference.engine import PanelPredictionEngine
  File "/Users/seanazulay/Desktop/StockBots/LumoTrade/ml-backend/src/core/inference/engine.py", line 15, in <module>
    from src.core.features import (
ImportError: cannot import name 'build_technical_features' from 'src.core.features' (/Users/seanazulay/Desktop/StockBots/LumoTrade/ml-backend/src/core/features/__init__.py)
WARNING:  WatchFiles detected changes in 'src/core/training/ultimate_trainer.py'. Reloading...
Process SpawnProcess-111:
Traceback (most recent call last):
  File "/Users/seanazulay/.pyenv/versions/3.10.0/lib/python3.10/multiprocessing/process.py", line 315, in _bootstrap
    self.run()
  File "/Users/seanazulay/.pyenv/versions/3.10.0/lib/python3.10/multiprocessing/process.py", line 108, in run
    self._target(*self._args, **self._kwargs)
  File "/Users/seanazulay/.pyenv/versions/3.10.0/lib/python3.10/site-packages/uvicorn/_subprocess.py", line 78, in subprocess_started
    target(sockets=sockets)
  File "/Users/seanazulay/.pyenv/versions/3.10.0/lib/python3.10/site-packages/uvicorn/server.py", line 62, in run
    return asyncio.run(self.serve(sockets=sockets))
  File "/Users/seanazulay/.pyenv/versions/3.10.0/lib/python3.10/asyncio/runners.py", line 44, in run
    return loop.run_until_complete(main)
  File "uvloop/loop.pyx", line 1518, in uvloop.loop.Loop.run_until_complete
  File "/Users/seanazulay/.pyenv/versions/3.10.0/lib/python3.10/site-packages/uvicorn/server.py", line 69, in serve
    config.load()
  File "/Users/seanazulay/.pyenv/versions/3.10.0/lib/python3.10/site-packages/uvicorn/config.py", line 458, in load
    self.loaded_app = import_from_string(self.app)
  File "/Users/seanazulay/.pyenv/versions/3.10.0/lib/python3.10/site-packages/uvicorn/importer.py", line 21, in import_from_string
    module = importlib.import_module(module_str)
  File "/Users/seanazulay/.pyenv/versions/3.10.0/lib/python3.10/importlib/__init__.py", line 126, in import_module
    return _bootstrap._gcd_import(name[level:], package, level)
  File "<frozen importlib._bootstrap>", line 1050, in _gcd_import
  File "<frozen importlib._bootstrap>", line 1027, in _find_and_load
  File "<frozen importlib._bootstrap>", line 1006, in _find_and_load_unlocked
  File "<frozen importlib._bootstrap>", line 688, in _load_unlocked
  File "<frozen importlib._bootstrap_external>", line 883, in exec_module
  File "<frozen importlib._bootstrap>", line 241, in _call_with_frames_removed
  File "/Users/seanazulay/Desktop/StockBots/LumoTrade/ml-backend/app.py", line 16, in <module>
    from src.api import health, prediction, backtest, models_info, training_ultimate
  File "/Users/seanazulay/Desktop/StockBots/LumoTrade/ml-backend/src/api/prediction.py", line 12, in <module>
    from src.core.inference.engine import PanelPredictionEngine
  File "/Users/seanazulay/Desktop/StockBots/LumoTrade/ml-backend/src/core/inference/engine.py", line 15, in <module>
    from src.core.features import (
ImportError: cannot import name 'build_technical_features' from 'src.core.features' (/Users/seanazulay/Desktop/StockBots/LumoTrade/ml-backend/src/core/features/__init__.py)
WARNING:  WatchFiles detected changes in 'src/core/data/dataset_builder.py', 'src/core/training/ultimate_trainer.py', 'src/core/features/daily_news_sentiment.py', 'src/core/features/core_features.py'. Reloading...
Process SpawnProcess-112:
Traceback (most recent call last):
  File "/Users/seanazulay/.pyenv/versions/3.10.0/lib/python3.10/multiprocessing/process.py", line 315, in _bootstrap
    self.run()
  File "/Users/seanazulay/.pyenv/versions/3.10.0/lib/python3.10/multiprocessing/process.py", line 108, in run
    self._target(*self._args, **self._kwargs)
  File "/Users/seanazulay/.pyenv/versions/3.10.0/lib/python3.10/site-packages/uvicorn/_subprocess.py", line 78, in subprocess_started
    target(sockets=sockets)
  File "/Users/seanazulay/.pyenv/versions/3.10.0/lib/python3.10/site-packages/uvicorn/server.py", line 62, in run
    return asyncio.run(self.serve(sockets=sockets))
  File "/Users/seanazulay/.pyenv/versions/3.10.0/lib/python3.10/asyncio/runners.py", line 44, in run
    return loop.run_until_complete(main)
  File "uvloop/loop.pyx", line 1518, in uvloop.loop.Loop.run_until_complete
  File "/Users/seanazulay/.pyenv/versions/3.10.0/lib/python3.10/site-packages/uvicorn/server.py", line 69, in serve
    config.load()
  File "/Users/seanazulay/.pyenv/versions/3.10.0/lib/python3.10/site-packages/uvicorn/config.py", line 458, in load
    self.loaded_app = import_from_string(self.app)
  File "/Users/seanazulay/.pyenv/versions/3.10.0/lib/python3.10/site-packages/uvicorn/importer.py", line 21, in import_from_string
    module = importlib.import_module(module_str)
  File "/Users/seanazulay/.pyenv/versions/3.10.0/lib/python3.10/importlib/__init__.py", line 126, in import_module
    return _bootstrap._gcd_import(name[level:], package, level)
  File "<frozen importlib._bootstrap>", line 1050, in _gcd_import
  File "<frozen importlib._bootstrap>", line 1027, in _find_and_load
  File "<frozen importlib._bootstrap>", line 1006, in _find_and_load_unlocked
  File "<frozen importlib._bootstrap>", line 688, in _load_unlocked
  File "<frozen importlib._bootstrap_external>", line 883, in exec_module
  File "<frozen importlib._bootstrap>", line 241, in _call_with_frames_removed
  File "/Users/seanazulay/Desktop/StockBots/LumoTrade/ml-backend/app.py", line 16, in <module>
    from src.api import health, prediction, backtest, models_info, training_ultimate
  File "/Users/seanazulay/Desktop/StockBots/LumoTrade/ml-backend/src/api/prediction.py", line 12, in <module>
    from src.core.inference.engine import PanelPredictionEngine
  File "/Users/seanazulay/Desktop/StockBots/LumoTrade/ml-backend/src/core/inference/engine.py", line 15, in <module>
    from src.core.features import (
ImportError: cannot import name 'build_technical_features' from 'src.core.features' (/Users/seanazulay/Desktop/StockBots/LumoTrade/ml-backend/src/core/features/__init__.py)
WARNING:  WatchFiles detected changes in 'src/core/features/daily_news_sentiment.py'. Reloading...
Process SpawnProcess-113:
Traceback (most recent call last):
  File "/Users/seanazulay/.pyenv/versions/3.10.0/lib/python3.10/multiprocessing/process.py", line 315, in _bootstrap
    self.run()
  File "/Users/seanazulay/.pyenv/versions/3.10.0/lib/python3.10/multiprocessing/process.py", line 108, in run
    self._target(*self._args, **self._kwargs)
  File "/Users/seanazulay/.pyenv/versions/3.10.0/lib/python3.10/site-packages/uvicorn/_subprocess.py", line 78, in subprocess_started
    target(sockets=sockets)
  File "/Users/seanazulay/.pyenv/versions/3.10.0/lib/python3.10/site-packages/uvicorn/server.py", line 62, in run
    return asyncio.run(self.serve(sockets=sockets))
  File "/Users/seanazulay/.pyenv/versions/3.10.0/lib/python3.10/asyncio/runners.py", line 44, in run
    return loop.run_until_complete(main)
  File "uvloop/loop.pyx", line 1518, in uvloop.loop.Loop.run_until_complete
  File "/Users/seanazulay/.pyenv/versions/3.10.0/lib/python3.10/site-packages/uvicorn/server.py", line 69, in serve
    config.load()
  File "/Users/seanazulay/.pyenv/versions/3.10.0/lib/python3.10/site-packages/uvicorn/config.py", line 458, in load
    self.loaded_app = import_from_string(self.app)
  File "/Users/seanazulay/.pyenv/versions/3.10.0/lib/python3.10/site-packages/uvicorn/importer.py", line 21, in import_from_string
    module = importlib.import_module(module_str)
  File "/Users/seanazulay/.pyenv/versions/3.10.0/lib/python3.10/importlib/__init__.py", line 126, in import_module
    return _bootstrap._gcd_import(name[level:], package, level)
  File "<frozen importlib._bootstrap>", line 1050, in _gcd_import
  File "<frozen importlib._bootstrap>", line 1027, in _find_and_load
  File "<frozen importlib._bootstrap>", line 1006, in _find_and_load_unlocked
  File "<frozen importlib._bootstrap>", line 688, in _load_unlocked
  File "<frozen importlib._bootstrap_external>", line 883, in exec_module
  File "<frozen importlib._bootstrap>", line 241, in _call_with_frames_removed
  File "/Users/seanazulay/Desktop/StockBots/LumoTrade/ml-backend/app.py", line 16, in <module>
    from src.api import health, prediction, backtest, models_info, training_ultimate
  File "/Users/seanazulay/Desktop/StockBots/LumoTrade/ml-backend/src/api/prediction.py", line 12, in <module>
    from src.core.inference.engine import PanelPredictionEngine
  File "/Users/seanazulay/Desktop/StockBots/LumoTrade/ml-backend/src/core/inference/engine.py", line 15, in <module>
    from src.core.features import (
ImportError: cannot import name 'build_technical_features' from 'src.core.features' (/Users/seanazulay/Desktop/StockBots/LumoTrade/ml-backend/src/core/features/__init__.py)
WARNING:  WatchFiles detected changes in 'src/core/features/core_features.py'. Reloading...
Process SpawnProcess-114:
Traceback (most recent call last):
  File "/Users/seanazulay/.pyenv/versions/3.10.0/lib/python3.10/multiprocessing/process.py", line 315, in _bootstrap
    self.run()
  File "/Users/seanazulay/.pyenv/versions/3.10.0/lib/python3.10/multiprocessing/process.py", line 108, in run
    self._target(*self._args, **self._kwargs)
  File "/Users/seanazulay/.pyenv/versions/3.10.0/lib/python3.10/site-packages/uvicorn/_subprocess.py", line 78, in subprocess_started
    target(sockets=sockets)
  File "/Users/seanazulay/.pyenv/versions/3.10.0/lib/python3.10/site-packages/uvicorn/server.py", line 62, in run
    return asyncio.run(self.serve(sockets=sockets))
  File "/Users/seanazulay/.pyenv/versions/3.10.0/lib/python3.10/asyncio/runners.py", line 44, in run
    return loop.run_until_complete(main)
  File "uvloop/loop.pyx", line 1518, in uvloop.loop.Loop.run_until_complete
  File "/Users/seanazulay/.pyenv/versions/3.10.0/lib/python3.10/site-packages/uvicorn/server.py", line 69, in serve
    config.load()
  File "/Users/seanazulay/.pyenv/versions/3.10.0/lib/python3.10/site-packages/uvicorn/config.py", line 458, in load
    self.loaded_app = import_from_string(self.app)
  File "/Users/seanazulay/.pyenv/versions/3.10.0/lib/python3.10/site-packages/uvicorn/importer.py", line 21, in import_from_string
    module = importlib.import_module(module_str)
  File "/Users/seanazulay/.pyenv/versions/3.10.0/lib/python3.10/importlib/__init__.py", line 126, in import_module
    return _bootstrap._gcd_import(name[level:], package, level)
  File "<frozen importlib._bootstrap>", line 1050, in _gcd_import
  File "<frozen importlib._bootstrap>", line 1027, in _find_and_load
  File "<frozen importlib._bootstrap>", line 1006, in _find_and_load_unlocked
  File "<frozen importlib._bootstrap>", line 688, in _load_unlocked
  File "<frozen importlib._bootstrap_external>", line 883, in exec_module
  File "<frozen importlib._bootstrap>", line 241, in _call_with_frames_removed
  File "/Users/seanazulay/Desktop/StockBots/LumoTrade/ml-backend/app.py", line 16, in <module>
    from src.api import health, prediction, backtest, models_info, training_ultimate
  File "/Users/seanazulay/Desktop/StockBots/LumoTrade/ml-backend/src/api/prediction.py", line 12, in <module>
    from src.core.inference.engine import PanelPredictionEngine
  File "/Users/seanazulay/Desktop/StockBots/LumoTrade/ml-backend/src/core/inference/engine.py", line 15, in <module>
    from src.core.features import (
ImportError: cannot import name 'build_technical_features' from 'src.core.features' (/Users/seanazulay/Desktop/StockBots/LumoTrade/ml-backend/src/core/features/__init__.py)
WARNING:  WatchFiles detected changes in 'src/core/training/ultimate_trainer.py'. Reloading...
Process SpawnProcess-115:
Traceback (most recent call last):
  File "/Users/seanazulay/.pyenv/versions/3.10.0/lib/python3.10/multiprocessing/process.py", line 315, in _bootstrap
    self.run()
  File "/Users/seanazulay/.pyenv/versions/3.10.0/lib/python3.10/multiprocessing/process.py", line 108, in run
    self._target(*self._args, **self._kwargs)
  File "/Users/seanazulay/.pyenv/versions/3.10.0/lib/python3.10/site-packages/uvicorn/_subprocess.py", line 78, in subprocess_started
    target(sockets=sockets)
  File "/Users/seanazulay/.pyenv/versions/3.10.0/lib/python3.10/site-packages/uvicorn/server.py", line 62, in run
    return asyncio.run(self.serve(sockets=sockets))
  File "/Users/seanazulay/.pyenv/versions/3.10.0/lib/python3.10/asyncio/runners.py", line 44, in run
    return loop.run_until_complete(main)
  File "uvloop/loop.pyx", line 1518, in uvloop.loop.Loop.run_until_complete
  File "/Users/seanazulay/.pyenv/versions/3.10.0/lib/python3.10/site-packages/uvicorn/server.py", line 69, in serve
    config.load()
  File "/Users/seanazulay/.pyenv/versions/3.10.0/lib/python3.10/site-packages/uvicorn/config.py", line 458, in load
    self.loaded_app = import_from_string(self.app)
  File "/Users/seanazulay/.pyenv/versions/3.10.0/lib/python3.10/site-packages/uvicorn/importer.py", line 21, in import_from_string
    module = importlib.import_module(module_str)
  File "/Users/seanazulay/.pyenv/versions/3.10.0/lib/python3.10/importlib/__init__.py", line 126, in import_module
    return _bootstrap._gcd_import(name[level:], package, level)
  File "<frozen importlib._bootstrap>", line 1050, in _gcd_import
  File "<frozen importlib._bootstrap>", line 1027, in _find_and_load
  File "<frozen importlib._bootstrap>", line 1006, in _find_and_load_unlocked
  File "<frozen importlib._bootstrap>", line 688, in _load_unlocked
  File "<frozen importlib._bootstrap_external>", line 883, in exec_module
  File "<frozen importlib._bootstrap>", line 241, in _call_with_frames_removed
  File "/Users/seanazulay/Desktop/StockBots/LumoTrade/ml-backend/app.py", line 16, in <module>
    from src.api import health, prediction, backtest, models_info, training_ultimate
  File "/Users/seanazulay/Desktop/StockBots/LumoTrade/ml-backend/src/api/prediction.py", line 12, in <module>
    from src.core.inference.engine import PanelPredictionEngine
  File "/Users/seanazulay/Desktop/StockBots/LumoTrade/ml-backend/src/core/inference/engine.py", line 15, in <module>
    from src.core.features import (
ImportError: cannot import name 'build_technical_features' from 'src.core.features' (/Users/seanazulay/Desktop/StockBots/LumoTrade/ml-backend/src/core/features/__init__.py)
WARNING:  WatchFiles detected changes in 'src/core/training/ultimate_trainer.py'. Reloading...
Process SpawnProcess-116:
Traceback (most recent call last):
  File "/Users/seanazulay/.pyenv/versions/3.10.0/lib/python3.10/multiprocessing/process.py", line 315, in _bootstrap
    self.run()
  File "/Users/seanazulay/.pyenv/versions/3.10.0/lib/python3.10/multiprocessing/process.py", line 108, in run
    self._target(*self._args, **self._kwargs)
  File "/Users/seanazulay/.pyenv/versions/3.10.0/lib/python3.10/site-packages/uvicorn/_subprocess.py", line 78, in subprocess_started
    target(sockets=sockets)
  File "/Users/seanazulay/.pyenv/versions/3.10.0/lib/python3.10/site-packages/uvicorn/server.py", line 62, in run
    return asyncio.run(self.serve(sockets=sockets))
  File "/Users/seanazulay/.pyenv/versions/3.10.0/lib/python3.10/asyncio/runners.py", line 44, in run
    return loop.run_until_complete(main)
  File "uvloop/loop.pyx", line 1518, in uvloop.loop.Loop.run_until_complete
  File "/Users/seanazulay/.pyenv/versions/3.10.0/lib/python3.10/site-packages/uvicorn/server.py", line 69, in serve
    config.load()
  File "/Users/seanazulay/.pyenv/versions/3.10.0/lib/python3.10/site-packages/uvicorn/config.py", line 458, in load
    self.loaded_app = import_from_string(self.app)
  File "/Users/seanazulay/.pyenv/versions/3.10.0/lib/python3.10/site-packages/uvicorn/importer.py", line 21, in import_from_string
    module = importlib.import_module(module_str)
  File "/Users/seanazulay/.pyenv/versions/3.10.0/lib/python3.10/importlib/__init__.py", line 126, in import_module
    return _bootstrap._gcd_import(name[level:], package, level)
  File "<frozen importlib._bootstrap>", line 1050, in _gcd_import
  File "<frozen importlib._bootstrap>", line 1027, in _find_and_load
  File "<frozen importlib._bootstrap>", line 1006, in _find_and_load_unlocked
  File "<frozen importlib._bootstrap>", line 688, in _load_unlocked
  File "<frozen importlib._bootstrap_external>", line 883, in exec_module
  File "<frozen importlib._bootstrap>", line 241, in _call_with_frames_removed
  File "/Users/seanazulay/Desktop/StockBots/LumoTrade/ml-backend/app.py", line 16, in <module>
    from src.api import health, prediction, backtest, models_info, training_ultimate
  File "/Users/seanazulay/Desktop/StockBots/LumoTrade/ml-backend/src/api/prediction.py", line 12, in <module>
    from src.core.inference.engine import PanelPredictionEngine
  File "/Users/seanazulay/Desktop/StockBots/LumoTrade/ml-backend/src/core/inference/engine.py", line 15, in <module>
    from src.core.features import (
ImportError: cannot import name 'build_technical_features' from 'src.core.features' (/Users/seanazulay/Desktop/StockBots/LumoTrade/ml-backend/src/core/features/__init__.py)
WARNING:  WatchFiles detected changes in 'src/core/trading/high_confidence_strategy.py'. Reloading...
Process SpawnProcess-117:
Traceback (most recent call last):
  File "/Users/seanazulay/.pyenv/versions/3.10.0/lib/python3.10/multiprocessing/process.py", line 315, in _bootstrap
    self.run()
  File "/Users/seanazulay/.pyenv/versions/3.10.0/lib/python3.10/multiprocessing/process.py", line 108, in run
    self._target(*self._args, **self._kwargs)
  File "/Users/seanazulay/.pyenv/versions/3.10.0/lib/python3.10/site-packages/uvicorn/_subprocess.py", line 78, in subprocess_started
    target(sockets=sockets)
  File "/Users/seanazulay/.pyenv/versions/3.10.0/lib/python3.10/site-packages/uvicorn/server.py", line 62, in run
    return asyncio.run(self.serve(sockets=sockets))
  File "/Users/seanazulay/.pyenv/versions/3.10.0/lib/python3.10/asyncio/runners.py", line 44, in run
    return loop.run_until_complete(main)
  File "uvloop/loop.pyx", line 1518, in uvloop.loop.Loop.run_until_complete
  File "/Users/seanazulay/.pyenv/versions/3.10.0/lib/python3.10/site-packages/uvicorn/server.py", line 69, in serve
    config.load()
  File "/Users/seanazulay/.pyenv/versions/3.10.0/lib/python3.10/site-packages/uvicorn/config.py", line 458, in load
    self.loaded_app = import_from_string(self.app)
  File "/Users/seanazulay/.pyenv/versions/3.10.0/lib/python3.10/site-packages/uvicorn/importer.py", line 21, in import_from_string
    module = importlib.import_module(module_str)
  File "/Users/seanazulay/.pyenv/versions/3.10.0/lib/python3.10/importlib/__init__.py", line 126, in import_module
    return _bootstrap._gcd_import(name[level:], package, level)
  File "<frozen importlib._bootstrap>", line 1050, in _gcd_import
  File "<frozen importlib._bootstrap>", line 1027, in _find_and_load
  File "<frozen importlib._bootstrap>", line 1006, in _find_and_load_unlocked
  File "<frozen importlib._bootstrap>", line 688, in _load_unlocked
  File "<frozen importlib._bootstrap_external>", line 883, in exec_module
  File "<frozen importlib._bootstrap>", line 241, in _call_with_frames_removed
  File "/Users/seanazulay/Desktop/StockBots/LumoTrade/ml-backend/app.py", line 16, in <module>
    from src.api import health, prediction, backtest, models_info, training_ultimate
  File "/Users/seanazulay/Desktop/StockBots/LumoTrade/ml-backend/src/api/prediction.py", line 12, in <module>
    from src.core.inference.engine import PanelPredictionEngine
  File "/Users/seanazulay/Desktop/StockBots/LumoTrade/ml-backend/src/core/inference/engine.py", line 15, in <module>
    from src.core.features import (
ImportError: cannot import name 'build_technical_features' from 'src.core.features' (/Users/seanazulay/Desktop/StockBots/LumoTrade/ml-backend/src/core/features/__init__.py)
WARNING:  WatchFiles detected changes in 'src/core/trading/high_confidence_strategy.py'. Reloading...
Process SpawnProcess-118:
Traceback (most recent call last):
  File "/Users/seanazulay/.pyenv/versions/3.10.0/lib/python3.10/multiprocessing/process.py", line 315, in _bootstrap
    self.run()
  File "/Users/seanazulay/.pyenv/versions/3.10.0/lib/python3.10/multiprocessing/process.py", line 108, in run
    self._target(*self._args, **self._kwargs)
  File "/Users/seanazulay/.pyenv/versions/3.10.0/lib/python3.10/site-packages/uvicorn/_subprocess.py", line 78, in subprocess_started
    target(sockets=sockets)
  File "/Users/seanazulay/.pyenv/versions/3.10.0/lib/python3.10/site-packages/uvicorn/server.py", line 62, in run
    return asyncio.run(self.serve(sockets=sockets))
  File "/Users/seanazulay/.pyenv/versions/3.10.0/lib/python3.10/asyncio/runners.py", line 44, in run
    return loop.run_until_complete(main)
  File "uvloop/loop.pyx", line 1518, in uvloop.loop.Loop.run_until_complete
  File "/Users/seanazulay/.pyenv/versions/3.10.0/lib/python3.10/site-packages/uvicorn/server.py", line 69, in serve
    config.load()
  File "/Users/seanazulay/.pyenv/versions/3.10.0/lib/python3.10/site-packages/uvicorn/config.py", line 458, in load
    self.loaded_app = import_from_string(self.app)
  File "/Users/seanazulay/.pyenv/versions/3.10.0/lib/python3.10/site-packages/uvicorn/importer.py", line 21, in import_from_string
    module = importlib.import_module(module_str)
  File "/Users/seanazulay/.pyenv/versions/3.10.0/lib/python3.10/importlib/__init__.py", line 126, in import_module
    return _bootstrap._gcd_import(name[level:], package, level)
  File "<frozen importlib._bootstrap>", line 1050, in _gcd_import
  File "<frozen importlib._bootstrap>", line 1027, in _find_and_load
  File "<frozen importlib._bootstrap>", line 1006, in _find_and_load_unlocked
  File "<frozen importlib._bootstrap>", line 688, in _load_unlocked
  File "<frozen importlib._bootstrap_external>", line 883, in exec_module
  File "<frozen importlib._bootstrap>", line 241, in _call_with_frames_removed
  File "/Users/seanazulay/Desktop/StockBots/LumoTrade/ml-backend/app.py", line 16, in <module>
    from src.api import health, prediction, backtest, models_info, training_ultimate
  File "/Users/seanazulay/Desktop/StockBots/LumoTrade/ml-backend/src/api/prediction.py", line 12, in <module>
    from src.core.inference.engine import PanelPredictionEngine
  File "/Users/seanazulay/Desktop/StockBots/LumoTrade/ml-backend/src/core/inference/engine.py", line 15, in <module>
    from src.core.features import (
ImportError: cannot import name 'build_technical_features' from 'src.core.features' (/Users/seanazulay/Desktop/StockBots/LumoTrade/ml-backend/src/core/features/__init__.py)
WARNING:  WatchFiles detected changes in 'src/core/training/ultimate_trainer.py'. Reloading...
Process SpawnProcess-119:
Traceback (most recent call last):
  File "/Users/seanazulay/.pyenv/versions/3.10.0/lib/python3.10/multiprocessing/process.py", line 315, in _bootstrap
    self.run()
  File "/Users/seanazulay/.pyenv/versions/3.10.0/lib/python3.10/multiprocessing/process.py", line 108, in run
    self._target(*self._args, **self._kwargs)
  File "/Users/seanazulay/.pyenv/versions/3.10.0/lib/python3.10/site-packages/uvicorn/_subprocess.py", line 78, in subprocess_started
    target(sockets=sockets)
  File "/Users/seanazulay/.pyenv/versions/3.10.0/lib/python3.10/site-packages/uvicorn/server.py", line 62, in run
    return asyncio.run(self.serve(sockets=sockets))
  File "/Users/seanazulay/.pyenv/versions/3.10.0/lib/python3.10/asyncio/runners.py", line 44, in run
    return loop.run_until_complete(main)
  File "uvloop/loop.pyx", line 1518, in uvloop.loop.Loop.run_until_complete
  File "/Users/seanazulay/.pyenv/versions/3.10.0/lib/python3.10/site-packages/uvicorn/server.py", line 69, in serve
    config.load()
  File "/Users/seanazulay/.pyenv/versions/3.10.0/lib/python3.10/site-packages/uvicorn/config.py", line 458, in load
    self.loaded_app = import_from_string(self.app)
  File "/Users/seanazulay/.pyenv/versions/3.10.0/lib/python3.10/site-packages/uvicorn/importer.py", line 21, in import_from_string
    module = importlib.import_module(module_str)
  File "/Users/seanazulay/.pyenv/versions/3.10.0/lib/python3.10/importlib/__init__.py", line 126, in import_module
    return _bootstrap._gcd_import(name[level:], package, level)
  File "<frozen importlib._bootstrap>", line 1050, in _gcd_import
  File "<frozen importlib._bootstrap>", line 1027, in _find_and_load
  File "<frozen importlib._bootstrap>", line 1006, in _find_and_load_unlocked
  File "<frozen importlib._bootstrap>", line 688, in _load_unlocked
  File "<frozen importlib._bootstrap_external>", line 883, in exec_module
  File "<frozen importlib._bootstrap>", line 241, in _call_with_frames_removed
  File "/Users/seanazulay/Desktop/StockBots/LumoTrade/ml-backend/app.py", line 16, in <module>
    from src.api import health, prediction, backtest, models_info, training_ultimate
  File "/Users/seanazulay/Desktop/StockBots/LumoTrade/ml-backend/src/api/prediction.py", line 12, in <module>
    from src.core.inference.engine import PanelPredictionEngine
  File "/Users/seanazulay/Desktop/StockBots/LumoTrade/ml-backend/src/core/inference/engine.py", line 15, in <module>
    from src.core.features import (
ImportError: cannot import name 'build_technical_features' from 'src.core.features' (/Users/seanazulay/Desktop/StockBots/LumoTrade/ml-backend/src/core/features/__init__.py)
WARNING:  WatchFiles detected changes in 'src/core/trading/high_confidence_strategy.py'. Reloading...
Process SpawnProcess-120:
Traceback (most recent call last):
  File "/Users/seanazulay/.pyenv/versions/3.10.0/lib/python3.10/multiprocessing/process.py", line 315, in _bootstrap
    self.run()
  File "/Users/seanazulay/.pyenv/versions/3.10.0/lib/python3.10/multiprocessing/process.py", line 108, in run
    self._target(*self._args, **self._kwargs)
  File "/Users/seanazulay/.pyenv/versions/3.10.0/lib/python3.10/site-packages/uvicorn/_subprocess.py", line 78, in subprocess_started
    target(sockets=sockets)
  File "/Users/seanazulay/.pyenv/versions/3.10.0/lib/python3.10/site-packages/uvicorn/server.py", line 62, in run
    return asyncio.run(self.serve(sockets=sockets))
  File "/Users/seanazulay/.pyenv/versions/3.10.0/lib/python3.10/asyncio/runners.py", line 44, in run
    return loop.run_until_complete(main)
  File "uvloop/loop.pyx", line 1518, in uvloop.loop.Loop.run_until_complete
  File "/Users/seanazulay/.pyenv/versions/3.10.0/lib/python3.10/site-packages/uvicorn/server.py", line 69, in serve
    config.load()
  File "/Users/seanazulay/.pyenv/versions/3.10.0/lib/python3.10/site-packages/uvicorn/config.py", line 458, in load
    self.loaded_app = import_from_string(self.app)
  File "/Users/seanazulay/.pyenv/versions/3.10.0/lib/python3.10/site-packages/uvicorn/importer.py", line 21, in import_from_string
    module = importlib.import_module(module_str)
  File "/Users/seanazulay/.pyenv/versions/3.10.0/lib/python3.10/importlib/__init__.py", line 126, in import_module
    return _bootstrap._gcd_import(name[level:], package, level)
  File "<frozen importlib._bootstrap>", line 1050, in _gcd_import
  File "<frozen importlib._bootstrap>", line 1027, in _find_and_load
  File "<frozen importlib._bootstrap>", line 1006, in _find_and_load_unlocked
  File "<frozen importlib._bootstrap>", line 688, in _load_unlocked
  File "<frozen importlib._bootstrap_external>", line 883, in exec_module
  File "<frozen importlib._bootstrap>", line 241, in _call_with_frames_removed
  File "/Users/seanazulay/Desktop/StockBots/LumoTrade/ml-backend/app.py", line 16, in <module>
    from src.api import health, prediction, backtest, models_info, training_ultimate
  File "/Users/seanazulay/Desktop/StockBots/LumoTrade/ml-backend/src/api/prediction.py", line 12, in <module>
    from src.core.inference.engine import PanelPredictionEngine
  File "/Users/seanazulay/Desktop/StockBots/LumoTrade/ml-backend/src/core/inference/engine.py", line 15, in <module>
    from src.core.features import (
ImportError: cannot import name 'build_technical_features' from 'src.core.features' (/Users/seanazulay/Desktop/StockBots/LumoTrade/ml-backend/src/core/features/__init__.py)
WARNING:  WatchFiles detected changes in 'src/core/training/ultimate_trainer.py'. Reloading...
Process SpawnProcess-121:
Traceback (most recent call last):
  File "/Users/seanazulay/.pyenv/versions/3.10.0/lib/python3.10/multiprocessing/process.py", line 315, in _bootstrap
    self.run()
  File "/Users/seanazulay/.pyenv/versions/3.10.0/lib/python3.10/multiprocessing/process.py", line 108, in run
    self._target(*self._args, **self._kwargs)
  File "/Users/seanazulay/.pyenv/versions/3.10.0/lib/python3.10/site-packages/uvicorn/_subprocess.py", line 78, in subprocess_started
    target(sockets=sockets)
  File "/Users/seanazulay/.pyenv/versions/3.10.0/lib/python3.10/site-packages/uvicorn/server.py", line 62, in run
    return asyncio.run(self.serve(sockets=sockets))
  File "/Users/seanazulay/.pyenv/versions/3.10.0/lib/python3.10/asyncio/runners.py", line 44, in run
    return loop.run_until_complete(main)
  File "uvloop/loop.pyx", line 1518, in uvloop.loop.Loop.run_until_complete
  File "/Users/seanazulay/.pyenv/versions/3.10.0/lib/python3.10/site-packages/uvicorn/server.py", line 69, in serve
    config.load()
  File "/Users/seanazulay/.pyenv/versions/3.10.0/lib/python3.10/site-packages/uvicorn/config.py", line 458, in load
    self.loaded_app = import_from_string(self.app)
  File "/Users/seanazulay/.pyenv/versions/3.10.0/lib/python3.10/site-packages/uvicorn/importer.py", line 21, in import_from_string
    module = importlib.import_module(module_str)
  File "/Users/seanazulay/.pyenv/versions/3.10.0/lib/python3.10/importlib/__init__.py", line 126, in import_module
    return _bootstrap._gcd_import(name[level:], package, level)
  File "<frozen importlib._bootstrap>", line 1050, in _gcd_import
  File "<frozen importlib._bootstrap>", line 1027, in _find_and_load
  File "<frozen importlib._bootstrap>", line 1006, in _find_and_load_unlocked
  File "<frozen importlib._bootstrap>", line 688, in _load_unlocked
  File "<frozen importlib._bootstrap_external>", line 883, in exec_module
  File "<frozen importlib._bootstrap>", line 241, in _call_with_frames_removed
  File "/Users/seanazulay/Desktop/StockBots/LumoTrade/ml-backend/app.py", line 16, in <module>
    from src.api import health, prediction, backtest, models_info, training_ultimate
  File "/Users/seanazulay/Desktop/StockBots/LumoTrade/ml-backend/src/api/prediction.py", line 12, in <module>
    from src.core.inference.engine import PanelPredictionEngine
  File "/Users/seanazulay/Desktop/StockBots/LumoTrade/ml-backend/src/core/inference/engine.py", line 15, in <module>
    from src.core.features import (
ImportError: cannot import name 'build_technical_features' from 'src.core.features' (/Users/seanazulay/Desktop/StockBots/LumoTrade/ml-backend/src/core/features/__init__.py)
WARNING:  WatchFiles detected changes in 'src/core/training/ultimate_trainer.py'. Reloading...
Process SpawnProcess-122:
Traceback (most recent call last):
  File "/Users/seanazulay/.pyenv/versions/3.10.0/lib/python3.10/multiprocessing/process.py", line 315, in _bootstrap
    self.run()
  File "/Users/seanazulay/.pyenv/versions/3.10.0/lib/python3.10/multiprocessing/process.py", line 108, in run
    self._target(*self._args, **self._kwargs)
  File "/Users/seanazulay/.pyenv/versions/3.10.0/lib/python3.10/site-packages/uvicorn/_subprocess.py", line 78, in subprocess_started
    target(sockets=sockets)
  File "/Users/seanazulay/.pyenv/versions/3.10.0/lib/python3.10/site-packages/uvicorn/server.py", line 62, in run
    return asyncio.run(self.serve(sockets=sockets))
  File "/Users/seanazulay/.pyenv/versions/3.10.0/lib/python3.10/asyncio/runners.py", line 44, in run
    return loop.run_until_complete(main)
  File "uvloop/loop.pyx", line 1518, in uvloop.loop.Loop.run_until_complete
  File "/Users/seanazulay/.pyenv/versions/3.10.0/lib/python3.10/site-packages/uvicorn/server.py", line 69, in serve
    config.load()
  File "/Users/seanazulay/.pyenv/versions/3.10.0/lib/python3.10/site-packages/uvicorn/config.py", line 458, in load
    self.loaded_app = import_from_string(self.app)
  File "/Users/seanazulay/.pyenv/versions/3.10.0/lib/python3.10/site-packages/uvicorn/importer.py", line 21, in import_from_string
    module = importlib.import_module(module_str)
  File "/Users/seanazulay/.pyenv/versions/3.10.0/lib/python3.10/importlib/__init__.py", line 126, in import_module
    return _bootstrap._gcd_import(name[level:], package, level)
  File "<frozen importlib._bootstrap>", line 1050, in _gcd_import
  File "<frozen importlib._bootstrap>", line 1027, in _find_and_load
  File "<frozen importlib._bootstrap>", line 1006, in _find_and_load_unlocked
  File "<frozen importlib._bootstrap>", line 688, in _load_unlocked
  File "<frozen importlib._bootstrap_external>", line 883, in exec_module
  File "<frozen importlib._bootstrap>", line 241, in _call_with_frames_removed
  File "/Users/seanazulay/Desktop/StockBots/LumoTrade/ml-backend/app.py", line 16, in <module>
    from src.api import health, prediction, backtest, models_info, training_ultimate
  File "/Users/seanazulay/Desktop/StockBots/LumoTrade/ml-backend/src/api/prediction.py", line 12, in <module>
    from src.core.inference.engine import PanelPredictionEngine
  File "/Users/seanazulay/Desktop/StockBots/LumoTrade/ml-backend/src/core/inference/engine.py", line 15, in <module>
    from src.core.features import (
ImportError: cannot import name 'build_technical_features' from 'src.core.features' (/Users/seanazulay/Desktop/StockBots/LumoTrade/ml-backend/src/core/features/__init__.py)
WARNING:  WatchFiles detected changes in 'src/core/training/ultimate_trainer.py'. Reloading...
Process SpawnProcess-123:
Traceback (most recent call last):
  File "/Users/seanazulay/.pyenv/versions/3.10.0/lib/python3.10/multiprocessing/process.py", line 315, in _bootstrap
    self.run()
  File "/Users/seanazulay/.pyenv/versions/3.10.0/lib/python3.10/multiprocessing/process.py", line 108, in run
    self._target(*self._args, **self._kwargs)
  File "/Users/seanazulay/.pyenv/versions/3.10.0/lib/python3.10/site-packages/uvicorn/_subprocess.py", line 78, in subprocess_started
    target(sockets=sockets)
  File "/Users/seanazulay/.pyenv/versions/3.10.0/lib/python3.10/site-packages/uvicorn/server.py", line 62, in run
    return asyncio.run(self.serve(sockets=sockets))
  File "/Users/seanazulay/.pyenv/versions/3.10.0/lib/python3.10/asyncio/runners.py", line 44, in run
    return loop.run_until_complete(main)
  File "uvloop/loop.pyx", line 1518, in uvloop.loop.Loop.run_until_complete
  File "/Users/seanazulay/.pyenv/versions/3.10.0/lib/python3.10/site-packages/uvicorn/server.py", line 69, in serve
    config.load()
  File "/Users/seanazulay/.pyenv/versions/3.10.0/lib/python3.10/site-packages/uvicorn/config.py", line 458, in load
    self.loaded_app = import_from_string(self.app)
  File "/Users/seanazulay/.pyenv/versions/3.10.0/lib/python3.10/site-packages/uvicorn/importer.py", line 21, in import_from_string
    module = importlib.import_module(module_str)
  File "/Users/seanazulay/.pyenv/versions/3.10.0/lib/python3.10/importlib/__init__.py", line 126, in import_module
    return _bootstrap._gcd_import(name[level:], package, level)
  File "<frozen importlib._bootstrap>", line 1050, in _gcd_import
  File "<frozen importlib._bootstrap>", line 1027, in _find_and_load
  File "<frozen importlib._bootstrap>", line 1006, in _find_and_load_unlocked
  File "<frozen importlib._bootstrap>", line 688, in _load_unlocked
  File "<frozen importlib._bootstrap_external>", line 883, in exec_module
  File "<frozen importlib._bootstrap>", line 241, in _call_with_frames_removed
  File "/Users/seanazulay/Desktop/StockBots/LumoTrade/ml-backend/app.py", line 16, in <module>
    from src.api import health, prediction, backtest, models_info, training_ultimate
  File "/Users/seanazulay/Desktop/StockBots/LumoTrade/ml-backend/src/api/prediction.py", line 12, in <module>
    from src.core.inference.engine import PanelPredictionEngine
  File "/Users/seanazulay/Desktop/StockBots/LumoTrade/ml-backend/src/core/inference/engine.py", line 15, in <module>
    from src.core.features import (
ImportError: cannot import name 'build_technical_features' from 'src.core.features' (/Users/seanazulay/Desktop/StockBots/LumoTrade/ml-backend/src/core/features/__init__.py)
WARNING:  WatchFiles detected changes in 'src/core/trading/high_confidence_strategy.py'. Reloading...
Process SpawnProcess-124:
Traceback (most recent call last):
  File "/Users/seanazulay/.pyenv/versions/3.10.0/lib/python3.10/multiprocessing/process.py", line 315, in _bootstrap
    self.run()
  File "/Users/seanazulay/.pyenv/versions/3.10.0/lib/python3.10/multiprocessing/process.py", line 108, in run
    self._target(*self._args, **self._kwargs)
  File "/Users/seanazulay/.pyenv/versions/3.10.0/lib/python3.10/site-packages/uvicorn/_subprocess.py", line 78, in subprocess_started
    target(sockets=sockets)
  File "/Users/seanazulay/.pyenv/versions/3.10.0/lib/python3.10/site-packages/uvicorn/server.py", line 62, in run
    return asyncio.run(self.serve(sockets=sockets))
  File "/Users/seanazulay/.pyenv/versions/3.10.0/lib/python3.10/asyncio/runners.py", line 44, in run
    return loop.run_until_complete(main)
  File "uvloop/loop.pyx", line 1518, in uvloop.loop.Loop.run_until_complete
  File "/Users/seanazulay/.pyenv/versions/3.10.0/lib/python3.10/site-packages/uvicorn/server.py", line 69, in serve
    config.load()
  File "/Users/seanazulay/.pyenv/versions/3.10.0/lib/python3.10/site-packages/uvicorn/config.py", line 458, in load
    self.loaded_app = import_from_string(self.app)
  File "/Users/seanazulay/.pyenv/versions/3.10.0/lib/python3.10/site-packages/uvicorn/importer.py", line 21, in import_from_string
    module = importlib.import_module(module_str)
  File "/Users/seanazulay/.pyenv/versions/3.10.0/lib/python3.10/importlib/__init__.py", line 126, in import_module
    return _bootstrap._gcd_import(name[level:], package, level)
  File "<frozen importlib._bootstrap>", line 1050, in _gcd_import
  File "<frozen importlib._bootstrap>", line 1027, in _find_and_load
  File "<frozen importlib._bootstrap>", line 1006, in _find_and_load_unlocked
  File "<frozen importlib._bootstrap>", line 688, in _load_unlocked
  File "<frozen importlib._bootstrap_external>", line 883, in exec_module
  File "<frozen importlib._bootstrap>", line 241, in _call_with_frames_removed
  File "/Users/seanazulay/Desktop/StockBots/LumoTrade/ml-backend/app.py", line 16, in <module>
    from src.api import health, prediction, backtest, models_info, training_ultimate
  File "/Users/seanazulay/Desktop/StockBots/LumoTrade/ml-backend/src/api/prediction.py", line 12, in <module>
    from src.core.inference.engine import PanelPredictionEngine
  File "/Users/seanazulay/Desktop/StockBots/LumoTrade/ml-backend/src/core/inference/engine.py", line 15, in <module>
    from src.core.features import (
ImportError: cannot import name 'build_technical_features' from 'src.core.features' (/Users/seanazulay/Desktop/StockBots/LumoTrade/ml-backend/src/core/features/__init__.py)
WARNING:  WatchFiles detected changes in 'src/core/training/ultimate_trainer.py'. Reloading...
Process SpawnProcess-125:
Traceback (most recent call last):
  File "/Users/seanazulay/.pyenv/versions/3.10.0/lib/python3.10/multiprocessing/process.py", line 315, in _bootstrap
    self.run()
  File "/Users/seanazulay/.pyenv/versions/3.10.0/lib/python3.10/multiprocessing/process.py", line 108, in run
    self._target(*self._args, **self._kwargs)
  File "/Users/seanazulay/.pyenv/versions/3.10.0/lib/python3.10/site-packages/uvicorn/_subprocess.py", line 78, in subprocess_started
    target(sockets=sockets)
  File "/Users/seanazulay/.pyenv/versions/3.10.0/lib/python3.10/site-packages/uvicorn/server.py", line 62, in run
    return asyncio.run(self.serve(sockets=sockets))
  File "/Users/seanazulay/.pyenv/versions/3.10.0/lib/python3.10/asyncio/runners.py", line 44, in run
    return loop.run_until_complete(main)
  File "uvloop/loop.pyx", line 1518, in uvloop.loop.Loop.run_until_complete
  File "/Users/seanazulay/.pyenv/versions/3.10.0/lib/python3.10/site-packages/uvicorn/server.py", line 69, in serve
    config.load()
  File "/Users/seanazulay/.pyenv/versions/3.10.0/lib/python3.10/site-packages/uvicorn/config.py", line 458, in load
    self.loaded_app = import_from_string(self.app)
  File "/Users/seanazulay/.pyenv/versions/3.10.0/lib/python3.10/site-packages/uvicorn/importer.py", line 21, in import_from_string
    module = importlib.import_module(module_str)
  File "/Users/seanazulay/.pyenv/versions/3.10.0/lib/python3.10/importlib/__init__.py", line 126, in import_module
    return _bootstrap._gcd_import(name[level:], package, level)
  File "<frozen importlib._bootstrap>", line 1050, in _gcd_import
  File "<frozen importlib._bootstrap>", line 1027, in _find_and_load
  File "<frozen importlib._bootstrap>", line 1006, in _find_and_load_unlocked
  File "<frozen importlib._bootstrap>", line 688, in _load_unlocked
  File "<frozen importlib._bootstrap_external>", line 883, in exec_module
  File "<frozen importlib._bootstrap>", line 241, in _call_with_frames_removed
  File "/Users/seanazulay/Desktop/StockBots/LumoTrade/ml-backend/app.py", line 16, in <module>
    from src.api import health, prediction, backtest, models_info, training_ultimate
  File "/Users/seanazulay/Desktop/StockBots/LumoTrade/ml-backend/src/api/prediction.py", line 12, in <module>
    from src.core.inference.engine import PanelPredictionEngine
  File "/Users/seanazulay/Desktop/StockBots/LumoTrade/ml-backend/src/core/inference/engine.py", line 15, in <module>
    from src.core.features import (
ImportError: cannot import name 'build_technical_features' from 'src.core.features' (/Users/seanazulay/Desktop/StockBots/LumoTrade/ml-backend/src/core/features/__init__.py)
WARNING:  WatchFiles detected changes in 'src/core/training/ultimate_trainer.py'. Reloading...
Process SpawnProcess-126:
Traceback (most recent call last):
  File "/Users/seanazulay/.pyenv/versions/3.10.0/lib/python3.10/multiprocessing/process.py", line 315, in _bootstrap
    self.run()
  File "/Users/seanazulay/.pyenv/versions/3.10.0/lib/python3.10/multiprocessing/process.py", line 108, in run
    self._target(*self._args, **self._kwargs)
  File "/Users/seanazulay/.pyenv/versions/3.10.0/lib/python3.10/site-packages/uvicorn/_subprocess.py", line 78, in subprocess_started
    target(sockets=sockets)
  File "/Users/seanazulay/.pyenv/versions/3.10.0/lib/python3.10/site-packages/uvicorn/server.py", line 62, in run
    return asyncio.run(self.serve(sockets=sockets))
  File "/Users/seanazulay/.pyenv/versions/3.10.0/lib/python3.10/asyncio/runners.py", line 44, in run
    return loop.run_until_complete(main)
  File "uvloop/loop.pyx", line 1518, in uvloop.loop.Loop.run_until_complete
  File "/Users/seanazulay/.pyenv/versions/3.10.0/lib/python3.10/site-packages/uvicorn/server.py", line 69, in serve
    config.load()
  File "/Users/seanazulay/.pyenv/versions/3.10.0/lib/python3.10/site-packages/uvicorn/config.py", line 458, in load
    self.loaded_app = import_from_string(self.app)
  File "/Users/seanazulay/.pyenv/versions/3.10.0/lib/python3.10/site-packages/uvicorn/importer.py", line 21, in import_from_string
    module = importlib.import_module(module_str)
  File "/Users/seanazulay/.pyenv/versions/3.10.0/lib/python3.10/importlib/__init__.py", line 126, in import_module
    return _bootstrap._gcd_import(name[level:], package, level)
  File "<frozen importlib._bootstrap>", line 1050, in _gcd_import
  File "<frozen importlib._bootstrap>", line 1027, in _find_and_load
  File "<frozen importlib._bootstrap>", line 1006, in _find_and_load_unlocked
  File "<frozen importlib._bootstrap>", line 688, in _load_unlocked
  File "<frozen importlib._bootstrap_external>", line 883, in exec_module
  File "<frozen importlib._bootstrap>", line 241, in _call_with_frames_removed
  File "/Users/seanazulay/Desktop/StockBots/LumoTrade/ml-backend/app.py", line 16, in <module>
    from src.api import health, prediction, backtest, models_info, training_ultimate
  File "/Users/seanazulay/Desktop/StockBots/LumoTrade/ml-backend/src/api/prediction.py", line 12, in <module>
    from src.core.inference.engine import PanelPredictionEngine
  File "/Users/seanazulay/Desktop/StockBots/LumoTrade/ml-backend/src/core/inference/engine.py", line 15, in <module>
    from src.core.features import (
ImportError: cannot import name 'build_technical_features' from 'src.core.features' (/Users/seanazulay/Desktop/StockBots/LumoTrade/ml-backend/src/core/features/__init__.py)
WARNING:  WatchFiles detected changes in 'src/core/trading/high_confidence_strategy.py'. Reloading...
Process SpawnProcess-127:
Traceback (most recent call last):
  File "/Users/seanazulay/.pyenv/versions/3.10.0/lib/python3.10/multiprocessing/process.py", line 315, in _bootstrap
    self.run()
  File "/Users/seanazulay/.pyenv/versions/3.10.0/lib/python3.10/multiprocessing/process.py", line 108, in run
    self._target(*self._args, **self._kwargs)
  File "/Users/seanazulay/.pyenv/versions/3.10.0/lib/python3.10/site-packages/uvicorn/_subprocess.py", line 78, in subprocess_started
    target(sockets=sockets)
  File "/Users/seanazulay/.pyenv/versions/3.10.0/lib/python3.10/site-packages/uvicorn/server.py", line 62, in run
    return asyncio.run(self.serve(sockets=sockets))
  File "/Users/seanazulay/.pyenv/versions/3.10.0/lib/python3.10/asyncio/runners.py", line 44, in run
    return loop.run_until_complete(main)
  File "uvloop/loop.pyx", line 1518, in uvloop.loop.Loop.run_until_complete
  File "/Users/seanazulay/.pyenv/versions/3.10.0/lib/python3.10/site-packages/uvicorn/server.py", line 69, in serve
    config.load()
  File "/Users/seanazulay/.pyenv/versions/3.10.0/lib/python3.10/site-packages/uvicorn/config.py", line 458, in load
    self.loaded_app = import_from_string(self.app)
  File "/Users/seanazulay/.pyenv/versions/3.10.0/lib/python3.10/site-packages/uvicorn/importer.py", line 21, in import_from_string
    module = importlib.import_module(module_str)
  File "/Users/seanazulay/.pyenv/versions/3.10.0/lib/python3.10/importlib/__init__.py", line 126, in import_module
    return _bootstrap._gcd_import(name[level:], package, level)
  File "<frozen importlib._bootstrap>", line 1050, in _gcd_import
  File "<frozen importlib._bootstrap>", line 1027, in _find_and_load
  File "<frozen importlib._bootstrap>", line 1006, in _find_and_load_unlocked
  File "<frozen importlib._bootstrap>", line 688, in _load_unlocked
  File "<frozen importlib._bootstrap_external>", line 883, in exec_module
  File "<frozen importlib._bootstrap>", line 241, in _call_with_frames_removed
  File "/Users/seanazulay/Desktop/StockBots/LumoTrade/ml-backend/app.py", line 16, in <module>
    from src.api import health, prediction, backtest, models_info, training_ultimate
  File "/Users/seanazulay/Desktop/StockBots/LumoTrade/ml-backend/src/api/prediction.py", line 12, in <module>
    from src.core.inference.engine import PanelPredictionEngine
  File "/Users/seanazulay/Desktop/StockBots/LumoTrade/ml-backend/src/core/inference/engine.py", line 15, in <module>
    from src.core.features import (
ImportError: cannot import name 'build_technical_features' from 'src.core.features' (/Users/seanazulay/Desktop/StockBots/LumoTrade/ml-backend/src/core/features/__init__.py)
WARNING:  WatchFiles detected changes in 'src/core/features/daily_news_sentiment.py', 'src/core/training/ultimate_trainer.py', 'src/core/trading/high_confidence_strategy.py', 'src/core/features/core_features.py'. Reloading...
Process SpawnProcess-128:
Traceback (most recent call last):
  File "/Users/seanazulay/.pyenv/versions/3.10.0/lib/python3.10/multiprocessing/process.py", line 315, in _bootstrap
    self.run()
  File "/Users/seanazulay/.pyenv/versions/3.10.0/lib/python3.10/multiprocessing/process.py", line 108, in run
    self._target(*self._args, **self._kwargs)
  File "/Users/seanazulay/.pyenv/versions/3.10.0/lib/python3.10/site-packages/uvicorn/_subprocess.py", line 78, in subprocess_started
    target(sockets=sockets)
  File "/Users/seanazulay/.pyenv/versions/3.10.0/lib/python3.10/site-packages/uvicorn/server.py", line 62, in run
    return asyncio.run(self.serve(sockets=sockets))
  File "/Users/seanazulay/.pyenv/versions/3.10.0/lib/python3.10/asyncio/runners.py", line 44, in run
    return loop.run_until_complete(main)
  File "uvloop/loop.pyx", line 1518, in uvloop.loop.Loop.run_until_complete
  File "/Users/seanazulay/.pyenv/versions/3.10.0/lib/python3.10/site-packages/uvicorn/server.py", line 69, in serve
    config.load()
  File "/Users/seanazulay/.pyenv/versions/3.10.0/lib/python3.10/site-packages/uvicorn/config.py", line 458, in load
    self.loaded_app = import_from_string(self.app)
  File "/Users/seanazulay/.pyenv/versions/3.10.0/lib/python3.10/site-packages/uvicorn/importer.py", line 21, in import_from_string
    module = importlib.import_module(module_str)
  File "/Users/seanazulay/.pyenv/versions/3.10.0/lib/python3.10/importlib/__init__.py", line 126, in import_module
    return _bootstrap._gcd_import(name[level:], package, level)
  File "<frozen importlib._bootstrap>", line 1050, in _gcd_import
  File "<frozen importlib._bootstrap>", line 1027, in _find_and_load
  File "<frozen importlib._bootstrap>", line 1006, in _find_and_load_unlocked
  File "<frozen importlib._bootstrap>", line 688, in _load_unlocked
  File "<frozen importlib._bootstrap_external>", line 883, in exec_module
  File "<frozen importlib._bootstrap>", line 241, in _call_with_frames_removed
  File "/Users/seanazulay/Desktop/StockBots/LumoTrade/ml-backend/app.py", line 16, in <module>
    from src.api import health, prediction, backtest, models_info, training_ultimate
  File "/Users/seanazulay/Desktop/StockBots/LumoTrade/ml-backend/src/api/prediction.py", line 12, in <module>
    from src.core.inference.engine import PanelPredictionEngine
  File "/Users/seanazulay/Desktop/StockBots/LumoTrade/ml-backend/src/core/inference/engine.py", line 15, in <module>
    from src.core.features import (
ImportError: cannot import name 'build_technical_features' from 'src.core.features' (/Users/seanazulay/Desktop/StockBots/LumoTrade/ml-backend/src/core/features/__init__.py)
WARNING:  WatchFiles detected changes in 'src/core/features/daily_news_sentiment.py'. Reloading...
Process SpawnProcess-129:
Traceback (most recent call last):
  File "/Users/seanazulay/.pyenv/versions/3.10.0/lib/python3.10/multiprocessing/process.py", line 315, in _bootstrap
    self.run()
  File "/Users/seanazulay/.pyenv/versions/3.10.0/lib/python3.10/multiprocessing/process.py", line 108, in run
    self._target(*self._args, **self._kwargs)
  File "/Users/seanazulay/.pyenv/versions/3.10.0/lib/python3.10/site-packages/uvicorn/_subprocess.py", line 78, in subprocess_started
    target(sockets=sockets)
  File "/Users/seanazulay/.pyenv/versions/3.10.0/lib/python3.10/site-packages/uvicorn/server.py", line 62, in run
    return asyncio.run(self.serve(sockets=sockets))
  File "/Users/seanazulay/.pyenv/versions/3.10.0/lib/python3.10/asyncio/runners.py", line 44, in run
    return loop.run_until_complete(main)
  File "uvloop/loop.pyx", line 1518, in uvloop.loop.Loop.run_until_complete
  File "/Users/seanazulay/.pyenv/versions/3.10.0/lib/python3.10/site-packages/uvicorn/server.py", line 69, in serve
    config.load()
  File "/Users/seanazulay/.pyenv/versions/3.10.0/lib/python3.10/site-packages/uvicorn/config.py", line 458, in load
    self.loaded_app = import_from_string(self.app)
  File "/Users/seanazulay/.pyenv/versions/3.10.0/lib/python3.10/site-packages/uvicorn/importer.py", line 21, in import_from_string
    module = importlib.import_module(module_str)
  File "/Users/seanazulay/.pyenv/versions/3.10.0/lib/python3.10/importlib/__init__.py", line 126, in import_module
    return _bootstrap._gcd_import(name[level:], package, level)
  File "<frozen importlib._bootstrap>", line 1050, in _gcd_import
  File "<frozen importlib._bootstrap>", line 1027, in _find_and_load
  File "<frozen importlib._bootstrap>", line 1006, in _find_and_load_unlocked
  File "<frozen importlib._bootstrap>", line 688, in _load_unlocked
  File "<frozen importlib._bootstrap_external>", line 883, in exec_module
  File "<frozen importlib._bootstrap>", line 241, in _call_with_frames_removed
  File "/Users/seanazulay/Desktop/StockBots/LumoTrade/ml-backend/app.py", line 16, in <module>
    from src.api import health, prediction, backtest, models_info, training_ultimate
  File "/Users/seanazulay/Desktop/StockBots/LumoTrade/ml-backend/src/api/prediction.py", line 12, in <module>
    from src.core.inference.engine import PanelPredictionEngine
  File "/Users/seanazulay/Desktop/StockBots/LumoTrade/ml-backend/src/core/inference/engine.py", line 15, in <module>
    from src.core.features import (
ImportError: cannot import name 'build_technical_features' from 'src.core.features' (/Users/seanazulay/Desktop/StockBots/LumoTrade/ml-backend/src/core/features/__init__.py)
WARNING:  WatchFiles detected changes in 'src/core/features/daily_news_sentiment.py'. Reloading...
Process SpawnProcess-130:
Traceback (most recent call last):
  File "/Users/seanazulay/.pyenv/versions/3.10.0/lib/python3.10/multiprocessing/process.py", line 315, in _bootstrap
    self.run()
  File "/Users/seanazulay/.pyenv/versions/3.10.0/lib/python3.10/multiprocessing/process.py", line 108, in run
    self._target(*self._args, **self._kwargs)
  File "/Users/seanazulay/.pyenv/versions/3.10.0/lib/python3.10/site-packages/uvicorn/_subprocess.py", line 78, in subprocess_started
    target(sockets=sockets)
  File "/Users/seanazulay/.pyenv/versions/3.10.0/lib/python3.10/site-packages/uvicorn/server.py", line 62, in run
    return asyncio.run(self.serve(sockets=sockets))
  File "/Users/seanazulay/.pyenv/versions/3.10.0/lib/python3.10/asyncio/runners.py", line 44, in run
    return loop.run_until_complete(main)
  File "uvloop/loop.pyx", line 1518, in uvloop.loop.Loop.run_until_complete
  File "/Users/seanazulay/.pyenv/versions/3.10.0/lib/python3.10/site-packages/uvicorn/server.py", line 69, in serve
    config.load()
  File "/Users/seanazulay/.pyenv/versions/3.10.0/lib/python3.10/site-packages/uvicorn/config.py", line 458, in load
    self.loaded_app = import_from_string(self.app)
  File "/Users/seanazulay/.pyenv/versions/3.10.0/lib/python3.10/site-packages/uvicorn/importer.py", line 21, in import_from_string
    module = importlib.import_module(module_str)
  File "/Users/seanazulay/.pyenv/versions/3.10.0/lib/python3.10/importlib/__init__.py", line 126, in import_module
    return _bootstrap._gcd_import(name[level:], package, level)
  File "<frozen importlib._bootstrap>", line 1050, in _gcd_import
  File "<frozen importlib._bootstrap>", line 1027, in _find_and_load
  File "<frozen importlib._bootstrap>", line 1006, in _find_and_load_unlocked
  File "<frozen importlib._bootstrap>", line 688, in _load_unlocked
  File "<frozen importlib._bootstrap_external>", line 883, in exec_module
  File "<frozen importlib._bootstrap>", line 241, in _call_with_frames_removed
  File "/Users/seanazulay/Desktop/StockBots/LumoTrade/ml-backend/app.py", line 16, in <module>
    from src.api import health, prediction, backtest, models_info, training_ultimate
  File "/Users/seanazulay/Desktop/StockBots/LumoTrade/ml-backend/src/api/prediction.py", line 12, in <module>
    from src.core.inference.engine import PanelPredictionEngine
  File "/Users/seanazulay/Desktop/StockBots/LumoTrade/ml-backend/src/core/inference/engine.py", line 15, in <module>
    from src.core.features import (
ImportError: cannot import name 'build_technical_features' from 'src.core.features' (/Users/seanazulay/Desktop/StockBots/LumoTrade/ml-backend/src/core/features/__init__.py)
WARNING:  WatchFiles detected changes in 'src/core/features/daily_news_sentiment.py'. Reloading...
Process SpawnProcess-131:
Traceback (most recent call last):
  File "/Users/seanazulay/.pyenv/versions/3.10.0/lib/python3.10/multiprocessing/process.py", line 315, in _bootstrap
    self.run()
  File "/Users/seanazulay/.pyenv/versions/3.10.0/lib/python3.10/multiprocessing/process.py", line 108, in run
    self._target(*self._args, **self._kwargs)
  File "/Users/seanazulay/.pyenv/versions/3.10.0/lib/python3.10/site-packages/uvicorn/_subprocess.py", line 78, in subprocess_started
    target(sockets=sockets)
  File "/Users/seanazulay/.pyenv/versions/3.10.0/lib/python3.10/site-packages/uvicorn/server.py", line 62, in run
    return asyncio.run(self.serve(sockets=sockets))
  File "/Users/seanazulay/.pyenv/versions/3.10.0/lib/python3.10/asyncio/runners.py", line 44, in run
    return loop.run_until_complete(main)
  File "uvloop/loop.pyx", line 1518, in uvloop.loop.Loop.run_until_complete
  File "/Users/seanazulay/.pyenv/versions/3.10.0/lib/python3.10/site-packages/uvicorn/server.py", line 69, in serve
    config.load()
  File "/Users/seanazulay/.pyenv/versions/3.10.0/lib/python3.10/site-packages/uvicorn/config.py", line 458, in load
    self.loaded_app = import_from_string(self.app)
  File "/Users/seanazulay/.pyenv/versions/3.10.0/lib/python3.10/site-packages/uvicorn/importer.py", line 21, in import_from_string
    module = importlib.import_module(module_str)
  File "/Users/seanazulay/.pyenv/versions/3.10.0/lib/python3.10/importlib/__init__.py", line 126, in import_module
    return _bootstrap._gcd_import(name[level:], package, level)
  File "<frozen importlib._bootstrap>", line 1050, in _gcd_import
  File "<frozen importlib._bootstrap>", line 1027, in _find_and_load
  File "<frozen importlib._bootstrap>", line 1006, in _find_and_load_unlocked
  File "<frozen importlib._bootstrap>", line 688, in _load_unlocked
  File "<frozen importlib._bootstrap_external>", line 883, in exec_module
  File "<frozen importlib._bootstrap>", line 241, in _call_with_frames_removed
  File "/Users/seanazulay/Desktop/StockBots/LumoTrade/ml-backend/app.py", line 16, in <module>
    from src.api import health, prediction, backtest, models_info, training_ultimate
  File "/Users/seanazulay/Desktop/StockBots/LumoTrade/ml-backend/src/api/prediction.py", line 12, in <module>
    from src.core.inference.engine import PanelPredictionEngine
  File "/Users/seanazulay/Desktop/StockBots/LumoTrade/ml-backend/src/core/inference/engine.py", line 15, in <module>
    from src.core.features import (
ImportError: cannot import name 'build_technical_features' from 'src.core.features' (/Users/seanazulay/Desktop/StockBots/LumoTrade/ml-backend/src/core/features/__init__.py)
WARNING:  WatchFiles detected changes in 'test_training.py'. Reloading...
Process SpawnProcess-132:
Traceback (most recent call last):
  File "/Users/seanazulay/.pyenv/versions/3.10.0/lib/python3.10/multiprocessing/process.py", line 315, in _bootstrap
    self.run()
  File "/Users/seanazulay/.pyenv/versions/3.10.0/lib/python3.10/multiprocessing/process.py", line 108, in run
    self._target(*self._args, **self._kwargs)
  File "/Users/seanazulay/.pyenv/versions/3.10.0/lib/python3.10/site-packages/uvicorn/_subprocess.py", line 78, in subprocess_started
    target(sockets=sockets)
  File "/Users/seanazulay/.pyenv/versions/3.10.0/lib/python3.10/site-packages/uvicorn/server.py", line 62, in run
    return asyncio.run(self.serve(sockets=sockets))
  File "/Users/seanazulay/.pyenv/versions/3.10.0/lib/python3.10/asyncio/runners.py", line 44, in run
    return loop.run_until_complete(main)
  File "uvloop/loop.pyx", line 1518, in uvloop.loop.Loop.run_until_complete
  File "/Users/seanazulay/.pyenv/versions/3.10.0/lib/python3.10/site-packages/uvicorn/server.py", line 69, in serve
    config.load()
  File "/Users/seanazulay/.pyenv/versions/3.10.0/lib/python3.10/site-packages/uvicorn/config.py", line 458, in load
    self.loaded_app = import_from_string(self.app)
  File "/Users/seanazulay/.pyenv/versions/3.10.0/lib/python3.10/site-packages/uvicorn/importer.py", line 21, in import_from_string
    module = importlib.import_module(module_str)
  File "/Users/seanazulay/.pyenv/versions/3.10.0/lib/python3.10/importlib/__init__.py", line 126, in import_module
    return _bootstrap._gcd_import(name[level:], package, level)
  File "<frozen importlib._bootstrap>", line 1050, in _gcd_import
  File "<frozen importlib._bootstrap>", line 1027, in _find_and_load
  File "<frozen importlib._bootstrap>", line 1006, in _find_and_load_unlocked
  File "<frozen importlib._bootstrap>", line 688, in _load_unlocked
  File "<frozen importlib._bootstrap_external>", line 883, in exec_module
  File "<frozen importlib._bootstrap>", line 241, in _call_with_frames_removed
  File "/Users/seanazulay/Desktop/StockBots/LumoTrade/ml-backend/app.py", line 16, in <module>
    from src.api import health, prediction, backtest, models_info, training_ultimate
  File "/Users/seanazulay/Desktop/StockBots/LumoTrade/ml-backend/src/api/prediction.py", line 12, in <module>
    from src.core.inference.engine import PanelPredictionEngine
  File "/Users/seanazulay/Desktop/StockBots/LumoTrade/ml-backend/src/core/inference/engine.py", line 15, in <module>
    from src.core.features import (
ImportError: cannot import name 'build_technical_features' from 'src.core.features' (/Users/seanazulay/Desktop/StockBots/LumoTrade/ml-backend/src/core/features/__init__.py)
WARNING:  WatchFiles detected changes in 'test_training.py'. Reloading...
Process SpawnProcess-133:
Traceback (most recent call last):
  File "/Users/seanazulay/.pyenv/versions/3.10.0/lib/python3.10/multiprocessing/process.py", line 315, in _bootstrap
    self.run()
  File "/Users/seanazulay/.pyenv/versions/3.10.0/lib/python3.10/multiprocessing/process.py", line 108, in run
    self._target(*self._args, **self._kwargs)
  File "/Users/seanazulay/.pyenv/versions/3.10.0/lib/python3.10/site-packages/uvicorn/_subprocess.py", line 78, in subprocess_started
    target(sockets=sockets)
  File "/Users/seanazulay/.pyenv/versions/3.10.0/lib/python3.10/site-packages/uvicorn/server.py", line 62, in run
    return asyncio.run(self.serve(sockets=sockets))
  File "/Users/seanazulay/.pyenv/versions/3.10.0/lib/python3.10/asyncio/runners.py", line 44, in run
    return loop.run_until_complete(main)
  File "uvloop/loop.pyx", line 1518, in uvloop.loop.Loop.run_until_complete
  File "/Users/seanazulay/.pyenv/versions/3.10.0/lib/python3.10/site-packages/uvicorn/server.py", line 69, in serve
    config.load()
  File "/Users/seanazulay/.pyenv/versions/3.10.0/lib/python3.10/site-packages/uvicorn/config.py", line 458, in load
    self.loaded_app = import_from_string(self.app)
  File "/Users/seanazulay/.pyenv/versions/3.10.0/lib/python3.10/site-packages/uvicorn/importer.py", line 21, in import_from_string
    module = importlib.import_module(module_str)
  File "/Users/seanazulay/.pyenv/versions/3.10.0/lib/python3.10/importlib/__init__.py", line 126, in import_module
    return _bootstrap._gcd_import(name[level:], package, level)
  File "<frozen importlib._bootstrap>", line 1050, in _gcd_import
  File "<frozen importlib._bootstrap>", line 1027, in _find_and_load
  File "<frozen importlib._bootstrap>", line 1006, in _find_and_load_unlocked
  File "<frozen importlib._bootstrap>", line 688, in _load_unlocked
  File "<frozen importlib._bootstrap_external>", line 883, in exec_module
  File "<frozen importlib._bootstrap>", line 241, in _call_with_frames_removed
  File "/Users/seanazulay/Desktop/StockBots/LumoTrade/ml-backend/app.py", line 16, in <module>
    from src.api import health, prediction, backtest, models_info, training_ultimate
  File "/Users/seanazulay/Desktop/StockBots/LumoTrade/ml-backend/src/api/prediction.py", line 12, in <module>
    from src.core.inference.engine import PanelPredictionEngine
  File "/Users/seanazulay/Desktop/StockBots/LumoTrade/ml-backend/src/core/inference/engine.py", line 15, in <module>
    from src.core.features import (
ImportError: cannot import name 'build_technical_features' from 'src.core.features' (/Users/seanazulay/Desktop/StockBots/LumoTrade/ml-backend/src/core/features/__init__.py)
WARNING:  WatchFiles detected changes in 'src/core/training/ultimate_trainer.py'. Reloading...
Process SpawnProcess-134:
Traceback (most recent call last):
  File "/Users/seanazulay/.pyenv/versions/3.10.0/lib/python3.10/multiprocessing/process.py", line 315, in _bootstrap
    self.run()
  File "/Users/seanazulay/.pyenv/versions/3.10.0/lib/python3.10/multiprocessing/process.py", line 108, in run
    self._target(*self._args, **self._kwargs)
  File "/Users/seanazulay/.pyenv/versions/3.10.0/lib/python3.10/site-packages/uvicorn/_subprocess.py", line 78, in subprocess_started
    target(sockets=sockets)
  File "/Users/seanazulay/.pyenv/versions/3.10.0/lib/python3.10/site-packages/uvicorn/server.py", line 62, in run
    return asyncio.run(self.serve(sockets=sockets))
  File "/Users/seanazulay/.pyenv/versions/3.10.0/lib/python3.10/asyncio/runners.py", line 44, in run
    return loop.run_until_complete(main)
  File "uvloop/loop.pyx", line 1518, in uvloop.loop.Loop.run_until_complete
  File "/Users/seanazulay/.pyenv/versions/3.10.0/lib/python3.10/site-packages/uvicorn/server.py", line 69, in serve
    config.load()
  File "/Users/seanazulay/.pyenv/versions/3.10.0/lib/python3.10/site-packages/uvicorn/config.py", line 458, in load
    self.loaded_app = import_from_string(self.app)
  File "/Users/seanazulay/.pyenv/versions/3.10.0/lib/python3.10/site-packages/uvicorn/importer.py", line 21, in import_from_string
    module = importlib.import_module(module_str)
  File "/Users/seanazulay/.pyenv/versions/3.10.0/lib/python3.10/importlib/__init__.py", line 126, in import_module
    return _bootstrap._gcd_import(name[level:], package, level)
  File "<frozen importlib._bootstrap>", line 1050, in _gcd_import
  File "<frozen importlib._bootstrap>", line 1027, in _find_and_load
  File "<frozen importlib._bootstrap>", line 1006, in _find_and_load_unlocked
  File "<frozen importlib._bootstrap>", line 688, in _load_unlocked
  File "<frozen importlib._bootstrap_external>", line 883, in exec_module
  File "<frozen importlib._bootstrap>", line 241, in _call_with_frames_removed
  File "/Users/seanazulay/Desktop/StockBots/LumoTrade/ml-backend/app.py", line 16, in <module>
    from src.api import health, prediction, backtest, models_info, training_ultimate
  File "/Users/seanazulay/Desktop/StockBots/LumoTrade/ml-backend/src/api/prediction.py", line 12, in <module>
    from src.core.inference.engine import PanelPredictionEngine
  File "/Users/seanazulay/Desktop/StockBots/LumoTrade/ml-backend/src/core/inference/engine.py", line 15, in <module>
    from src.core.features import (
ImportError: cannot import name 'build_technical_features' from 'src.core.features' (/Users/seanazulay/Desktop/StockBots/LumoTrade/ml-backend/src/core/features/__init__.py)
WARNING:  WatchFiles detected changes in 'src/core/trading/high_confidence_strategy.py'. Reloading...
Process SpawnProcess-135:
Traceback (most recent call last):
  File "/Users/seanazulay/.pyenv/versions/3.10.0/lib/python3.10/multiprocessing/process.py", line 315, in _bootstrap
    self.run()
  File "/Users/seanazulay/.pyenv/versions/3.10.0/lib/python3.10/multiprocessing/process.py", line 108, in run
    self._target(*self._args, **self._kwargs)
  File "/Users/seanazulay/.pyenv/versions/3.10.0/lib/python3.10/site-packages/uvicorn/_subprocess.py", line 78, in subprocess_started
    target(sockets=sockets)
  File "/Users/seanazulay/.pyenv/versions/3.10.0/lib/python3.10/site-packages/uvicorn/server.py", line 62, in run
    return asyncio.run(self.serve(sockets=sockets))
  File "/Users/seanazulay/.pyenv/versions/3.10.0/lib/python3.10/asyncio/runners.py", line 44, in run
    return loop.run_until_complete(main)
  File "uvloop/loop.pyx", line 1518, in uvloop.loop.Loop.run_until_complete
  File "/Users/seanazulay/.pyenv/versions/3.10.0/lib/python3.10/site-packages/uvicorn/server.py", line 69, in serve
    config.load()
  File "/Users/seanazulay/.pyenv/versions/3.10.0/lib/python3.10/site-packages/uvicorn/config.py", line 458, in load
    self.loaded_app = import_from_string(self.app)
  File "/Users/seanazulay/.pyenv/versions/3.10.0/lib/python3.10/site-packages/uvicorn/importer.py", line 21, in import_from_string
    module = importlib.import_module(module_str)
  File "/Users/seanazulay/.pyenv/versions/3.10.0/lib/python3.10/importlib/__init__.py", line 126, in import_module
    return _bootstrap._gcd_import(name[level:], package, level)
  File "<frozen importlib._bootstrap>", line 1050, in _gcd_import
  File "<frozen importlib._bootstrap>", line 1027, in _find_and_load
  File "<frozen importlib._bootstrap>", line 1006, in _find_and_load_unlocked
  File "<frozen importlib._bootstrap>", line 688, in _load_unlocked
  File "<frozen importlib._bootstrap_external>", line 883, in exec_module
  File "<frozen importlib._bootstrap>", line 241, in _call_with_frames_removed
  File "/Users/seanazulay/Desktop/StockBots/LumoTrade/ml-backend/app.py", line 16, in <module>
    from src.api import health, prediction, backtest, models_info, training_ultimate
  File "/Users/seanazulay/Desktop/StockBots/LumoTrade/ml-backend/src/api/prediction.py", line 12, in <module>
    from src.core.inference.engine import PanelPredictionEngine
  File "/Users/seanazulay/Desktop/StockBots/LumoTrade/ml-backend/src/core/inference/engine.py", line 15, in <module>
    from src.core.features import (
ImportError: cannot import name 'build_technical_features' from 'src.core.features' (/Users/seanazulay/Desktop/StockBots/LumoTrade/ml-backend/src/core/features/__init__.py)
WARNING:  WatchFiles detected changes in 'src/core/training/ultimate_trainer.py'. Reloading...
Process SpawnProcess-136:
Traceback (most recent call last):
  File "/Users/seanazulay/.pyenv/versions/3.10.0/lib/python3.10/multiprocessing/process.py", line 315, in _bootstrap
    self.run()
  File "/Users/seanazulay/.pyenv/versions/3.10.0/lib/python3.10/multiprocessing/process.py", line 108, in run
    self._target(*self._args, **self._kwargs)
  File "/Users/seanazulay/.pyenv/versions/3.10.0/lib/python3.10/site-packages/uvicorn/_subprocess.py", line 78, in subprocess_started
    target(sockets=sockets)
  File "/Users/seanazulay/.pyenv/versions/3.10.0/lib/python3.10/site-packages/uvicorn/server.py", line 62, in run
    return asyncio.run(self.serve(sockets=sockets))
  File "/Users/seanazulay/.pyenv/versions/3.10.0/lib/python3.10/asyncio/runners.py", line 44, in run
    return loop.run_until_complete(main)
  File "uvloop/loop.pyx", line 1518, in uvloop.loop.Loop.run_until_complete
  File "/Users/seanazulay/.pyenv/versions/3.10.0/lib/python3.10/site-packages/uvicorn/server.py", line 69, in serve
    config.load()
  File "/Users/seanazulay/.pyenv/versions/3.10.0/lib/python3.10/site-packages/uvicorn/config.py", line 458, in load
    self.loaded_app = import_from_string(self.app)
  File "/Users/seanazulay/.pyenv/versions/3.10.0/lib/python3.10/site-packages/uvicorn/importer.py", line 21, in import_from_string
    module = importlib.import_module(module_str)
  File "/Users/seanazulay/.pyenv/versions/3.10.0/lib/python3.10/importlib/__init__.py", line 126, in import_module
    return _bootstrap._gcd_import(name[level:], package, level)
  File "<frozen importlib._bootstrap>", line 1050, in _gcd_import
  File "<frozen importlib._bootstrap>", line 1027, in _find_and_load
  File "<frozen importlib._bootstrap>", line 1006, in _find_and_load_unlocked
  File "<frozen importlib._bootstrap>", line 688, in _load_unlocked
  File "<frozen importlib._bootstrap_external>", line 883, in exec_module
  File "<frozen importlib._bootstrap>", line 241, in _call_with_frames_removed
  File "/Users/seanazulay/Desktop/StockBots/LumoTrade/ml-backend/app.py", line 16, in <module>
    from src.api import health, prediction, backtest, models_info, training_ultimate
  File "/Users/seanazulay/Desktop/StockBots/LumoTrade/ml-backend/src/api/prediction.py", line 12, in <module>
    from src.core.inference.engine import PanelPredictionEngine
  File "/Users/seanazulay/Desktop/StockBots/LumoTrade/ml-backend/src/core/inference/engine.py", line 15, in <module>
    from src.core.features import (
ImportError: cannot import name 'build_technical_features' from 'src.core.features' (/Users/seanazulay/Desktop/StockBots/LumoTrade/ml-backend/src/core/features/__init__.py)
WARNING:  WatchFiles detected changes in 'test_training.py'. Reloading...
Process SpawnProcess-137:
Traceback (most recent call last):
  File "/Users/seanazulay/.pyenv/versions/3.10.0/lib/python3.10/multiprocessing/process.py", line 315, in _bootstrap
    self.run()
  File "/Users/seanazulay/.pyenv/versions/3.10.0/lib/python3.10/multiprocessing/process.py", line 108, in run
    self._target(*self._args, **self._kwargs)
  File "/Users/seanazulay/.pyenv/versions/3.10.0/lib/python3.10/site-packages/uvicorn/_subprocess.py", line 78, in subprocess_started
    target(sockets=sockets)
  File "/Users/seanazulay/.pyenv/versions/3.10.0/lib/python3.10/site-packages/uvicorn/server.py", line 62, in run
    return asyncio.run(self.serve(sockets=sockets))
  File "/Users/seanazulay/.pyenv/versions/3.10.0/lib/python3.10/asyncio/runners.py", line 44, in run
    return loop.run_until_complete(main)
  File "uvloop/loop.pyx", line 1518, in uvloop.loop.Loop.run_until_complete
  File "/Users/seanazulay/.pyenv/versions/3.10.0/lib/python3.10/site-packages/uvicorn/server.py", line 69, in serve
    config.load()
  File "/Users/seanazulay/.pyenv/versions/3.10.0/lib/python3.10/site-packages/uvicorn/config.py", line 458, in load
    self.loaded_app = import_from_string(self.app)
  File "/Users/seanazulay/.pyenv/versions/3.10.0/lib/python3.10/site-packages/uvicorn/importer.py", line 21, in import_from_string
    module = importlib.import_module(module_str)
  File "/Users/seanazulay/.pyenv/versions/3.10.0/lib/python3.10/importlib/__init__.py", line 126, in import_module
    return _bootstrap._gcd_import(name[level:], package, level)
  File "<frozen importlib._bootstrap>", line 1050, in _gcd_import
  File "<frozen importlib._bootstrap>", line 1027, in _find_and_load
  File "<frozen importlib._bootstrap>", line 1006, in _find_and_load_unlocked
  File "<frozen importlib._bootstrap>", line 688, in _load_unlocked
  File "<frozen importlib._bootstrap_external>", line 883, in exec_module
  File "<frozen importlib._bootstrap>", line 241, in _call_with_frames_removed
  File "/Users/seanazulay/Desktop/StockBots/LumoTrade/ml-backend/app.py", line 16, in <module>
    from src.api import health, prediction, backtest, models_info, training_ultimate
  File "/Users/seanazulay/Desktop/StockBots/LumoTrade/ml-backend/src/api/prediction.py", line 12, in <module>
    from src.core.inference.engine import PanelPredictionEngine
  File "/Users/seanazulay/Desktop/StockBots/LumoTrade/ml-backend/src/core/inference/engine.py", line 15, in <module>
    from src.core.features import (
ImportError: cannot import name 'build_technical_features' from 'src.core.features' (/Users/seanazulay/Desktop/StockBots/LumoTrade/ml-backend/src/core/features/__init__.py)
WARNING:  WatchFiles detected changes in 'src/core/features/daily_news_sentiment.py', 'src/core/training/ultimate_trainer.py', 'test_training.py', 'src/core/trading/high_confidence_strategy.py'. Reloading...
Process SpawnProcess-138:
Traceback (most recent call last):
  File "/Users/seanazulay/.pyenv/versions/3.10.0/lib/python3.10/multiprocessing/process.py", line 315, in _bootstrap
    self.run()
  File "/Users/seanazulay/.pyenv/versions/3.10.0/lib/python3.10/multiprocessing/process.py", line 108, in run
    self._target(*self._args, **self._kwargs)
  File "/Users/seanazulay/.pyenv/versions/3.10.0/lib/python3.10/site-packages/uvicorn/_subprocess.py", line 78, in subprocess_started
    target(sockets=sockets)
  File "/Users/seanazulay/.pyenv/versions/3.10.0/lib/python3.10/site-packages/uvicorn/server.py", line 62, in run
    return asyncio.run(self.serve(sockets=sockets))
  File "/Users/seanazulay/.pyenv/versions/3.10.0/lib/python3.10/asyncio/runners.py", line 44, in run
    return loop.run_until_complete(main)
  File "uvloop/loop.pyx", line 1518, in uvloop.loop.Loop.run_until_complete
  File "/Users/seanazulay/.pyenv/versions/3.10.0/lib/python3.10/site-packages/uvicorn/server.py", line 69, in serve
    config.load()
  File "/Users/seanazulay/.pyenv/versions/3.10.0/lib/python3.10/site-packages/uvicorn/config.py", line 458, in load
    self.loaded_app = import_from_string(self.app)
  File "/Users/seanazulay/.pyenv/versions/3.10.0/lib/python3.10/site-packages/uvicorn/importer.py", line 21, in import_from_string
    module = importlib.import_module(module_str)
  File "/Users/seanazulay/.pyenv/versions/3.10.0/lib/python3.10/importlib/__init__.py", line 126, in import_module
    return _bootstrap._gcd_import(name[level:], package, level)
  File "<frozen importlib._bootstrap>", line 1050, in _gcd_import
  File "<frozen importlib._bootstrap>", line 1027, in _find_and_load
  File "<frozen importlib._bootstrap>", line 1006, in _find_and_load_unlocked
  File "<frozen importlib._bootstrap>", line 688, in _load_unlocked
  File "<frozen importlib._bootstrap_external>", line 883, in exec_module
  File "<frozen importlib._bootstrap>", line 241, in _call_with_frames_removed
  File "/Users/seanazulay/Desktop/StockBots/LumoTrade/ml-backend/app.py", line 16, in <module>
    from src.api import health, prediction, backtest, models_info, training_ultimate
  File "/Users/seanazulay/Desktop/StockBots/LumoTrade/ml-backend/src/api/prediction.py", line 12, in <module>
    from src.core.inference.engine import PanelPredictionEngine
  File "/Users/seanazulay/Desktop/StockBots/LumoTrade/ml-backend/src/core/inference/engine.py", line 15, in <module>
    from src.core.features import (
ImportError: cannot import name 'build_technical_features' from 'src.core.features' (/Users/seanazulay/Desktop/StockBots/LumoTrade/ml-backend/src/core/features/__init__.py)
WARNING:  WatchFiles detected changes in 'src/core/features/core_features.py'. Reloading...
Process SpawnProcess-139:
Traceback (most recent call last):
  File "/Users/seanazulay/.pyenv/versions/3.10.0/lib/python3.10/multiprocessing/process.py", line 315, in _bootstrap
    self.run()
  File "/Users/seanazulay/.pyenv/versions/3.10.0/lib/python3.10/multiprocessing/process.py", line 108, in run
    self._target(*self._args, **self._kwargs)
  File "/Users/seanazulay/.pyenv/versions/3.10.0/lib/python3.10/site-packages/uvicorn/_subprocess.py", line 78, in subprocess_started
    target(sockets=sockets)
  File "/Users/seanazulay/.pyenv/versions/3.10.0/lib/python3.10/site-packages/uvicorn/server.py", line 62, in run
    return asyncio.run(self.serve(sockets=sockets))
  File "/Users/seanazulay/.pyenv/versions/3.10.0/lib/python3.10/asyncio/runners.py", line 44, in run
    return loop.run_until_complete(main)
  File "uvloop/loop.pyx", line 1518, in uvloop.loop.Loop.run_until_complete
  File "/Users/seanazulay/.pyenv/versions/3.10.0/lib/python3.10/site-packages/uvicorn/server.py", line 69, in serve
    config.load()
  File "/Users/seanazulay/.pyenv/versions/3.10.0/lib/python3.10/site-packages/uvicorn/config.py", line 458, in load
    self.loaded_app = import_from_string(self.app)
  File "/Users/seanazulay/.pyenv/versions/3.10.0/lib/python3.10/site-packages/uvicorn/importer.py", line 21, in import_from_string
    module = importlib.import_module(module_str)
  File "/Users/seanazulay/.pyenv/versions/3.10.0/lib/python3.10/importlib/__init__.py", line 126, in import_module
    return _bootstrap._gcd_import(name[level:], package, level)
  File "<frozen importlib._bootstrap>", line 1050, in _gcd_import
  File "<frozen importlib._bootstrap>", line 1027, in _find_and_load
  File "<frozen importlib._bootstrap>", line 1006, in _find_and_load_unlocked
  File "<frozen importlib._bootstrap>", line 688, in _load_unlocked
  File "<frozen importlib._bootstrap_external>", line 883, in exec_module
  File "<frozen importlib._bootstrap>", line 241, in _call_with_frames_removed
  File "/Users/seanazulay/Desktop/StockBots/LumoTrade/ml-backend/app.py", line 16, in <module>
    from src.api import health, prediction, backtest, models_info, training_ultimate
  File "/Users/seanazulay/Desktop/StockBots/LumoTrade/ml-backend/src/api/prediction.py", line 12, in <module>
    from src.core.inference.engine import PanelPredictionEngine
  File "/Users/seanazulay/Desktop/StockBots/LumoTrade/ml-backend/src/core/inference/engine.py", line 15, in <module>
    from src.core.features import (
ImportError: cannot import name 'build_technical_features' from 'src.core.features' (/Users/seanazulay/Desktop/StockBots/LumoTrade/ml-backend/src/core/features/__init__.py)
WARNING:  WatchFiles detected changes in 'src/core/training/continuous_learner.py'. Reloading...
WARNING:  WatchFiles detected changes in 'src/core/training/continuous_learner.py'. Reloading...
WARNING:  WatchFiles detected changes in 'src/core/training/continuous_learner.py'. Reloading...
Process SpawnProcess-142:
Traceback (most recent call last):
  File "/Users/seanazulay/.pyenv/versions/3.10.0/lib/python3.10/multiprocessing/process.py", line 315, in _bootstrap
    self.run()
  File "/Users/seanazulay/.pyenv/versions/3.10.0/lib/python3.10/multiprocessing/process.py", line 108, in run
    self._target(*self._args, **self._kwargs)
  File "/Users/seanazulay/.pyenv/versions/3.10.0/lib/python3.10/site-packages/uvicorn/_subprocess.py", line 78, in subprocess_started
    target(sockets=sockets)
  File "/Users/seanazulay/.pyenv/versions/3.10.0/lib/python3.10/site-packages/uvicorn/server.py", line 62, in run
    return asyncio.run(self.serve(sockets=sockets))
  File "/Users/seanazulay/.pyenv/versions/3.10.0/lib/python3.10/asyncio/runners.py", line 44, in run
    return loop.run_until_complete(main)
  File "uvloop/loop.pyx", line 1518, in uvloop.loop.Loop.run_until_complete
  File "/Users/seanazulay/.pyenv/versions/3.10.0/lib/python3.10/site-packages/uvicorn/server.py", line 69, in serve
    config.load()
  File "/Users/seanazulay/.pyenv/versions/3.10.0/lib/python3.10/site-packages/uvicorn/config.py", line 458, in load
    self.loaded_app = import_from_string(self.app)
  File "/Users/seanazulay/.pyenv/versions/3.10.0/lib/python3.10/site-packages/uvicorn/importer.py", line 21, in import_from_string
    module = importlib.import_module(module_str)
  File "/Users/seanazulay/.pyenv/versions/3.10.0/lib/python3.10/importlib/__init__.py", line 126, in import_module
    return _bootstrap._gcd_import(name[level:], package, level)
  File "<frozen importlib._bootstrap>", line 1050, in _gcd_import
  File "<frozen importlib._bootstrap>", line 1027, in _find_and_load
  File "<frozen importlib._bootstrap>", line 1006, in _find_and_load_unlocked
  File "<frozen importlib._bootstrap>", line 688, in _load_unlocked
  File "<frozen importlib._bootstrap_external>", line 883, in exec_module
  File "<frozen importlib._bootstrap>", line 241, in _call_with_frames_removed
  File "/Users/seanazulay/Desktop/StockBots/LumoTrade/ml-backend/app.py", line 16, in <module>
    from src.api import health, prediction, backtest, models_info, training_ultimate
  File "/Users/seanazulay/Desktop/StockBots/LumoTrade/ml-backend/src/api/prediction.py", line 12, in <module>
    from src.core.inference.engine import PanelPredictionEngine
  File "/Users/seanazulay/Desktop/StockBots/LumoTrade/ml-backend/src/core/inference/engine.py", line 15, in <module>
    from src.core.features import (
ImportError: cannot import name 'build_technical_features' from 'src.core.features' (/Users/seanazulay/Desktop/StockBots/LumoTrade/ml-backend/src/core/features/__init__.py)
WARNING:  WatchFiles detected changes in 'src/core/training/multi_timeframe_trainer.py'. Reloading...
WARNING:  WatchFiles detected changes in 'src/core/training/multi_timeframe_trainer.py'. Reloading...
Process SpawnProcess-144:
Traceback (most recent call last):
  File "/Users/seanazulay/.pyenv/versions/3.10.0/lib/python3.10/multiprocessing/process.py", line 315, in _bootstrap
    self.run()
  File "/Users/seanazulay/.pyenv/versions/3.10.0/lib/python3.10/multiprocessing/process.py", line 108, in run
    self._target(*self._args, **self._kwargs)
  File "/Users/seanazulay/.pyenv/versions/3.10.0/lib/python3.10/site-packages/uvicorn/_subprocess.py", line 78, in subprocess_started
    target(sockets=sockets)
  File "/Users/seanazulay/.pyenv/versions/3.10.0/lib/python3.10/site-packages/uvicorn/server.py", line 62, in run
    return asyncio.run(self.serve(sockets=sockets))
  File "/Users/seanazulay/.pyenv/versions/3.10.0/lib/python3.10/asyncio/runners.py", line 44, in run
    return loop.run_until_complete(main)
  File "uvloop/loop.pyx", line 1518, in uvloop.loop.Loop.run_until_complete
  File "/Users/seanazulay/.pyenv/versions/3.10.0/lib/python3.10/site-packages/uvicorn/server.py", line 69, in serve
    config.load()
  File "/Users/seanazulay/.pyenv/versions/3.10.0/lib/python3.10/site-packages/uvicorn/config.py", line 458, in load
    self.loaded_app = import_from_string(self.app)
  File "/Users/seanazulay/.pyenv/versions/3.10.0/lib/python3.10/site-packages/uvicorn/importer.py", line 21, in import_from_string
    module = importlib.import_module(module_str)
  File "/Users/seanazulay/.pyenv/versions/3.10.0/lib/python3.10/importlib/__init__.py", line 126, in import_module
    return _bootstrap._gcd_import(name[level:], package, level)
  File "<frozen importlib._bootstrap>", line 1050, in _gcd_import
  File "<frozen importlib._bootstrap>", line 1027, in _find_and_load
  File "<frozen importlib._bootstrap>", line 1006, in _find_and_load_unlocked
  File "<frozen importlib._bootstrap>", line 688, in _load_unlocked
  File "<frozen importlib._bootstrap_external>", line 883, in exec_module
  File "<frozen importlib._bootstrap>", line 241, in _call_with_frames_removed
  File "/Users/seanazulay/Desktop/StockBots/LumoTrade/ml-backend/app.py", line 16, in <module>
    from src.api import health, prediction, backtest, models_info, training_ultimate
  File "/Users/seanazulay/Desktop/StockBots/LumoTrade/ml-backend/src/api/prediction.py", line 12, in <module>
    from src.core.inference.engine import PanelPredictionEngine
  File "/Users/seanazulay/Desktop/StockBots/LumoTrade/ml-backend/src/core/inference/engine.py", line 15, in <module>
    from src.core.features import (
ImportError: cannot import name 'build_technical_features' from 'src.core.features' (/Users/seanazulay/Desktop/StockBots/LumoTrade/ml-backend/src/core/features/__init__.py)
WARNING:  WatchFiles detected changes in 'src/core/training/ultimate_trainer.py'. Reloading...
Process SpawnProcess-145:
Traceback (most recent call last):
  File "/Users/seanazulay/.pyenv/versions/3.10.0/lib/python3.10/multiprocessing/process.py", line 315, in _bootstrap
    self.run()
  File "/Users/seanazulay/.pyenv/versions/3.10.0/lib/python3.10/multiprocessing/process.py", line 108, in run
    self._target(*self._args, **self._kwargs)
  File "/Users/seanazulay/.pyenv/versions/3.10.0/lib/python3.10/site-packages/uvicorn/_subprocess.py", line 78, in subprocess_started
    target(sockets=sockets)
  File "/Users/seanazulay/.pyenv/versions/3.10.0/lib/python3.10/site-packages/uvicorn/server.py", line 62, in run
    return asyncio.run(self.serve(sockets=sockets))
  File "/Users/seanazulay/.pyenv/versions/3.10.0/lib/python3.10/asyncio/runners.py", line 44, in run
    return loop.run_until_complete(main)
  File "uvloop/loop.pyx", line 1518, in uvloop.loop.Loop.run_until_complete
  File "/Users/seanazulay/.pyenv/versions/3.10.0/lib/python3.10/site-packages/uvicorn/server.py", line 69, in serve
    config.load()
  File "/Users/seanazulay/.pyenv/versions/3.10.0/lib/python3.10/site-packages/uvicorn/config.py", line 458, in load
    self.loaded_app = import_from_string(self.app)
  File "/Users/seanazulay/.pyenv/versions/3.10.0/lib/python3.10/site-packages/uvicorn/importer.py", line 21, in import_from_string
    module = importlib.import_module(module_str)
  File "/Users/seanazulay/.pyenv/versions/3.10.0/lib/python3.10/importlib/__init__.py", line 126, in import_module
    return _bootstrap._gcd_import(name[level:], package, level)
  File "<frozen importlib._bootstrap>", line 1050, in _gcd_import
  File "<frozen importlib._bootstrap>", line 1027, in _find_and_load
  File "<frozen importlib._bootstrap>", line 1006, in _find_and_load_unlocked
  File "<frozen importlib._bootstrap>", line 688, in _load_unlocked
  File "<frozen importlib._bootstrap_external>", line 883, in exec_module
  File "<frozen importlib._bootstrap>", line 241, in _call_with_frames_removed
  File "/Users/seanazulay/Desktop/StockBots/LumoTrade/ml-backend/app.py", line 16, in <module>
    from src.api import health, prediction, backtest, models_info, training_ultimate
  File "/Users/seanazulay/Desktop/StockBots/LumoTrade/ml-backend/src/api/prediction.py", line 12, in <module>
    from src.core.inference.engine import PanelPredictionEngine
  File "/Users/seanazulay/Desktop/StockBots/LumoTrade/ml-backend/src/core/inference/engine.py", line 15, in <module>
    from src.core.features import (
ImportError: cannot import name 'build_technical_features' from 'src.core.features' (/Users/seanazulay/Desktop/StockBots/LumoTrade/ml-backend/src/core/features/__init__.py)
WARNING:  WatchFiles detected changes in 'src/core/training/ultimate_trainer.py'. Reloading...
Process SpawnProcess-146:
Traceback (most recent call last):
  File "/Users/seanazulay/.pyenv/versions/3.10.0/lib/python3.10/multiprocessing/process.py", line 315, in _bootstrap
    self.run()
  File "/Users/seanazulay/.pyenv/versions/3.10.0/lib/python3.10/multiprocessing/process.py", line 108, in run
    self._target(*self._args, **self._kwargs)
  File "/Users/seanazulay/.pyenv/versions/3.10.0/lib/python3.10/site-packages/uvicorn/_subprocess.py", line 78, in subprocess_started
    target(sockets=sockets)
  File "/Users/seanazulay/.pyenv/versions/3.10.0/lib/python3.10/site-packages/uvicorn/server.py", line 62, in run
    return asyncio.run(self.serve(sockets=sockets))
  File "/Users/seanazulay/.pyenv/versions/3.10.0/lib/python3.10/asyncio/runners.py", line 44, in run
    return loop.run_until_complete(main)
  File "uvloop/loop.pyx", line 1518, in uvloop.loop.Loop.run_until_complete
  File "/Users/seanazulay/.pyenv/versions/3.10.0/lib/python3.10/site-packages/uvicorn/server.py", line 69, in serve
    config.load()
  File "/Users/seanazulay/.pyenv/versions/3.10.0/lib/python3.10/site-packages/uvicorn/config.py", line 458, in load
    self.loaded_app = import_from_string(self.app)
  File "/Users/seanazulay/.pyenv/versions/3.10.0/lib/python3.10/site-packages/uvicorn/importer.py", line 21, in import_from_string
    module = importlib.import_module(module_str)
  File "/Users/seanazulay/.pyenv/versions/3.10.0/lib/python3.10/importlib/__init__.py", line 126, in import_module
    return _bootstrap._gcd_import(name[level:], package, level)
  File "<frozen importlib._bootstrap>", line 1050, in _gcd_import
  File "<frozen importlib._bootstrap>", line 1027, in _find_and_load
  File "<frozen importlib._bootstrap>", line 1006, in _find_and_load_unlocked
  File "<frozen importlib._bootstrap>", line 688, in _load_unlocked
  File "<frozen importlib._bootstrap_external>", line 883, in exec_module
  File "<frozen importlib._bootstrap>", line 241, in _call_with_frames_removed
  File "/Users/seanazulay/Desktop/StockBots/LumoTrade/ml-backend/app.py", line 16, in <module>
    from src.api import health, prediction, backtest, models_info, training_ultimate
  File "/Users/seanazulay/Desktop/StockBots/LumoTrade/ml-backend/src/api/prediction.py", line 12, in <module>
    from src.core.inference.engine import PanelPredictionEngine
  File "/Users/seanazulay/Desktop/StockBots/LumoTrade/ml-backend/src/core/inference/engine.py", line 15, in <module>
    from src.core.features import (
ImportError: cannot import name 'build_technical_features' from 'src.core.features' (/Users/seanazulay/Desktop/StockBots/LumoTrade/ml-backend/src/core/features/__init__.py)
WARNING:  WatchFiles detected changes in 'src/core/training/ultimate_trainer.py'. Reloading...
Process SpawnProcess-147:
Traceback (most recent call last):
  File "/Users/seanazulay/.pyenv/versions/3.10.0/lib/python3.10/multiprocessing/process.py", line 315, in _bootstrap
    self.run()
  File "/Users/seanazulay/.pyenv/versions/3.10.0/lib/python3.10/multiprocessing/process.py", line 108, in run
    self._target(*self._args, **self._kwargs)
  File "/Users/seanazulay/.pyenv/versions/3.10.0/lib/python3.10/site-packages/uvicorn/_subprocess.py", line 78, in subprocess_started
    target(sockets=sockets)
  File "/Users/seanazulay/.pyenv/versions/3.10.0/lib/python3.10/site-packages/uvicorn/server.py", line 62, in run
    return asyncio.run(self.serve(sockets=sockets))
  File "/Users/seanazulay/.pyenv/versions/3.10.0/lib/python3.10/asyncio/runners.py", line 44, in run
    return loop.run_until_complete(main)
  File "uvloop/loop.pyx", line 1518, in uvloop.loop.Loop.run_until_complete
  File "/Users/seanazulay/.pyenv/versions/3.10.0/lib/python3.10/site-packages/uvicorn/server.py", line 69, in serve
    config.load()
  File "/Users/seanazulay/.pyenv/versions/3.10.0/lib/python3.10/site-packages/uvicorn/config.py", line 458, in load
    self.loaded_app = import_from_string(self.app)
  File "/Users/seanazulay/.pyenv/versions/3.10.0/lib/python3.10/site-packages/uvicorn/importer.py", line 21, in import_from_string
    module = importlib.import_module(module_str)
  File "/Users/seanazulay/.pyenv/versions/3.10.0/lib/python3.10/importlib/__init__.py", line 126, in import_module
    return _bootstrap._gcd_import(name[level:], package, level)
  File "<frozen importlib._bootstrap>", line 1050, in _gcd_import
  File "<frozen importlib._bootstrap>", line 1027, in _find_and_load
  File "<frozen importlib._bootstrap>", line 1006, in _find_and_load_unlocked
  File "<frozen importlib._bootstrap>", line 688, in _load_unlocked
  File "<frozen importlib._bootstrap_external>", line 883, in exec_module
  File "<frozen importlib._bootstrap>", line 241, in _call_with_frames_removed
  File "/Users/seanazulay/Desktop/StockBots/LumoTrade/ml-backend/app.py", line 16, in <module>
    from src.api import health, prediction, backtest, models_info, training_ultimate
  File "/Users/seanazulay/Desktop/StockBots/LumoTrade/ml-backend/src/api/prediction.py", line 12, in <module>
    from src.core.inference.engine import PanelPredictionEngine
  File "/Users/seanazulay/Desktop/StockBots/LumoTrade/ml-backend/src/core/inference/engine.py", line 15, in <module>
    from src.core.features import (
ImportError: cannot import name 'build_technical_features' from 'src.core.features' (/Users/seanazulay/Desktop/StockBots/LumoTrade/ml-backend/src/core/features/__init__.py)
WARNING:  WatchFiles detected changes in 'check_data_quality.py'. Reloading...
WARNING:  WatchFiles detected changes in 'check_data_quality.py'. Reloading...
WARNING:  WatchFiles detected changes in 'check_data_quality.py'. Reloading...
Process SpawnProcess-150:
Traceback (most recent call last):
  File "/Users/seanazulay/.pyenv/versions/3.10.0/lib/python3.10/multiprocessing/process.py", line 315, in _bootstrap
    self.run()
  File "/Users/seanazulay/.pyenv/versions/3.10.0/lib/python3.10/multiprocessing/process.py", line 108, in run
    self._target(*self._args, **self._kwargs)
  File "/Users/seanazulay/.pyenv/versions/3.10.0/lib/python3.10/site-packages/uvicorn/_subprocess.py", line 78, in subprocess_started
    target(sockets=sockets)
  File "/Users/seanazulay/.pyenv/versions/3.10.0/lib/python3.10/site-packages/uvicorn/server.py", line 62, in run
    return asyncio.run(self.serve(sockets=sockets))
  File "/Users/seanazulay/.pyenv/versions/3.10.0/lib/python3.10/asyncio/runners.py", line 44, in run
    return loop.run_until_complete(main)
  File "uvloop/loop.pyx", line 1518, in uvloop.loop.Loop.run_until_complete
  File "/Users/seanazulay/.pyenv/versions/3.10.0/lib/python3.10/site-packages/uvicorn/server.py", line 69, in serve
    config.load()
  File "/Users/seanazulay/.pyenv/versions/3.10.0/lib/python3.10/site-packages/uvicorn/config.py", line 458, in load
    self.loaded_app = import_from_string(self.app)
  File "/Users/seanazulay/.pyenv/versions/3.10.0/lib/python3.10/site-packages/uvicorn/importer.py", line 21, in import_from_string
    module = importlib.import_module(module_str)
  File "/Users/seanazulay/.pyenv/versions/3.10.0/lib/python3.10/importlib/__init__.py", line 126, in import_module
    return _bootstrap._gcd_import(name[level:], package, level)
  File "<frozen importlib._bootstrap>", line 1050, in _gcd_import
  File "<frozen importlib._bootstrap>", line 1027, in _find_and_load
  File "<frozen importlib._bootstrap>", line 1006, in _find_and_load_unlocked
  File "<frozen importlib._bootstrap>", line 688, in _load_unlocked
  File "<frozen importlib._bootstrap_external>", line 883, in exec_module
  File "<frozen importlib._bootstrap>", line 241, in _call_with_frames_removed
  File "/Users/seanazulay/Desktop/StockBots/LumoTrade/ml-backend/app.py", line 16, in <module>
    from src.api import health, prediction, backtest, models_info, training_ultimate
  File "/Users/seanazulay/Desktop/StockBots/LumoTrade/ml-backend/src/api/prediction.py", line 12, in <module>
    from src.core.inference.engine import PanelPredictionEngine
  File "/Users/seanazulay/Desktop/StockBots/LumoTrade/ml-backend/src/core/inference/engine.py", line 15, in <module>
    from src.core.features import (
ImportError: cannot import name 'build_technical_features' from 'src.core.features' (/Users/seanazulay/Desktop/StockBots/LumoTrade/ml-backend/src/core/features/__init__.py)
WARNING:  WatchFiles detected changes in 'check_data_quality.py', 'src/core/training/ultimate_trainer.py', 'src/core/training/multi_timeframe_trainer.py', 'src/core/training/continuous_learner.py'. Reloading...
Process SpawnProcess-151:
Traceback (most recent call last):
  File "/Users/seanazulay/.pyenv/versions/3.10.0/lib/python3.10/multiprocessing/process.py", line 315, in _bootstrap
    self.run()
  File "/Users/seanazulay/.pyenv/versions/3.10.0/lib/python3.10/multiprocessing/process.py", line 108, in run
    self._target(*self._args, **self._kwargs)
  File "/Users/seanazulay/.pyenv/versions/3.10.0/lib/python3.10/site-packages/uvicorn/_subprocess.py", line 78, in subprocess_started
    target(sockets=sockets)
  File "/Users/seanazulay/.pyenv/versions/3.10.0/lib/python3.10/site-packages/uvicorn/server.py", line 62, in run
    return asyncio.run(self.serve(sockets=sockets))
  File "/Users/seanazulay/.pyenv/versions/3.10.0/lib/python3.10/asyncio/runners.py", line 44, in run
    return loop.run_until_complete(main)
  File "uvloop/loop.pyx", line 1518, in uvloop.loop.Loop.run_until_complete
  File "/Users/seanazulay/.pyenv/versions/3.10.0/lib/python3.10/site-packages/uvicorn/server.py", line 69, in serve
    config.load()
  File "/Users/seanazulay/.pyenv/versions/3.10.0/lib/python3.10/site-packages/uvicorn/config.py", line 458, in load
    self.loaded_app = import_from_string(self.app)
  File "/Users/seanazulay/.pyenv/versions/3.10.0/lib/python3.10/site-packages/uvicorn/importer.py", line 21, in import_from_string
    module = importlib.import_module(module_str)
  File "/Users/seanazulay/.pyenv/versions/3.10.0/lib/python3.10/importlib/__init__.py", line 126, in import_module
    return _bootstrap._gcd_import(name[level:], package, level)
  File "<frozen importlib._bootstrap>", line 1050, in _gcd_import
  File "<frozen importlib._bootstrap>", line 1027, in _find_and_load
  File "<frozen importlib._bootstrap>", line 1006, in _find_and_load_unlocked
  File "<frozen importlib._bootstrap>", line 688, in _load_unlocked
  File "<frozen importlib._bootstrap_external>", line 883, in exec_module
  File "<frozen importlib._bootstrap>", line 241, in _call_with_frames_removed
  File "/Users/seanazulay/Desktop/StockBots/LumoTrade/ml-backend/app.py", line 16, in <module>
    from src.api import health, prediction, backtest, models_info, training_ultimate
  File "/Users/seanazulay/Desktop/StockBots/LumoTrade/ml-backend/src/api/prediction.py", line 12, in <module>
    from src.core.inference.engine import PanelPredictionEngine
  File "/Users/seanazulay/Desktop/StockBots/LumoTrade/ml-backend/src/core/inference/engine.py", line 15, in <module>
    from src.core.features import (
ImportError: cannot import name 'build_technical_features' from 'src.core.features' (/Users/seanazulay/Desktop/StockBots/LumoTrade/ml-backend/src/core/features/__init__.py)
WARNING:  WatchFiles detected changes in 'check_data_quality.py'. Reloading...
Process SpawnProcess-152:
Traceback (most recent call last):
  File "/Users/seanazulay/.pyenv/versions/3.10.0/lib/python3.10/multiprocessing/process.py", line 315, in _bootstrap
    self.run()
  File "/Users/seanazulay/.pyenv/versions/3.10.0/lib/python3.10/multiprocessing/process.py", line 108, in run
    self._target(*self._args, **self._kwargs)
  File "/Users/seanazulay/.pyenv/versions/3.10.0/lib/python3.10/site-packages/uvicorn/_subprocess.py", line 78, in subprocess_started
    target(sockets=sockets)
  File "/Users/seanazulay/.pyenv/versions/3.10.0/lib/python3.10/site-packages/uvicorn/server.py", line 62, in run
    return asyncio.run(self.serve(sockets=sockets))
  File "/Users/seanazulay/.pyenv/versions/3.10.0/lib/python3.10/asyncio/runners.py", line 44, in run
    return loop.run_until_complete(main)
  File "uvloop/loop.pyx", line 1518, in uvloop.loop.Loop.run_until_complete
  File "/Users/seanazulay/.pyenv/versions/3.10.0/lib/python3.10/site-packages/uvicorn/server.py", line 69, in serve
    config.load()
  File "/Users/seanazulay/.pyenv/versions/3.10.0/lib/python3.10/site-packages/uvicorn/config.py", line 458, in load
    self.loaded_app = import_from_string(self.app)
  File "/Users/seanazulay/.pyenv/versions/3.10.0/lib/python3.10/site-packages/uvicorn/importer.py", line 21, in import_from_string
    module = importlib.import_module(module_str)
  File "/Users/seanazulay/.pyenv/versions/3.10.0/lib/python3.10/importlib/__init__.py", line 126, in import_module
    return _bootstrap._gcd_import(name[level:], package, level)
  File "<frozen importlib._bootstrap>", line 1050, in _gcd_import
  File "<frozen importlib._bootstrap>", line 1027, in _find_and_load
  File "<frozen importlib._bootstrap>", line 1006, in _find_and_load_unlocked
  File "<frozen importlib._bootstrap>", line 688, in _load_unlocked
  File "<frozen importlib._bootstrap_external>", line 883, in exec_module
  File "<frozen importlib._bootstrap>", line 241, in _call_with_frames_removed
  File "/Users/seanazulay/Desktop/StockBots/LumoTrade/ml-backend/app.py", line 16, in <module>
    from src.api import health, prediction, backtest, models_info, training_ultimate
  File "/Users/seanazulay/Desktop/StockBots/LumoTrade/ml-backend/src/api/prediction.py", line 12, in <module>
    from src.core.inference.engine import PanelPredictionEngine
  File "/Users/seanazulay/Desktop/StockBots/LumoTrade/ml-backend/src/core/inference/engine.py", line 15, in <module>
    from src.core.features import (
ImportError: cannot import name 'build_technical_features' from 'src.core.features' (/Users/seanazulay/Desktop/StockBots/LumoTrade/ml-backend/src/core/features/__init__.py)
WARNING:  WatchFiles detected changes in 'check_data_quality.py'. Reloading...
Process SpawnProcess-153:
Traceback (most recent call last):
  File "/Users/seanazulay/.pyenv/versions/3.10.0/lib/python3.10/multiprocessing/process.py", line 315, in _bootstrap
    self.run()
  File "/Users/seanazulay/.pyenv/versions/3.10.0/lib/python3.10/multiprocessing/process.py", line 108, in run
    self._target(*self._args, **self._kwargs)
  File "/Users/seanazulay/.pyenv/versions/3.10.0/lib/python3.10/site-packages/uvicorn/_subprocess.py", line 78, in subprocess_started
    target(sockets=sockets)
  File "/Users/seanazulay/.pyenv/versions/3.10.0/lib/python3.10/site-packages/uvicorn/server.py", line 62, in run
    return asyncio.run(self.serve(sockets=sockets))
  File "/Users/seanazulay/.pyenv/versions/3.10.0/lib/python3.10/asyncio/runners.py", line 44, in run
    return loop.run_until_complete(main)
  File "uvloop/loop.pyx", line 1518, in uvloop.loop.Loop.run_until_complete
  File "/Users/seanazulay/.pyenv/versions/3.10.0/lib/python3.10/site-packages/uvicorn/server.py", line 69, in serve
    config.load()
  File "/Users/seanazulay/.pyenv/versions/3.10.0/lib/python3.10/site-packages/uvicorn/config.py", line 458, in load
    self.loaded_app = import_from_string(self.app)
  File "/Users/seanazulay/.pyenv/versions/3.10.0/lib/python3.10/site-packages/uvicorn/importer.py", line 21, in import_from_string
    module = importlib.import_module(module_str)
  File "/Users/seanazulay/.pyenv/versions/3.10.0/lib/python3.10/importlib/__init__.py", line 126, in import_module
    return _bootstrap._gcd_import(name[level:], package, level)
  File "<frozen importlib._bootstrap>", line 1050, in _gcd_import
  File "<frozen importlib._bootstrap>", line 1027, in _find_and_load
  File "<frozen importlib._bootstrap>", line 1006, in _find_and_load_unlocked
  File "<frozen importlib._bootstrap>", line 688, in _load_unlocked
  File "<frozen importlib._bootstrap_external>", line 883, in exec_module
  File "<frozen importlib._bootstrap>", line 241, in _call_with_frames_removed
  File "/Users/seanazulay/Desktop/StockBots/LumoTrade/ml-backend/app.py", line 16, in <module>
    from src.api import health, prediction, backtest, models_info, training_ultimate
  File "/Users/seanazulay/Desktop/StockBots/LumoTrade/ml-backend/src/api/prediction.py", line 12, in <module>
    from src.core.inference.engine import PanelPredictionEngine
  File "/Users/seanazulay/Desktop/StockBots/LumoTrade/ml-backend/src/core/inference/engine.py", line 15, in <module>
    from src.core.features import (
ImportError: cannot import name 'build_technical_features' from 'src.core.features' (/Users/seanazulay/Desktop/StockBots/LumoTrade/ml-backend/src/core/features/__init__.py)
WARNING:  WatchFiles detected changes in 'check_data_quality.py'. Reloading...
Process SpawnProcess-154:
Traceback (most recent call last):
  File "/Users/seanazulay/.pyenv/versions/3.10.0/lib/python3.10/multiprocessing/process.py", line 315, in _bootstrap
    self.run()
  File "/Users/seanazulay/.pyenv/versions/3.10.0/lib/python3.10/multiprocessing/process.py", line 108, in run
    self._target(*self._args, **self._kwargs)
  File "/Users/seanazulay/.pyenv/versions/3.10.0/lib/python3.10/site-packages/uvicorn/_subprocess.py", line 78, in subprocess_started
    target(sockets=sockets)
  File "/Users/seanazulay/.pyenv/versions/3.10.0/lib/python3.10/site-packages/uvicorn/server.py", line 62, in run
    return asyncio.run(self.serve(sockets=sockets))
  File "/Users/seanazulay/.pyenv/versions/3.10.0/lib/python3.10/asyncio/runners.py", line 44, in run
    return loop.run_until_complete(main)
  File "uvloop/loop.pyx", line 1518, in uvloop.loop.Loop.run_until_complete
  File "/Users/seanazulay/.pyenv/versions/3.10.0/lib/python3.10/site-packages/uvicorn/server.py", line 69, in serve
    config.load()
  File "/Users/seanazulay/.pyenv/versions/3.10.0/lib/python3.10/site-packages/uvicorn/config.py", line 458, in load
    self.loaded_app = import_from_string(self.app)
  File "/Users/seanazulay/.pyenv/versions/3.10.0/lib/python3.10/site-packages/uvicorn/importer.py", line 21, in import_from_string
    module = importlib.import_module(module_str)
  File "/Users/seanazulay/.pyenv/versions/3.10.0/lib/python3.10/importlib/__init__.py", line 126, in import_module
    return _bootstrap._gcd_import(name[level:], package, level)
  File "<frozen importlib._bootstrap>", line 1050, in _gcd_import
  File "<frozen importlib._bootstrap>", line 1027, in _find_and_load
  File "<frozen importlib._bootstrap>", line 1006, in _find_and_load_unlocked
  File "<frozen importlib._bootstrap>", line 688, in _load_unlocked
  File "<frozen importlib._bootstrap_external>", line 883, in exec_module
  File "<frozen importlib._bootstrap>", line 241, in _call_with_frames_removed
  File "/Users/seanazulay/Desktop/StockBots/LumoTrade/ml-backend/app.py", line 16, in <module>
    from src.api import health, prediction, backtest, models_info, training_ultimate
  File "/Users/seanazulay/Desktop/StockBots/LumoTrade/ml-backend/src/api/prediction.py", line 12, in <module>
    from src.core.inference.engine import PanelPredictionEngine
  File "/Users/seanazulay/Desktop/StockBots/LumoTrade/ml-backend/src/core/inference/engine.py", line 15, in <module>
    from src.core.features import (
ImportError: cannot import name 'build_technical_features' from 'src.core.features' (/Users/seanazulay/Desktop/StockBots/LumoTrade/ml-backend/src/core/features/__init__.py)
WARNING:  WatchFiles detected changes in 'check_data_quality.py'. Reloading...
Process SpawnProcess-155:
Traceback (most recent call last):
  File "/Users/seanazulay/.pyenv/versions/3.10.0/lib/python3.10/multiprocessing/process.py", line 315, in _bootstrap
    self.run()
  File "/Users/seanazulay/.pyenv/versions/3.10.0/lib/python3.10/multiprocessing/process.py", line 108, in run
    self._target(*self._args, **self._kwargs)
  File "/Users/seanazulay/.pyenv/versions/3.10.0/lib/python3.10/site-packages/uvicorn/_subprocess.py", line 78, in subprocess_started
    target(sockets=sockets)
  File "/Users/seanazulay/.pyenv/versions/3.10.0/lib/python3.10/site-packages/uvicorn/server.py", line 62, in run
    return asyncio.run(self.serve(sockets=sockets))
  File "/Users/seanazulay/.pyenv/versions/3.10.0/lib/python3.10/asyncio/runners.py", line 44, in run
    return loop.run_until_complete(main)
  File "uvloop/loop.pyx", line 1518, in uvloop.loop.Loop.run_until_complete
  File "/Users/seanazulay/.pyenv/versions/3.10.0/lib/python3.10/site-packages/uvicorn/server.py", line 69, in serve
    config.load()
  File "/Users/seanazulay/.pyenv/versions/3.10.0/lib/python3.10/site-packages/uvicorn/config.py", line 458, in load
    self.loaded_app = import_from_string(self.app)
  File "/Users/seanazulay/.pyenv/versions/3.10.0/lib/python3.10/site-packages/uvicorn/importer.py", line 21, in import_from_string
    module = importlib.import_module(module_str)
  File "/Users/seanazulay/.pyenv/versions/3.10.0/lib/python3.10/importlib/__init__.py", line 126, in import_module
    return _bootstrap._gcd_import(name[level:], package, level)
  File "<frozen importlib._bootstrap>", line 1050, in _gcd_import
  File "<frozen importlib._bootstrap>", line 1027, in _find_and_load
  File "<frozen importlib._bootstrap>", line 1006, in _find_and_load_unlocked
  File "<frozen importlib._bootstrap>", line 688, in _load_unlocked
  File "<frozen importlib._bootstrap_external>", line 883, in exec_module
  File "<frozen importlib._bootstrap>", line 241, in _call_with_frames_removed
  File "/Users/seanazulay/Desktop/StockBots/LumoTrade/ml-backend/app.py", line 16, in <module>
    from src.api import health, prediction, backtest, models_info, training_ultimate
  File "/Users/seanazulay/Desktop/StockBots/LumoTrade/ml-backend/src/api/prediction.py", line 12, in <module>
    from src.core.inference.engine import PanelPredictionEngine
  File "/Users/seanazulay/Desktop/StockBots/LumoTrade/ml-backend/src/core/inference/engine.py", line 15, in <module>
    from src.core.features import (
ImportError: cannot import name 'build_technical_features' from 'src.core.features' (/Users/seanazulay/Desktop/StockBots/LumoTrade/ml-backend/src/core/features/__init__.py)
WARNING:  WatchFiles detected changes in 'src/core/training/multi_timeframe_trainer.py'. Reloading...
WARNING:  WatchFiles detected changes in 'test_features.py'. Reloading...
WARNING:  WatchFiles detected changes in 'test_production.py'. Reloading...
WARNING:  WatchFiles detected changes in 'check_data_quality.py'. Reloading...
WARNING:  WatchFiles detected changes in 'diagnose_model.py'. Reloading...
Process SpawnProcess-160:
Traceback (most recent call last):
  File "/Users/seanazulay/.pyenv/versions/3.10.0/lib/python3.10/multiprocessing/process.py", line 315, in _bootstrap
    self.run()
  File "/Users/seanazulay/.pyenv/versions/3.10.0/lib/python3.10/multiprocessing/process.py", line 108, in run
    self._target(*self._args, **self._kwargs)
  File "/Users/seanazulay/.pyenv/versions/3.10.0/lib/python3.10/site-packages/uvicorn/_subprocess.py", line 78, in subprocess_started
    target(sockets=sockets)
  File "/Users/seanazulay/.pyenv/versions/3.10.0/lib/python3.10/site-packages/uvicorn/server.py", line 62, in run
    return asyncio.run(self.serve(sockets=sockets))
  File "/Users/seanazulay/.pyenv/versions/3.10.0/lib/python3.10/asyncio/runners.py", line 44, in run
    return loop.run_until_complete(main)
  File "uvloop/loop.pyx", line 1518, in uvloop.loop.Loop.run_until_complete
  File "/Users/seanazulay/.pyenv/versions/3.10.0/lib/python3.10/site-packages/uvicorn/server.py", line 69, in serve
    config.load()
  File "/Users/seanazulay/.pyenv/versions/3.10.0/lib/python3.10/site-packages/uvicorn/config.py", line 458, in load
    self.loaded_app = import_from_string(self.app)
  File "/Users/seanazulay/.pyenv/versions/3.10.0/lib/python3.10/site-packages/uvicorn/importer.py", line 21, in import_from_string
    module = importlib.import_module(module_str)
  File "/Users/seanazulay/.pyenv/versions/3.10.0/lib/python3.10/importlib/__init__.py", line 126, in import_module
    return _bootstrap._gcd_import(name[level:], package, level)
  File "<frozen importlib._bootstrap>", line 1050, in _gcd_import
  File "<frozen importlib._bootstrap>", line 1027, in _find_and_load
  File "<frozen importlib._bootstrap>", line 1006, in _find_and_load_unlocked
  File "<frozen importlib._bootstrap>", line 688, in _load_unlocked
  File "<frozen importlib._bootstrap_external>", line 883, in exec_module
  File "<frozen importlib._bootstrap>", line 241, in _call_with_frames_removed
  File "/Users/seanazulay/Desktop/StockBots/LumoTrade/ml-backend/app.py", line 16, in <module>
    from src.api import health, prediction, backtest, models_info, training_ultimate
  File "/Users/seanazulay/Desktop/StockBots/LumoTrade/ml-backend/src/api/prediction.py", line 12, in <module>
    from src.core.inference.engine import PanelPredictionEngine
  File "/Users/seanazulay/Desktop/StockBots/LumoTrade/ml-backend/src/core/inference/engine.py", line 15, in <module>
    from src.core.features import (
ImportError: cannot import name 'build_technical_features' from 'src.core.features' (/Users/seanazulay/Desktop/StockBots/LumoTrade/ml-backend/src/core/features/__init__.py)
WARNING:  WatchFiles detected changes in 'tests/test_2_small_training.py', 'tests/test_3_full_training.py', 'tests/test_0_quick_check.py', 'tests/test_1_validation.py'. Reloading...
Process SpawnProcess-161:
Traceback (most recent call last):
  File "/Users/seanazulay/.pyenv/versions/3.10.0/lib/python3.10/multiprocessing/process.py", line 315, in _bootstrap
    self.run()
  File "/Users/seanazulay/.pyenv/versions/3.10.0/lib/python3.10/multiprocessing/process.py", line 108, in run
    self._target(*self._args, **self._kwargs)
  File "/Users/seanazulay/.pyenv/versions/3.10.0/lib/python3.10/site-packages/uvicorn/_subprocess.py", line 78, in subprocess_started
    target(sockets=sockets)
  File "/Users/seanazulay/.pyenv/versions/3.10.0/lib/python3.10/site-packages/uvicorn/server.py", line 62, in run
    return asyncio.run(self.serve(sockets=sockets))
  File "/Users/seanazulay/.pyenv/versions/3.10.0/lib/python3.10/asyncio/runners.py", line 44, in run
    return loop.run_until_complete(main)
  File "uvloop/loop.pyx", line 1518, in uvloop.loop.Loop.run_until_complete
  File "/Users/seanazulay/.pyenv/versions/3.10.0/lib/python3.10/site-packages/uvicorn/server.py", line 69, in serve
    config.load()
  File "/Users/seanazulay/.pyenv/versions/3.10.0/lib/python3.10/site-packages/uvicorn/config.py", line 458, in load
    self.loaded_app = import_from_string(self.app)
  File "/Users/seanazulay/.pyenv/versions/3.10.0/lib/python3.10/site-packages/uvicorn/importer.py", line 21, in import_from_string
    module = importlib.import_module(module_str)
  File "/Users/seanazulay/.pyenv/versions/3.10.0/lib/python3.10/importlib/__init__.py", line 126, in import_module
    return _bootstrap._gcd_import(name[level:], package, level)
  File "<frozen importlib._bootstrap>", line 1050, in _gcd_import
  File "<frozen importlib._bootstrap>", line 1027, in _find_and_load
  File "<frozen importlib._bootstrap>", line 1006, in _find_and_load_unlocked
  File "<frozen importlib._bootstrap>", line 688, in _load_unlocked
  File "<frozen importlib._bootstrap_external>", line 883, in exec_module
  File "<frozen importlib._bootstrap>", line 241, in _call_with_frames_removed
  File "/Users/seanazulay/Desktop/StockBots/LumoTrade/ml-backend/app.py", line 16, in <module>
    from src.api import health, prediction, backtest, models_info, training_ultimate
  File "/Users/seanazulay/Desktop/StockBots/LumoTrade/ml-backend/src/api/prediction.py", line 12, in <module>
    from src.core.inference.engine import PanelPredictionEngine
  File "/Users/seanazulay/Desktop/StockBots/LumoTrade/ml-backend/src/core/inference/engine.py", line 15, in <module>
    from src.core.features import (
ImportError: cannot import name 'build_technical_features' from 'src.core.features' (/Users/seanazulay/Desktop/StockBots/LumoTrade/ml-backend/src/core/features/__init__.py)
WARNING:  WatchFiles detected changes in 'train_model.py', 'test_training.py'. Reloading...
Process SpawnProcess-162:
Traceback (most recent call last):
  File "/Users/seanazulay/.pyenv/versions/3.10.0/lib/python3.10/multiprocessing/process.py", line 315, in _bootstrap
    self.run()
  File "/Users/seanazulay/.pyenv/versions/3.10.0/lib/python3.10/multiprocessing/process.py", line 108, in run
    self._target(*self._args, **self._kwargs)
  File "/Users/seanazulay/.pyenv/versions/3.10.0/lib/python3.10/site-packages/uvicorn/_subprocess.py", line 78, in subprocess_started
    target(sockets=sockets)
  File "/Users/seanazulay/.pyenv/versions/3.10.0/lib/python3.10/site-packages/uvicorn/server.py", line 62, in run
    return asyncio.run(self.serve(sockets=sockets))
  File "/Users/seanazulay/.pyenv/versions/3.10.0/lib/python3.10/asyncio/runners.py", line 44, in run
    return loop.run_until_complete(main)
  File "uvloop/loop.pyx", line 1518, in uvloop.loop.Loop.run_until_complete
  File "/Users/seanazulay/.pyenv/versions/3.10.0/lib/python3.10/site-packages/uvicorn/server.py", line 69, in serve
    config.load()
  File "/Users/seanazulay/.pyenv/versions/3.10.0/lib/python3.10/site-packages/uvicorn/config.py", line 458, in load
    self.loaded_app = import_from_string(self.app)
  File "/Users/seanazulay/.pyenv/versions/3.10.0/lib/python3.10/site-packages/uvicorn/importer.py", line 21, in import_from_string
    module = importlib.import_module(module_str)
  File "/Users/seanazulay/.pyenv/versions/3.10.0/lib/python3.10/importlib/__init__.py", line 126, in import_module
    return _bootstrap._gcd_import(name[level:], package, level)
  File "<frozen importlib._bootstrap>", line 1050, in _gcd_import
  File "<frozen importlib._bootstrap>", line 1027, in _find_and_load
  File "<frozen importlib._bootstrap>", line 1006, in _find_and_load_unlocked
  File "<frozen importlib._bootstrap>", line 688, in _load_unlocked
  File "<frozen importlib._bootstrap_external>", line 883, in exec_module
  File "<frozen importlib._bootstrap>", line 241, in _call_with_frames_removed
  File "/Users/seanazulay/Desktop/StockBots/LumoTrade/ml-backend/app.py", line 16, in <module>
    from src.api import health, prediction, backtest, models_info, training_ultimate
  File "/Users/seanazulay/Desktop/StockBots/LumoTrade/ml-backend/src/api/prediction.py", line 12, in <module>
    from src.core.inference.engine import PanelPredictionEngine
  File "/Users/seanazulay/Desktop/StockBots/LumoTrade/ml-backend/src/core/inference/engine.py", line 15, in <module>
    from src.core.features import (
ImportError: cannot import name 'build_technical_features' from 'src.core.features' (/Users/seanazulay/Desktop/StockBots/LumoTrade/ml-backend/src/core/features/__init__.py)
WARNING:  WatchFiles detected changes in 'train_model.py'. Reloading...
Process SpawnProcess-163:
Traceback (most recent call last):
  File "/Users/seanazulay/.pyenv/versions/3.10.0/lib/python3.10/multiprocessing/process.py", line 315, in _bootstrap
    self.run()
  File "/Users/seanazulay/.pyenv/versions/3.10.0/lib/python3.10/multiprocessing/process.py", line 108, in run
    self._target(*self._args, **self._kwargs)
  File "/Users/seanazulay/.pyenv/versions/3.10.0/lib/python3.10/site-packages/uvicorn/_subprocess.py", line 78, in subprocess_started
    target(sockets=sockets)
  File "/Users/seanazulay/.pyenv/versions/3.10.0/lib/python3.10/site-packages/uvicorn/server.py", line 62, in run
    return asyncio.run(self.serve(sockets=sockets))
  File "/Users/seanazulay/.pyenv/versions/3.10.0/lib/python3.10/asyncio/runners.py", line 44, in run
    return loop.run_until_complete(main)
  File "uvloop/loop.pyx", line 1518, in uvloop.loop.Loop.run_until_complete
  File "/Users/seanazulay/.pyenv/versions/3.10.0/lib/python3.10/site-packages/uvicorn/server.py", line 69, in serve
    config.load()
  File "/Users/seanazulay/.pyenv/versions/3.10.0/lib/python3.10/site-packages/uvicorn/config.py", line 458, in load
    self.loaded_app = import_from_string(self.app)
  File "/Users/seanazulay/.pyenv/versions/3.10.0/lib/python3.10/site-packages/uvicorn/importer.py", line 21, in import_from_string
    module = importlib.import_module(module_str)
  File "/Users/seanazulay/.pyenv/versions/3.10.0/lib/python3.10/importlib/__init__.py", line 126, in import_module
    return _bootstrap._gcd_import(name[level:], package, level)
  File "<frozen importlib._bootstrap>", line 1050, in _gcd_import
  File "<frozen importlib._bootstrap>", line 1027, in _find_and_load
  File "<frozen importlib._bootstrap>", line 1006, in _find_and_load_unlocked
  File "<frozen importlib._bootstrap>", line 688, in _load_unlocked
  File "<frozen importlib._bootstrap_external>", line 883, in exec_module
  File "<frozen importlib._bootstrap>", line 241, in _call_with_frames_removed
  File "/Users/seanazulay/Desktop/StockBots/LumoTrade/ml-backend/app.py", line 16, in <module>
    from src.api import health, prediction, backtest, models_info, training_ultimate
  File "/Users/seanazulay/Desktop/StockBots/LumoTrade/ml-backend/src/api/prediction.py", line 12, in <module>
    from src.core.inference.engine import PanelPredictionEngine
  File "/Users/seanazulay/Desktop/StockBots/LumoTrade/ml-backend/src/core/inference/engine.py", line 15, in <module>
    from src.core.features import (
ImportError: cannot import name 'build_technical_features' from 'src.core.features' (/Users/seanazulay/Desktop/StockBots/LumoTrade/ml-backend/src/core/features/__init__.py)
WARNING:  WatchFiles detected changes in 'train_model.py'. Reloading...
Process SpawnProcess-164:
Traceback (most recent call last):
  File "/Users/seanazulay/.pyenv/versions/3.10.0/lib/python3.10/multiprocessing/process.py", line 315, in _bootstrap
    self.run()
  File "/Users/seanazulay/.pyenv/versions/3.10.0/lib/python3.10/multiprocessing/process.py", line 108, in run
    self._target(*self._args, **self._kwargs)
  File "/Users/seanazulay/.pyenv/versions/3.10.0/lib/python3.10/site-packages/uvicorn/_subprocess.py", line 78, in subprocess_started
    target(sockets=sockets)
  File "/Users/seanazulay/.pyenv/versions/3.10.0/lib/python3.10/site-packages/uvicorn/server.py", line 62, in run
    return asyncio.run(self.serve(sockets=sockets))
  File "/Users/seanazulay/.pyenv/versions/3.10.0/lib/python3.10/asyncio/runners.py", line 44, in run
    return loop.run_until_complete(main)
  File "uvloop/loop.pyx", line 1518, in uvloop.loop.Loop.run_until_complete
  File "/Users/seanazulay/.pyenv/versions/3.10.0/lib/python3.10/site-packages/uvicorn/server.py", line 69, in serve
    config.load()
  File "/Users/seanazulay/.pyenv/versions/3.10.0/lib/python3.10/site-packages/uvicorn/config.py", line 458, in load
    self.loaded_app = import_from_string(self.app)
  File "/Users/seanazulay/.pyenv/versions/3.10.0/lib/python3.10/site-packages/uvicorn/importer.py", line 21, in import_from_string
    module = importlib.import_module(module_str)
  File "/Users/seanazulay/.pyenv/versions/3.10.0/lib/python3.10/importlib/__init__.py", line 126, in import_module
    return _bootstrap._gcd_import(name[level:], package, level)
  File "<frozen importlib._bootstrap>", line 1050, in _gcd_import
  File "<frozen importlib._bootstrap>", line 1027, in _find_and_load
  File "<frozen importlib._bootstrap>", line 1006, in _find_and_load_unlocked
  File "<frozen importlib._bootstrap>", line 688, in _load_unlocked
  File "<frozen importlib._bootstrap_external>", line 883, in exec_module
  File "<frozen importlib._bootstrap>", line 241, in _call_with_frames_removed
  File "/Users/seanazulay/Desktop/StockBots/LumoTrade/ml-backend/app.py", line 16, in <module>
    from src.api import health, prediction, backtest, models_info, training_ultimate
  File "/Users/seanazulay/Desktop/StockBots/LumoTrade/ml-backend/src/api/prediction.py", line 12, in <module>
    from src.core.inference.engine import PanelPredictionEngine
  File "/Users/seanazulay/Desktop/StockBots/LumoTrade/ml-backend/src/core/inference/engine.py", line 15, in <module>
    from src.core.features import (
ImportError: cannot import name 'build_technical_features' from 'src.core.features' (/Users/seanazulay/Desktop/StockBots/LumoTrade/ml-backend/src/core/features/__init__.py)
WARNING:  WatchFiles detected changes in 'train_model.py'. Reloading...
Process SpawnProcess-165:
Traceback (most recent call last):
  File "/Users/seanazulay/.pyenv/versions/3.10.0/lib/python3.10/multiprocessing/process.py", line 315, in _bootstrap
    self.run()
  File "/Users/seanazulay/.pyenv/versions/3.10.0/lib/python3.10/multiprocessing/process.py", line 108, in run
    self._target(*self._args, **self._kwargs)
  File "/Users/seanazulay/.pyenv/versions/3.10.0/lib/python3.10/site-packages/uvicorn/_subprocess.py", line 78, in subprocess_started
    target(sockets=sockets)
  File "/Users/seanazulay/.pyenv/versions/3.10.0/lib/python3.10/site-packages/uvicorn/server.py", line 62, in run
    return asyncio.run(self.serve(sockets=sockets))
  File "/Users/seanazulay/.pyenv/versions/3.10.0/lib/python3.10/asyncio/runners.py", line 44, in run
    return loop.run_until_complete(main)
  File "uvloop/loop.pyx", line 1518, in uvloop.loop.Loop.run_until_complete
  File "/Users/seanazulay/.pyenv/versions/3.10.0/lib/python3.10/site-packages/uvicorn/server.py", line 69, in serve
    config.load()
  File "/Users/seanazulay/.pyenv/versions/3.10.0/lib/python3.10/site-packages/uvicorn/config.py", line 458, in load
    self.loaded_app = import_from_string(self.app)
  File "/Users/seanazulay/.pyenv/versions/3.10.0/lib/python3.10/site-packages/uvicorn/importer.py", line 21, in import_from_string
    module = importlib.import_module(module_str)
  File "/Users/seanazulay/.pyenv/versions/3.10.0/lib/python3.10/importlib/__init__.py", line 126, in import_module
    return _bootstrap._gcd_import(name[level:], package, level)
  File "<frozen importlib._bootstrap>", line 1050, in _gcd_import
  File "<frozen importlib._bootstrap>", line 1027, in _find_and_load
  File "<frozen importlib._bootstrap>", line 1006, in _find_and_load_unlocked
  File "<frozen importlib._bootstrap>", line 688, in _load_unlocked
  File "<frozen importlib._bootstrap_external>", line 883, in exec_module
  File "<frozen importlib._bootstrap>", line 241, in _call_with_frames_removed
  File "/Users/seanazulay/Desktop/StockBots/LumoTrade/ml-backend/app.py", line 16, in <module>
    from src.api import health, prediction, backtest, models_info, training_ultimate
  File "/Users/seanazulay/Desktop/StockBots/LumoTrade/ml-backend/src/api/prediction.py", line 12, in <module>
    from src.core.inference.engine import PanelPredictionEngine
  File "/Users/seanazulay/Desktop/StockBots/LumoTrade/ml-backend/src/core/inference/engine.py", line 15, in <module>
    from src.core.features import (
ImportError: cannot import name 'build_technical_features' from 'src.core.features' (/Users/seanazulay/Desktop/StockBots/LumoTrade/ml-backend/src/core/features/__init__.py)
WARNING:  WatchFiles detected changes in 'test_instantdb.py'. Reloading...
WARNING:  WatchFiles detected changes in 'test_instantdb.py'. Reloading...
WARNING:  WatchFiles detected changes in 'test_instantdb.py'. Reloading...
Process SpawnProcess-168:
Traceback (most recent call last):
  File "/Users/seanazulay/.pyenv/versions/3.10.0/lib/python3.10/multiprocessing/process.py", line 315, in _bootstrap
    self.run()
  File "/Users/seanazulay/.pyenv/versions/3.10.0/lib/python3.10/multiprocessing/process.py", line 108, in run
    self._target(*self._args, **self._kwargs)
  File "/Users/seanazulay/.pyenv/versions/3.10.0/lib/python3.10/site-packages/uvicorn/_subprocess.py", line 78, in subprocess_started
    target(sockets=sockets)
  File "/Users/seanazulay/.pyenv/versions/3.10.0/lib/python3.10/site-packages/uvicorn/server.py", line 62, in run
    return asyncio.run(self.serve(sockets=sockets))
  File "/Users/seanazulay/.pyenv/versions/3.10.0/lib/python3.10/asyncio/runners.py", line 44, in run
    return loop.run_until_complete(main)
  File "uvloop/loop.pyx", line 1518, in uvloop.loop.Loop.run_until_complete
  File "/Users/seanazulay/.pyenv/versions/3.10.0/lib/python3.10/site-packages/uvicorn/server.py", line 69, in serve
    config.load()
  File "/Users/seanazulay/.pyenv/versions/3.10.0/lib/python3.10/site-packages/uvicorn/config.py", line 458, in load
    self.loaded_app = import_from_string(self.app)
  File "/Users/seanazulay/.pyenv/versions/3.10.0/lib/python3.10/site-packages/uvicorn/importer.py", line 21, in import_from_string
    module = importlib.import_module(module_str)
  File "/Users/seanazulay/.pyenv/versions/3.10.0/lib/python3.10/importlib/__init__.py", line 126, in import_module
    return _bootstrap._gcd_import(name[level:], package, level)
  File "<frozen importlib._bootstrap>", line 1050, in _gcd_import
  File "<frozen importlib._bootstrap>", line 1027, in _find_and_load
  File "<frozen importlib._bootstrap>", line 1006, in _find_and_load_unlocked
  File "<frozen importlib._bootstrap>", line 688, in _load_unlocked
  File "<frozen importlib._bootstrap_external>", line 883, in exec_module
  File "<frozen importlib._bootstrap>", line 241, in _call_with_frames_removed
  File "/Users/seanazulay/Desktop/StockBots/LumoTrade/ml-backend/app.py", line 16, in <module>
    from src.api import health, prediction, backtest, models_info, training_ultimate
  File "/Users/seanazulay/Desktop/StockBots/LumoTrade/ml-backend/src/api/prediction.py", line 12, in <module>
    from src.core.inference.engine import PanelPredictionEngine
  File "/Users/seanazulay/Desktop/StockBots/LumoTrade/ml-backend/src/core/inference/engine.py", line 15, in <module>
    from src.core.features import (
ImportError: cannot import name 'build_technical_features' from 'src.core.features' (/Users/seanazulay/Desktop/StockBots/LumoTrade/ml-backend/src/core/features/__init__.py)
WARNING:  WatchFiles detected changes in 'train_model.py'. Reloading...
Process SpawnProcess-169:
Traceback (most recent call last):
  File "/Users/seanazulay/.pyenv/versions/3.10.0/lib/python3.10/multiprocessing/process.py", line 315, in _bootstrap
    self.run()
  File "/Users/seanazulay/.pyenv/versions/3.10.0/lib/python3.10/multiprocessing/process.py", line 108, in run
    self._target(*self._args, **self._kwargs)
  File "/Users/seanazulay/.pyenv/versions/3.10.0/lib/python3.10/site-packages/uvicorn/_subprocess.py", line 78, in subprocess_started
    target(sockets=sockets)
  File "/Users/seanazulay/.pyenv/versions/3.10.0/lib/python3.10/site-packages/uvicorn/server.py", line 62, in run
    return asyncio.run(self.serve(sockets=sockets))
  File "/Users/seanazulay/.pyenv/versions/3.10.0/lib/python3.10/asyncio/runners.py", line 44, in run
    return loop.run_until_complete(main)
  File "uvloop/loop.pyx", line 1518, in uvloop.loop.Loop.run_until_complete
  File "/Users/seanazulay/.pyenv/versions/3.10.0/lib/python3.10/site-packages/uvicorn/server.py", line 69, in serve
    config.load()
  File "/Users/seanazulay/.pyenv/versions/3.10.0/lib/python3.10/site-packages/uvicorn/config.py", line 458, in load
    self.loaded_app = import_from_string(self.app)
  File "/Users/seanazulay/.pyenv/versions/3.10.0/lib/python3.10/site-packages/uvicorn/importer.py", line 21, in import_from_string
    module = importlib.import_module(module_str)
  File "/Users/seanazulay/.pyenv/versions/3.10.0/lib/python3.10/importlib/__init__.py", line 126, in import_module
    return _bootstrap._gcd_import(name[level:], package, level)
  File "<frozen importlib._bootstrap>", line 1050, in _gcd_import
  File "<frozen importlib._bootstrap>", line 1027, in _find_and_load
  File "<frozen importlib._bootstrap>", line 1006, in _find_and_load_unlocked
  File "<frozen importlib._bootstrap>", line 688, in _load_unlocked
  File "<frozen importlib._bootstrap_external>", line 883, in exec_module
  File "<frozen importlib._bootstrap>", line 241, in _call_with_frames_removed
  File "/Users/seanazulay/Desktop/StockBots/LumoTrade/ml-backend/app.py", line 16, in <module>
    from src.api import health, prediction, backtest, models_info, training_ultimate
  File "/Users/seanazulay/Desktop/StockBots/LumoTrade/ml-backend/src/api/prediction.py", line 12, in <module>
    from src.core.inference.engine import PanelPredictionEngine
  File "/Users/seanazulay/Desktop/StockBots/LumoTrade/ml-backend/src/core/inference/engine.py", line 15, in <module>
    from src.core.features import (
ImportError: cannot import name 'build_technical_features' from 'src.core.features' (/Users/seanazulay/Desktop/StockBots/LumoTrade/ml-backend/src/core/features/__init__.py)
WARNING:  WatchFiles detected changes in 'test_instantdb_raw.py'. Reloading...
WARNING:  WatchFiles detected changes in 'test_instantdb_raw.py'. Reloading...
Process SpawnProcess-171:
Traceback (most recent call last):
  File "/Users/seanazulay/.pyenv/versions/3.10.0/lib/python3.10/multiprocessing/process.py", line 315, in _bootstrap
    self.run()
  File "/Users/seanazulay/.pyenv/versions/3.10.0/lib/python3.10/multiprocessing/process.py", line 108, in run
    self._target(*self._args, **self._kwargs)
  File "/Users/seanazulay/.pyenv/versions/3.10.0/lib/python3.10/site-packages/uvicorn/_subprocess.py", line 78, in subprocess_started
    target(sockets=sockets)
  File "/Users/seanazulay/.pyenv/versions/3.10.0/lib/python3.10/site-packages/uvicorn/server.py", line 62, in run
    return asyncio.run(self.serve(sockets=sockets))
  File "/Users/seanazulay/.pyenv/versions/3.10.0/lib/python3.10/asyncio/runners.py", line 44, in run
    return loop.run_until_complete(main)
  File "uvloop/loop.pyx", line 1518, in uvloop.loop.Loop.run_until_complete
  File "/Users/seanazulay/.pyenv/versions/3.10.0/lib/python3.10/site-packages/uvicorn/server.py", line 69, in serve
    config.load()
  File "/Users/seanazulay/.pyenv/versions/3.10.0/lib/python3.10/site-packages/uvicorn/config.py", line 458, in load
    self.loaded_app = import_from_string(self.app)
  File "/Users/seanazulay/.pyenv/versions/3.10.0/lib/python3.10/site-packages/uvicorn/importer.py", line 21, in import_from_string
    module = importlib.import_module(module_str)
  File "/Users/seanazulay/.pyenv/versions/3.10.0/lib/python3.10/importlib/__init__.py", line 126, in import_module
    return _bootstrap._gcd_import(name[level:], package, level)
  File "<frozen importlib._bootstrap>", line 1050, in _gcd_import
  File "<frozen importlib._bootstrap>", line 1027, in _find_and_load
  File "<frozen importlib._bootstrap>", line 1006, in _find_and_load_unlocked
  File "<frozen importlib._bootstrap>", line 688, in _load_unlocked
  File "<frozen importlib._bootstrap_external>", line 883, in exec_module
  File "<frozen importlib._bootstrap>", line 241, in _call_with_frames_removed
  File "/Users/seanazulay/Desktop/StockBots/LumoTrade/ml-backend/app.py", line 16, in <module>
    from src.api import health, prediction, backtest, models_info, training_ultimate
  File "/Users/seanazulay/Desktop/StockBots/LumoTrade/ml-backend/src/api/prediction.py", line 12, in <module>
    from src.core.inference.engine import PanelPredictionEngine
  File "/Users/seanazulay/Desktop/StockBots/LumoTrade/ml-backend/src/core/inference/engine.py", line 15, in <module>
    from src.core.features import (
ImportError: cannot import name 'build_technical_features' from 'src.core.features' (/Users/seanazulay/Desktop/StockBots/LumoTrade/ml-backend/src/core/features/__init__.py)
WARNING:  WatchFiles detected changes in 'src/database/instantdb.py'. Reloading...
Process SpawnProcess-172:
Traceback (most recent call last):
  File "/Users/seanazulay/.pyenv/versions/3.10.0/lib/python3.10/multiprocessing/process.py", line 315, in _bootstrap
    self.run()
  File "/Users/seanazulay/.pyenv/versions/3.10.0/lib/python3.10/multiprocessing/process.py", line 108, in run
    self._target(*self._args, **self._kwargs)
  File "/Users/seanazulay/.pyenv/versions/3.10.0/lib/python3.10/site-packages/uvicorn/_subprocess.py", line 78, in subprocess_started
    target(sockets=sockets)
  File "/Users/seanazulay/.pyenv/versions/3.10.0/lib/python3.10/site-packages/uvicorn/server.py", line 62, in run
    return asyncio.run(self.serve(sockets=sockets))
  File "/Users/seanazulay/.pyenv/versions/3.10.0/lib/python3.10/asyncio/runners.py", line 44, in run
    return loop.run_until_complete(main)
  File "uvloop/loop.pyx", line 1518, in uvloop.loop.Loop.run_until_complete
  File "/Users/seanazulay/.pyenv/versions/3.10.0/lib/python3.10/site-packages/uvicorn/server.py", line 69, in serve
    config.load()
  File "/Users/seanazulay/.pyenv/versions/3.10.0/lib/python3.10/site-packages/uvicorn/config.py", line 458, in load
    self.loaded_app = import_from_string(self.app)
  File "/Users/seanazulay/.pyenv/versions/3.10.0/lib/python3.10/site-packages/uvicorn/importer.py", line 21, in import_from_string
    module = importlib.import_module(module_str)
  File "/Users/seanazulay/.pyenv/versions/3.10.0/lib/python3.10/importlib/__init__.py", line 126, in import_module
    return _bootstrap._gcd_import(name[level:], package, level)
  File "<frozen importlib._bootstrap>", line 1050, in _gcd_import
  File "<frozen importlib._bootstrap>", line 1027, in _find_and_load
  File "<frozen importlib._bootstrap>", line 1006, in _find_and_load_unlocked
  File "<frozen importlib._bootstrap>", line 688, in _load_unlocked
  File "<frozen importlib._bootstrap_external>", line 883, in exec_module
  File "<frozen importlib._bootstrap>", line 241, in _call_with_frames_removed
  File "/Users/seanazulay/Desktop/StockBots/LumoTrade/ml-backend/app.py", line 16, in <module>
    from src.api import health, prediction, backtest, models_info, training_ultimate
  File "/Users/seanazulay/Desktop/StockBots/LumoTrade/ml-backend/src/api/prediction.py", line 12, in <module>
    from src.core.inference.engine import PanelPredictionEngine
  File "/Users/seanazulay/Desktop/StockBots/LumoTrade/ml-backend/src/core/inference/engine.py", line 15, in <module>
    from src.core.features import (
ImportError: cannot import name 'build_technical_features' from 'src.core.features' (/Users/seanazulay/Desktop/StockBots/LumoTrade/ml-backend/src/core/features/__init__.py)
WARNING:  WatchFiles detected changes in 'populate_instantdb.py'. Reloading...
WARNING:  WatchFiles detected changes in 'populate_instantdb.py'. Reloading...
WARNING:  WatchFiles detected changes in 'populate_instantdb.py'. Reloading...
Process SpawnProcess-175:
Traceback (most recent call last):
  File "/Users/seanazulay/.pyenv/versions/3.10.0/lib/python3.10/multiprocessing/process.py", line 315, in _bootstrap
    self.run()
  File "/Users/seanazulay/.pyenv/versions/3.10.0/lib/python3.10/multiprocessing/process.py", line 108, in run
    self._target(*self._args, **self._kwargs)
  File "/Users/seanazulay/.pyenv/versions/3.10.0/lib/python3.10/site-packages/uvicorn/_subprocess.py", line 78, in subprocess_started
    target(sockets=sockets)
  File "/Users/seanazulay/.pyenv/versions/3.10.0/lib/python3.10/site-packages/uvicorn/server.py", line 62, in run
    return asyncio.run(self.serve(sockets=sockets))
  File "/Users/seanazulay/.pyenv/versions/3.10.0/lib/python3.10/asyncio/runners.py", line 44, in run
    return loop.run_until_complete(main)
  File "uvloop/loop.pyx", line 1518, in uvloop.loop.Loop.run_until_complete
  File "/Users/seanazulay/.pyenv/versions/3.10.0/lib/python3.10/site-packages/uvicorn/server.py", line 69, in serve
    config.load()
  File "/Users/seanazulay/.pyenv/versions/3.10.0/lib/python3.10/site-packages/uvicorn/config.py", line 458, in load
    self.loaded_app = import_from_string(self.app)
  File "/Users/seanazulay/.pyenv/versions/3.10.0/lib/python3.10/site-packages/uvicorn/importer.py", line 21, in import_from_string
    module = importlib.import_module(module_str)
  File "/Users/seanazulay/.pyenv/versions/3.10.0/lib/python3.10/importlib/__init__.py", line 126, in import_module
    return _bootstrap._gcd_import(name[level:], package, level)
  File "<frozen importlib._bootstrap>", line 1050, in _gcd_import
  File "<frozen importlib._bootstrap>", line 1027, in _find_and_load
  File "<frozen importlib._bootstrap>", line 1006, in _find_and_load_unlocked
  File "<frozen importlib._bootstrap>", line 688, in _load_unlocked
  File "<frozen importlib._bootstrap_external>", line 883, in exec_module
  File "<frozen importlib._bootstrap>", line 241, in _call_with_frames_removed
  File "/Users/seanazulay/Desktop/StockBots/LumoTrade/ml-backend/app.py", line 16, in <module>
    from src.api import health, prediction, backtest, models_info, training_ultimate
  File "/Users/seanazulay/Desktop/StockBots/LumoTrade/ml-backend/src/api/prediction.py", line 12, in <module>
    from src.core.inference.engine import PanelPredictionEngine
  File "/Users/seanazulay/Desktop/StockBots/LumoTrade/ml-backend/src/core/inference/engine.py", line 15, in <module>
    from src.core.features import (
ImportError: cannot import name 'build_technical_features' from 'src.core.features' (/Users/seanazulay/Desktop/StockBots/LumoTrade/ml-backend/src/core/features/__init__.py)
WARNING:  WatchFiles detected changes in 'test_instantdb_raw.py'. Reloading...
Process SpawnProcess-176:
Traceback (most recent call last):
  File "/Users/seanazulay/.pyenv/versions/3.10.0/lib/python3.10/multiprocessing/process.py", line 315, in _bootstrap
    self.run()
  File "/Users/seanazulay/.pyenv/versions/3.10.0/lib/python3.10/multiprocessing/process.py", line 108, in run
    self._target(*self._args, **self._kwargs)
  File "/Users/seanazulay/.pyenv/versions/3.10.0/lib/python3.10/site-packages/uvicorn/_subprocess.py", line 78, in subprocess_started
    target(sockets=sockets)
  File "/Users/seanazulay/.pyenv/versions/3.10.0/lib/python3.10/site-packages/uvicorn/server.py", line 62, in run
    return asyncio.run(self.serve(sockets=sockets))
  File "/Users/seanazulay/.pyenv/versions/3.10.0/lib/python3.10/asyncio/runners.py", line 44, in run
    return loop.run_until_complete(main)
  File "uvloop/loop.pyx", line 1518, in uvloop.loop.Loop.run_until_complete
  File "/Users/seanazulay/.pyenv/versions/3.10.0/lib/python3.10/site-packages/uvicorn/server.py", line 69, in serve
    config.load()
  File "/Users/seanazulay/.pyenv/versions/3.10.0/lib/python3.10/site-packages/uvicorn/config.py", line 458, in load
    self.loaded_app = import_from_string(self.app)
  File "/Users/seanazulay/.pyenv/versions/3.10.0/lib/python3.10/site-packages/uvicorn/importer.py", line 21, in import_from_string
    module = importlib.import_module(module_str)
  File "/Users/seanazulay/.pyenv/versions/3.10.0/lib/python3.10/importlib/__init__.py", line 126, in import_module
    return _bootstrap._gcd_import(name[level:], package, level)
  File "<frozen importlib._bootstrap>", line 1050, in _gcd_import
  File "<frozen importlib._bootstrap>", line 1027, in _find_and_load
  File "<frozen importlib._bootstrap>", line 1006, in _find_and_load_unlocked
  File "<frozen importlib._bootstrap>", line 688, in _load_unlocked
  File "<frozen importlib._bootstrap_external>", line 883, in exec_module
  File "<frozen importlib._bootstrap>", line 241, in _call_with_frames_removed
  File "/Users/seanazulay/Desktop/StockBots/LumoTrade/ml-backend/app.py", line 16, in <module>
    from src.api import health, prediction, backtest, models_info, training_ultimate
  File "/Users/seanazulay/Desktop/StockBots/LumoTrade/ml-backend/src/api/prediction.py", line 12, in <module>
    from src.core.inference.engine import PanelPredictionEngine
  File "/Users/seanazulay/Desktop/StockBots/LumoTrade/ml-backend/src/core/inference/engine.py", line 15, in <module>
    from src.core.features import (
ImportError: cannot import name 'build_technical_features' from 'src.core.features' (/Users/seanazulay/Desktop/StockBots/LumoTrade/ml-backend/src/core/features/__init__.py)
WARNING:  WatchFiles detected changes in 'test_instantdb.py'. Reloading...
WARNING:  WatchFiles detected changes in 'populate_instantdb.py'. Reloading...
Process SpawnProcess-178:
Traceback (most recent call last):
  File "/Users/seanazulay/.pyenv/versions/3.10.0/lib/python3.10/multiprocessing/process.py", line 315, in _bootstrap
    self.run()
  File "/Users/seanazulay/.pyenv/versions/3.10.0/lib/python3.10/multiprocessing/process.py", line 108, in run
    self._target(*self._args, **self._kwargs)
  File "/Users/seanazulay/.pyenv/versions/3.10.0/lib/python3.10/site-packages/uvicorn/_subprocess.py", line 78, in subprocess_started
    target(sockets=sockets)
  File "/Users/seanazulay/.pyenv/versions/3.10.0/lib/python3.10/site-packages/uvicorn/server.py", line 62, in run
    return asyncio.run(self.serve(sockets=sockets))
  File "/Users/seanazulay/.pyenv/versions/3.10.0/lib/python3.10/asyncio/runners.py", line 44, in run
    return loop.run_until_complete(main)
  File "uvloop/loop.pyx", line 1518, in uvloop.loop.Loop.run_until_complete
  File "/Users/seanazulay/.pyenv/versions/3.10.0/lib/python3.10/site-packages/uvicorn/server.py", line 69, in serve
    config.load()
  File "/Users/seanazulay/.pyenv/versions/3.10.0/lib/python3.10/site-packages/uvicorn/config.py", line 458, in load
    self.loaded_app = import_from_string(self.app)
  File "/Users/seanazulay/.pyenv/versions/3.10.0/lib/python3.10/site-packages/uvicorn/importer.py", line 21, in import_from_string
    module = importlib.import_module(module_str)
  File "/Users/seanazulay/.pyenv/versions/3.10.0/lib/python3.10/importlib/__init__.py", line 126, in import_module
    return _bootstrap._gcd_import(name[level:], package, level)
  File "<frozen importlib._bootstrap>", line 1050, in _gcd_import
  File "<frozen importlib._bootstrap>", line 1027, in _find_and_load
  File "<frozen importlib._bootstrap>", line 1006, in _find_and_load_unlocked
  File "<frozen importlib._bootstrap>", line 688, in _load_unlocked
  File "<frozen importlib._bootstrap_external>", line 883, in exec_module
  File "<frozen importlib._bootstrap>", line 241, in _call_with_frames_removed
  File "/Users/seanazulay/Desktop/StockBots/LumoTrade/ml-backend/app.py", line 16, in <module>
    from src.api import health, prediction, backtest, models_info, training_ultimate
  File "/Users/seanazulay/Desktop/StockBots/LumoTrade/ml-backend/src/api/prediction.py", line 12, in <module>
    from src.core.inference.engine import PanelPredictionEngine
  File "/Users/seanazulay/Desktop/StockBots/LumoTrade/ml-backend/src/core/inference/engine.py", line 15, in <module>
    from src.core.features import (
ImportError: cannot import name 'build_technical_features' from 'src.core.features' (/Users/seanazulay/Desktop/StockBots/LumoTrade/ml-backend/src/core/features/__init__.py)
WARNING:  WatchFiles detected changes in 'train_model.py', 'src/database/instantdb.py'. Reloading...
Process SpawnProcess-179:
Traceback (most recent call last):
  File "/Users/seanazulay/.pyenv/versions/3.10.0/lib/python3.10/multiprocessing/process.py", line 315, in _bootstrap
    self.run()
  File "/Users/seanazulay/.pyenv/versions/3.10.0/lib/python3.10/multiprocessing/process.py", line 108, in run
    self._target(*self._args, **self._kwargs)
  File "/Users/seanazulay/.pyenv/versions/3.10.0/lib/python3.10/site-packages/uvicorn/_subprocess.py", line 78, in subprocess_started
    target(sockets=sockets)
  File "/Users/seanazulay/.pyenv/versions/3.10.0/lib/python3.10/site-packages/uvicorn/server.py", line 62, in run
    return asyncio.run(self.serve(sockets=sockets))
  File "/Users/seanazulay/.pyenv/versions/3.10.0/lib/python3.10/asyncio/runners.py", line 44, in run
    return loop.run_until_complete(main)
  File "uvloop/loop.pyx", line 1518, in uvloop.loop.Loop.run_until_complete
  File "/Users/seanazulay/.pyenv/versions/3.10.0/lib/python3.10/site-packages/uvicorn/server.py", line 69, in serve
    config.load()
  File "/Users/seanazulay/.pyenv/versions/3.10.0/lib/python3.10/site-packages/uvicorn/config.py", line 458, in load
    self.loaded_app = import_from_string(self.app)
  File "/Users/seanazulay/.pyenv/versions/3.10.0/lib/python3.10/site-packages/uvicorn/importer.py", line 21, in import_from_string
    module = importlib.import_module(module_str)
  File "/Users/seanazulay/.pyenv/versions/3.10.0/lib/python3.10/importlib/__init__.py", line 126, in import_module
    return _bootstrap._gcd_import(name[level:], package, level)
  File "<frozen importlib._bootstrap>", line 1050, in _gcd_import
  File "<frozen importlib._bootstrap>", line 1027, in _find_and_load
  File "<frozen importlib._bootstrap>", line 1006, in _find_and_load_unlocked
  File "<frozen importlib._bootstrap>", line 688, in _load_unlocked
  File "<frozen importlib._bootstrap_external>", line 883, in exec_module
  File "<frozen importlib._bootstrap>", line 241, in _call_with_frames_removed
  File "/Users/seanazulay/Desktop/StockBots/LumoTrade/ml-backend/app.py", line 16, in <module>
    from src.api import health, prediction, backtest, models_info, training_ultimate
  File "/Users/seanazulay/Desktop/StockBots/LumoTrade/ml-backend/src/api/prediction.py", line 12, in <module>
    from src.core.inference.engine import PanelPredictionEngine
  File "/Users/seanazulay/Desktop/StockBots/LumoTrade/ml-backend/src/core/inference/engine.py", line 15, in <module>
    from src.core.features import (
ImportError: cannot import name 'build_technical_features' from 'src.core.features' (/Users/seanazulay/Desktop/StockBots/LumoTrade/ml-backend/src/core/features/__init__.py)
WARNING:  WatchFiles detected changes in 'test_instantdb_roundtrip.py'. Reloading...
WARNING:  WatchFiles detected changes in 'test_instantdb_roundtrip.py'. Reloading...
Process SpawnProcess-181:
Traceback (most recent call last):
  File "/Users/seanazulay/.pyenv/versions/3.10.0/lib/python3.10/multiprocessing/process.py", line 315, in _bootstrap
    self.run()
  File "/Users/seanazulay/.pyenv/versions/3.10.0/lib/python3.10/multiprocessing/process.py", line 108, in run
    self._target(*self._args, **self._kwargs)
  File "/Users/seanazulay/.pyenv/versions/3.10.0/lib/python3.10/site-packages/uvicorn/_subprocess.py", line 78, in subprocess_started
    target(sockets=sockets)
  File "/Users/seanazulay/.pyenv/versions/3.10.0/lib/python3.10/site-packages/uvicorn/server.py", line 62, in run
    return asyncio.run(self.serve(sockets=sockets))
  File "/Users/seanazulay/.pyenv/versions/3.10.0/lib/python3.10/asyncio/runners.py", line 44, in run
    return loop.run_until_complete(main)
  File "uvloop/loop.pyx", line 1518, in uvloop.loop.Loop.run_until_complete
  File "/Users/seanazulay/.pyenv/versions/3.10.0/lib/python3.10/site-packages/uvicorn/server.py", line 69, in serve
    config.load()
  File "/Users/seanazulay/.pyenv/versions/3.10.0/lib/python3.10/site-packages/uvicorn/config.py", line 458, in load
    self.loaded_app = import_from_string(self.app)
  File "/Users/seanazulay/.pyenv/versions/3.10.0/lib/python3.10/site-packages/uvicorn/importer.py", line 21, in import_from_string
    module = importlib.import_module(module_str)
  File "/Users/seanazulay/.pyenv/versions/3.10.0/lib/python3.10/importlib/__init__.py", line 126, in import_module
    return _bootstrap._gcd_import(name[level:], package, level)
  File "<frozen importlib._bootstrap>", line 1050, in _gcd_import
  File "<frozen importlib._bootstrap>", line 1027, in _find_and_load
  File "<frozen importlib._bootstrap>", line 1006, in _find_and_load_unlocked
  File "<frozen importlib._bootstrap>", line 688, in _load_unlocked
  File "<frozen importlib._bootstrap_external>", line 883, in exec_module
  File "<frozen importlib._bootstrap>", line 241, in _call_with_frames_removed
  File "/Users/seanazulay/Desktop/StockBots/LumoTrade/ml-backend/app.py", line 16, in <module>
    from src.api import health, prediction, backtest, models_info, training_ultimate
  File "/Users/seanazulay/Desktop/StockBots/LumoTrade/ml-backend/src/api/prediction.py", line 12, in <module>
    from src.core.inference.engine import PanelPredictionEngine
  File "/Users/seanazulay/Desktop/StockBots/LumoTrade/ml-backend/src/core/inference/engine.py", line 15, in <module>
    from src.core.features import (
ImportError: cannot import name 'build_technical_features' from 'src.core.features' (/Users/seanazulay/Desktop/StockBots/LumoTrade/ml-backend/src/core/features/__init__.py)
WARNING:  WatchFiles detected changes in 'debug_instantdb_api.py'. Reloading...
WARNING:  WatchFiles detected changes in 'debug_instantdb_api.py'. Reloading...
Process SpawnProcess-183:
Traceback (most recent call last):
  File "/Users/seanazulay/.pyenv/versions/3.10.0/lib/python3.10/multiprocessing/process.py", line 315, in _bootstrap
    self.run()
  File "/Users/seanazulay/.pyenv/versions/3.10.0/lib/python3.10/multiprocessing/process.py", line 108, in run
    self._target(*self._args, **self._kwargs)
  File "/Users/seanazulay/.pyenv/versions/3.10.0/lib/python3.10/site-packages/uvicorn/_subprocess.py", line 78, in subprocess_started
    target(sockets=sockets)
  File "/Users/seanazulay/.pyenv/versions/3.10.0/lib/python3.10/site-packages/uvicorn/server.py", line 62, in run
    return asyncio.run(self.serve(sockets=sockets))
  File "/Users/seanazulay/.pyenv/versions/3.10.0/lib/python3.10/asyncio/runners.py", line 44, in run
    return loop.run_until_complete(main)
  File "uvloop/loop.pyx", line 1518, in uvloop.loop.Loop.run_until_complete
  File "/Users/seanazulay/.pyenv/versions/3.10.0/lib/python3.10/site-packages/uvicorn/server.py", line 69, in serve
    config.load()
  File "/Users/seanazulay/.pyenv/versions/3.10.0/lib/python3.10/site-packages/uvicorn/config.py", line 458, in load
    self.loaded_app = import_from_string(self.app)
  File "/Users/seanazulay/.pyenv/versions/3.10.0/lib/python3.10/site-packages/uvicorn/importer.py", line 21, in import_from_string
    module = importlib.import_module(module_str)
  File "/Users/seanazulay/.pyenv/versions/3.10.0/lib/python3.10/importlib/__init__.py", line 126, in import_module
    return _bootstrap._gcd_import(name[level:], package, level)
  File "<frozen importlib._bootstrap>", line 1050, in _gcd_import
  File "<frozen importlib._bootstrap>", line 1027, in _find_and_load
  File "<frozen importlib._bootstrap>", line 1006, in _find_and_load_unlocked
  File "<frozen importlib._bootstrap>", line 688, in _load_unlocked
  File "<frozen importlib._bootstrap_external>", line 883, in exec_module
  File "<frozen importlib._bootstrap>", line 241, in _call_with_frames_removed
  File "/Users/seanazulay/Desktop/StockBots/LumoTrade/ml-backend/app.py", line 16, in <module>
    from src.api import health, prediction, backtest, models_info, training_ultimate
  File "/Users/seanazulay/Desktop/StockBots/LumoTrade/ml-backend/src/api/prediction.py", line 12, in <module>
    from src.core.inference.engine import PanelPredictionEngine
  File "/Users/seanazulay/Desktop/StockBots/LumoTrade/ml-backend/src/core/inference/engine.py", line 15, in <module>
    from src.core.features import (
ImportError: cannot import name 'build_technical_features' from 'src.core.features' (/Users/seanazulay/Desktop/StockBots/LumoTrade/ml-backend/src/core/features/__init__.py)
WARNING:  WatchFiles detected changes in 'test_instantdb_sdk.py'. Reloading...
WARNING:  WatchFiles detected changes in 'test_instantdb_sdk.py'. Reloading...
WARNING:  WatchFiles detected changes in 'test_instantdb_sdk.py'. Reloading...
Process SpawnProcess-186:
Traceback (most recent call last):
  File "/Users/seanazulay/.pyenv/versions/3.10.0/lib/python3.10/multiprocessing/process.py", line 315, in _bootstrap
    self.run()
  File "/Users/seanazulay/.pyenv/versions/3.10.0/lib/python3.10/multiprocessing/process.py", line 108, in run
    self._target(*self._args, **self._kwargs)
  File "/Users/seanazulay/.pyenv/versions/3.10.0/lib/python3.10/site-packages/uvicorn/_subprocess.py", line 78, in subprocess_started
    target(sockets=sockets)
  File "/Users/seanazulay/.pyenv/versions/3.10.0/lib/python3.10/site-packages/uvicorn/server.py", line 62, in run
    return asyncio.run(self.serve(sockets=sockets))
  File "/Users/seanazulay/.pyenv/versions/3.10.0/lib/python3.10/asyncio/runners.py", line 44, in run
    return loop.run_until_complete(main)
  File "uvloop/loop.pyx", line 1518, in uvloop.loop.Loop.run_until_complete
  File "/Users/seanazulay/.pyenv/versions/3.10.0/lib/python3.10/site-packages/uvicorn/server.py", line 69, in serve
    config.load()
  File "/Users/seanazulay/.pyenv/versions/3.10.0/lib/python3.10/site-packages/uvicorn/config.py", line 458, in load
    self.loaded_app = import_from_string(self.app)
  File "/Users/seanazulay/.pyenv/versions/3.10.0/lib/python3.10/site-packages/uvicorn/importer.py", line 21, in import_from_string
    module = importlib.import_module(module_str)
  File "/Users/seanazulay/.pyenv/versions/3.10.0/lib/python3.10/importlib/__init__.py", line 126, in import_module
    return _bootstrap._gcd_import(name[level:], package, level)
  File "<frozen importlib._bootstrap>", line 1050, in _gcd_import
  File "<frozen importlib._bootstrap>", line 1027, in _find_and_load
  File "<frozen importlib._bootstrap>", line 1006, in _find_and_load_unlocked
  File "<frozen importlib._bootstrap>", line 688, in _load_unlocked
  File "<frozen importlib._bootstrap_external>", line 883, in exec_module
  File "<frozen importlib._bootstrap>", line 241, in _call_with_frames_removed
  File "/Users/seanazulay/Desktop/StockBots/LumoTrade/ml-backend/app.py", line 16, in <module>
    from src.api import health, prediction, backtest, models_info, training_ultimate
  File "/Users/seanazulay/Desktop/StockBots/LumoTrade/ml-backend/src/api/prediction.py", line 12, in <module>
    from src.core.inference.engine import PanelPredictionEngine
  File "/Users/seanazulay/Desktop/StockBots/LumoTrade/ml-backend/src/core/inference/engine.py", line 15, in <module>
    from src.core.features import (
ImportError: cannot import name 'build_technical_features' from 'src.core.features' (/Users/seanazulay/Desktop/StockBots/LumoTrade/ml-backend/src/core/features/__init__.py)
WARNING:  WatchFiles detected changes in 'test_instantdb_roundtrip.py'. Reloading...
WARNING:  WatchFiles detected changes in 'debug_instantdb_api.py'. Reloading...
WARNING:  WatchFiles detected changes in 'test_instantdb_sdk.py'. Reloading...
Process SpawnProcess-189:
Traceback (most recent call last):
  File "/Users/seanazulay/.pyenv/versions/3.10.0/lib/python3.10/multiprocessing/process.py", line 315, in _bootstrap
    self.run()
  File "/Users/seanazulay/.pyenv/versions/3.10.0/lib/python3.10/multiprocessing/process.py", line 108, in run
    self._target(*self._args, **self._kwargs)
  File "/Users/seanazulay/.pyenv/versions/3.10.0/lib/python3.10/site-packages/uvicorn/_subprocess.py", line 78, in subprocess_started
    target(sockets=sockets)
  File "/Users/seanazulay/.pyenv/versions/3.10.0/lib/python3.10/site-packages/uvicorn/server.py", line 62, in run
    return asyncio.run(self.serve(sockets=sockets))
  File "/Users/seanazulay/.pyenv/versions/3.10.0/lib/python3.10/asyncio/runners.py", line 44, in run
    return loop.run_until_complete(main)
  File "uvloop/loop.pyx", line 1518, in uvloop.loop.Loop.run_until_complete
  File "/Users/seanazulay/.pyenv/versions/3.10.0/lib/python3.10/site-packages/uvicorn/server.py", line 69, in serve
    config.load()
  File "/Users/seanazulay/.pyenv/versions/3.10.0/lib/python3.10/site-packages/uvicorn/config.py", line 458, in load
    self.loaded_app = import_from_string(self.app)
  File "/Users/seanazulay/.pyenv/versions/3.10.0/lib/python3.10/site-packages/uvicorn/importer.py", line 21, in import_from_string
    module = importlib.import_module(module_str)
  File "/Users/seanazulay/.pyenv/versions/3.10.0/lib/python3.10/importlib/__init__.py", line 126, in import_module
    return _bootstrap._gcd_import(name[level:], package, level)
  File "<frozen importlib._bootstrap>", line 1050, in _gcd_import
  File "<frozen importlib._bootstrap>", line 1027, in _find_and_load
  File "<frozen importlib._bootstrap>", line 1006, in _find_and_load_unlocked
  File "<frozen importlib._bootstrap>", line 688, in _load_unlocked
  File "<frozen importlib._bootstrap_external>", line 883, in exec_module
  File "<frozen importlib._bootstrap>", line 241, in _call_with_frames_removed
  File "/Users/seanazulay/Desktop/StockBots/LumoTrade/ml-backend/app.py", line 16, in <module>
    from src.api import health, prediction, backtest, models_info, training_ultimate
  File "/Users/seanazulay/Desktop/StockBots/LumoTrade/ml-backend/src/api/prediction.py", line 12, in <module>
    from src.core.inference.engine import PanelPredictionEngine
  File "/Users/seanazulay/Desktop/StockBots/LumoTrade/ml-backend/src/core/inference/engine.py", line 15, in <module>
    from src.core.features import (
ImportError: cannot import name 'build_technical_features' from 'src.core.features' (/Users/seanazulay/Desktop/StockBots/LumoTrade/ml-backend/src/core/features/__init__.py)
WARNING:  WatchFiles detected changes in 'verify_instantdb_save.py'. Reloading...
WARNING:  WatchFiles detected changes in 'verify_instantdb_save.py'. Reloading...
Process SpawnProcess-191:
Traceback (most recent call last):
  File "/Users/seanazulay/.pyenv/versions/3.10.0/lib/python3.10/multiprocessing/process.py", line 315, in _bootstrap
    self.run()
  File "/Users/seanazulay/.pyenv/versions/3.10.0/lib/python3.10/multiprocessing/process.py", line 108, in run
    self._target(*self._args, **self._kwargs)
  File "/Users/seanazulay/.pyenv/versions/3.10.0/lib/python3.10/site-packages/uvicorn/_subprocess.py", line 78, in subprocess_started
    target(sockets=sockets)
  File "/Users/seanazulay/.pyenv/versions/3.10.0/lib/python3.10/site-packages/uvicorn/server.py", line 62, in run
    return asyncio.run(self.serve(sockets=sockets))
  File "/Users/seanazulay/.pyenv/versions/3.10.0/lib/python3.10/asyncio/runners.py", line 44, in run
    return loop.run_until_complete(main)
  File "uvloop/loop.pyx", line 1518, in uvloop.loop.Loop.run_until_complete
  File "/Users/seanazulay/.pyenv/versions/3.10.0/lib/python3.10/site-packages/uvicorn/server.py", line 69, in serve
    config.load()
  File "/Users/seanazulay/.pyenv/versions/3.10.0/lib/python3.10/site-packages/uvicorn/config.py", line 458, in load
    self.loaded_app = import_from_string(self.app)
  File "/Users/seanazulay/.pyenv/versions/3.10.0/lib/python3.10/site-packages/uvicorn/importer.py", line 21, in import_from_string
    module = importlib.import_module(module_str)
  File "/Users/seanazulay/.pyenv/versions/3.10.0/lib/python3.10/importlib/__init__.py", line 126, in import_module
    return _bootstrap._gcd_import(name[level:], package, level)
  File "<frozen importlib._bootstrap>", line 1050, in _gcd_import
  File "<frozen importlib._bootstrap>", line 1027, in _find_and_load
  File "<frozen importlib._bootstrap>", line 1006, in _find_and_load_unlocked
  File "<frozen importlib._bootstrap>", line 688, in _load_unlocked
  File "<frozen importlib._bootstrap_external>", line 883, in exec_module
  File "<frozen importlib._bootstrap>", line 241, in _call_with_frames_removed
  File "/Users/seanazulay/Desktop/StockBots/LumoTrade/ml-backend/app.py", line 16, in <module>
    from src.api import health, prediction, backtest, models_info, training_ultimate
  File "/Users/seanazulay/Desktop/StockBots/LumoTrade/ml-backend/src/api/prediction.py", line 12, in <module>
    from src.core.inference.engine import PanelPredictionEngine
  File "/Users/seanazulay/Desktop/StockBots/LumoTrade/ml-backend/src/core/inference/engine.py", line 15, in <module>
    from src.core.features import (
ImportError: cannot import name 'build_technical_features' from 'src.core.features' (/Users/seanazulay/Desktop/StockBots/LumoTrade/ml-backend/src/core/features/__init__.py)
WARNING:  WatchFiles detected changes in 'verify_instantdb_save.py'. Reloading...
Process SpawnProcess-192:
Traceback (most recent call last):
  File "/Users/seanazulay/.pyenv/versions/3.10.0/lib/python3.10/multiprocessing/process.py", line 315, in _bootstrap
    self.run()
  File "/Users/seanazulay/.pyenv/versions/3.10.0/lib/python3.10/multiprocessing/process.py", line 108, in run
    self._target(*self._args, **self._kwargs)
  File "/Users/seanazulay/.pyenv/versions/3.10.0/lib/python3.10/site-packages/uvicorn/_subprocess.py", line 78, in subprocess_started
    target(sockets=sockets)
  File "/Users/seanazulay/.pyenv/versions/3.10.0/lib/python3.10/site-packages/uvicorn/server.py", line 62, in run
    return asyncio.run(self.serve(sockets=sockets))
  File "/Users/seanazulay/.pyenv/versions/3.10.0/lib/python3.10/asyncio/runners.py", line 44, in run
    return loop.run_until_complete(main)
  File "uvloop/loop.pyx", line 1518, in uvloop.loop.Loop.run_until_complete
  File "/Users/seanazulay/.pyenv/versions/3.10.0/lib/python3.10/site-packages/uvicorn/server.py", line 69, in serve
    config.load()
  File "/Users/seanazulay/.pyenv/versions/3.10.0/lib/python3.10/site-packages/uvicorn/config.py", line 458, in load
    self.loaded_app = import_from_string(self.app)
  File "/Users/seanazulay/.pyenv/versions/3.10.0/lib/python3.10/site-packages/uvicorn/importer.py", line 21, in import_from_string
    module = importlib.import_module(module_str)
  File "/Users/seanazulay/.pyenv/versions/3.10.0/lib/python3.10/importlib/__init__.py", line 126, in import_module
    return _bootstrap._gcd_import(name[level:], package, level)
  File "<frozen importlib._bootstrap>", line 1050, in _gcd_import
  File "<frozen importlib._bootstrap>", line 1027, in _find_and_load
  File "<frozen importlib._bootstrap>", line 1006, in _find_and_load_unlocked
  File "<frozen importlib._bootstrap>", line 688, in _load_unlocked
  File "<frozen importlib._bootstrap_external>", line 883, in exec_module
  File "<frozen importlib._bootstrap>", line 241, in _call_with_frames_removed
  File "/Users/seanazulay/Desktop/StockBots/LumoTrade/ml-backend/app.py", line 16, in <module>
    from src.api import health, prediction, backtest, models_info, training_ultimate
  File "/Users/seanazulay/Desktop/StockBots/LumoTrade/ml-backend/src/api/prediction.py", line 12, in <module>
    from src.core.inference.engine import PanelPredictionEngine
  File "/Users/seanazulay/Desktop/StockBots/LumoTrade/ml-backend/src/core/inference/engine.py", line 15, in <module>
    from src.core.features import (
ImportError: cannot import name 'build_technical_features' from 'src.core.features' (/Users/seanazulay/Desktop/StockBots/LumoTrade/ml-backend/src/core/features/__init__.py)
WARNING:  WatchFiles detected changes in 'verify_instantdb_save.py'. Reloading...
Process SpawnProcess-193:
Traceback (most recent call last):
  File "/Users/seanazulay/.pyenv/versions/3.10.0/lib/python3.10/multiprocessing/process.py", line 315, in _bootstrap
    self.run()
  File "/Users/seanazulay/.pyenv/versions/3.10.0/lib/python3.10/multiprocessing/process.py", line 108, in run
    self._target(*self._args, **self._kwargs)
  File "/Users/seanazulay/.pyenv/versions/3.10.0/lib/python3.10/site-packages/uvicorn/_subprocess.py", line 78, in subprocess_started
    target(sockets=sockets)
  File "/Users/seanazulay/.pyenv/versions/3.10.0/lib/python3.10/site-packages/uvicorn/server.py", line 62, in run
    return asyncio.run(self.serve(sockets=sockets))
  File "/Users/seanazulay/.pyenv/versions/3.10.0/lib/python3.10/asyncio/runners.py", line 44, in run
    return loop.run_until_complete(main)
  File "uvloop/loop.pyx", line 1518, in uvloop.loop.Loop.run_until_complete
  File "/Users/seanazulay/.pyenv/versions/3.10.0/lib/python3.10/site-packages/uvicorn/server.py", line 69, in serve
    config.load()
  File "/Users/seanazulay/.pyenv/versions/3.10.0/lib/python3.10/site-packages/uvicorn/config.py", line 458, in load
    self.loaded_app = import_from_string(self.app)
  File "/Users/seanazulay/.pyenv/versions/3.10.0/lib/python3.10/site-packages/uvicorn/importer.py", line 21, in import_from_string
    module = importlib.import_module(module_str)
  File "/Users/seanazulay/.pyenv/versions/3.10.0/lib/python3.10/importlib/__init__.py", line 126, in import_module
    return _bootstrap._gcd_import(name[level:], package, level)
  File "<frozen importlib._bootstrap>", line 1050, in _gcd_import
  File "<frozen importlib._bootstrap>", line 1027, in _find_and_load
  File "<frozen importlib._bootstrap>", line 1006, in _find_and_load_unlocked
  File "<frozen importlib._bootstrap>", line 688, in _load_unlocked
  File "<frozen importlib._bootstrap_external>", line 883, in exec_module
  File "<frozen importlib._bootstrap>", line 241, in _call_with_frames_removed
  File "/Users/seanazulay/Desktop/StockBots/LumoTrade/ml-backend/app.py", line 16, in <module>
    from src.api import health, prediction, backtest, models_info, training_ultimate
  File "/Users/seanazulay/Desktop/StockBots/LumoTrade/ml-backend/src/api/prediction.py", line 12, in <module>
    from src.core.inference.engine import PanelPredictionEngine
  File "/Users/seanazulay/Desktop/StockBots/LumoTrade/ml-backend/src/core/inference/engine.py", line 15, in <module>
    from src.core.features import (
ImportError: cannot import name 'build_technical_features' from 'src.core.features' (/Users/seanazulay/Desktop/StockBots/LumoTrade/ml-backend/src/core/features/__init__.py)
WARNING:  WatchFiles detected changes in 'src/database/supabase_client.py'. Reloading...
WARNING:  WatchFiles detected changes in 'src/database/supabase_client.py'. Reloading...
WARNING:  WatchFiles detected changes in 'src/database/supabase_client.py'. Reloading...
Process SpawnProcess-196:
Traceback (most recent call last):
  File "/Users/seanazulay/.pyenv/versions/3.10.0/lib/python3.10/multiprocessing/process.py", line 315, in _bootstrap
    self.run()
  File "/Users/seanazulay/.pyenv/versions/3.10.0/lib/python3.10/multiprocessing/process.py", line 108, in run
    self._target(*self._args, **self._kwargs)
  File "/Users/seanazulay/.pyenv/versions/3.10.0/lib/python3.10/site-packages/uvicorn/_subprocess.py", line 78, in subprocess_started
    target(sockets=sockets)
  File "/Users/seanazulay/.pyenv/versions/3.10.0/lib/python3.10/site-packages/uvicorn/server.py", line 62, in run
    return asyncio.run(self.serve(sockets=sockets))
  File "/Users/seanazulay/.pyenv/versions/3.10.0/lib/python3.10/asyncio/runners.py", line 44, in run
    return loop.run_until_complete(main)
  File "uvloop/loop.pyx", line 1518, in uvloop.loop.Loop.run_until_complete
  File "/Users/seanazulay/.pyenv/versions/3.10.0/lib/python3.10/site-packages/uvicorn/server.py", line 69, in serve
    config.load()
  File "/Users/seanazulay/.pyenv/versions/3.10.0/lib/python3.10/site-packages/uvicorn/config.py", line 458, in load
    self.loaded_app = import_from_string(self.app)
  File "/Users/seanazulay/.pyenv/versions/3.10.0/lib/python3.10/site-packages/uvicorn/importer.py", line 21, in import_from_string
    module = importlib.import_module(module_str)
  File "/Users/seanazulay/.pyenv/versions/3.10.0/lib/python3.10/importlib/__init__.py", line 126, in import_module
    return _bootstrap._gcd_import(name[level:], package, level)
  File "<frozen importlib._bootstrap>", line 1050, in _gcd_import
  File "<frozen importlib._bootstrap>", line 1027, in _find_and_load
  File "<frozen importlib._bootstrap>", line 1006, in _find_and_load_unlocked
  File "<frozen importlib._bootstrap>", line 688, in _load_unlocked
  File "<frozen importlib._bootstrap_external>", line 883, in exec_module
  File "<frozen importlib._bootstrap>", line 241, in _call_with_frames_removed
  File "/Users/seanazulay/Desktop/StockBots/LumoTrade/ml-backend/app.py", line 16, in <module>
    from src.api import health, prediction, backtest, models_info, training_ultimate
  File "/Users/seanazulay/Desktop/StockBots/LumoTrade/ml-backend/src/api/prediction.py", line 12, in <module>
    from src.core.inference.engine import PanelPredictionEngine
  File "/Users/seanazulay/Desktop/StockBots/LumoTrade/ml-backend/src/core/inference/engine.py", line 15, in <module>
    from src.core.features import (
ImportError: cannot import name 'build_technical_features' from 'src.core.features' (/Users/seanazulay/Desktop/StockBots/LumoTrade/ml-backend/src/core/features/__init__.py)
WARNING:  WatchFiles detected changes in 'test_supabase.py'. Reloading...
WARNING:  WatchFiles detected changes in 'test_supabase.py'. Reloading...
Process SpawnProcess-198:
Traceback (most recent call last):
  File "/Users/seanazulay/.pyenv/versions/3.10.0/lib/python3.10/multiprocessing/process.py", line 315, in _bootstrap
    self.run()
  File "/Users/seanazulay/.pyenv/versions/3.10.0/lib/python3.10/multiprocessing/process.py", line 108, in run
    self._target(*self._args, **self._kwargs)
  File "/Users/seanazulay/.pyenv/versions/3.10.0/lib/python3.10/site-packages/uvicorn/_subprocess.py", line 78, in subprocess_started
    target(sockets=sockets)
  File "/Users/seanazulay/.pyenv/versions/3.10.0/lib/python3.10/site-packages/uvicorn/server.py", line 62, in run
    return asyncio.run(self.serve(sockets=sockets))
  File "/Users/seanazulay/.pyenv/versions/3.10.0/lib/python3.10/asyncio/runners.py", line 44, in run
    return loop.run_until_complete(main)
  File "uvloop/loop.pyx", line 1518, in uvloop.loop.Loop.run_until_complete
  File "/Users/seanazulay/.pyenv/versions/3.10.0/lib/python3.10/site-packages/uvicorn/server.py", line 69, in serve
    config.load()
  File "/Users/seanazulay/.pyenv/versions/3.10.0/lib/python3.10/site-packages/uvicorn/config.py", line 458, in load
    self.loaded_app = import_from_string(self.app)
  File "/Users/seanazulay/.pyenv/versions/3.10.0/lib/python3.10/site-packages/uvicorn/importer.py", line 21, in import_from_string
    module = importlib.import_module(module_str)
  File "/Users/seanazulay/.pyenv/versions/3.10.0/lib/python3.10/importlib/__init__.py", line 126, in import_module
    return _bootstrap._gcd_import(name[level:], package, level)
  File "<frozen importlib._bootstrap>", line 1050, in _gcd_import
  File "<frozen importlib._bootstrap>", line 1027, in _find_and_load
  File "<frozen importlib._bootstrap>", line 1006, in _find_and_load_unlocked
  File "<frozen importlib._bootstrap>", line 688, in _load_unlocked
  File "<frozen importlib._bootstrap_external>", line 883, in exec_module
  File "<frozen importlib._bootstrap>", line 241, in _call_with_frames_removed
  File "/Users/seanazulay/Desktop/StockBots/LumoTrade/ml-backend/app.py", line 16, in <module>
    from src.api import health, prediction, backtest, models_info, training_ultimate
  File "/Users/seanazulay/Desktop/StockBots/LumoTrade/ml-backend/src/api/prediction.py", line 12, in <module>
    from src.core.inference.engine import PanelPredictionEngine
  File "/Users/seanazulay/Desktop/StockBots/LumoTrade/ml-backend/src/core/inference/engine.py", line 15, in <module>
    from src.core.features import (
ImportError: cannot import name 'build_technical_features' from 'src.core.features' (/Users/seanazulay/Desktop/StockBots/LumoTrade/ml-backend/src/core/features/__init__.py)
WARNING:  WatchFiles detected changes in 'src/database/supabase_client.py', 'test_supabase.py'. Reloading...
Process SpawnProcess-199:
Traceback (most recent call last):
  File "/Users/seanazulay/.pyenv/versions/3.10.0/lib/python3.10/multiprocessing/process.py", line 315, in _bootstrap
    self.run()
  File "/Users/seanazulay/.pyenv/versions/3.10.0/lib/python3.10/multiprocessing/process.py", line 108, in run
    self._target(*self._args, **self._kwargs)
  File "/Users/seanazulay/.pyenv/versions/3.10.0/lib/python3.10/site-packages/uvicorn/_subprocess.py", line 78, in subprocess_started
    target(sockets=sockets)
  File "/Users/seanazulay/.pyenv/versions/3.10.0/lib/python3.10/site-packages/uvicorn/server.py", line 62, in run
    return asyncio.run(self.serve(sockets=sockets))
  File "/Users/seanazulay/.pyenv/versions/3.10.0/lib/python3.10/asyncio/runners.py", line 44, in run
    return loop.run_until_complete(main)
  File "uvloop/loop.pyx", line 1518, in uvloop.loop.Loop.run_until_complete
  File "/Users/seanazulay/.pyenv/versions/3.10.0/lib/python3.10/site-packages/uvicorn/server.py", line 69, in serve
    config.load()
  File "/Users/seanazulay/.pyenv/versions/3.10.0/lib/python3.10/site-packages/uvicorn/config.py", line 458, in load
    self.loaded_app = import_from_string(self.app)
  File "/Users/seanazulay/.pyenv/versions/3.10.0/lib/python3.10/site-packages/uvicorn/importer.py", line 21, in import_from_string
    module = importlib.import_module(module_str)
  File "/Users/seanazulay/.pyenv/versions/3.10.0/lib/python3.10/importlib/__init__.py", line 126, in import_module
    return _bootstrap._gcd_import(name[level:], package, level)
  File "<frozen importlib._bootstrap>", line 1050, in _gcd_import
  File "<frozen importlib._bootstrap>", line 1027, in _find_and_load
  File "<frozen importlib._bootstrap>", line 1006, in _find_and_load_unlocked
  File "<frozen importlib._bootstrap>", line 688, in _load_unlocked
  File "<frozen importlib._bootstrap_external>", line 883, in exec_module
  File "<frozen importlib._bootstrap>", line 241, in _call_with_frames_removed
  File "/Users/seanazulay/Desktop/StockBots/LumoTrade/ml-backend/app.py", line 16, in <module>
    from src.api import health, prediction, backtest, models_info, training_ultimate
  File "/Users/seanazulay/Desktop/StockBots/LumoTrade/ml-backend/src/api/prediction.py", line 12, in <module>
    from src.core.inference.engine import PanelPredictionEngine
  File "/Users/seanazulay/Desktop/StockBots/LumoTrade/ml-backend/src/core/inference/engine.py", line 15, in <module>
    from src.core.features import (
ImportError: cannot import name 'build_technical_features' from 'src.core.features' (/Users/seanazulay/Desktop/StockBots/LumoTrade/ml-backend/src/core/features/__init__.py)
WARNING:  WatchFiles detected changes in 'migrate_to_supabase.py'. Reloading...
WARNING:  WatchFiles detected changes in 'migrate_to_supabase.py'. Reloading...
Process SpawnProcess-201:
Traceback (most recent call last):
  File "/Users/seanazulay/.pyenv/versions/3.10.0/lib/python3.10/multiprocessing/process.py", line 315, in _bootstrap
    self.run()
  File "/Users/seanazulay/.pyenv/versions/3.10.0/lib/python3.10/multiprocessing/process.py", line 108, in run
    self._target(*self._args, **self._kwargs)
  File "/Users/seanazulay/.pyenv/versions/3.10.0/lib/python3.10/site-packages/uvicorn/_subprocess.py", line 78, in subprocess_started
    target(sockets=sockets)
  File "/Users/seanazulay/.pyenv/versions/3.10.0/lib/python3.10/site-packages/uvicorn/server.py", line 62, in run
    return asyncio.run(self.serve(sockets=sockets))
  File "/Users/seanazulay/.pyenv/versions/3.10.0/lib/python3.10/asyncio/runners.py", line 44, in run
    return loop.run_until_complete(main)
  File "uvloop/loop.pyx", line 1518, in uvloop.loop.Loop.run_until_complete
  File "/Users/seanazulay/.pyenv/versions/3.10.0/lib/python3.10/site-packages/uvicorn/server.py", line 69, in serve
    config.load()
  File "/Users/seanazulay/.pyenv/versions/3.10.0/lib/python3.10/site-packages/uvicorn/config.py", line 458, in load
    self.loaded_app = import_from_string(self.app)
  File "/Users/seanazulay/.pyenv/versions/3.10.0/lib/python3.10/site-packages/uvicorn/importer.py", line 21, in import_from_string
    module = importlib.import_module(module_str)
  File "/Users/seanazulay/.pyenv/versions/3.10.0/lib/python3.10/importlib/__init__.py", line 126, in import_module
    return _bootstrap._gcd_import(name[level:], package, level)
  File "<frozen importlib._bootstrap>", line 1050, in _gcd_import
  File "<frozen importlib._bootstrap>", line 1027, in _find_and_load
  File "<frozen importlib._bootstrap>", line 1006, in _find_and_load_unlocked
  File "<frozen importlib._bootstrap>", line 688, in _load_unlocked
  File "<frozen importlib._bootstrap_external>", line 883, in exec_module
  File "<frozen importlib._bootstrap>", line 241, in _call_with_frames_removed
  File "/Users/seanazulay/Desktop/StockBots/LumoTrade/ml-backend/app.py", line 16, in <module>
    from src.api import health, prediction, backtest, models_info, training_ultimate
  File "/Users/seanazulay/Desktop/StockBots/LumoTrade/ml-backend/src/api/prediction.py", line 12, in <module>
    from src.core.inference.engine import PanelPredictionEngine
  File "/Users/seanazulay/Desktop/StockBots/LumoTrade/ml-backend/src/core/inference/engine.py", line 15, in <module>
    from src.core.features import (
ImportError: cannot import name 'build_technical_features' from 'src.core.features' (/Users/seanazulay/Desktop/StockBots/LumoTrade/ml-backend/src/core/features/__init__.py)
WARNING:  WatchFiles detected changes in 'src/core/training/ultimate_trainer.py'. Reloading...
Process SpawnProcess-202:
Traceback (most recent call last):
  File "/Users/seanazulay/.pyenv/versions/3.10.0/lib/python3.10/multiprocessing/process.py", line 315, in _bootstrap
    self.run()
  File "/Users/seanazulay/.pyenv/versions/3.10.0/lib/python3.10/multiprocessing/process.py", line 108, in run
    self._target(*self._args, **self._kwargs)
  File "/Users/seanazulay/.pyenv/versions/3.10.0/lib/python3.10/site-packages/uvicorn/_subprocess.py", line 78, in subprocess_started
    target(sockets=sockets)
  File "/Users/seanazulay/.pyenv/versions/3.10.0/lib/python3.10/site-packages/uvicorn/server.py", line 62, in run
    return asyncio.run(self.serve(sockets=sockets))
  File "/Users/seanazulay/.pyenv/versions/3.10.0/lib/python3.10/asyncio/runners.py", line 44, in run
    return loop.run_until_complete(main)
  File "uvloop/loop.pyx", line 1518, in uvloop.loop.Loop.run_until_complete
  File "/Users/seanazulay/.pyenv/versions/3.10.0/lib/python3.10/site-packages/uvicorn/server.py", line 69, in serve
    config.load()
  File "/Users/seanazulay/.pyenv/versions/3.10.0/lib/python3.10/site-packages/uvicorn/config.py", line 458, in load
    self.loaded_app = import_from_string(self.app)
  File "/Users/seanazulay/.pyenv/versions/3.10.0/lib/python3.10/site-packages/uvicorn/importer.py", line 21, in import_from_string
    module = importlib.import_module(module_str)
  File "/Users/seanazulay/.pyenv/versions/3.10.0/lib/python3.10/importlib/__init__.py", line 126, in import_module
    return _bootstrap._gcd_import(name[level:], package, level)
  File "<frozen importlib._bootstrap>", line 1050, in _gcd_import
  File "<frozen importlib._bootstrap>", line 1027, in _find_and_load
  File "<frozen importlib._bootstrap>", line 1006, in _find_and_load_unlocked
  File "<frozen importlib._bootstrap>", line 688, in _load_unlocked
  File "<frozen importlib._bootstrap_external>", line 883, in exec_module
  File "<frozen importlib._bootstrap>", line 241, in _call_with_frames_removed
  File "/Users/seanazulay/Desktop/StockBots/LumoTrade/ml-backend/app.py", line 16, in <module>
    from src.api import health, prediction, backtest, models_info, training_ultimate
  File "/Users/seanazulay/Desktop/StockBots/LumoTrade/ml-backend/src/api/prediction.py", line 12, in <module>
    from src.core.inference.engine import PanelPredictionEngine
  File "/Users/seanazulay/Desktop/StockBots/LumoTrade/ml-backend/src/core/inference/engine.py", line 15, in <module>
    from src.core.features import (
ImportError: cannot import name 'build_technical_features' from 'src.core.features' (/Users/seanazulay/Desktop/StockBots/LumoTrade/ml-backend/src/core/features/__init__.py)
WARNING:  WatchFiles detected changes in 'src/database/instantdb.py'. Reloading...
Process SpawnProcess-203:
Traceback (most recent call last):
  File "/Users/seanazulay/.pyenv/versions/3.10.0/lib/python3.10/multiprocessing/process.py", line 315, in _bootstrap
    self.run()
  File "/Users/seanazulay/.pyenv/versions/3.10.0/lib/python3.10/multiprocessing/process.py", line 108, in run
    self._target(*self._args, **self._kwargs)
  File "/Users/seanazulay/.pyenv/versions/3.10.0/lib/python3.10/site-packages/uvicorn/_subprocess.py", line 78, in subprocess_started
    target(sockets=sockets)
  File "/Users/seanazulay/.pyenv/versions/3.10.0/lib/python3.10/site-packages/uvicorn/server.py", line 62, in run
    return asyncio.run(self.serve(sockets=sockets))
  File "/Users/seanazulay/.pyenv/versions/3.10.0/lib/python3.10/asyncio/runners.py", line 44, in run
    return loop.run_until_complete(main)
  File "uvloop/loop.pyx", line 1518, in uvloop.loop.Loop.run_until_complete
  File "/Users/seanazulay/.pyenv/versions/3.10.0/lib/python3.10/site-packages/uvicorn/server.py", line 69, in serve
    config.load()
  File "/Users/seanazulay/.pyenv/versions/3.10.0/lib/python3.10/site-packages/uvicorn/config.py", line 458, in load
    self.loaded_app = import_from_string(self.app)
  File "/Users/seanazulay/.pyenv/versions/3.10.0/lib/python3.10/site-packages/uvicorn/importer.py", line 21, in import_from_string
    module = importlib.import_module(module_str)
  File "/Users/seanazulay/.pyenv/versions/3.10.0/lib/python3.10/importlib/__init__.py", line 126, in import_module
    return _bootstrap._gcd_import(name[level:], package, level)
  File "<frozen importlib._bootstrap>", line 1050, in _gcd_import
  File "<frozen importlib._bootstrap>", line 1027, in _find_and_load
  File "<frozen importlib._bootstrap>", line 1006, in _find_and_load_unlocked
  File "<frozen importlib._bootstrap>", line 688, in _load_unlocked
  File "<frozen importlib._bootstrap_external>", line 883, in exec_module
  File "<frozen importlib._bootstrap>", line 241, in _call_with_frames_removed
  File "/Users/seanazulay/Desktop/StockBots/LumoTrade/ml-backend/app.py", line 16, in <module>
    from src.api import health, prediction, backtest, models_info, training_ultimate
  File "/Users/seanazulay/Desktop/StockBots/LumoTrade/ml-backend/src/api/prediction.py", line 12, in <module>
    from src.core.inference.engine import PanelPredictionEngine
  File "/Users/seanazulay/Desktop/StockBots/LumoTrade/ml-backend/src/core/inference/engine.py", line 15, in <module>
    from src.core.features import (
ImportError: cannot import name 'build_technical_features' from 'src.core.features' (/Users/seanazulay/Desktop/StockBots/LumoTrade/ml-backend/src/core/features/__init__.py)
WARNING:  WatchFiles detected changes in 'migrate_to_supabase.py', 'src/core/training/ultimate_trainer.py'. Reloading...
Process SpawnProcess-204:
Traceback (most recent call last):
  File "/Users/seanazulay/.pyenv/versions/3.10.0/lib/python3.10/multiprocessing/process.py", line 315, in _bootstrap
    self.run()
  File "/Users/seanazulay/.pyenv/versions/3.10.0/lib/python3.10/multiprocessing/process.py", line 108, in run
    self._target(*self._args, **self._kwargs)
  File "/Users/seanazulay/.pyenv/versions/3.10.0/lib/python3.10/site-packages/uvicorn/_subprocess.py", line 78, in subprocess_started
    target(sockets=sockets)
  File "/Users/seanazulay/.pyenv/versions/3.10.0/lib/python3.10/site-packages/uvicorn/server.py", line 62, in run
    return asyncio.run(self.serve(sockets=sockets))
  File "/Users/seanazulay/.pyenv/versions/3.10.0/lib/python3.10/asyncio/runners.py", line 44, in run
    return loop.run_until_complete(main)
  File "uvloop/loop.pyx", line 1518, in uvloop.loop.Loop.run_until_complete
  File "/Users/seanazulay/.pyenv/versions/3.10.0/lib/python3.10/site-packages/uvicorn/server.py", line 69, in serve
    config.load()
  File "/Users/seanazulay/.pyenv/versions/3.10.0/lib/python3.10/site-packages/uvicorn/config.py", line 458, in load
    self.loaded_app = import_from_string(self.app)
  File "/Users/seanazulay/.pyenv/versions/3.10.0/lib/python3.10/site-packages/uvicorn/importer.py", line 21, in import_from_string
    module = importlib.import_module(module_str)
  File "/Users/seanazulay/.pyenv/versions/3.10.0/lib/python3.10/importlib/__init__.py", line 126, in import_module
    return _bootstrap._gcd_import(name[level:], package, level)
  File "<frozen importlib._bootstrap>", line 1050, in _gcd_import
  File "<frozen importlib._bootstrap>", line 1027, in _find_and_load
  File "<frozen importlib._bootstrap>", line 1006, in _find_and_load_unlocked
  File "<frozen importlib._bootstrap>", line 688, in _load_unlocked
  File "<frozen importlib._bootstrap_external>", line 883, in exec_module
  File "<frozen importlib._bootstrap>", line 241, in _call_with_frames_removed
  File "/Users/seanazulay/Desktop/StockBots/LumoTrade/ml-backend/app.py", line 16, in <module>
    from src.api import health, prediction, backtest, models_info, training_ultimate
  File "/Users/seanazulay/Desktop/StockBots/LumoTrade/ml-backend/src/api/prediction.py", line 12, in <module>
    from src.core.inference.engine import PanelPredictionEngine
  File "/Users/seanazulay/Desktop/StockBots/LumoTrade/ml-backend/src/core/inference/engine.py", line 15, in <module>
    from src.core.features import (
ImportError: cannot import name 'build_technical_features' from 'src.core.features' (/Users/seanazulay/Desktop/StockBots/LumoTrade/ml-backend/src/core/features/__init__.py)
WARNING:  WatchFiles detected changes in 'clear_cache.py'. Reloading...
WARNING:  WatchFiles detected changes in 'clear_cache.py'. Reloading...
WARNING:  WatchFiles detected changes in 'clear_cache.py'. Reloading...
Process SpawnProcess-207:
Traceback (most recent call last):
  File "/Users/seanazulay/.pyenv/versions/3.10.0/lib/python3.10/multiprocessing/process.py", line 315, in _bootstrap
    self.run()
  File "/Users/seanazulay/.pyenv/versions/3.10.0/lib/python3.10/multiprocessing/process.py", line 108, in run
    self._target(*self._args, **self._kwargs)
  File "/Users/seanazulay/.pyenv/versions/3.10.0/lib/python3.10/site-packages/uvicorn/_subprocess.py", line 78, in subprocess_started
    target(sockets=sockets)
  File "/Users/seanazulay/.pyenv/versions/3.10.0/lib/python3.10/site-packages/uvicorn/server.py", line 62, in run
    return asyncio.run(self.serve(sockets=sockets))
  File "/Users/seanazulay/.pyenv/versions/3.10.0/lib/python3.10/asyncio/runners.py", line 44, in run
    return loop.run_until_complete(main)
  File "uvloop/loop.pyx", line 1518, in uvloop.loop.Loop.run_until_complete
  File "/Users/seanazulay/.pyenv/versions/3.10.0/lib/python3.10/site-packages/uvicorn/server.py", line 69, in serve
    config.load()
  File "/Users/seanazulay/.pyenv/versions/3.10.0/lib/python3.10/site-packages/uvicorn/config.py", line 458, in load
    self.loaded_app = import_from_string(self.app)
  File "/Users/seanazulay/.pyenv/versions/3.10.0/lib/python3.10/site-packages/uvicorn/importer.py", line 21, in import_from_string
    module = importlib.import_module(module_str)
  File "/Users/seanazulay/.pyenv/versions/3.10.0/lib/python3.10/importlib/__init__.py", line 126, in import_module
    return _bootstrap._gcd_import(name[level:], package, level)
  File "<frozen importlib._bootstrap>", line 1050, in _gcd_import
  File "<frozen importlib._bootstrap>", line 1027, in _find_and_load
  File "<frozen importlib._bootstrap>", line 1006, in _find_and_load_unlocked
  File "<frozen importlib._bootstrap>", line 688, in _load_unlocked
  File "<frozen importlib._bootstrap_external>", line 883, in exec_module
  File "<frozen importlib._bootstrap>", line 241, in _call_with_frames_removed
  File "/Users/seanazulay/Desktop/StockBots/LumoTrade/ml-backend/app.py", line 16, in <module>
    from src.api import health, prediction, backtest, models_info, training_ultimate
  File "/Users/seanazulay/Desktop/StockBots/LumoTrade/ml-backend/src/api/prediction.py", line 12, in <module>
    from src.core.inference.engine import PanelPredictionEngine
  File "/Users/seanazulay/Desktop/StockBots/LumoTrade/ml-backend/src/core/inference/engine.py", line 15, in <module>
    from src.core.features import (
ImportError: cannot import name 'build_technical_features' from 'src.core.features' (/Users/seanazulay/Desktop/StockBots/LumoTrade/ml-backend/src/core/features/__init__.py)
WARNING:  WatchFiles detected changes in 'clear_cache.py'. Reloading...
Process SpawnProcess-208:
Traceback (most recent call last):
  File "/Users/seanazulay/.pyenv/versions/3.10.0/lib/python3.10/multiprocessing/process.py", line 315, in _bootstrap
    self.run()
  File "/Users/seanazulay/.pyenv/versions/3.10.0/lib/python3.10/multiprocessing/process.py", line 108, in run
    self._target(*self._args, **self._kwargs)
  File "/Users/seanazulay/.pyenv/versions/3.10.0/lib/python3.10/site-packages/uvicorn/_subprocess.py", line 78, in subprocess_started
    target(sockets=sockets)
  File "/Users/seanazulay/.pyenv/versions/3.10.0/lib/python3.10/site-packages/uvicorn/server.py", line 62, in run
    return asyncio.run(self.serve(sockets=sockets))
  File "/Users/seanazulay/.pyenv/versions/3.10.0/lib/python3.10/asyncio/runners.py", line 44, in run
    return loop.run_until_complete(main)
  File "uvloop/loop.pyx", line 1518, in uvloop.loop.Loop.run_until_complete
  File "/Users/seanazulay/.pyenv/versions/3.10.0/lib/python3.10/site-packages/uvicorn/server.py", line 69, in serve
    config.load()
  File "/Users/seanazulay/.pyenv/versions/3.10.0/lib/python3.10/site-packages/uvicorn/config.py", line 458, in load
    self.loaded_app = import_from_string(self.app)
  File "/Users/seanazulay/.pyenv/versions/3.10.0/lib/python3.10/site-packages/uvicorn/importer.py", line 21, in import_from_string
    module = importlib.import_module(module_str)
  File "/Users/seanazulay/.pyenv/versions/3.10.0/lib/python3.10/importlib/__init__.py", line 126, in import_module
    return _bootstrap._gcd_import(name[level:], package, level)
  File "<frozen importlib._bootstrap>", line 1050, in _gcd_import
  File "<frozen importlib._bootstrap>", line 1027, in _find_and_load
  File "<frozen importlib._bootstrap>", line 1006, in _find_and_load_unlocked
  File "<frozen importlib._bootstrap>", line 688, in _load_unlocked
  File "<frozen importlib._bootstrap_external>", line 883, in exec_module
  File "<frozen importlib._bootstrap>", line 241, in _call_with_frames_removed
  File "/Users/seanazulay/Desktop/StockBots/LumoTrade/ml-backend/app.py", line 16, in <module>
    from src.api import health, prediction, backtest, models_info, training_ultimate
  File "/Users/seanazulay/Desktop/StockBots/LumoTrade/ml-backend/src/api/prediction.py", line 12, in <module>
    from src.core.inference.engine import PanelPredictionEngine
  File "/Users/seanazulay/Desktop/StockBots/LumoTrade/ml-backend/src/core/inference/engine.py", line 15, in <module>
    from src.core.features import (
ImportError: cannot import name 'build_technical_features' from 'src.core.features' (/Users/seanazulay/Desktop/StockBots/LumoTrade/ml-backend/src/core/features/__init__.py)
WARNING:  WatchFiles detected changes in 'migrate_to_supabase.py'. Reloading...
Process SpawnProcess-209:
Traceback (most recent call last):
  File "/Users/seanazulay/.pyenv/versions/3.10.0/lib/python3.10/multiprocessing/process.py", line 315, in _bootstrap
    self.run()
  File "/Users/seanazulay/.pyenv/versions/3.10.0/lib/python3.10/multiprocessing/process.py", line 108, in run
    self._target(*self._args, **self._kwargs)
  File "/Users/seanazulay/.pyenv/versions/3.10.0/lib/python3.10/site-packages/uvicorn/_subprocess.py", line 78, in subprocess_started
    target(sockets=sockets)
  File "/Users/seanazulay/.pyenv/versions/3.10.0/lib/python3.10/site-packages/uvicorn/server.py", line 62, in run
    return asyncio.run(self.serve(sockets=sockets))
  File "/Users/seanazulay/.pyenv/versions/3.10.0/lib/python3.10/asyncio/runners.py", line 44, in run
    return loop.run_until_complete(main)
  File "uvloop/loop.pyx", line 1518, in uvloop.loop.Loop.run_until_complete
  File "/Users/seanazulay/.pyenv/versions/3.10.0/lib/python3.10/site-packages/uvicorn/server.py", line 69, in serve
    config.load()
  File "/Users/seanazulay/.pyenv/versions/3.10.0/lib/python3.10/site-packages/uvicorn/config.py", line 458, in load
    self.loaded_app = import_from_string(self.app)
  File "/Users/seanazulay/.pyenv/versions/3.10.0/lib/python3.10/site-packages/uvicorn/importer.py", line 21, in import_from_string
    module = importlib.import_module(module_str)
  File "/Users/seanazulay/.pyenv/versions/3.10.0/lib/python3.10/importlib/__init__.py", line 126, in import_module
    return _bootstrap._gcd_import(name[level:], package, level)
  File "<frozen importlib._bootstrap>", line 1050, in _gcd_import
  File "<frozen importlib._bootstrap>", line 1027, in _find_and_load
  File "<frozen importlib._bootstrap>", line 1006, in _find_and_load_unlocked
  File "<frozen importlib._bootstrap>", line 688, in _load_unlocked
  File "<frozen importlib._bootstrap_external>", line 883, in exec_module
  File "<frozen importlib._bootstrap>", line 241, in _call_with_frames_removed
  File "/Users/seanazulay/Desktop/StockBots/LumoTrade/ml-backend/app.py", line 16, in <module>
    from src.api import health, prediction, backtest, models_info, training_ultimate
  File "/Users/seanazulay/Desktop/StockBots/LumoTrade/ml-backend/src/api/prediction.py", line 12, in <module>
    from src.core.inference.engine import PanelPredictionEngine
  File "/Users/seanazulay/Desktop/StockBots/LumoTrade/ml-backend/src/core/inference/engine.py", line 15, in <module>
    from src.core.features import (
ImportError: cannot import name 'build_technical_features' from 'src.core.features' (/Users/seanazulay/Desktop/StockBots/LumoTrade/ml-backend/src/core/features/__init__.py)
WARNING:  WatchFiles detected changes in 'migrate_to_supabase.py'. Reloading...
Process SpawnProcess-210:
Traceback (most recent call last):
  File "/Users/seanazulay/.pyenv/versions/3.10.0/lib/python3.10/multiprocessing/process.py", line 315, in _bootstrap
    self.run()
  File "/Users/seanazulay/.pyenv/versions/3.10.0/lib/python3.10/multiprocessing/process.py", line 108, in run
    self._target(*self._args, **self._kwargs)
  File "/Users/seanazulay/.pyenv/versions/3.10.0/lib/python3.10/site-packages/uvicorn/_subprocess.py", line 78, in subprocess_started
    target(sockets=sockets)
  File "/Users/seanazulay/.pyenv/versions/3.10.0/lib/python3.10/site-packages/uvicorn/server.py", line 62, in run
    return asyncio.run(self.serve(sockets=sockets))
  File "/Users/seanazulay/.pyenv/versions/3.10.0/lib/python3.10/asyncio/runners.py", line 44, in run
    return loop.run_until_complete(main)
  File "uvloop/loop.pyx", line 1518, in uvloop.loop.Loop.run_until_complete
  File "/Users/seanazulay/.pyenv/versions/3.10.0/lib/python3.10/site-packages/uvicorn/server.py", line 69, in serve
    config.load()
  File "/Users/seanazulay/.pyenv/versions/3.10.0/lib/python3.10/site-packages/uvicorn/config.py", line 458, in load
    self.loaded_app = import_from_string(self.app)
  File "/Users/seanazulay/.pyenv/versions/3.10.0/lib/python3.10/site-packages/uvicorn/importer.py", line 21, in import_from_string
    module = importlib.import_module(module_str)
  File "/Users/seanazulay/.pyenv/versions/3.10.0/lib/python3.10/importlib/__init__.py", line 126, in import_module
    return _bootstrap._gcd_import(name[level:], package, level)
  File "<frozen importlib._bootstrap>", line 1050, in _gcd_import
  File "<frozen importlib._bootstrap>", line 1027, in _find_and_load
  File "<frozen importlib._bootstrap>", line 1006, in _find_and_load_unlocked
  File "<frozen importlib._bootstrap>", line 688, in _load_unlocked
  File "<frozen importlib._bootstrap_external>", line 883, in exec_module
  File "<frozen importlib._bootstrap>", line 241, in _call_with_frames_removed
  File "/Users/seanazulay/Desktop/StockBots/LumoTrade/ml-backend/app.py", line 16, in <module>
    from src.api import health, prediction, backtest, models_info, training_ultimate
  File "/Users/seanazulay/Desktop/StockBots/LumoTrade/ml-backend/src/api/prediction.py", line 12, in <module>
    from src.core.inference.engine import PanelPredictionEngine
  File "/Users/seanazulay/Desktop/StockBots/LumoTrade/ml-backend/src/core/inference/engine.py", line 15, in <module>
    from src.core.features import (
ImportError: cannot import name 'build_technical_features' from 'src.core.features' (/Users/seanazulay/Desktop/StockBots/LumoTrade/ml-backend/src/core/features/__init__.py)
WARNING:  WatchFiles detected changes in 'src/core/training/ultimate_trainer.py'. Reloading...
Process SpawnProcess-211:
Traceback (most recent call last):
  File "/Users/seanazulay/.pyenv/versions/3.10.0/lib/python3.10/multiprocessing/process.py", line 315, in _bootstrap
    self.run()
  File "/Users/seanazulay/.pyenv/versions/3.10.0/lib/python3.10/multiprocessing/process.py", line 108, in run
    self._target(*self._args, **self._kwargs)
  File "/Users/seanazulay/.pyenv/versions/3.10.0/lib/python3.10/site-packages/uvicorn/_subprocess.py", line 78, in subprocess_started
    target(sockets=sockets)
  File "/Users/seanazulay/.pyenv/versions/3.10.0/lib/python3.10/site-packages/uvicorn/server.py", line 62, in run
    return asyncio.run(self.serve(sockets=sockets))
  File "/Users/seanazulay/.pyenv/versions/3.10.0/lib/python3.10/asyncio/runners.py", line 44, in run
    return loop.run_until_complete(main)
  File "uvloop/loop.pyx", line 1518, in uvloop.loop.Loop.run_until_complete
  File "/Users/seanazulay/.pyenv/versions/3.10.0/lib/python3.10/site-packages/uvicorn/server.py", line 69, in serve
    config.load()
  File "/Users/seanazulay/.pyenv/versions/3.10.0/lib/python3.10/site-packages/uvicorn/config.py", line 458, in load
    self.loaded_app = import_from_string(self.app)
  File "/Users/seanazulay/.pyenv/versions/3.10.0/lib/python3.10/site-packages/uvicorn/importer.py", line 21, in import_from_string
    module = importlib.import_module(module_str)
  File "/Users/seanazulay/.pyenv/versions/3.10.0/lib/python3.10/importlib/__init__.py", line 126, in import_module
    return _bootstrap._gcd_import(name[level:], package, level)
  File "<frozen importlib._bootstrap>", line 1050, in _gcd_import
  File "<frozen importlib._bootstrap>", line 1027, in _find_and_load
  File "<frozen importlib._bootstrap>", line 1006, in _find_and_load_unlocked
  File "<frozen importlib._bootstrap>", line 688, in _load_unlocked
  File "<frozen importlib._bootstrap_external>", line 883, in exec_module
  File "<frozen importlib._bootstrap>", line 241, in _call_with_frames_removed
  File "/Users/seanazulay/Desktop/StockBots/LumoTrade/ml-backend/app.py", line 16, in <module>
    from src.api import health, prediction, backtest, models_info, training_ultimate
  File "/Users/seanazulay/Desktop/StockBots/LumoTrade/ml-backend/src/api/prediction.py", line 12, in <module>
    from src.core.inference.engine import PanelPredictionEngine
  File "/Users/seanazulay/Desktop/StockBots/LumoTrade/ml-backend/src/core/inference/engine.py", line 15, in <module>
    from src.core.features import (
ImportError: cannot import name 'build_technical_features' from 'src.core.features' (/Users/seanazulay/Desktop/StockBots/LumoTrade/ml-backend/src/core/features/__init__.py)
WARNING:  WatchFiles detected changes in 'train_model.py'. Reloading...
Process SpawnProcess-212:
Traceback (most recent call last):
  File "/Users/seanazulay/.pyenv/versions/3.10.0/lib/python3.10/multiprocessing/process.py", line 315, in _bootstrap
    self.run()
  File "/Users/seanazulay/.pyenv/versions/3.10.0/lib/python3.10/multiprocessing/process.py", line 108, in run
    self._target(*self._args, **self._kwargs)
  File "/Users/seanazulay/.pyenv/versions/3.10.0/lib/python3.10/site-packages/uvicorn/_subprocess.py", line 78, in subprocess_started
    target(sockets=sockets)
  File "/Users/seanazulay/.pyenv/versions/3.10.0/lib/python3.10/site-packages/uvicorn/server.py", line 62, in run
    return asyncio.run(self.serve(sockets=sockets))
  File "/Users/seanazulay/.pyenv/versions/3.10.0/lib/python3.10/asyncio/runners.py", line 44, in run
    return loop.run_until_complete(main)
  File "uvloop/loop.pyx", line 1518, in uvloop.loop.Loop.run_until_complete
  File "/Users/seanazulay/.pyenv/versions/3.10.0/lib/python3.10/site-packages/uvicorn/server.py", line 69, in serve
    config.load()
  File "/Users/seanazulay/.pyenv/versions/3.10.0/lib/python3.10/site-packages/uvicorn/config.py", line 458, in load
    self.loaded_app = import_from_string(self.app)
  File "/Users/seanazulay/.pyenv/versions/3.10.0/lib/python3.10/site-packages/uvicorn/importer.py", line 21, in import_from_string
    module = importlib.import_module(module_str)
  File "/Users/seanazulay/.pyenv/versions/3.10.0/lib/python3.10/importlib/__init__.py", line 126, in import_module
    return _bootstrap._gcd_import(name[level:], package, level)
  File "<frozen importlib._bootstrap>", line 1050, in _gcd_import
  File "<frozen importlib._bootstrap>", line 1027, in _find_and_load
  File "<frozen importlib._bootstrap>", line 1006, in _find_and_load_unlocked
  File "<frozen importlib._bootstrap>", line 688, in _load_unlocked
  File "<frozen importlib._bootstrap_external>", line 883, in exec_module
  File "<frozen importlib._bootstrap>", line 241, in _call_with_frames_removed
  File "/Users/seanazulay/Desktop/StockBots/LumoTrade/ml-backend/app.py", line 16, in <module>
    from src.api import health, prediction, backtest, models_info, training_ultimate
  File "/Users/seanazulay/Desktop/StockBots/LumoTrade/ml-backend/src/api/prediction.py", line 12, in <module>
    from src.core.inference.engine import PanelPredictionEngine
  File "/Users/seanazulay/Desktop/StockBots/LumoTrade/ml-backend/src/core/inference/engine.py", line 15, in <module>
    from src.core.features import (
ImportError: cannot import name 'build_technical_features' from 'src.core.features' (/Users/seanazulay/Desktop/StockBots/LumoTrade/ml-backend/src/core/features/__init__.py)
WARNING:  WatchFiles detected changes in 'train_model.py', 'src/core/training/ultimate_trainer.py'. Reloading...
Process SpawnProcess-213:
Traceback (most recent call last):
  File "/Users/seanazulay/.pyenv/versions/3.10.0/lib/python3.10/multiprocessing/process.py", line 315, in _bootstrap
    self.run()
  File "/Users/seanazulay/.pyenv/versions/3.10.0/lib/python3.10/multiprocessing/process.py", line 108, in run
    self._target(*self._args, **self._kwargs)
  File "/Users/seanazulay/.pyenv/versions/3.10.0/lib/python3.10/site-packages/uvicorn/_subprocess.py", line 78, in subprocess_started
    target(sockets=sockets)
  File "/Users/seanazulay/.pyenv/versions/3.10.0/lib/python3.10/site-packages/uvicorn/server.py", line 62, in run
    return asyncio.run(self.serve(sockets=sockets))
  File "/Users/seanazulay/.pyenv/versions/3.10.0/lib/python3.10/asyncio/runners.py", line 44, in run
    return loop.run_until_complete(main)
  File "uvloop/loop.pyx", line 1518, in uvloop.loop.Loop.run_until_complete
  File "/Users/seanazulay/.pyenv/versions/3.10.0/lib/python3.10/site-packages/uvicorn/server.py", line 69, in serve
    config.load()
  File "/Users/seanazulay/.pyenv/versions/3.10.0/lib/python3.10/site-packages/uvicorn/config.py", line 458, in load
    self.loaded_app = import_from_string(self.app)
  File "/Users/seanazulay/.pyenv/versions/3.10.0/lib/python3.10/site-packages/uvicorn/importer.py", line 21, in import_from_string
    module = importlib.import_module(module_str)
  File "/Users/seanazulay/.pyenv/versions/3.10.0/lib/python3.10/importlib/__init__.py", line 126, in import_module
    return _bootstrap._gcd_import(name[level:], package, level)
  File "<frozen importlib._bootstrap>", line 1050, in _gcd_import
  File "<frozen importlib._bootstrap>", line 1027, in _find_and_load
  File "<frozen importlib._bootstrap>", line 1006, in _find_and_load_unlocked
  File "<frozen importlib._bootstrap>", line 688, in _load_unlocked
  File "<frozen importlib._bootstrap_external>", line 883, in exec_module
  File "<frozen importlib._bootstrap>", line 241, in _call_with_frames_removed
  File "/Users/seanazulay/Desktop/StockBots/LumoTrade/ml-backend/app.py", line 16, in <module>
    from src.api import health, prediction, backtest, models_info, training_ultimate
  File "/Users/seanazulay/Desktop/StockBots/LumoTrade/ml-backend/src/api/prediction.py", line 12, in <module>
    from src.core.inference.engine import PanelPredictionEngine
  File "/Users/seanazulay/Desktop/StockBots/LumoTrade/ml-backend/src/core/inference/engine.py", line 15, in <module>
    from src.core.features import (
ImportError: cannot import name 'build_technical_features' from 'src.core.features' (/Users/seanazulay/Desktop/StockBots/LumoTrade/ml-backend/src/core/features/__init__.py)
WARNING:  WatchFiles detected changes in 'src/core/features/advanced_predictive_features.py'. Reloading...
WARNING:  WatchFiles detected changes in 'src/core/features/advanced_predictive_features.py'. Reloading...
WARNING:  WatchFiles detected changes in 'src/core/features/advanced_predictive_features.py'. Reloading...
Process SpawnProcess-216:
Traceback (most recent call last):
  File "/Users/seanazulay/.pyenv/versions/3.10.0/lib/python3.10/multiprocessing/process.py", line 315, in _bootstrap
    self.run()
  File "/Users/seanazulay/.pyenv/versions/3.10.0/lib/python3.10/multiprocessing/process.py", line 108, in run
    self._target(*self._args, **self._kwargs)
  File "/Users/seanazulay/.pyenv/versions/3.10.0/lib/python3.10/site-packages/uvicorn/_subprocess.py", line 78, in subprocess_started
    target(sockets=sockets)
  File "/Users/seanazulay/.pyenv/versions/3.10.0/lib/python3.10/site-packages/uvicorn/server.py", line 62, in run
    return asyncio.run(self.serve(sockets=sockets))
  File "/Users/seanazulay/.pyenv/versions/3.10.0/lib/python3.10/asyncio/runners.py", line 44, in run
    return loop.run_until_complete(main)
  File "uvloop/loop.pyx", line 1518, in uvloop.loop.Loop.run_until_complete
  File "/Users/seanazulay/.pyenv/versions/3.10.0/lib/python3.10/site-packages/uvicorn/server.py", line 69, in serve
    config.load()
  File "/Users/seanazulay/.pyenv/versions/3.10.0/lib/python3.10/site-packages/uvicorn/config.py", line 458, in load
    self.loaded_app = import_from_string(self.app)
  File "/Users/seanazulay/.pyenv/versions/3.10.0/lib/python3.10/site-packages/uvicorn/importer.py", line 21, in import_from_string
    module = importlib.import_module(module_str)
  File "/Users/seanazulay/.pyenv/versions/3.10.0/lib/python3.10/importlib/__init__.py", line 126, in import_module
    return _bootstrap._gcd_import(name[level:], package, level)
  File "<frozen importlib._bootstrap>", line 1050, in _gcd_import
  File "<frozen importlib._bootstrap>", line 1027, in _find_and_load
  File "<frozen importlib._bootstrap>", line 1006, in _find_and_load_unlocked
  File "<frozen importlib._bootstrap>", line 688, in _load_unlocked
  File "<frozen importlib._bootstrap_external>", line 883, in exec_module
  File "<frozen importlib._bootstrap>", line 241, in _call_with_frames_removed
  File "/Users/seanazulay/Desktop/StockBots/LumoTrade/ml-backend/app.py", line 16, in <module>
    from src.api import health, prediction, backtest, models_info, training_ultimate
  File "/Users/seanazulay/Desktop/StockBots/LumoTrade/ml-backend/src/api/prediction.py", line 12, in <module>
    from src.core.inference.engine import PanelPredictionEngine
  File "/Users/seanazulay/Desktop/StockBots/LumoTrade/ml-backend/src/core/inference/engine.py", line 15, in <module>
    from src.core.features import (
ImportError: cannot import name 'build_technical_features' from 'src.core.features' (/Users/seanazulay/Desktop/StockBots/LumoTrade/ml-backend/src/core/features/__init__.py)
WARNING:  WatchFiles detected changes in 'src/core/features/core_features.py'. Reloading...
Process SpawnProcess-217:
Traceback (most recent call last):
  File "/Users/seanazulay/.pyenv/versions/3.10.0/lib/python3.10/multiprocessing/process.py", line 315, in _bootstrap
    self.run()
  File "/Users/seanazulay/.pyenv/versions/3.10.0/lib/python3.10/multiprocessing/process.py", line 108, in run
    self._target(*self._args, **self._kwargs)
  File "/Users/seanazulay/.pyenv/versions/3.10.0/lib/python3.10/site-packages/uvicorn/_subprocess.py", line 78, in subprocess_started
    target(sockets=sockets)
  File "/Users/seanazulay/.pyenv/versions/3.10.0/lib/python3.10/site-packages/uvicorn/server.py", line 62, in run
    return asyncio.run(self.serve(sockets=sockets))
  File "/Users/seanazulay/.pyenv/versions/3.10.0/lib/python3.10/asyncio/runners.py", line 44, in run
    return loop.run_until_complete(main)
  File "uvloop/loop.pyx", line 1518, in uvloop.loop.Loop.run_until_complete
  File "/Users/seanazulay/.pyenv/versions/3.10.0/lib/python3.10/site-packages/uvicorn/server.py", line 69, in serve
    config.load()
  File "/Users/seanazulay/.pyenv/versions/3.10.0/lib/python3.10/site-packages/uvicorn/config.py", line 458, in load
    self.loaded_app = import_from_string(self.app)
  File "/Users/seanazulay/.pyenv/versions/3.10.0/lib/python3.10/site-packages/uvicorn/importer.py", line 21, in import_from_string
    module = importlib.import_module(module_str)
  File "/Users/seanazulay/.pyenv/versions/3.10.0/lib/python3.10/importlib/__init__.py", line 126, in import_module
    return _bootstrap._gcd_import(name[level:], package, level)
  File "<frozen importlib._bootstrap>", line 1050, in _gcd_import
  File "<frozen importlib._bootstrap>", line 1027, in _find_and_load
  File "<frozen importlib._bootstrap>", line 1006, in _find_and_load_unlocked
  File "<frozen importlib._bootstrap>", line 688, in _load_unlocked
  File "<frozen importlib._bootstrap_external>", line 883, in exec_module
  File "<frozen importlib._bootstrap>", line 241, in _call_with_frames_removed
  File "/Users/seanazulay/Desktop/StockBots/LumoTrade/ml-backend/app.py", line 16, in <module>
    from src.api import health, prediction, backtest, models_info, training_ultimate
  File "/Users/seanazulay/Desktop/StockBots/LumoTrade/ml-backend/src/api/prediction.py", line 12, in <module>
    from src.core.inference.engine import PanelPredictionEngine
  File "/Users/seanazulay/Desktop/StockBots/LumoTrade/ml-backend/src/core/inference/engine.py", line 15, in <module>
    from src.core.features import (
ImportError: cannot import name 'build_technical_features' from 'src.core.features' (/Users/seanazulay/Desktop/StockBots/LumoTrade/ml-backend/src/core/features/__init__.py)
WARNING:  WatchFiles detected changes in 'src/core/trading/dynamic_stops.py'. Reloading...
WARNING:  WatchFiles detected changes in 'src/core/trading/dynamic_stops.py'. Reloading...
Process SpawnProcess-219:
Traceback (most recent call last):
  File "/Users/seanazulay/.pyenv/versions/3.10.0/lib/python3.10/multiprocessing/process.py", line 315, in _bootstrap
    self.run()
  File "/Users/seanazulay/.pyenv/versions/3.10.0/lib/python3.10/multiprocessing/process.py", line 108, in run
    self._target(*self._args, **self._kwargs)
  File "/Users/seanazulay/.pyenv/versions/3.10.0/lib/python3.10/site-packages/uvicorn/_subprocess.py", line 78, in subprocess_started
    target(sockets=sockets)
  File "/Users/seanazulay/.pyenv/versions/3.10.0/lib/python3.10/site-packages/uvicorn/server.py", line 62, in run
    return asyncio.run(self.serve(sockets=sockets))
  File "/Users/seanazulay/.pyenv/versions/3.10.0/lib/python3.10/asyncio/runners.py", line 44, in run
    return loop.run_until_complete(main)
  File "uvloop/loop.pyx", line 1518, in uvloop.loop.Loop.run_until_complete
  File "/Users/seanazulay/.pyenv/versions/3.10.0/lib/python3.10/site-packages/uvicorn/server.py", line 69, in serve
    config.load()
  File "/Users/seanazulay/.pyenv/versions/3.10.0/lib/python3.10/site-packages/uvicorn/config.py", line 458, in load
    self.loaded_app = import_from_string(self.app)
  File "/Users/seanazulay/.pyenv/versions/3.10.0/lib/python3.10/site-packages/uvicorn/importer.py", line 21, in import_from_string
    module = importlib.import_module(module_str)
  File "/Users/seanazulay/.pyenv/versions/3.10.0/lib/python3.10/importlib/__init__.py", line 126, in import_module
    return _bootstrap._gcd_import(name[level:], package, level)
  File "<frozen importlib._bootstrap>", line 1050, in _gcd_import
  File "<frozen importlib._bootstrap>", line 1027, in _find_and_load
  File "<frozen importlib._bootstrap>", line 1006, in _find_and_load_unlocked
  File "<frozen importlib._bootstrap>", line 688, in _load_unlocked
  File "<frozen importlib._bootstrap_external>", line 883, in exec_module
  File "<frozen importlib._bootstrap>", line 241, in _call_with_frames_removed
  File "/Users/seanazulay/Desktop/StockBots/LumoTrade/ml-backend/app.py", line 16, in <module>
    from src.api import health, prediction, backtest, models_info, training_ultimate
  File "/Users/seanazulay/Desktop/StockBots/LumoTrade/ml-backend/src/api/prediction.py", line 12, in <module>
    from src.core.inference.engine import PanelPredictionEngine
  File "/Users/seanazulay/Desktop/StockBots/LumoTrade/ml-backend/src/core/inference/engine.py", line 15, in <module>
    from src.core.features import (
ImportError: cannot import name 'build_technical_features' from 'src.core.features' (/Users/seanazulay/Desktop/StockBots/LumoTrade/ml-backend/src/core/features/__init__.py)
WARNING:  WatchFiles detected changes in 'src/core/trading/high_confidence_strategy.py'. Reloading...
Process SpawnProcess-220:
Traceback (most recent call last):
  File "/Users/seanazulay/.pyenv/versions/3.10.0/lib/python3.10/multiprocessing/process.py", line 315, in _bootstrap
    self.run()
  File "/Users/seanazulay/.pyenv/versions/3.10.0/lib/python3.10/multiprocessing/process.py", line 108, in run
    self._target(*self._args, **self._kwargs)
  File "/Users/seanazulay/.pyenv/versions/3.10.0/lib/python3.10/site-packages/uvicorn/_subprocess.py", line 78, in subprocess_started
    target(sockets=sockets)
  File "/Users/seanazulay/.pyenv/versions/3.10.0/lib/python3.10/site-packages/uvicorn/server.py", line 62, in run
    return asyncio.run(self.serve(sockets=sockets))
  File "/Users/seanazulay/.pyenv/versions/3.10.0/lib/python3.10/asyncio/runners.py", line 44, in run
    return loop.run_until_complete(main)
  File "uvloop/loop.pyx", line 1518, in uvloop.loop.Loop.run_until_complete
  File "/Users/seanazulay/.pyenv/versions/3.10.0/lib/python3.10/site-packages/uvicorn/server.py", line 69, in serve
    config.load()
  File "/Users/seanazulay/.pyenv/versions/3.10.0/lib/python3.10/site-packages/uvicorn/config.py", line 458, in load
    self.loaded_app = import_from_string(self.app)
  File "/Users/seanazulay/.pyenv/versions/3.10.0/lib/python3.10/site-packages/uvicorn/importer.py", line 21, in import_from_string
    module = importlib.import_module(module_str)
  File "/Users/seanazulay/.pyenv/versions/3.10.0/lib/python3.10/importlib/__init__.py", line 126, in import_module
    return _bootstrap._gcd_import(name[level:], package, level)
  File "<frozen importlib._bootstrap>", line 1050, in _gcd_import
  File "<frozen importlib._bootstrap>", line 1027, in _find_and_load
  File "<frozen importlib._bootstrap>", line 1006, in _find_and_load_unlocked
  File "<frozen importlib._bootstrap>", line 688, in _load_unlocked
  File "<frozen importlib._bootstrap_external>", line 883, in exec_module
  File "<frozen importlib._bootstrap>", line 241, in _call_with_frames_removed
  File "/Users/seanazulay/Desktop/StockBots/LumoTrade/ml-backend/app.py", line 16, in <module>
    from src.api import health, prediction, backtest, models_info, training_ultimate
  File "/Users/seanazulay/Desktop/StockBots/LumoTrade/ml-backend/src/api/prediction.py", line 12, in <module>
    from src.core.inference.engine import PanelPredictionEngine
  File "/Users/seanazulay/Desktop/StockBots/LumoTrade/ml-backend/src/core/inference/engine.py", line 15, in <module>
    from src.core.features import (
ImportError: cannot import name 'build_technical_features' from 'src.core.features' (/Users/seanazulay/Desktop/StockBots/LumoTrade/ml-backend/src/core/features/__init__.py)
WARNING:  WatchFiles detected changes in 'src/core/trading/high_confidence_strategy.py'. Reloading...
Process SpawnProcess-221:
Traceback (most recent call last):
  File "/Users/seanazulay/.pyenv/versions/3.10.0/lib/python3.10/multiprocessing/process.py", line 315, in _bootstrap
    self.run()
  File "/Users/seanazulay/.pyenv/versions/3.10.0/lib/python3.10/multiprocessing/process.py", line 108, in run
    self._target(*self._args, **self._kwargs)
  File "/Users/seanazulay/.pyenv/versions/3.10.0/lib/python3.10/site-packages/uvicorn/_subprocess.py", line 78, in subprocess_started
    target(sockets=sockets)
  File "/Users/seanazulay/.pyenv/versions/3.10.0/lib/python3.10/site-packages/uvicorn/server.py", line 62, in run
    return asyncio.run(self.serve(sockets=sockets))
  File "/Users/seanazulay/.pyenv/versions/3.10.0/lib/python3.10/asyncio/runners.py", line 44, in run
    return loop.run_until_complete(main)
  File "uvloop/loop.pyx", line 1518, in uvloop.loop.Loop.run_until_complete
  File "/Users/seanazulay/.pyenv/versions/3.10.0/lib/python3.10/site-packages/uvicorn/server.py", line 69, in serve
    config.load()
  File "/Users/seanazulay/.pyenv/versions/3.10.0/lib/python3.10/site-packages/uvicorn/config.py", line 458, in load
    self.loaded_app = import_from_string(self.app)
  File "/Users/seanazulay/.pyenv/versions/3.10.0/lib/python3.10/site-packages/uvicorn/importer.py", line 21, in import_from_string
    module = importlib.import_module(module_str)
  File "/Users/seanazulay/.pyenv/versions/3.10.0/lib/python3.10/importlib/__init__.py", line 126, in import_module
    return _bootstrap._gcd_import(name[level:], package, level)
  File "<frozen importlib._bootstrap>", line 1050, in _gcd_import
  File "<frozen importlib._bootstrap>", line 1027, in _find_and_load
  File "<frozen importlib._bootstrap>", line 1006, in _find_and_load_unlocked
  File "<frozen importlib._bootstrap>", line 688, in _load_unlocked
  File "<frozen importlib._bootstrap_external>", line 883, in exec_module
  File "<frozen importlib._bootstrap>", line 241, in _call_with_frames_removed
  File "/Users/seanazulay/Desktop/StockBots/LumoTrade/ml-backend/app.py", line 16, in <module>
    from src.api import health, prediction, backtest, models_info, training_ultimate
  File "/Users/seanazulay/Desktop/StockBots/LumoTrade/ml-backend/src/api/prediction.py", line 12, in <module>
    from src.core.inference.engine import PanelPredictionEngine
  File "/Users/seanazulay/Desktop/StockBots/LumoTrade/ml-backend/src/core/inference/engine.py", line 15, in <module>
    from src.core.features import (
ImportError: cannot import name 'build_technical_features' from 'src.core.features' (/Users/seanazulay/Desktop/StockBots/LumoTrade/ml-backend/src/core/features/__init__.py)
WARNING:  WatchFiles detected changes in 'src/core/trading/high_confidence_strategy.py'. Reloading...
Process SpawnProcess-222:
Traceback (most recent call last):
  File "/Users/seanazulay/.pyenv/versions/3.10.0/lib/python3.10/multiprocessing/process.py", line 315, in _bootstrap
    self.run()
  File "/Users/seanazulay/.pyenv/versions/3.10.0/lib/python3.10/multiprocessing/process.py", line 108, in run
    self._target(*self._args, **self._kwargs)
  File "/Users/seanazulay/.pyenv/versions/3.10.0/lib/python3.10/site-packages/uvicorn/_subprocess.py", line 78, in subprocess_started
    target(sockets=sockets)
  File "/Users/seanazulay/.pyenv/versions/3.10.0/lib/python3.10/site-packages/uvicorn/server.py", line 62, in run
    return asyncio.run(self.serve(sockets=sockets))
  File "/Users/seanazulay/.pyenv/versions/3.10.0/lib/python3.10/asyncio/runners.py", line 44, in run
    return loop.run_until_complete(main)
  File "uvloop/loop.pyx", line 1518, in uvloop.loop.Loop.run_until_complete
  File "/Users/seanazulay/.pyenv/versions/3.10.0/lib/python3.10/site-packages/uvicorn/server.py", line 69, in serve
    config.load()
  File "/Users/seanazulay/.pyenv/versions/3.10.0/lib/python3.10/site-packages/uvicorn/config.py", line 458, in load
    self.loaded_app = import_from_string(self.app)
  File "/Users/seanazulay/.pyenv/versions/3.10.0/lib/python3.10/site-packages/uvicorn/importer.py", line 21, in import_from_string
    module = importlib.import_module(module_str)
  File "/Users/seanazulay/.pyenv/versions/3.10.0/lib/python3.10/importlib/__init__.py", line 126, in import_module
    return _bootstrap._gcd_import(name[level:], package, level)
  File "<frozen importlib._bootstrap>", line 1050, in _gcd_import
  File "<frozen importlib._bootstrap>", line 1027, in _find_and_load
  File "<frozen importlib._bootstrap>", line 1006, in _find_and_load_unlocked
  File "<frozen importlib._bootstrap>", line 688, in _load_unlocked
  File "<frozen importlib._bootstrap_external>", line 883, in exec_module
  File "<frozen importlib._bootstrap>", line 241, in _call_with_frames_removed
  File "/Users/seanazulay/Desktop/StockBots/LumoTrade/ml-backend/app.py", line 16, in <module>
    from src.api import health, prediction, backtest, models_info, training_ultimate
  File "/Users/seanazulay/Desktop/StockBots/LumoTrade/ml-backend/src/api/prediction.py", line 12, in <module>
    from src.core.inference.engine import PanelPredictionEngine
  File "/Users/seanazulay/Desktop/StockBots/LumoTrade/ml-backend/src/core/inference/engine.py", line 15, in <module>
    from src.core.features import (
ImportError: cannot import name 'build_technical_features' from 'src.core.features' (/Users/seanazulay/Desktop/StockBots/LumoTrade/ml-backend/src/core/features/__init__.py)
WARNING:  WatchFiles detected changes in 'src/core/features/advanced_predictive_features.py', 'src/core/trading/dynamic_stops.py', 'src/core/trading/high_confidence_strategy.py', 'src/core/features/core_features.py'. Reloading...
Process SpawnProcess-223:
Traceback (most recent call last):
  File "/Users/seanazulay/.pyenv/versions/3.10.0/lib/python3.10/multiprocessing/process.py", line 315, in _bootstrap
    self.run()
  File "/Users/seanazulay/.pyenv/versions/3.10.0/lib/python3.10/multiprocessing/process.py", line 108, in run
    self._target(*self._args, **self._kwargs)
  File "/Users/seanazulay/.pyenv/versions/3.10.0/lib/python3.10/site-packages/uvicorn/_subprocess.py", line 78, in subprocess_started
    target(sockets=sockets)
  File "/Users/seanazulay/.pyenv/versions/3.10.0/lib/python3.10/site-packages/uvicorn/server.py", line 62, in run
    return asyncio.run(self.serve(sockets=sockets))
  File "/Users/seanazulay/.pyenv/versions/3.10.0/lib/python3.10/asyncio/runners.py", line 44, in run
    return loop.run_until_complete(main)
  File "uvloop/loop.pyx", line 1518, in uvloop.loop.Loop.run_until_complete
  File "/Users/seanazulay/.pyenv/versions/3.10.0/lib/python3.10/site-packages/uvicorn/server.py", line 69, in serve
    config.load()
  File "/Users/seanazulay/.pyenv/versions/3.10.0/lib/python3.10/site-packages/uvicorn/config.py", line 458, in load
    self.loaded_app = import_from_string(self.app)
  File "/Users/seanazulay/.pyenv/versions/3.10.0/lib/python3.10/site-packages/uvicorn/importer.py", line 21, in import_from_string
    module = importlib.import_module(module_str)
  File "/Users/seanazulay/.pyenv/versions/3.10.0/lib/python3.10/importlib/__init__.py", line 126, in import_module
    return _bootstrap._gcd_import(name[level:], package, level)
  File "<frozen importlib._bootstrap>", line 1050, in _gcd_import
  File "<frozen importlib._bootstrap>", line 1027, in _find_and_load
  File "<frozen importlib._bootstrap>", line 1006, in _find_and_load_unlocked
  File "<frozen importlib._bootstrap>", line 688, in _load_unlocked
  File "<frozen importlib._bootstrap_external>", line 883, in exec_module
  File "<frozen importlib._bootstrap>", line 241, in _call_with_frames_removed
  File "/Users/seanazulay/Desktop/StockBots/LumoTrade/ml-backend/app.py", line 16, in <module>
    from src.api import health, prediction, backtest, models_info, training_ultimate
  File "/Users/seanazulay/Desktop/StockBots/LumoTrade/ml-backend/src/api/prediction.py", line 12, in <module>
    from src.core.inference.engine import PanelPredictionEngine
  File "/Users/seanazulay/Desktop/StockBots/LumoTrade/ml-backend/src/core/inference/engine.py", line 15, in <module>
    from src.core.features import (
ImportError: cannot import name 'build_technical_features' from 'src.core.features' (/Users/seanazulay/Desktop/StockBots/LumoTrade/ml-backend/src/core/features/__init__.py)
WARNING:  WatchFiles detected changes in 'src/core/training/ultimate_trainer.py'. Reloading...
Process SpawnProcess-224:
Traceback (most recent call last):
  File "/Users/seanazulay/.pyenv/versions/3.10.0/lib/python3.10/multiprocessing/process.py", line 315, in _bootstrap
    self.run()
  File "/Users/seanazulay/.pyenv/versions/3.10.0/lib/python3.10/multiprocessing/process.py", line 108, in run
    self._target(*self._args, **self._kwargs)
  File "/Users/seanazulay/.pyenv/versions/3.10.0/lib/python3.10/site-packages/uvicorn/_subprocess.py", line 78, in subprocess_started
    target(sockets=sockets)
  File "/Users/seanazulay/.pyenv/versions/3.10.0/lib/python3.10/site-packages/uvicorn/server.py", line 62, in run
    return asyncio.run(self.serve(sockets=sockets))
  File "/Users/seanazulay/.pyenv/versions/3.10.0/lib/python3.10/asyncio/runners.py", line 44, in run
    return loop.run_until_complete(main)
  File "uvloop/loop.pyx", line 1518, in uvloop.loop.Loop.run_until_complete
  File "/Users/seanazulay/.pyenv/versions/3.10.0/lib/python3.10/site-packages/uvicorn/server.py", line 69, in serve
    config.load()
  File "/Users/seanazulay/.pyenv/versions/3.10.0/lib/python3.10/site-packages/uvicorn/config.py", line 458, in load
    self.loaded_app = import_from_string(self.app)
  File "/Users/seanazulay/.pyenv/versions/3.10.0/lib/python3.10/site-packages/uvicorn/importer.py", line 21, in import_from_string
    module = importlib.import_module(module_str)
  File "/Users/seanazulay/.pyenv/versions/3.10.0/lib/python3.10/importlib/__init__.py", line 126, in import_module
    return _bootstrap._gcd_import(name[level:], package, level)
  File "<frozen importlib._bootstrap>", line 1050, in _gcd_import
  File "<frozen importlib._bootstrap>", line 1027, in _find_and_load
  File "<frozen importlib._bootstrap>", line 1006, in _find_and_load_unlocked
  File "<frozen importlib._bootstrap>", line 688, in _load_unlocked
  File "<frozen importlib._bootstrap_external>", line 883, in exec_module
  File "<frozen importlib._bootstrap>", line 241, in _call_with_frames_removed
  File "/Users/seanazulay/Desktop/StockBots/LumoTrade/ml-backend/app.py", line 16, in <module>
    from src.api import health, prediction, backtest, models_info, training_ultimate
  File "/Users/seanazulay/Desktop/StockBots/LumoTrade/ml-backend/src/api/prediction.py", line 12, in <module>
    from src.core.inference.engine import PanelPredictionEngine
  File "/Users/seanazulay/Desktop/StockBots/LumoTrade/ml-backend/src/core/inference/engine.py", line 15, in <module>
    from src.core.features import (
ImportError: cannot import name 'build_technical_features' from 'src.core.features' (/Users/seanazulay/Desktop/StockBots/LumoTrade/ml-backend/src/core/features/__init__.py)
WARNING:  WatchFiles detected changes in 'src/core/training/ultimate_trainer.py'. Reloading...
Process SpawnProcess-225:
Traceback (most recent call last):
  File "/Users/seanazulay/.pyenv/versions/3.10.0/lib/python3.10/multiprocessing/process.py", line 315, in _bootstrap
    self.run()
  File "/Users/seanazulay/.pyenv/versions/3.10.0/lib/python3.10/multiprocessing/process.py", line 108, in run
    self._target(*self._args, **self._kwargs)
  File "/Users/seanazulay/.pyenv/versions/3.10.0/lib/python3.10/site-packages/uvicorn/_subprocess.py", line 78, in subprocess_started
    target(sockets=sockets)
  File "/Users/seanazulay/.pyenv/versions/3.10.0/lib/python3.10/site-packages/uvicorn/server.py", line 62, in run
    return asyncio.run(self.serve(sockets=sockets))
  File "/Users/seanazulay/.pyenv/versions/3.10.0/lib/python3.10/asyncio/runners.py", line 44, in run
    return loop.run_until_complete(main)
  File "uvloop/loop.pyx", line 1518, in uvloop.loop.Loop.run_until_complete
  File "/Users/seanazulay/.pyenv/versions/3.10.0/lib/python3.10/site-packages/uvicorn/server.py", line 69, in serve
    config.load()
  File "/Users/seanazulay/.pyenv/versions/3.10.0/lib/python3.10/site-packages/uvicorn/config.py", line 458, in load
    self.loaded_app = import_from_string(self.app)
  File "/Users/seanazulay/.pyenv/versions/3.10.0/lib/python3.10/site-packages/uvicorn/importer.py", line 21, in import_from_string
    module = importlib.import_module(module_str)
  File "/Users/seanazulay/.pyenv/versions/3.10.0/lib/python3.10/importlib/__init__.py", line 126, in import_module
    return _bootstrap._gcd_import(name[level:], package, level)
  File "<frozen importlib._bootstrap>", line 1050, in _gcd_import
  File "<frozen importlib._bootstrap>", line 1027, in _find_and_load
  File "<frozen importlib._bootstrap>", line 1006, in _find_and_load_unlocked
  File "<frozen importlib._bootstrap>", line 688, in _load_unlocked
  File "<frozen importlib._bootstrap_external>", line 883, in exec_module
  File "<frozen importlib._bootstrap>", line 241, in _call_with_frames_removed
  File "/Users/seanazulay/Desktop/StockBots/LumoTrade/ml-backend/app.py", line 16, in <module>
    from src.api import health, prediction, backtest, models_info, training_ultimate
  File "/Users/seanazulay/Desktop/StockBots/LumoTrade/ml-backend/src/api/prediction.py", line 12, in <module>
    from src.core.inference.engine import PanelPredictionEngine
  File "/Users/seanazulay/Desktop/StockBots/LumoTrade/ml-backend/src/core/inference/engine.py", line 15, in <module>
    from src.core.features import (
ImportError: cannot import name 'build_technical_features' from 'src.core.features' (/Users/seanazulay/Desktop/StockBots/LumoTrade/ml-backend/src/core/features/__init__.py)
WARNING:  WatchFiles detected changes in 'src/core/trading/multi_timeframe_trader.py'. Reloading...
WARNING:  WatchFiles detected changes in 'src/core/trading/multi_timeframe_trader.py'. Reloading...
Process SpawnProcess-227:
Traceback (most recent call last):
  File "/Users/seanazulay/.pyenv/versions/3.10.0/lib/python3.10/multiprocessing/process.py", line 315, in _bootstrap
    self.run()
  File "/Users/seanazulay/.pyenv/versions/3.10.0/lib/python3.10/multiprocessing/process.py", line 108, in run
    self._target(*self._args, **self._kwargs)
  File "/Users/seanazulay/.pyenv/versions/3.10.0/lib/python3.10/site-packages/uvicorn/_subprocess.py", line 78, in subprocess_started
    target(sockets=sockets)
  File "/Users/seanazulay/.pyenv/versions/3.10.0/lib/python3.10/site-packages/uvicorn/server.py", line 62, in run
    return asyncio.run(self.serve(sockets=sockets))
  File "/Users/seanazulay/.pyenv/versions/3.10.0/lib/python3.10/asyncio/runners.py", line 44, in run
    return loop.run_until_complete(main)
  File "uvloop/loop.pyx", line 1518, in uvloop.loop.Loop.run_until_complete
  File "/Users/seanazulay/.pyenv/versions/3.10.0/lib/python3.10/site-packages/uvicorn/server.py", line 69, in serve
    config.load()
  File "/Users/seanazulay/.pyenv/versions/3.10.0/lib/python3.10/site-packages/uvicorn/config.py", line 458, in load
    self.loaded_app = import_from_string(self.app)
  File "/Users/seanazulay/.pyenv/versions/3.10.0/lib/python3.10/site-packages/uvicorn/importer.py", line 21, in import_from_string
    module = importlib.import_module(module_str)
  File "/Users/seanazulay/.pyenv/versions/3.10.0/lib/python3.10/importlib/__init__.py", line 126, in import_module
    return _bootstrap._gcd_import(name[level:], package, level)
  File "<frozen importlib._bootstrap>", line 1050, in _gcd_import
  File "<frozen importlib._bootstrap>", line 1027, in _find_and_load
  File "<frozen importlib._bootstrap>", line 1006, in _find_and_load_unlocked
  File "<frozen importlib._bootstrap>", line 688, in _load_unlocked
  File "<frozen importlib._bootstrap_external>", line 883, in exec_module
  File "<frozen importlib._bootstrap>", line 241, in _call_with_frames_removed
  File "/Users/seanazulay/Desktop/StockBots/LumoTrade/ml-backend/app.py", line 16, in <module>
    from src.api import health, prediction, backtest, models_info, training_ultimate
  File "/Users/seanazulay/Desktop/StockBots/LumoTrade/ml-backend/src/api/prediction.py", line 12, in <module>
    from src.core.inference.engine import PanelPredictionEngine
  File "/Users/seanazulay/Desktop/StockBots/LumoTrade/ml-backend/src/core/inference/engine.py", line 15, in <module>
    from src.core.features import (
ImportError: cannot import name 'build_technical_features' from 'src.core.features' (/Users/seanazulay/Desktop/StockBots/LumoTrade/ml-backend/src/core/features/__init__.py)
WARNING:  WatchFiles detected changes in 'src/core/trading/multi_timeframe_trader.py'. Reloading...
Process SpawnProcess-228:
Traceback (most recent call last):
  File "/Users/seanazulay/.pyenv/versions/3.10.0/lib/python3.10/multiprocessing/process.py", line 315, in _bootstrap
    self.run()
  File "/Users/seanazulay/.pyenv/versions/3.10.0/lib/python3.10/multiprocessing/process.py", line 108, in run
    self._target(*self._args, **self._kwargs)
  File "/Users/seanazulay/.pyenv/versions/3.10.0/lib/python3.10/site-packages/uvicorn/_subprocess.py", line 78, in subprocess_started
    target(sockets=sockets)
  File "/Users/seanazulay/.pyenv/versions/3.10.0/lib/python3.10/site-packages/uvicorn/server.py", line 62, in run
    return asyncio.run(self.serve(sockets=sockets))
  File "/Users/seanazulay/.pyenv/versions/3.10.0/lib/python3.10/asyncio/runners.py", line 44, in run
    return loop.run_until_complete(main)
  File "uvloop/loop.pyx", line 1518, in uvloop.loop.Loop.run_until_complete
  File "/Users/seanazulay/.pyenv/versions/3.10.0/lib/python3.10/site-packages/uvicorn/server.py", line 69, in serve
    config.load()
  File "/Users/seanazulay/.pyenv/versions/3.10.0/lib/python3.10/site-packages/uvicorn/config.py", line 458, in load
    self.loaded_app = import_from_string(self.app)
  File "/Users/seanazulay/.pyenv/versions/3.10.0/lib/python3.10/site-packages/uvicorn/importer.py", line 21, in import_from_string
    module = importlib.import_module(module_str)
  File "/Users/seanazulay/.pyenv/versions/3.10.0/lib/python3.10/importlib/__init__.py", line 126, in import_module
    return _bootstrap._gcd_import(name[level:], package, level)
  File "<frozen importlib._bootstrap>", line 1050, in _gcd_import
  File "<frozen importlib._bootstrap>", line 1027, in _find_and_load
  File "<frozen importlib._bootstrap>", line 1006, in _find_and_load_unlocked
  File "<frozen importlib._bootstrap>", line 688, in _load_unlocked
  File "<frozen importlib._bootstrap_external>", line 883, in exec_module
  File "<frozen importlib._bootstrap>", line 241, in _call_with_frames_removed
  File "/Users/seanazulay/Desktop/StockBots/LumoTrade/ml-backend/app.py", line 16, in <module>
    from src.api import health, prediction, backtest, models_info, training_ultimate
  File "/Users/seanazulay/Desktop/StockBots/LumoTrade/ml-backend/src/api/prediction.py", line 12, in <module>
    from src.core.inference.engine import PanelPredictionEngine
  File "/Users/seanazulay/Desktop/StockBots/LumoTrade/ml-backend/src/core/inference/engine.py", line 15, in <module>
    from src.core.features import (
ImportError: cannot import name 'build_technical_features' from 'src.core.features' (/Users/seanazulay/Desktop/StockBots/LumoTrade/ml-backend/src/core/features/__init__.py)
WARNING:  WatchFiles detected changes in 'train_1h_model.py'. Reloading...
WARNING:  WatchFiles detected changes in 'train_1h_model.py'. Reloading...
WARNING:  WatchFiles detected changes in 'train_1h_model.py'. Reloading...
Process SpawnProcess-231:
Traceback (most recent call last):
  File "/Users/seanazulay/.pyenv/versions/3.10.0/lib/python3.10/multiprocessing/process.py", line 315, in _bootstrap
    self.run()
  File "/Users/seanazulay/.pyenv/versions/3.10.0/lib/python3.10/multiprocessing/process.py", line 108, in run
    self._target(*self._args, **self._kwargs)
  File "/Users/seanazulay/.pyenv/versions/3.10.0/lib/python3.10/site-packages/uvicorn/_subprocess.py", line 78, in subprocess_started
    target(sockets=sockets)
  File "/Users/seanazulay/.pyenv/versions/3.10.0/lib/python3.10/site-packages/uvicorn/server.py", line 62, in run
    return asyncio.run(self.serve(sockets=sockets))
  File "/Users/seanazulay/.pyenv/versions/3.10.0/lib/python3.10/asyncio/runners.py", line 44, in run
    return loop.run_until_complete(main)
  File "uvloop/loop.pyx", line 1518, in uvloop.loop.Loop.run_until_complete
  File "/Users/seanazulay/.pyenv/versions/3.10.0/lib/python3.10/site-packages/uvicorn/server.py", line 69, in serve
    config.load()
  File "/Users/seanazulay/.pyenv/versions/3.10.0/lib/python3.10/site-packages/uvicorn/config.py", line 458, in load
    self.loaded_app = import_from_string(self.app)
  File "/Users/seanazulay/.pyenv/versions/3.10.0/lib/python3.10/site-packages/uvicorn/importer.py", line 21, in import_from_string
    module = importlib.import_module(module_str)
  File "/Users/seanazulay/.pyenv/versions/3.10.0/lib/python3.10/importlib/__init__.py", line 126, in import_module
    return _bootstrap._gcd_import(name[level:], package, level)
  File "<frozen importlib._bootstrap>", line 1050, in _gcd_import
  File "<frozen importlib._bootstrap>", line 1027, in _find_and_load
  File "<frozen importlib._bootstrap>", line 1006, in _find_and_load_unlocked
  File "<frozen importlib._bootstrap>", line 688, in _load_unlocked
  File "<frozen importlib._bootstrap_external>", line 883, in exec_module
  File "<frozen importlib._bootstrap>", line 241, in _call_with_frames_removed
  File "/Users/seanazulay/Desktop/StockBots/LumoTrade/ml-backend/app.py", line 16, in <module>
    from src.api import health, prediction, backtest, models_info, training_ultimate
  File "/Users/seanazulay/Desktop/StockBots/LumoTrade/ml-backend/src/api/prediction.py", line 12, in <module>
    from src.core.inference.engine import PanelPredictionEngine
  File "/Users/seanazulay/Desktop/StockBots/LumoTrade/ml-backend/src/core/inference/engine.py", line 15, in <module>
    from src.core.features import (
ImportError: cannot import name 'build_technical_features' from 'src.core.features' (/Users/seanazulay/Desktop/StockBots/LumoTrade/ml-backend/src/core/features/__init__.py)
WARNING:  WatchFiles detected changes in 'train_4h_model.py'. Reloading...
WARNING:  WatchFiles detected changes in 'train_4h_model.py'. Reloading...
Process SpawnProcess-233:
Traceback (most recent call last):
  File "/Users/seanazulay/.pyenv/versions/3.10.0/lib/python3.10/multiprocessing/process.py", line 315, in _bootstrap
    self.run()
  File "/Users/seanazulay/.pyenv/versions/3.10.0/lib/python3.10/multiprocessing/process.py", line 108, in run
    self._target(*self._args, **self._kwargs)
  File "/Users/seanazulay/.pyenv/versions/3.10.0/lib/python3.10/site-packages/uvicorn/_subprocess.py", line 78, in subprocess_started
    target(sockets=sockets)
  File "/Users/seanazulay/.pyenv/versions/3.10.0/lib/python3.10/site-packages/uvicorn/server.py", line 62, in run
    return asyncio.run(self.serve(sockets=sockets))
  File "/Users/seanazulay/.pyenv/versions/3.10.0/lib/python3.10/asyncio/runners.py", line 44, in run
    return loop.run_until_complete(main)
  File "uvloop/loop.pyx", line 1518, in uvloop.loop.Loop.run_until_complete
  File "/Users/seanazulay/.pyenv/versions/3.10.0/lib/python3.10/site-packages/uvicorn/server.py", line 69, in serve
    config.load()
  File "/Users/seanazulay/.pyenv/versions/3.10.0/lib/python3.10/site-packages/uvicorn/config.py", line 458, in load
    self.loaded_app = import_from_string(self.app)
  File "/Users/seanazulay/.pyenv/versions/3.10.0/lib/python3.10/site-packages/uvicorn/importer.py", line 21, in import_from_string
    module = importlib.import_module(module_str)
  File "/Users/seanazulay/.pyenv/versions/3.10.0/lib/python3.10/importlib/__init__.py", line 126, in import_module
    return _bootstrap._gcd_import(name[level:], package, level)
  File "<frozen importlib._bootstrap>", line 1050, in _gcd_import
  File "<frozen importlib._bootstrap>", line 1027, in _find_and_load
  File "<frozen importlib._bootstrap>", line 1006, in _find_and_load_unlocked
  File "<frozen importlib._bootstrap>", line 688, in _load_unlocked
  File "<frozen importlib._bootstrap_external>", line 883, in exec_module
  File "<frozen importlib._bootstrap>", line 241, in _call_with_frames_removed
  File "/Users/seanazulay/Desktop/StockBots/LumoTrade/ml-backend/app.py", line 16, in <module>
    from src.api import health, prediction, backtest, models_info, training_ultimate
  File "/Users/seanazulay/Desktop/StockBots/LumoTrade/ml-backend/src/api/prediction.py", line 12, in <module>
    from src.core.inference.engine import PanelPredictionEngine
  File "/Users/seanazulay/Desktop/StockBots/LumoTrade/ml-backend/src/core/inference/engine.py", line 15, in <module>
    from src.core.features import (
ImportError: cannot import name 'build_technical_features' from 'src.core.features' (/Users/seanazulay/Desktop/StockBots/LumoTrade/ml-backend/src/core/features/__init__.py)
WARNING:  WatchFiles detected changes in 'test_multi_timeframe.py'. Reloading...
WARNING:  WatchFiles detected changes in 'test_multi_timeframe.py'. Reloading...
WARNING:  WatchFiles detected changes in 'test_multi_timeframe.py'. Reloading...
Process SpawnProcess-236:
Traceback (most recent call last):
  File "/Users/seanazulay/.pyenv/versions/3.10.0/lib/python3.10/multiprocessing/process.py", line 315, in _bootstrap
    self.run()
  File "/Users/seanazulay/.pyenv/versions/3.10.0/lib/python3.10/multiprocessing/process.py", line 108, in run
    self._target(*self._args, **self._kwargs)
  File "/Users/seanazulay/.pyenv/versions/3.10.0/lib/python3.10/site-packages/uvicorn/_subprocess.py", line 78, in subprocess_started
    target(sockets=sockets)
  File "/Users/seanazulay/.pyenv/versions/3.10.0/lib/python3.10/site-packages/uvicorn/server.py", line 62, in run
    return asyncio.run(self.serve(sockets=sockets))
  File "/Users/seanazulay/.pyenv/versions/3.10.0/lib/python3.10/asyncio/runners.py", line 44, in run
    return loop.run_until_complete(main)
  File "uvloop/loop.pyx", line 1518, in uvloop.loop.Loop.run_until_complete
  File "/Users/seanazulay/.pyenv/versions/3.10.0/lib/python3.10/site-packages/uvicorn/server.py", line 69, in serve
    config.load()
  File "/Users/seanazulay/.pyenv/versions/3.10.0/lib/python3.10/site-packages/uvicorn/config.py", line 458, in load
    self.loaded_app = import_from_string(self.app)
  File "/Users/seanazulay/.pyenv/versions/3.10.0/lib/python3.10/site-packages/uvicorn/importer.py", line 21, in import_from_string
    module = importlib.import_module(module_str)
  File "/Users/seanazulay/.pyenv/versions/3.10.0/lib/python3.10/importlib/__init__.py", line 126, in import_module
    return _bootstrap._gcd_import(name[level:], package, level)
  File "<frozen importlib._bootstrap>", line 1050, in _gcd_import
  File "<frozen importlib._bootstrap>", line 1027, in _find_and_load
  File "<frozen importlib._bootstrap>", line 1006, in _find_and_load_unlocked
  File "<frozen importlib._bootstrap>", line 688, in _load_unlocked
  File "<frozen importlib._bootstrap_external>", line 883, in exec_module
  File "<frozen importlib._bootstrap>", line 241, in _call_with_frames_removed
  File "/Users/seanazulay/Desktop/StockBots/LumoTrade/ml-backend/app.py", line 16, in <module>
    from src.api import health, prediction, backtest, models_info, training_ultimate
  File "/Users/seanazulay/Desktop/StockBots/LumoTrade/ml-backend/src/api/prediction.py", line 12, in <module>
    from src.core.inference.engine import PanelPredictionEngine
  File "/Users/seanazulay/Desktop/StockBots/LumoTrade/ml-backend/src/core/inference/engine.py", line 15, in <module>
    from src.core.features import (
ImportError: cannot import name 'build_technical_features' from 'src.core.features' (/Users/seanazulay/Desktop/StockBots/LumoTrade/ml-backend/src/core/features/__init__.py)
WARNING:  WatchFiles detected changes in 'train_4h_model.py', 'test_multi_timeframe.py', 'train_1h_model.py'. Reloading...
Process SpawnProcess-237:
Traceback (most recent call last):
  File "/Users/seanazulay/.pyenv/versions/3.10.0/lib/python3.10/multiprocessing/process.py", line 315, in _bootstrap
    self.run()
  File "/Users/seanazulay/.pyenv/versions/3.10.0/lib/python3.10/multiprocessing/process.py", line 108, in run
    self._target(*self._args, **self._kwargs)
  File "/Users/seanazulay/.pyenv/versions/3.10.0/lib/python3.10/site-packages/uvicorn/_subprocess.py", line 78, in subprocess_started
    target(sockets=sockets)
  File "/Users/seanazulay/.pyenv/versions/3.10.0/lib/python3.10/site-packages/uvicorn/server.py", line 62, in run
    return asyncio.run(self.serve(sockets=sockets))
  File "/Users/seanazulay/.pyenv/versions/3.10.0/lib/python3.10/asyncio/runners.py", line 44, in run
    return loop.run_until_complete(main)
  File "uvloop/loop.pyx", line 1518, in uvloop.loop.Loop.run_until_complete
  File "/Users/seanazulay/.pyenv/versions/3.10.0/lib/python3.10/site-packages/uvicorn/server.py", line 69, in serve
    config.load()
  File "/Users/seanazulay/.pyenv/versions/3.10.0/lib/python3.10/site-packages/uvicorn/config.py", line 458, in load
    self.loaded_app = import_from_string(self.app)
  File "/Users/seanazulay/.pyenv/versions/3.10.0/lib/python3.10/site-packages/uvicorn/importer.py", line 21, in import_from_string
    module = importlib.import_module(module_str)
  File "/Users/seanazulay/.pyenv/versions/3.10.0/lib/python3.10/importlib/__init__.py", line 126, in import_module
    return _bootstrap._gcd_import(name[level:], package, level)
  File "<frozen importlib._bootstrap>", line 1050, in _gcd_import
  File "<frozen importlib._bootstrap>", line 1027, in _find_and_load
  File "<frozen importlib._bootstrap>", line 1006, in _find_and_load_unlocked
  File "<frozen importlib._bootstrap>", line 688, in _load_unlocked
  File "<frozen importlib._bootstrap_external>", line 883, in exec_module
  File "<frozen importlib._bootstrap>", line 241, in _call_with_frames_removed
  File "/Users/seanazulay/Desktop/StockBots/LumoTrade/ml-backend/app.py", line 16, in <module>
    from src.api import health, prediction, backtest, models_info, training_ultimate
  File "/Users/seanazulay/Desktop/StockBots/LumoTrade/ml-backend/src/api/prediction.py", line 12, in <module>
    from src.core.inference.engine import PanelPredictionEngine
  File "/Users/seanazulay/Desktop/StockBots/LumoTrade/ml-backend/src/core/inference/engine.py", line 15, in <module>
    from src.core.features import (
ImportError: cannot import name 'build_technical_features' from 'src.core.features' (/Users/seanazulay/Desktop/StockBots/LumoTrade/ml-backend/src/core/features/__init__.py)
WARNING:  WatchFiles detected changes in 'train_4h_model.py', 'test_multi_timeframe.py', 'train_1h_model.py'. Reloading...
Process SpawnProcess-238:
Traceback (most recent call last):
  File "/Users/seanazulay/.pyenv/versions/3.10.0/lib/python3.10/multiprocessing/process.py", line 315, in _bootstrap
    self.run()
  File "/Users/seanazulay/.pyenv/versions/3.10.0/lib/python3.10/multiprocessing/process.py", line 108, in run
    self._target(*self._args, **self._kwargs)
  File "/Users/seanazulay/.pyenv/versions/3.10.0/lib/python3.10/site-packages/uvicorn/_subprocess.py", line 78, in subprocess_started
    target(sockets=sockets)
  File "/Users/seanazulay/.pyenv/versions/3.10.0/lib/python3.10/site-packages/uvicorn/server.py", line 62, in run
    return asyncio.run(self.serve(sockets=sockets))
  File "/Users/seanazulay/.pyenv/versions/3.10.0/lib/python3.10/asyncio/runners.py", line 44, in run
    return loop.run_until_complete(main)
  File "uvloop/loop.pyx", line 1518, in uvloop.loop.Loop.run_until_complete
  File "/Users/seanazulay/.pyenv/versions/3.10.0/lib/python3.10/site-packages/uvicorn/server.py", line 69, in serve
    config.load()
  File "/Users/seanazulay/.pyenv/versions/3.10.0/lib/python3.10/site-packages/uvicorn/config.py", line 458, in load
    self.loaded_app = import_from_string(self.app)
  File "/Users/seanazulay/.pyenv/versions/3.10.0/lib/python3.10/site-packages/uvicorn/importer.py", line 21, in import_from_string
    module = importlib.import_module(module_str)
  File "/Users/seanazulay/.pyenv/versions/3.10.0/lib/python3.10/importlib/__init__.py", line 126, in import_module
    return _bootstrap._gcd_import(name[level:], package, level)
  File "<frozen importlib._bootstrap>", line 1050, in _gcd_import
  File "<frozen importlib._bootstrap>", line 1027, in _find_and_load
  File "<frozen importlib._bootstrap>", line 1006, in _find_and_load_unlocked
  File "<frozen importlib._bootstrap>", line 688, in _load_unlocked
  File "<frozen importlib._bootstrap_external>", line 883, in exec_module
  File "<frozen importlib._bootstrap>", line 241, in _call_with_frames_removed
  File "/Users/seanazulay/Desktop/StockBots/LumoTrade/ml-backend/app.py", line 16, in <module>
    from src.api import health, prediction, backtest, models_info, training_ultimate
  File "/Users/seanazulay/Desktop/StockBots/LumoTrade/ml-backend/src/api/prediction.py", line 12, in <module>
    from src.core.inference.engine import PanelPredictionEngine
  File "/Users/seanazulay/Desktop/StockBots/LumoTrade/ml-backend/src/core/inference/engine.py", line 15, in <module>
    from src.core.features import (
ImportError: cannot import name 'build_technical_features' from 'src.core.features' (/Users/seanazulay/Desktop/StockBots/LumoTrade/ml-backend/src/core/features/__init__.py)
WARNING:  WatchFiles detected changes in 'run_full_multi_timeframe_training.py'. Reloading...
WARNING:  WatchFiles detected changes in 'run_full_multi_timeframe_training.py'. Reloading...
WARNING:  WatchFiles detected changes in 'run_full_multi_timeframe_training.py'. Reloading...
Process SpawnProcess-241:
Traceback (most recent call last):
  File "/Users/seanazulay/.pyenv/versions/3.10.0/lib/python3.10/multiprocessing/process.py", line 315, in _bootstrap
    self.run()
  File "/Users/seanazulay/.pyenv/versions/3.10.0/lib/python3.10/multiprocessing/process.py", line 108, in run
    self._target(*self._args, **self._kwargs)
  File "/Users/seanazulay/.pyenv/versions/3.10.0/lib/python3.10/site-packages/uvicorn/_subprocess.py", line 78, in subprocess_started
    target(sockets=sockets)
  File "/Users/seanazulay/.pyenv/versions/3.10.0/lib/python3.10/site-packages/uvicorn/server.py", line 62, in run
    return asyncio.run(self.serve(sockets=sockets))
  File "/Users/seanazulay/.pyenv/versions/3.10.0/lib/python3.10/asyncio/runners.py", line 44, in run
    return loop.run_until_complete(main)
  File "uvloop/loop.pyx", line 1518, in uvloop.loop.Loop.run_until_complete
  File "/Users/seanazulay/.pyenv/versions/3.10.0/lib/python3.10/site-packages/uvicorn/server.py", line 69, in serve
    config.load()
  File "/Users/seanazulay/.pyenv/versions/3.10.0/lib/python3.10/site-packages/uvicorn/config.py", line 458, in load
    self.loaded_app = import_from_string(self.app)
  File "/Users/seanazulay/.pyenv/versions/3.10.0/lib/python3.10/site-packages/uvicorn/importer.py", line 21, in import_from_string
    module = importlib.import_module(module_str)
  File "/Users/seanazulay/.pyenv/versions/3.10.0/lib/python3.10/importlib/__init__.py", line 126, in import_module
    return _bootstrap._gcd_import(name[level:], package, level)
  File "<frozen importlib._bootstrap>", line 1050, in _gcd_import
  File "<frozen importlib._bootstrap>", line 1027, in _find_and_load
  File "<frozen importlib._bootstrap>", line 1006, in _find_and_load_unlocked
  File "<frozen importlib._bootstrap>", line 688, in _load_unlocked
  File "<frozen importlib._bootstrap_external>", line 883, in exec_module
  File "<frozen importlib._bootstrap>", line 241, in _call_with_frames_removed
  File "/Users/seanazulay/Desktop/StockBots/LumoTrade/ml-backend/app.py", line 16, in <module>
    from src.api import health, prediction, backtest, models_info, training_ultimate
  File "/Users/seanazulay/Desktop/StockBots/LumoTrade/ml-backend/src/api/prediction.py", line 12, in <module>
    from src.core.inference.engine import PanelPredictionEngine
  File "/Users/seanazulay/Desktop/StockBots/LumoTrade/ml-backend/src/core/inference/engine.py", line 15, in <module>
    from src.core.features import (
ImportError: cannot import name 'build_technical_features' from 'src.core.features' (/Users/seanazulay/Desktop/StockBots/LumoTrade/ml-backend/src/core/features/__init__.py)
WARNING:  WatchFiles detected changes in 'run_full_multi_timeframe_training.py'. Reloading...
Process SpawnProcess-242:
Traceback (most recent call last):
  File "/Users/seanazulay/.pyenv/versions/3.10.0/lib/python3.10/multiprocessing/process.py", line 315, in _bootstrap
    self.run()
  File "/Users/seanazulay/.pyenv/versions/3.10.0/lib/python3.10/multiprocessing/process.py", line 108, in run
    self._target(*self._args, **self._kwargs)
  File "/Users/seanazulay/.pyenv/versions/3.10.0/lib/python3.10/site-packages/uvicorn/_subprocess.py", line 78, in subprocess_started
    target(sockets=sockets)
  File "/Users/seanazulay/.pyenv/versions/3.10.0/lib/python3.10/site-packages/uvicorn/server.py", line 62, in run
    return asyncio.run(self.serve(sockets=sockets))
  File "/Users/seanazulay/.pyenv/versions/3.10.0/lib/python3.10/asyncio/runners.py", line 44, in run
    return loop.run_until_complete(main)
  File "uvloop/loop.pyx", line 1518, in uvloop.loop.Loop.run_until_complete
  File "/Users/seanazulay/.pyenv/versions/3.10.0/lib/python3.10/site-packages/uvicorn/server.py", line 69, in serve
    config.load()
  File "/Users/seanazulay/.pyenv/versions/3.10.0/lib/python3.10/site-packages/uvicorn/config.py", line 458, in load
    self.loaded_app = import_from_string(self.app)
  File "/Users/seanazulay/.pyenv/versions/3.10.0/lib/python3.10/site-packages/uvicorn/importer.py", line 21, in import_from_string
    module = importlib.import_module(module_str)
  File "/Users/seanazulay/.pyenv/versions/3.10.0/lib/python3.10/importlib/__init__.py", line 126, in import_module
    return _bootstrap._gcd_import(name[level:], package, level)
  File "<frozen importlib._bootstrap>", line 1050, in _gcd_import
  File "<frozen importlib._bootstrap>", line 1027, in _find_and_load
  File "<frozen importlib._bootstrap>", line 1006, in _find_and_load_unlocked
  File "<frozen importlib._bootstrap>", line 688, in _load_unlocked
  File "<frozen importlib._bootstrap_external>", line 883, in exec_module
  File "<frozen importlib._bootstrap>", line 241, in _call_with_frames_removed
  File "/Users/seanazulay/Desktop/StockBots/LumoTrade/ml-backend/app.py", line 16, in <module>
    from src.api import health, prediction, backtest, models_info, training_ultimate
  File "/Users/seanazulay/Desktop/StockBots/LumoTrade/ml-backend/src/api/prediction.py", line 12, in <module>
    from src.core.inference.engine import PanelPredictionEngine
  File "/Users/seanazulay/Desktop/StockBots/LumoTrade/ml-backend/src/core/inference/engine.py", line 15, in <module>
    from src.core.features import (
ImportError: cannot import name 'build_technical_features' from 'src.core.features' (/Users/seanazulay/Desktop/StockBots/LumoTrade/ml-backend/src/core/features/__init__.py)
WARNING:  WatchFiles detected changes in 'train_1h_model.py'. Reloading...
Process SpawnProcess-243:
Traceback (most recent call last):
  File "/Users/seanazulay/.pyenv/versions/3.10.0/lib/python3.10/multiprocessing/process.py", line 315, in _bootstrap
    self.run()
  File "/Users/seanazulay/.pyenv/versions/3.10.0/lib/python3.10/multiprocessing/process.py", line 108, in run
    self._target(*self._args, **self._kwargs)
  File "/Users/seanazulay/.pyenv/versions/3.10.0/lib/python3.10/site-packages/uvicorn/_subprocess.py", line 78, in subprocess_started
    target(sockets=sockets)
  File "/Users/seanazulay/.pyenv/versions/3.10.0/lib/python3.10/site-packages/uvicorn/server.py", line 62, in run
    return asyncio.run(self.serve(sockets=sockets))
  File "/Users/seanazulay/.pyenv/versions/3.10.0/lib/python3.10/asyncio/runners.py", line 44, in run
    return loop.run_until_complete(main)
  File "uvloop/loop.pyx", line 1518, in uvloop.loop.Loop.run_until_complete
  File "/Users/seanazulay/.pyenv/versions/3.10.0/lib/python3.10/site-packages/uvicorn/server.py", line 69, in serve
    config.load()
  File "/Users/seanazulay/.pyenv/versions/3.10.0/lib/python3.10/site-packages/uvicorn/config.py", line 458, in load
    self.loaded_app = import_from_string(self.app)
  File "/Users/seanazulay/.pyenv/versions/3.10.0/lib/python3.10/site-packages/uvicorn/importer.py", line 21, in import_from_string
    module = importlib.import_module(module_str)
  File "/Users/seanazulay/.pyenv/versions/3.10.0/lib/python3.10/importlib/__init__.py", line 126, in import_module
    return _bootstrap._gcd_import(name[level:], package, level)
  File "<frozen importlib._bootstrap>", line 1050, in _gcd_import
  File "<frozen importlib._bootstrap>", line 1027, in _find_and_load
  File "<frozen importlib._bootstrap>", line 1006, in _find_and_load_unlocked
  File "<frozen importlib._bootstrap>", line 688, in _load_unlocked
  File "<frozen importlib._bootstrap_external>", line 883, in exec_module
  File "<frozen importlib._bootstrap>", line 241, in _call_with_frames_removed
  File "/Users/seanazulay/Desktop/StockBots/LumoTrade/ml-backend/app.py", line 16, in <module>
    from src.api import health, prediction, backtest, models_info, training_ultimate
  File "/Users/seanazulay/Desktop/StockBots/LumoTrade/ml-backend/src/api/prediction.py", line 12, in <module>
    from src.core.inference.engine import PanelPredictionEngine
  File "/Users/seanazulay/Desktop/StockBots/LumoTrade/ml-backend/src/core/inference/engine.py", line 15, in <module>
    from src.core.features import (
ImportError: cannot import name 'build_technical_features' from 'src.core.features' (/Users/seanazulay/Desktop/StockBots/LumoTrade/ml-backend/src/core/features/__init__.py)
WARNING:  WatchFiles detected changes in 'train_4h_model.py'. Reloading...
Process SpawnProcess-244:
Traceback (most recent call last):
  File "/Users/seanazulay/.pyenv/versions/3.10.0/lib/python3.10/multiprocessing/process.py", line 315, in _bootstrap
    self.run()
  File "/Users/seanazulay/.pyenv/versions/3.10.0/lib/python3.10/multiprocessing/process.py", line 108, in run
    self._target(*self._args, **self._kwargs)
  File "/Users/seanazulay/.pyenv/versions/3.10.0/lib/python3.10/site-packages/uvicorn/_subprocess.py", line 78, in subprocess_started
    target(sockets=sockets)
  File "/Users/seanazulay/.pyenv/versions/3.10.0/lib/python3.10/site-packages/uvicorn/server.py", line 62, in run
    return asyncio.run(self.serve(sockets=sockets))
  File "/Users/seanazulay/.pyenv/versions/3.10.0/lib/python3.10/asyncio/runners.py", line 44, in run
    return loop.run_until_complete(main)
  File "uvloop/loop.pyx", line 1518, in uvloop.loop.Loop.run_until_complete
  File "/Users/seanazulay/.pyenv/versions/3.10.0/lib/python3.10/site-packages/uvicorn/server.py", line 69, in serve
    config.load()
  File "/Users/seanazulay/.pyenv/versions/3.10.0/lib/python3.10/site-packages/uvicorn/config.py", line 458, in load
    self.loaded_app = import_from_string(self.app)
  File "/Users/seanazulay/.pyenv/versions/3.10.0/lib/python3.10/site-packages/uvicorn/importer.py", line 21, in import_from_string
    module = importlib.import_module(module_str)
  File "/Users/seanazulay/.pyenv/versions/3.10.0/lib/python3.10/importlib/__init__.py", line 126, in import_module
    return _bootstrap._gcd_import(name[level:], package, level)
  File "<frozen importlib._bootstrap>", line 1050, in _gcd_import
  File "<frozen importlib._bootstrap>", line 1027, in _find_and_load
  File "<frozen importlib._bootstrap>", line 1006, in _find_and_load_unlocked
  File "<frozen importlib._bootstrap>", line 688, in _load_unlocked
  File "<frozen importlib._bootstrap_external>", line 883, in exec_module
  File "<frozen importlib._bootstrap>", line 241, in _call_with_frames_removed
  File "/Users/seanazulay/Desktop/StockBots/LumoTrade/ml-backend/app.py", line 16, in <module>
    from src.api import health, prediction, backtest, models_info, training_ultimate
  File "/Users/seanazulay/Desktop/StockBots/LumoTrade/ml-backend/src/api/prediction.py", line 12, in <module>
    from src.core.inference.engine import PanelPredictionEngine
  File "/Users/seanazulay/Desktop/StockBots/LumoTrade/ml-backend/src/core/inference/engine.py", line 15, in <module>
    from src.core.features import (
ImportError: cannot import name 'build_technical_features' from 'src.core.features' (/Users/seanazulay/Desktop/StockBots/LumoTrade/ml-backend/src/core/features/__init__.py)
WARNING:  WatchFiles detected changes in 'run_full_multi_timeframe_training.py'. Reloading...
Process SpawnProcess-245:
Traceback (most recent call last):
  File "/Users/seanazulay/.pyenv/versions/3.10.0/lib/python3.10/multiprocessing/process.py", line 315, in _bootstrap
    self.run()
  File "/Users/seanazulay/.pyenv/versions/3.10.0/lib/python3.10/multiprocessing/process.py", line 108, in run
    self._target(*self._args, **self._kwargs)
  File "/Users/seanazulay/.pyenv/versions/3.10.0/lib/python3.10/site-packages/uvicorn/_subprocess.py", line 78, in subprocess_started
    target(sockets=sockets)
  File "/Users/seanazulay/.pyenv/versions/3.10.0/lib/python3.10/site-packages/uvicorn/server.py", line 62, in run
    return asyncio.run(self.serve(sockets=sockets))
  File "/Users/seanazulay/.pyenv/versions/3.10.0/lib/python3.10/asyncio/runners.py", line 44, in run
    return loop.run_until_complete(main)
  File "uvloop/loop.pyx", line 1518, in uvloop.loop.Loop.run_until_complete
  File "/Users/seanazulay/.pyenv/versions/3.10.0/lib/python3.10/site-packages/uvicorn/server.py", line 69, in serve
    config.load()
  File "/Users/seanazulay/.pyenv/versions/3.10.0/lib/python3.10/site-packages/uvicorn/config.py", line 458, in load
    self.loaded_app = import_from_string(self.app)
  File "/Users/seanazulay/.pyenv/versions/3.10.0/lib/python3.10/site-packages/uvicorn/importer.py", line 21, in import_from_string
    module = importlib.import_module(module_str)
  File "/Users/seanazulay/.pyenv/versions/3.10.0/lib/python3.10/importlib/__init__.py", line 126, in import_module
    return _bootstrap._gcd_import(name[level:], package, level)
  File "<frozen importlib._bootstrap>", line 1050, in _gcd_import
  File "<frozen importlib._bootstrap>", line 1027, in _find_and_load
  File "<frozen importlib._bootstrap>", line 1006, in _find_and_load_unlocked
  File "<frozen importlib._bootstrap>", line 688, in _load_unlocked
  File "<frozen importlib._bootstrap_external>", line 883, in exec_module
  File "<frozen importlib._bootstrap>", line 241, in _call_with_frames_removed
  File "/Users/seanazulay/Desktop/StockBots/LumoTrade/ml-backend/app.py", line 16, in <module>
    from src.api import health, prediction, backtest, models_info, training_ultimate
  File "/Users/seanazulay/Desktop/StockBots/LumoTrade/ml-backend/src/api/prediction.py", line 12, in <module>
    from src.core.inference.engine import PanelPredictionEngine
  File "/Users/seanazulay/Desktop/StockBots/LumoTrade/ml-backend/src/core/inference/engine.py", line 15, in <module>
    from src.core.features import (
ImportError: cannot import name 'build_technical_features' from 'src.core.features' (/Users/seanazulay/Desktop/StockBots/LumoTrade/ml-backend/src/core/features/__init__.py)
WARNING:  WatchFiles detected changes in 'quick_validate_current.py'. Reloading...
WARNING:  WatchFiles detected changes in 'quick_validate_current.py'. Reloading...
WARNING:  WatchFiles detected changes in 'quick_validate_current.py'. Reloading...
Process SpawnProcess-248:
Traceback (most recent call last):
  File "/Users/seanazulay/.pyenv/versions/3.10.0/lib/python3.10/multiprocessing/process.py", line 315, in _bootstrap
    self.run()
  File "/Users/seanazulay/.pyenv/versions/3.10.0/lib/python3.10/multiprocessing/process.py", line 108, in run
    self._target(*self._args, **self._kwargs)
  File "/Users/seanazulay/.pyenv/versions/3.10.0/lib/python3.10/site-packages/uvicorn/_subprocess.py", line 78, in subprocess_started
    target(sockets=sockets)
  File "/Users/seanazulay/.pyenv/versions/3.10.0/lib/python3.10/site-packages/uvicorn/server.py", line 62, in run
    return asyncio.run(self.serve(sockets=sockets))
  File "/Users/seanazulay/.pyenv/versions/3.10.0/lib/python3.10/asyncio/runners.py", line 44, in run
    return loop.run_until_complete(main)
  File "uvloop/loop.pyx", line 1518, in uvloop.loop.Loop.run_until_complete
  File "/Users/seanazulay/.pyenv/versions/3.10.0/lib/python3.10/site-packages/uvicorn/server.py", line 69, in serve
    config.load()
  File "/Users/seanazulay/.pyenv/versions/3.10.0/lib/python3.10/site-packages/uvicorn/config.py", line 458, in load
    self.loaded_app = import_from_string(self.app)
  File "/Users/seanazulay/.pyenv/versions/3.10.0/lib/python3.10/site-packages/uvicorn/importer.py", line 21, in import_from_string
    module = importlib.import_module(module_str)
  File "/Users/seanazulay/.pyenv/versions/3.10.0/lib/python3.10/importlib/__init__.py", line 126, in import_module
    return _bootstrap._gcd_import(name[level:], package, level)
  File "<frozen importlib._bootstrap>", line 1050, in _gcd_import
  File "<frozen importlib._bootstrap>", line 1027, in _find_and_load
  File "<frozen importlib._bootstrap>", line 1006, in _find_and_load_unlocked
  File "<frozen importlib._bootstrap>", line 688, in _load_unlocked
  File "<frozen importlib._bootstrap_external>", line 883, in exec_module
  File "<frozen importlib._bootstrap>", line 241, in _call_with_frames_removed
  File "/Users/seanazulay/Desktop/StockBots/LumoTrade/ml-backend/app.py", line 16, in <module>
    from src.api import health, prediction, backtest, models_info, training_ultimate
  File "/Users/seanazulay/Desktop/StockBots/LumoTrade/ml-backend/src/api/prediction.py", line 12, in <module>
    from src.core.inference.engine import PanelPredictionEngine
  File "/Users/seanazulay/Desktop/StockBots/LumoTrade/ml-backend/src/core/inference/engine.py", line 15, in <module>
    from src.core.features import (
ImportError: cannot import name 'build_technical_features' from 'src.core.features' (/Users/seanazulay/Desktop/StockBots/LumoTrade/ml-backend/src/core/features/__init__.py)
WARNING:  WatchFiles detected changes in 'simulate_multi_timeframe.py'. Reloading...
WARNING:  WatchFiles detected changes in 'simulate_multi_timeframe.py'. Reloading...
Process SpawnProcess-250:
Traceback (most recent call last):
  File "/Users/seanazulay/.pyenv/versions/3.10.0/lib/python3.10/multiprocessing/process.py", line 315, in _bootstrap
    self.run()
  File "/Users/seanazulay/.pyenv/versions/3.10.0/lib/python3.10/multiprocessing/process.py", line 108, in run
    self._target(*self._args, **self._kwargs)
  File "/Users/seanazulay/.pyenv/versions/3.10.0/lib/python3.10/site-packages/uvicorn/_subprocess.py", line 78, in subprocess_started
    target(sockets=sockets)
  File "/Users/seanazulay/.pyenv/versions/3.10.0/lib/python3.10/site-packages/uvicorn/server.py", line 62, in run
    return asyncio.run(self.serve(sockets=sockets))
  File "/Users/seanazulay/.pyenv/versions/3.10.0/lib/python3.10/asyncio/runners.py", line 44, in run
    return loop.run_until_complete(main)
  File "uvloop/loop.pyx", line 1518, in uvloop.loop.Loop.run_until_complete
  File "/Users/seanazulay/.pyenv/versions/3.10.0/lib/python3.10/site-packages/uvicorn/server.py", line 69, in serve
    config.load()
  File "/Users/seanazulay/.pyenv/versions/3.10.0/lib/python3.10/site-packages/uvicorn/config.py", line 458, in load
    self.loaded_app = import_from_string(self.app)
  File "/Users/seanazulay/.pyenv/versions/3.10.0/lib/python3.10/site-packages/uvicorn/importer.py", line 21, in import_from_string
    module = importlib.import_module(module_str)
  File "/Users/seanazulay/.pyenv/versions/3.10.0/lib/python3.10/importlib/__init__.py", line 126, in import_module
    return _bootstrap._gcd_import(name[level:], package, level)
  File "<frozen importlib._bootstrap>", line 1050, in _gcd_import
  File "<frozen importlib._bootstrap>", line 1027, in _find_and_load
  File "<frozen importlib._bootstrap>", line 1006, in _find_and_load_unlocked
  File "<frozen importlib._bootstrap>", line 688, in _load_unlocked
  File "<frozen importlib._bootstrap_external>", line 883, in exec_module
  File "<frozen importlib._bootstrap>", line 241, in _call_with_frames_removed
  File "/Users/seanazulay/Desktop/StockBots/LumoTrade/ml-backend/app.py", line 16, in <module>
    from src.api import health, prediction, backtest, models_info, training_ultimate
  File "/Users/seanazulay/Desktop/StockBots/LumoTrade/ml-backend/src/api/prediction.py", line 12, in <module>
    from src.core.inference.engine import PanelPredictionEngine
  File "/Users/seanazulay/Desktop/StockBots/LumoTrade/ml-backend/src/core/inference/engine.py", line 15, in <module>
    from src.core.features import (
ImportError: cannot import name 'build_technical_features' from 'src.core.features' (/Users/seanazulay/Desktop/StockBots/LumoTrade/ml-backend/src/core/features/__init__.py)
WARNING:  WatchFiles detected changes in 'run_full_multi_timeframe_training.py', 'simulate_multi_timeframe.py', 'train_1h_model.py', 'train_4h_model.py', 'quick_validate_current.py'. Reloading...
Process SpawnProcess-251:
Traceback (most recent call last):
  File "/Users/seanazulay/.pyenv/versions/3.10.0/lib/python3.10/multiprocessing/process.py", line 315, in _bootstrap
    self.run()
  File "/Users/seanazulay/.pyenv/versions/3.10.0/lib/python3.10/multiprocessing/process.py", line 108, in run
    self._target(*self._args, **self._kwargs)
  File "/Users/seanazulay/.pyenv/versions/3.10.0/lib/python3.10/site-packages/uvicorn/_subprocess.py", line 78, in subprocess_started
    target(sockets=sockets)
  File "/Users/seanazulay/.pyenv/versions/3.10.0/lib/python3.10/site-packages/uvicorn/server.py", line 62, in run
    return asyncio.run(self.serve(sockets=sockets))
  File "/Users/seanazulay/.pyenv/versions/3.10.0/lib/python3.10/asyncio/runners.py", line 44, in run
    return loop.run_until_complete(main)
  File "uvloop/loop.pyx", line 1518, in uvloop.loop.Loop.run_until_complete
  File "/Users/seanazulay/.pyenv/versions/3.10.0/lib/python3.10/site-packages/uvicorn/server.py", line 69, in serve
    config.load()
  File "/Users/seanazulay/.pyenv/versions/3.10.0/lib/python3.10/site-packages/uvicorn/config.py", line 458, in load
    self.loaded_app = import_from_string(self.app)
  File "/Users/seanazulay/.pyenv/versions/3.10.0/lib/python3.10/site-packages/uvicorn/importer.py", line 21, in import_from_string
    module = importlib.import_module(module_str)
  File "/Users/seanazulay/.pyenv/versions/3.10.0/lib/python3.10/importlib/__init__.py", line 126, in import_module
    return _bootstrap._gcd_import(name[level:], package, level)
  File "<frozen importlib._bootstrap>", line 1050, in _gcd_import
  File "<frozen importlib._bootstrap>", line 1027, in _find_and_load
  File "<frozen importlib._bootstrap>", line 1006, in _find_and_load_unlocked
  File "<frozen importlib._bootstrap>", line 688, in _load_unlocked
  File "<frozen importlib._bootstrap_external>", line 883, in exec_module
  File "<frozen importlib._bootstrap>", line 241, in _call_with_frames_removed
  File "/Users/seanazulay/Desktop/StockBots/LumoTrade/ml-backend/app.py", line 16, in <module>
    from src.api import health, prediction, backtest, models_info, training_ultimate
  File "/Users/seanazulay/Desktop/StockBots/LumoTrade/ml-backend/src/api/prediction.py", line 12, in <module>
    from src.core.inference.engine import PanelPredictionEngine
  File "/Users/seanazulay/Desktop/StockBots/LumoTrade/ml-backend/src/core/inference/engine.py", line 15, in <module>
    from src.core.features import (
ImportError: cannot import name 'build_technical_features' from 'src.core.features' (/Users/seanazulay/Desktop/StockBots/LumoTrade/ml-backend/src/core/features/__init__.py)
WARNING:  WatchFiles detected changes in 'src/core/rl/ddpg_agent.py'. Reloading...
WARNING:  WatchFiles detected changes in 'src/core/rl/ddpg_agent.py'. Reloading...
WARNING:  WatchFiles detected changes in 'src/core/rl/ddpg_agent.py'. Reloading...
WARNING:  WatchFiles detected changes in 'src/core/rl/ddpg_agent.py'. Reloading...
Process SpawnProcess-255:
Traceback (most recent call last):
  File "/Users/seanazulay/.pyenv/versions/3.10.0/lib/python3.10/multiprocessing/process.py", line 315, in _bootstrap
    self.run()
  File "/Users/seanazulay/.pyenv/versions/3.10.0/lib/python3.10/multiprocessing/process.py", line 108, in run
    self._target(*self._args, **self._kwargs)
  File "/Users/seanazulay/.pyenv/versions/3.10.0/lib/python3.10/site-packages/uvicorn/_subprocess.py", line 78, in subprocess_started
    target(sockets=sockets)
  File "/Users/seanazulay/.pyenv/versions/3.10.0/lib/python3.10/site-packages/uvicorn/server.py", line 62, in run
    return asyncio.run(self.serve(sockets=sockets))
  File "/Users/seanazulay/.pyenv/versions/3.10.0/lib/python3.10/asyncio/runners.py", line 44, in run
    return loop.run_until_complete(main)
  File "uvloop/loop.pyx", line 1518, in uvloop.loop.Loop.run_until_complete
  File "/Users/seanazulay/.pyenv/versions/3.10.0/lib/python3.10/site-packages/uvicorn/server.py", line 69, in serve
    config.load()
  File "/Users/seanazulay/.pyenv/versions/3.10.0/lib/python3.10/site-packages/uvicorn/config.py", line 458, in load
    self.loaded_app = import_from_string(self.app)
  File "/Users/seanazulay/.pyenv/versions/3.10.0/lib/python3.10/site-packages/uvicorn/importer.py", line 21, in import_from_string
    module = importlib.import_module(module_str)
  File "/Users/seanazulay/.pyenv/versions/3.10.0/lib/python3.10/importlib/__init__.py", line 126, in import_module
    return _bootstrap._gcd_import(name[level:], package, level)
  File "<frozen importlib._bootstrap>", line 1050, in _gcd_import
  File "<frozen importlib._bootstrap>", line 1027, in _find_and_load
  File "<frozen importlib._bootstrap>", line 1006, in _find_and_load_unlocked
  File "<frozen importlib._bootstrap>", line 688, in _load_unlocked
  File "<frozen importlib._bootstrap_external>", line 883, in exec_module
  File "<frozen importlib._bootstrap>", line 241, in _call_with_frames_removed
  File "/Users/seanazulay/Desktop/StockBots/LumoTrade/ml-backend/app.py", line 16, in <module>
    from src.api import health, prediction, backtest, models_info, training_ultimate
  File "/Users/seanazulay/Desktop/StockBots/LumoTrade/ml-backend/src/api/prediction.py", line 12, in <module>
    from src.core.inference.engine import PanelPredictionEngine
  File "/Users/seanazulay/Desktop/StockBots/LumoTrade/ml-backend/src/core/inference/engine.py", line 15, in <module>
    from src.core.features import (
ImportError: cannot import name 'build_technical_features' from 'src.core.features' (/Users/seanazulay/Desktop/StockBots/LumoTrade/ml-backend/src/core/features/__init__.py)
WARNING:  WatchFiles detected changes in 'src/core/rl/rl_trader.py'. Reloading...
WARNING:  WatchFiles detected changes in 'src/core/rl/rl_trader.py'. Reloading...
Process SpawnProcess-257:
Traceback (most recent call last):
  File "/Users/seanazulay/.pyenv/versions/3.10.0/lib/python3.10/multiprocessing/process.py", line 315, in _bootstrap
    self.run()
  File "/Users/seanazulay/.pyenv/versions/3.10.0/lib/python3.10/multiprocessing/process.py", line 108, in run
    self._target(*self._args, **self._kwargs)
  File "/Users/seanazulay/.pyenv/versions/3.10.0/lib/python3.10/site-packages/uvicorn/_subprocess.py", line 78, in subprocess_started
    target(sockets=sockets)
  File "/Users/seanazulay/.pyenv/versions/3.10.0/lib/python3.10/site-packages/uvicorn/server.py", line 62, in run
    return asyncio.run(self.serve(sockets=sockets))
  File "/Users/seanazulay/.pyenv/versions/3.10.0/lib/python3.10/asyncio/runners.py", line 44, in run
    return loop.run_until_complete(main)
  File "uvloop/loop.pyx", line 1518, in uvloop.loop.Loop.run_until_complete
  File "/Users/seanazulay/.pyenv/versions/3.10.0/lib/python3.10/site-packages/uvicorn/server.py", line 69, in serve
    config.load()
  File "/Users/seanazulay/.pyenv/versions/3.10.0/lib/python3.10/site-packages/uvicorn/config.py", line 458, in load
    self.loaded_app = import_from_string(self.app)
  File "/Users/seanazulay/.pyenv/versions/3.10.0/lib/python3.10/site-packages/uvicorn/importer.py", line 21, in import_from_string
    module = importlib.import_module(module_str)
  File "/Users/seanazulay/.pyenv/versions/3.10.0/lib/python3.10/importlib/__init__.py", line 126, in import_module
    return _bootstrap._gcd_import(name[level:], package, level)
  File "<frozen importlib._bootstrap>", line 1050, in _gcd_import
  File "<frozen importlib._bootstrap>", line 1027, in _find_and_load
  File "<frozen importlib._bootstrap>", line 1006, in _find_and_load_unlocked
  File "<frozen importlib._bootstrap>", line 688, in _load_unlocked
  File "<frozen importlib._bootstrap_external>", line 883, in exec_module
  File "<frozen importlib._bootstrap>", line 241, in _call_with_frames_removed
  File "/Users/seanazulay/Desktop/StockBots/LumoTrade/ml-backend/app.py", line 16, in <module>
    from src.api import health, prediction, backtest, models_info, training_ultimate
  File "/Users/seanazulay/Desktop/StockBots/LumoTrade/ml-backend/src/api/prediction.py", line 12, in <module>
    from src.core.inference.engine import PanelPredictionEngine
  File "/Users/seanazulay/Desktop/StockBots/LumoTrade/ml-backend/src/core/inference/engine.py", line 15, in <module>
    from src.core.features import (
ImportError: cannot import name 'build_technical_features' from 'src.core.features' (/Users/seanazulay/Desktop/StockBots/LumoTrade/ml-backend/src/core/features/__init__.py)
WARNING:  WatchFiles detected changes in 'src/core/rl/__init__.py'. Reloading...
WARNING:  WatchFiles detected changes in 'src/core/rl/__init__.py'. Reloading...
Process SpawnProcess-259:
Traceback (most recent call last):
  File "/Users/seanazulay/.pyenv/versions/3.10.0/lib/python3.10/multiprocessing/process.py", line 315, in _bootstrap
    self.run()
  File "/Users/seanazulay/.pyenv/versions/3.10.0/lib/python3.10/multiprocessing/process.py", line 108, in run
    self._target(*self._args, **self._kwargs)
  File "/Users/seanazulay/.pyenv/versions/3.10.0/lib/python3.10/site-packages/uvicorn/_subprocess.py", line 78, in subprocess_started
    target(sockets=sockets)
  File "/Users/seanazulay/.pyenv/versions/3.10.0/lib/python3.10/site-packages/uvicorn/server.py", line 62, in run
    return asyncio.run(self.serve(sockets=sockets))
  File "/Users/seanazulay/.pyenv/versions/3.10.0/lib/python3.10/asyncio/runners.py", line 44, in run
    return loop.run_until_complete(main)
  File "uvloop/loop.pyx", line 1518, in uvloop.loop.Loop.run_until_complete
  File "/Users/seanazulay/.pyenv/versions/3.10.0/lib/python3.10/site-packages/uvicorn/server.py", line 69, in serve
    config.load()
  File "/Users/seanazulay/.pyenv/versions/3.10.0/lib/python3.10/site-packages/uvicorn/config.py", line 458, in load
    self.loaded_app = import_from_string(self.app)
  File "/Users/seanazulay/.pyenv/versions/3.10.0/lib/python3.10/site-packages/uvicorn/importer.py", line 21, in import_from_string
    module = importlib.import_module(module_str)
  File "/Users/seanazulay/.pyenv/versions/3.10.0/lib/python3.10/importlib/__init__.py", line 126, in import_module
    return _bootstrap._gcd_import(name[level:], package, level)
  File "<frozen importlib._bootstrap>", line 1050, in _gcd_import
  File "<frozen importlib._bootstrap>", line 1027, in _find_and_load
  File "<frozen importlib._bootstrap>", line 1006, in _find_and_load_unlocked
  File "<frozen importlib._bootstrap>", line 688, in _load_unlocked
  File "<frozen importlib._bootstrap_external>", line 883, in exec_module
  File "<frozen importlib._bootstrap>", line 241, in _call_with_frames_removed
  File "/Users/seanazulay/Desktop/StockBots/LumoTrade/ml-backend/app.py", line 16, in <module>
    from src.api import health, prediction, backtest, models_info, training_ultimate
  File "/Users/seanazulay/Desktop/StockBots/LumoTrade/ml-backend/src/api/prediction.py", line 12, in <module>
    from src.core.inference.engine import PanelPredictionEngine
  File "/Users/seanazulay/Desktop/StockBots/LumoTrade/ml-backend/src/core/inference/engine.py", line 15, in <module>
    from src.core.features import (
ImportError: cannot import name 'build_technical_features' from 'src.core.features' (/Users/seanazulay/Desktop/StockBots/LumoTrade/ml-backend/src/core/features/__init__.py)
WARNING:  WatchFiles detected changes in 'integrate_rl_with_multitime frame.py'. Reloading...
WARNING:  WatchFiles detected changes in 'integrate_rl_with_multitime frame.py'. Reloading...
WARNING:  WatchFiles detected changes in 'integrate_rl_with_multitime frame.py'. Reloading...
Process SpawnProcess-262:
Traceback (most recent call last):
  File "/Users/seanazulay/.pyenv/versions/3.10.0/lib/python3.10/multiprocessing/process.py", line 315, in _bootstrap
    self.run()
  File "/Users/seanazulay/.pyenv/versions/3.10.0/lib/python3.10/multiprocessing/process.py", line 108, in run
    self._target(*self._args, **self._kwargs)
  File "/Users/seanazulay/.pyenv/versions/3.10.0/lib/python3.10/site-packages/uvicorn/_subprocess.py", line 78, in subprocess_started
    target(sockets=sockets)
  File "/Users/seanazulay/.pyenv/versions/3.10.0/lib/python3.10/site-packages/uvicorn/server.py", line 62, in run
    return asyncio.run(self.serve(sockets=sockets))
  File "/Users/seanazulay/.pyenv/versions/3.10.0/lib/python3.10/asyncio/runners.py", line 44, in run
    return loop.run_until_complete(main)
  File "uvloop/loop.pyx", line 1518, in uvloop.loop.Loop.run_until_complete
  File "/Users/seanazulay/.pyenv/versions/3.10.0/lib/python3.10/site-packages/uvicorn/server.py", line 69, in serve
    config.load()
  File "/Users/seanazulay/.pyenv/versions/3.10.0/lib/python3.10/site-packages/uvicorn/config.py", line 458, in load
    self.loaded_app = import_from_string(self.app)
  File "/Users/seanazulay/.pyenv/versions/3.10.0/lib/python3.10/site-packages/uvicorn/importer.py", line 21, in import_from_string
    module = importlib.import_module(module_str)
  File "/Users/seanazulay/.pyenv/versions/3.10.0/lib/python3.10/importlib/__init__.py", line 126, in import_module
    return _bootstrap._gcd_import(name[level:], package, level)
  File "<frozen importlib._bootstrap>", line 1050, in _gcd_import
  File "<frozen importlib._bootstrap>", line 1027, in _find_and_load
  File "<frozen importlib._bootstrap>", line 1006, in _find_and_load_unlocked
  File "<frozen importlib._bootstrap>", line 688, in _load_unlocked
  File "<frozen importlib._bootstrap_external>", line 883, in exec_module
  File "<frozen importlib._bootstrap>", line 241, in _call_with_frames_removed
  File "/Users/seanazulay/Desktop/StockBots/LumoTrade/ml-backend/app.py", line 16, in <module>
    from src.api import health, prediction, backtest, models_info, training_ultimate
  File "/Users/seanazulay/Desktop/StockBots/LumoTrade/ml-backend/src/api/prediction.py", line 12, in <module>
    from src.core.inference.engine import PanelPredictionEngine
  File "/Users/seanazulay/Desktop/StockBots/LumoTrade/ml-backend/src/core/inference/engine.py", line 15, in <module>
    from src.core.features import (
ImportError: cannot import name 'build_technical_features' from 'src.core.features' (/Users/seanazulay/Desktop/StockBots/LumoTrade/ml-backend/src/core/features/__init__.py)
WARNING:  WatchFiles detected changes in 'src/core/features/enhanced_order_flow.py'. Reloading...
WARNING:  WatchFiles detected changes in 'src/core/features/enhanced_order_flow.py'. Reloading...
WARNING:  WatchFiles detected changes in 'src/core/features/enhanced_order_flow.py'. Reloading...
Process SpawnProcess-265:
Traceback (most recent call last):
  File "/Users/seanazulay/.pyenv/versions/3.10.0/lib/python3.10/multiprocessing/process.py", line 315, in _bootstrap
    self.run()
  File "/Users/seanazulay/.pyenv/versions/3.10.0/lib/python3.10/multiprocessing/process.py", line 108, in run
    self._target(*self._args, **self._kwargs)
  File "/Users/seanazulay/.pyenv/versions/3.10.0/lib/python3.10/site-packages/uvicorn/_subprocess.py", line 78, in subprocess_started
    target(sockets=sockets)
  File "/Users/seanazulay/.pyenv/versions/3.10.0/lib/python3.10/site-packages/uvicorn/server.py", line 62, in run
    return asyncio.run(self.serve(sockets=sockets))
  File "/Users/seanazulay/.pyenv/versions/3.10.0/lib/python3.10/asyncio/runners.py", line 44, in run
    return loop.run_until_complete(main)
  File "uvloop/loop.pyx", line 1518, in uvloop.loop.Loop.run_until_complete
  File "/Users/seanazulay/.pyenv/versions/3.10.0/lib/python3.10/site-packages/uvicorn/server.py", line 69, in serve
    config.load()
  File "/Users/seanazulay/.pyenv/versions/3.10.0/lib/python3.10/site-packages/uvicorn/config.py", line 458, in load
    self.loaded_app = import_from_string(self.app)
  File "/Users/seanazulay/.pyenv/versions/3.10.0/lib/python3.10/site-packages/uvicorn/importer.py", line 21, in import_from_string
    module = importlib.import_module(module_str)
  File "/Users/seanazulay/.pyenv/versions/3.10.0/lib/python3.10/importlib/__init__.py", line 126, in import_module
    return _bootstrap._gcd_import(name[level:], package, level)
  File "<frozen importlib._bootstrap>", line 1050, in _gcd_import
  File "<frozen importlib._bootstrap>", line 1027, in _find_and_load
  File "<frozen importlib._bootstrap>", line 1006, in _find_and_load_unlocked
  File "<frozen importlib._bootstrap>", line 688, in _load_unlocked
  File "<frozen importlib._bootstrap_external>", line 883, in exec_module
  File "<frozen importlib._bootstrap>", line 241, in _call_with_frames_removed
  File "/Users/seanazulay/Desktop/StockBots/LumoTrade/ml-backend/app.py", line 16, in <module>
    from src.api import health, prediction, backtest, models_info, training_ultimate
  File "/Users/seanazulay/Desktop/StockBots/LumoTrade/ml-backend/src/api/prediction.py", line 12, in <module>
    from src.core.inference.engine import PanelPredictionEngine
  File "/Users/seanazulay/Desktop/StockBots/LumoTrade/ml-backend/src/core/inference/engine.py", line 15, in <module>
    from src.core.features import (
ImportError: cannot import name 'build_technical_features' from 'src.core.features' (/Users/seanazulay/Desktop/StockBots/LumoTrade/ml-backend/src/core/features/__init__.py)
WARNING:  WatchFiles detected changes in 'src/core/features/enhanced_order_flow.py'. Reloading...
Process SpawnProcess-266:
Traceback (most recent call last):
  File "/Users/seanazulay/.pyenv/versions/3.10.0/lib/python3.10/multiprocessing/process.py", line 315, in _bootstrap
    self.run()
  File "/Users/seanazulay/.pyenv/versions/3.10.0/lib/python3.10/multiprocessing/process.py", line 108, in run
    self._target(*self._args, **self._kwargs)
  File "/Users/seanazulay/.pyenv/versions/3.10.0/lib/python3.10/site-packages/uvicorn/_subprocess.py", line 78, in subprocess_started
    target(sockets=sockets)
  File "/Users/seanazulay/.pyenv/versions/3.10.0/lib/python3.10/site-packages/uvicorn/server.py", line 62, in run
    return asyncio.run(self.serve(sockets=sockets))
  File "/Users/seanazulay/.pyenv/versions/3.10.0/lib/python3.10/asyncio/runners.py", line 44, in run
    return loop.run_until_complete(main)
  File "uvloop/loop.pyx", line 1518, in uvloop.loop.Loop.run_until_complete
  File "/Users/seanazulay/.pyenv/versions/3.10.0/lib/python3.10/site-packages/uvicorn/server.py", line 69, in serve
    config.load()
  File "/Users/seanazulay/.pyenv/versions/3.10.0/lib/python3.10/site-packages/uvicorn/config.py", line 458, in load
    self.loaded_app = import_from_string(self.app)
  File "/Users/seanazulay/.pyenv/versions/3.10.0/lib/python3.10/site-packages/uvicorn/importer.py", line 21, in import_from_string
    module = importlib.import_module(module_str)
  File "/Users/seanazulay/.pyenv/versions/3.10.0/lib/python3.10/importlib/__init__.py", line 126, in import_module
    return _bootstrap._gcd_import(name[level:], package, level)
  File "<frozen importlib._bootstrap>", line 1050, in _gcd_import
  File "<frozen importlib._bootstrap>", line 1027, in _find_and_load
  File "<frozen importlib._bootstrap>", line 1006, in _find_and_load_unlocked
  File "<frozen importlib._bootstrap>", line 688, in _load_unlocked
  File "<frozen importlib._bootstrap_external>", line 883, in exec_module
  File "<frozen importlib._bootstrap>", line 241, in _call_with_frames_removed
  File "/Users/seanazulay/Desktop/StockBots/LumoTrade/ml-backend/app.py", line 16, in <module>
    from src.api import health, prediction, backtest, models_info, training_ultimate
  File "/Users/seanazulay/Desktop/StockBots/LumoTrade/ml-backend/src/api/prediction.py", line 12, in <module>
    from src.core.inference.engine import PanelPredictionEngine
  File "/Users/seanazulay/Desktop/StockBots/LumoTrade/ml-backend/src/core/inference/engine.py", line 15, in <module>
    from src.core.features import (
ImportError: cannot import name 'build_technical_features' from 'src.core.features' (/Users/seanazulay/Desktop/StockBots/LumoTrade/ml-backend/src/core/features/__init__.py)
WARNING:  WatchFiles detected changes in 'src/core/features/enhanced_order_flow.py', 'src/core/rl/ddpg_agent.py', 'src/core/rl/__init__.py', 'src/core/rl/rl_trader.py', 'integrate_rl_with_multitime frame.py'. Reloading...
Process SpawnProcess-267:
Traceback (most recent call last):
  File "/Users/seanazulay/.pyenv/versions/3.10.0/lib/python3.10/multiprocessing/process.py", line 315, in _bootstrap
    self.run()
  File "/Users/seanazulay/.pyenv/versions/3.10.0/lib/python3.10/multiprocessing/process.py", line 108, in run
    self._target(*self._args, **self._kwargs)
  File "/Users/seanazulay/.pyenv/versions/3.10.0/lib/python3.10/site-packages/uvicorn/_subprocess.py", line 78, in subprocess_started
    target(sockets=sockets)
  File "/Users/seanazulay/.pyenv/versions/3.10.0/lib/python3.10/site-packages/uvicorn/server.py", line 62, in run
    return asyncio.run(self.serve(sockets=sockets))
  File "/Users/seanazulay/.pyenv/versions/3.10.0/lib/python3.10/asyncio/runners.py", line 44, in run
    return loop.run_until_complete(main)
  File "uvloop/loop.pyx", line 1518, in uvloop.loop.Loop.run_until_complete
  File "/Users/seanazulay/.pyenv/versions/3.10.0/lib/python3.10/site-packages/uvicorn/server.py", line 69, in serve
    config.load()
  File "/Users/seanazulay/.pyenv/versions/3.10.0/lib/python3.10/site-packages/uvicorn/config.py", line 458, in load
    self.loaded_app = import_from_string(self.app)
  File "/Users/seanazulay/.pyenv/versions/3.10.0/lib/python3.10/site-packages/uvicorn/importer.py", line 21, in import_from_string
    module = importlib.import_module(module_str)
  File "/Users/seanazulay/.pyenv/versions/3.10.0/lib/python3.10/importlib/__init__.py", line 126, in import_module
    return _bootstrap._gcd_import(name[level:], package, level)
  File "<frozen importlib._bootstrap>", line 1050, in _gcd_import
  File "<frozen importlib._bootstrap>", line 1027, in _find_and_load
  File "<frozen importlib._bootstrap>", line 1006, in _find_and_load_unlocked
  File "<frozen importlib._bootstrap>", line 688, in _load_unlocked
  File "<frozen importlib._bootstrap_external>", line 883, in exec_module
  File "<frozen importlib._bootstrap>", line 241, in _call_with_frames_removed
  File "/Users/seanazulay/Desktop/StockBots/LumoTrade/ml-backend/app.py", line 16, in <module>
    from src.api import health, prediction, backtest, models_info, training_ultimate
  File "/Users/seanazulay/Desktop/StockBots/LumoTrade/ml-backend/src/api/prediction.py", line 12, in <module>
    from src.core.inference.engine import PanelPredictionEngine
  File "/Users/seanazulay/Desktop/StockBots/LumoTrade/ml-backend/src/core/inference/engine.py", line 15, in <module>
    from src.core.features import (
ImportError: cannot import name 'build_technical_features' from 'src.core.features' (/Users/seanazulay/Desktop/StockBots/LumoTrade/ml-backend/src/core/features/__init__.py)
WARNING:  WatchFiles detected changes in 'test_multi_timeframe.py', 'scripts/tests/simulate_multi_timeframe.py', 'simulate_multi_timeframe.py', 'scripts/tests/test_multi_timeframe.py', 'test_supabase.py', 'scripts/tests/test_supabase.py', 'quick_validate_current.py', 'scripts/tests/quick_validate_current.py'. Reloading...
Process SpawnProcess-268:
Traceback (most recent call last):
  File "/Users/seanazulay/.pyenv/versions/3.10.0/lib/python3.10/multiprocessing/process.py", line 315, in _bootstrap
    self.run()
  File "/Users/seanazulay/.pyenv/versions/3.10.0/lib/python3.10/multiprocessing/process.py", line 108, in run
    self._target(*self._args, **self._kwargs)
  File "/Users/seanazulay/.pyenv/versions/3.10.0/lib/python3.10/site-packages/uvicorn/_subprocess.py", line 78, in subprocess_started
    target(sockets=sockets)
  File "/Users/seanazulay/.pyenv/versions/3.10.0/lib/python3.10/site-packages/uvicorn/server.py", line 62, in run
    return asyncio.run(self.serve(sockets=sockets))
  File "/Users/seanazulay/.pyenv/versions/3.10.0/lib/python3.10/asyncio/runners.py", line 44, in run
    return loop.run_until_complete(main)
  File "uvloop/loop.pyx", line 1518, in uvloop.loop.Loop.run_until_complete
  File "/Users/seanazulay/.pyenv/versions/3.10.0/lib/python3.10/site-packages/uvicorn/server.py", line 69, in serve
    config.load()
  File "/Users/seanazulay/.pyenv/versions/3.10.0/lib/python3.10/site-packages/uvicorn/config.py", line 458, in load
    self.loaded_app = import_from_string(self.app)
  File "/Users/seanazulay/.pyenv/versions/3.10.0/lib/python3.10/site-packages/uvicorn/importer.py", line 21, in import_from_string
    module = importlib.import_module(module_str)
  File "/Users/seanazulay/.pyenv/versions/3.10.0/lib/python3.10/importlib/__init__.py", line 126, in import_module
    return _bootstrap._gcd_import(name[level:], package, level)
  File "<frozen importlib._bootstrap>", line 1050, in _gcd_import
  File "<frozen importlib._bootstrap>", line 1027, in _find_and_load
  File "<frozen importlib._bootstrap>", line 1006, in _find_and_load_unlocked
  File "<frozen importlib._bootstrap>", line 688, in _load_unlocked
  File "<frozen importlib._bootstrap_external>", line 883, in exec_module
  File "<frozen importlib._bootstrap>", line 241, in _call_with_frames_removed
  File "/Users/seanazulay/Desktop/StockBots/LumoTrade/ml-backend/app.py", line 16, in <module>
    from src.api import health, prediction, backtest, models_info, training_ultimate
  File "/Users/seanazulay/Desktop/StockBots/LumoTrade/ml-backend/src/api/prediction.py", line 12, in <module>
    from src.core.inference.engine import PanelPredictionEngine
  File "/Users/seanazulay/Desktop/StockBots/LumoTrade/ml-backend/src/core/inference/engine.py", line 15, in <module>
    from src.core.features import (
ImportError: cannot import name 'build_technical_features' from 'src.core.features' (/Users/seanazulay/Desktop/StockBots/LumoTrade/ml-backend/src/core/features/__init__.py)
WARNING:  WatchFiles detected changes in 'migrate_to_supabase.py', 'scripts/migrations/migrate_to_supabase.py'. Reloading...
Process SpawnProcess-269:
Traceback (most recent call last):
  File "/Users/seanazulay/.pyenv/versions/3.10.0/lib/python3.10/multiprocessing/process.py", line 315, in _bootstrap
    self.run()
  File "/Users/seanazulay/.pyenv/versions/3.10.0/lib/python3.10/multiprocessing/process.py", line 108, in run
    self._target(*self._args, **self._kwargs)
  File "/Users/seanazulay/.pyenv/versions/3.10.0/lib/python3.10/site-packages/uvicorn/_subprocess.py", line 78, in subprocess_started
    target(sockets=sockets)
  File "/Users/seanazulay/.pyenv/versions/3.10.0/lib/python3.10/site-packages/uvicorn/server.py", line 62, in run
    return asyncio.run(self.serve(sockets=sockets))
  File "/Users/seanazulay/.pyenv/versions/3.10.0/lib/python3.10/asyncio/runners.py", line 44, in run
    return loop.run_until_complete(main)
  File "uvloop/loop.pyx", line 1518, in uvloop.loop.Loop.run_until_complete
  File "/Users/seanazulay/.pyenv/versions/3.10.0/lib/python3.10/site-packages/uvicorn/server.py", line 69, in serve
    config.load()
  File "/Users/seanazulay/.pyenv/versions/3.10.0/lib/python3.10/site-packages/uvicorn/config.py", line 458, in load
    self.loaded_app = import_from_string(self.app)
  File "/Users/seanazulay/.pyenv/versions/3.10.0/lib/python3.10/site-packages/uvicorn/importer.py", line 21, in import_from_string
    module = importlib.import_module(module_str)
  File "/Users/seanazulay/.pyenv/versions/3.10.0/lib/python3.10/importlib/__init__.py", line 126, in import_module
    return _bootstrap._gcd_import(name[level:], package, level)
  File "<frozen importlib._bootstrap>", line 1050, in _gcd_import
  File "<frozen importlib._bootstrap>", line 1027, in _find_and_load
  File "<frozen importlib._bootstrap>", line 1006, in _find_and_load_unlocked
  File "<frozen importlib._bootstrap>", line 688, in _load_unlocked
  File "<frozen importlib._bootstrap_external>", line 883, in exec_module
  File "<frozen importlib._bootstrap>", line 241, in _call_with_frames_removed
  File "/Users/seanazulay/Desktop/StockBots/LumoTrade/ml-backend/app.py", line 16, in <module>
    from src.api import health, prediction, backtest, models_info, training_ultimate
  File "/Users/seanazulay/Desktop/StockBots/LumoTrade/ml-backend/src/api/prediction.py", line 12, in <module>
    from src.core.inference.engine import PanelPredictionEngine
  File "/Users/seanazulay/Desktop/StockBots/LumoTrade/ml-backend/src/core/inference/engine.py", line 15, in <module>
    from src.core.features import (
ImportError: cannot import name 'build_technical_features' from 'src.core.features' (/Users/seanazulay/Desktop/StockBots/LumoTrade/ml-backend/src/core/features/__init__.py)
WARNING:  WatchFiles detected changes in 'scripts/utils/integrate_rl_with_multitime frame.py', 'integrate_rl_with_multitime frame.py'. Reloading...
Process SpawnProcess-270:
Traceback (most recent call last):
  File "/Users/seanazulay/.pyenv/versions/3.10.0/lib/python3.10/multiprocessing/process.py", line 315, in _bootstrap
    self.run()
  File "/Users/seanazulay/.pyenv/versions/3.10.0/lib/python3.10/multiprocessing/process.py", line 108, in run
    self._target(*self._args, **self._kwargs)
  File "/Users/seanazulay/.pyenv/versions/3.10.0/lib/python3.10/site-packages/uvicorn/_subprocess.py", line 78, in subprocess_started
    target(sockets=sockets)
  File "/Users/seanazulay/.pyenv/versions/3.10.0/lib/python3.10/site-packages/uvicorn/server.py", line 62, in run
    return asyncio.run(self.serve(sockets=sockets))
  File "/Users/seanazulay/.pyenv/versions/3.10.0/lib/python3.10/asyncio/runners.py", line 44, in run
    return loop.run_until_complete(main)
  File "uvloop/loop.pyx", line 1518, in uvloop.loop.Loop.run_until_complete
  File "/Users/seanazulay/.pyenv/versions/3.10.0/lib/python3.10/site-packages/uvicorn/server.py", line 69, in serve
    config.load()
  File "/Users/seanazulay/.pyenv/versions/3.10.0/lib/python3.10/site-packages/uvicorn/config.py", line 458, in load
    self.loaded_app = import_from_string(self.app)
  File "/Users/seanazulay/.pyenv/versions/3.10.0/lib/python3.10/site-packages/uvicorn/importer.py", line 21, in import_from_string
    module = importlib.import_module(module_str)
  File "/Users/seanazulay/.pyenv/versions/3.10.0/lib/python3.10/importlib/__init__.py", line 126, in import_module
    return _bootstrap._gcd_import(name[level:], package, level)
  File "<frozen importlib._bootstrap>", line 1050, in _gcd_import
  File "<frozen importlib._bootstrap>", line 1027, in _find_and_load
  File "<frozen importlib._bootstrap>", line 1006, in _find_and_load_unlocked
  File "<frozen importlib._bootstrap>", line 688, in _load_unlocked
  File "<frozen importlib._bootstrap_external>", line 883, in exec_module
  File "<frozen importlib._bootstrap>", line 241, in _call_with_frames_removed
  File "/Users/seanazulay/Desktop/StockBots/LumoTrade/ml-backend/app.py", line 16, in <module>
    from src.api import health, prediction, backtest, models_info, training_ultimate
  File "/Users/seanazulay/Desktop/StockBots/LumoTrade/ml-backend/src/api/prediction.py", line 12, in <module>
    from src.core.inference.engine import PanelPredictionEngine
  File "/Users/seanazulay/Desktop/StockBots/LumoTrade/ml-backend/src/core/inference/engine.py", line 15, in <module>
    from src.core.features import (
ImportError: cannot import name 'build_technical_features' from 'src.core.features' (/Users/seanazulay/Desktop/StockBots/LumoTrade/ml-backend/src/core/features/__init__.py)
WARNING:  WatchFiles detected changes in 'run_full_multi_timeframe_training.py'. Reloading...
Process SpawnProcess-271:
Traceback (most recent call last):
  File "/Users/seanazulay/.pyenv/versions/3.10.0/lib/python3.10/multiprocessing/process.py", line 315, in _bootstrap
    self.run()
  File "/Users/seanazulay/.pyenv/versions/3.10.0/lib/python3.10/multiprocessing/process.py", line 108, in run
    self._target(*self._args, **self._kwargs)
  File "/Users/seanazulay/.pyenv/versions/3.10.0/lib/python3.10/site-packages/uvicorn/_subprocess.py", line 78, in subprocess_started
    target(sockets=sockets)
  File "/Users/seanazulay/.pyenv/versions/3.10.0/lib/python3.10/site-packages/uvicorn/server.py", line 62, in run
    return asyncio.run(self.serve(sockets=sockets))
  File "/Users/seanazulay/.pyenv/versions/3.10.0/lib/python3.10/asyncio/runners.py", line 44, in run
    return loop.run_until_complete(main)
  File "uvloop/loop.pyx", line 1518, in uvloop.loop.Loop.run_until_complete
  File "/Users/seanazulay/.pyenv/versions/3.10.0/lib/python3.10/site-packages/uvicorn/server.py", line 69, in serve
    config.load()
  File "/Users/seanazulay/.pyenv/versions/3.10.0/lib/python3.10/site-packages/uvicorn/config.py", line 458, in load
    self.loaded_app = import_from_string(self.app)
  File "/Users/seanazulay/.pyenv/versions/3.10.0/lib/python3.10/site-packages/uvicorn/importer.py", line 21, in import_from_string
    module = importlib.import_module(module_str)
  File "/Users/seanazulay/.pyenv/versions/3.10.0/lib/python3.10/importlib/__init__.py", line 126, in import_module
    return _bootstrap._gcd_import(name[level:], package, level)
  File "<frozen importlib._bootstrap>", line 1050, in _gcd_import
  File "<frozen importlib._bootstrap>", line 1027, in _find_and_load
  File "<frozen importlib._bootstrap>", line 1006, in _find_and_load_unlocked
  File "<frozen importlib._bootstrap>", line 688, in _load_unlocked
  File "<frozen importlib._bootstrap_external>", line 883, in exec_module
  File "<frozen importlib._bootstrap>", line 241, in _call_with_frames_removed
  File "/Users/seanazulay/Desktop/StockBots/LumoTrade/ml-backend/app.py", line 16, in <module>
    from src.api import health, prediction, backtest, models_info, training_ultimate
  File "/Users/seanazulay/Desktop/StockBots/LumoTrade/ml-backend/src/api/prediction.py", line 12, in <module>
    from src.core.inference.engine import PanelPredictionEngine
  File "/Users/seanazulay/Desktop/StockBots/LumoTrade/ml-backend/src/core/inference/engine.py", line 15, in <module>
    from src.core.features import (
ImportError: cannot import name 'build_technical_features' from 'src.core.features' (/Users/seanazulay/Desktop/StockBots/LumoTrade/ml-backend/src/core/features/__init__.py)
WARNING:  WatchFiles detected changes in 'run_full_multi_timeframe_training.py'. Reloading...
Process SpawnProcess-272:
Traceback (most recent call last):
  File "/Users/seanazulay/.pyenv/versions/3.10.0/lib/python3.10/multiprocessing/process.py", line 315, in _bootstrap
    self.run()
  File "/Users/seanazulay/.pyenv/versions/3.10.0/lib/python3.10/multiprocessing/process.py", line 108, in run
    self._target(*self._args, **self._kwargs)
  File "/Users/seanazulay/.pyenv/versions/3.10.0/lib/python3.10/site-packages/uvicorn/_subprocess.py", line 78, in subprocess_started
    target(sockets=sockets)
  File "/Users/seanazulay/.pyenv/versions/3.10.0/lib/python3.10/site-packages/uvicorn/server.py", line 62, in run
    return asyncio.run(self.serve(sockets=sockets))
  File "/Users/seanazulay/.pyenv/versions/3.10.0/lib/python3.10/asyncio/runners.py", line 44, in run
    return loop.run_until_complete(main)
  File "uvloop/loop.pyx", line 1518, in uvloop.loop.Loop.run_until_complete
  File "/Users/seanazulay/.pyenv/versions/3.10.0/lib/python3.10/site-packages/uvicorn/server.py", line 69, in serve
    config.load()
  File "/Users/seanazulay/.pyenv/versions/3.10.0/lib/python3.10/site-packages/uvicorn/config.py", line 458, in load
    self.loaded_app = import_from_string(self.app)
  File "/Users/seanazulay/.pyenv/versions/3.10.0/lib/python3.10/site-packages/uvicorn/importer.py", line 21, in import_from_string
    module = importlib.import_module(module_str)
  File "/Users/seanazulay/.pyenv/versions/3.10.0/lib/python3.10/importlib/__init__.py", line 126, in import_module
    return _bootstrap._gcd_import(name[level:], package, level)
  File "<frozen importlib._bootstrap>", line 1050, in _gcd_import
  File "<frozen importlib._bootstrap>", line 1027, in _find_and_load
  File "<frozen importlib._bootstrap>", line 1006, in _find_and_load_unlocked
  File "<frozen importlib._bootstrap>", line 688, in _load_unlocked
  File "<frozen importlib._bootstrap_external>", line 883, in exec_module
  File "<frozen importlib._bootstrap>", line 241, in _call_with_frames_removed
  File "/Users/seanazulay/Desktop/StockBots/LumoTrade/ml-backend/app.py", line 16, in <module>
    from src.api import health, prediction, backtest, models_info, training_ultimate
  File "/Users/seanazulay/Desktop/StockBots/LumoTrade/ml-backend/src/api/prediction.py", line 12, in <module>
    from src.core.inference.engine import PanelPredictionEngine
  File "/Users/seanazulay/Desktop/StockBots/LumoTrade/ml-backend/src/core/inference/engine.py", line 15, in <module>
    from src.core.features import (
ImportError: cannot import name 'build_technical_features' from 'src.core.features' (/Users/seanazulay/Desktop/StockBots/LumoTrade/ml-backend/src/core/features/__init__.py)
WARNING:  WatchFiles detected changes in 'src/core/data/dataset_builder.py'. Reloading...
Process SpawnProcess-273:
Traceback (most recent call last):
  File "/Users/seanazulay/.pyenv/versions/3.10.0/lib/python3.10/multiprocessing/process.py", line 315, in _bootstrap
    self.run()
  File "/Users/seanazulay/.pyenv/versions/3.10.0/lib/python3.10/multiprocessing/process.py", line 108, in run
    self._target(*self._args, **self._kwargs)
  File "/Users/seanazulay/.pyenv/versions/3.10.0/lib/python3.10/site-packages/uvicorn/_subprocess.py", line 78, in subprocess_started
    target(sockets=sockets)
  File "/Users/seanazulay/.pyenv/versions/3.10.0/lib/python3.10/site-packages/uvicorn/server.py", line 62, in run
    return asyncio.run(self.serve(sockets=sockets))
  File "/Users/seanazulay/.pyenv/versions/3.10.0/lib/python3.10/asyncio/runners.py", line 44, in run
    return loop.run_until_complete(main)
  File "uvloop/loop.pyx", line 1518, in uvloop.loop.Loop.run_until_complete
  File "/Users/seanazulay/.pyenv/versions/3.10.0/lib/python3.10/site-packages/uvicorn/server.py", line 69, in serve
    config.load()
  File "/Users/seanazulay/.pyenv/versions/3.10.0/lib/python3.10/site-packages/uvicorn/config.py", line 458, in load
    self.loaded_app = import_from_string(self.app)
  File "/Users/seanazulay/.pyenv/versions/3.10.0/lib/python3.10/site-packages/uvicorn/importer.py", line 21, in import_from_string
    module = importlib.import_module(module_str)
  File "/Users/seanazulay/.pyenv/versions/3.10.0/lib/python3.10/importlib/__init__.py", line 126, in import_module
    return _bootstrap._gcd_import(name[level:], package, level)
  File "<frozen importlib._bootstrap>", line 1050, in _gcd_import
  File "<frozen importlib._bootstrap>", line 1027, in _find_and_load
  File "<frozen importlib._bootstrap>", line 1006, in _find_and_load_unlocked
  File "<frozen importlib._bootstrap>", line 688, in _load_unlocked
  File "<frozen importlib._bootstrap_external>", line 883, in exec_module
  File "<frozen importlib._bootstrap>", line 241, in _call_with_frames_removed
  File "/Users/seanazulay/Desktop/StockBots/LumoTrade/ml-backend/app.py", line 16, in <module>
    from src.api import health, prediction, backtest, models_info, training_ultimate
  File "/Users/seanazulay/Desktop/StockBots/LumoTrade/ml-backend/src/api/prediction.py", line 12, in <module>
    from src.core.inference.engine import PanelPredictionEngine
  File "/Users/seanazulay/Desktop/StockBots/LumoTrade/ml-backend/src/core/inference/engine.py", line 15, in <module>
    from src.core.features import (
ImportError: cannot import name 'build_technical_features' from 'src.core.features' (/Users/seanazulay/Desktop/StockBots/LumoTrade/ml-backend/src/core/features/__init__.py)
WARNING:  WatchFiles detected changes in 'src/core/data/dataset_builder.py'. Reloading...
Process SpawnProcess-274:
Traceback (most recent call last):
  File "/Users/seanazulay/.pyenv/versions/3.10.0/lib/python3.10/multiprocessing/process.py", line 315, in _bootstrap
    self.run()
  File "/Users/seanazulay/.pyenv/versions/3.10.0/lib/python3.10/multiprocessing/process.py", line 108, in run
    self._target(*self._args, **self._kwargs)
  File "/Users/seanazulay/.pyenv/versions/3.10.0/lib/python3.10/site-packages/uvicorn/_subprocess.py", line 78, in subprocess_started
    target(sockets=sockets)
  File "/Users/seanazulay/.pyenv/versions/3.10.0/lib/python3.10/site-packages/uvicorn/server.py", line 62, in run
    return asyncio.run(self.serve(sockets=sockets))
  File "/Users/seanazulay/.pyenv/versions/3.10.0/lib/python3.10/asyncio/runners.py", line 44, in run
    return loop.run_until_complete(main)
  File "uvloop/loop.pyx", line 1518, in uvloop.loop.Loop.run_until_complete
  File "/Users/seanazulay/.pyenv/versions/3.10.0/lib/python3.10/site-packages/uvicorn/server.py", line 69, in serve
    config.load()
  File "/Users/seanazulay/.pyenv/versions/3.10.0/lib/python3.10/site-packages/uvicorn/config.py", line 458, in load
    self.loaded_app = import_from_string(self.app)
  File "/Users/seanazulay/.pyenv/versions/3.10.0/lib/python3.10/site-packages/uvicorn/importer.py", line 21, in import_from_string
    module = importlib.import_module(module_str)
  File "/Users/seanazulay/.pyenv/versions/3.10.0/lib/python3.10/importlib/__init__.py", line 126, in import_module
    return _bootstrap._gcd_import(name[level:], package, level)
  File "<frozen importlib._bootstrap>", line 1050, in _gcd_import
  File "<frozen importlib._bootstrap>", line 1027, in _find_and_load
  File "<frozen importlib._bootstrap>", line 1006, in _find_and_load_unlocked
  File "<frozen importlib._bootstrap>", line 688, in _load_unlocked
  File "<frozen importlib._bootstrap_external>", line 883, in exec_module
  File "<frozen importlib._bootstrap>", line 241, in _call_with_frames_removed
  File "/Users/seanazulay/Desktop/StockBots/LumoTrade/ml-backend/app.py", line 16, in <module>
    from src.api import health, prediction, backtest, models_info, training_ultimate
  File "/Users/seanazulay/Desktop/StockBots/LumoTrade/ml-backend/src/api/prediction.py", line 12, in <module>
    from src.core.inference.engine import PanelPredictionEngine
  File "/Users/seanazulay/Desktop/StockBots/LumoTrade/ml-backend/src/core/inference/engine.py", line 15, in <module>
    from src.core.features import (
ImportError: cannot import name 'build_technical_features' from 'src.core.features' (/Users/seanazulay/Desktop/StockBots/LumoTrade/ml-backend/src/core/features/__init__.py)
WARNING:  WatchFiles detected changes in 'src/core/data/dataset_builder.py'. Reloading...
Process SpawnProcess-275:
Traceback (most recent call last):
  File "/Users/seanazulay/.pyenv/versions/3.10.0/lib/python3.10/multiprocessing/process.py", line 315, in _bootstrap
    self.run()
  File "/Users/seanazulay/.pyenv/versions/3.10.0/lib/python3.10/multiprocessing/process.py", line 108, in run
    self._target(*self._args, **self._kwargs)
  File "/Users/seanazulay/.pyenv/versions/3.10.0/lib/python3.10/site-packages/uvicorn/_subprocess.py", line 78, in subprocess_started
    target(sockets=sockets)
  File "/Users/seanazulay/.pyenv/versions/3.10.0/lib/python3.10/site-packages/uvicorn/server.py", line 62, in run
    return asyncio.run(self.serve(sockets=sockets))
  File "/Users/seanazulay/.pyenv/versions/3.10.0/lib/python3.10/asyncio/runners.py", line 44, in run
    return loop.run_until_complete(main)
  File "uvloop/loop.pyx", line 1518, in uvloop.loop.Loop.run_until_complete
  File "/Users/seanazulay/.pyenv/versions/3.10.0/lib/python3.10/site-packages/uvicorn/server.py", line 69, in serve
    config.load()
  File "/Users/seanazulay/.pyenv/versions/3.10.0/lib/python3.10/site-packages/uvicorn/config.py", line 458, in load
    self.loaded_app = import_from_string(self.app)
  File "/Users/seanazulay/.pyenv/versions/3.10.0/lib/python3.10/site-packages/uvicorn/importer.py", line 21, in import_from_string
    module = importlib.import_module(module_str)
  File "/Users/seanazulay/.pyenv/versions/3.10.0/lib/python3.10/importlib/__init__.py", line 126, in import_module
    return _bootstrap._gcd_import(name[level:], package, level)
  File "<frozen importlib._bootstrap>", line 1050, in _gcd_import
  File "<frozen importlib._bootstrap>", line 1027, in _find_and_load
  File "<frozen importlib._bootstrap>", line 1006, in _find_and_load_unlocked
  File "<frozen importlib._bootstrap>", line 688, in _load_unlocked
  File "<frozen importlib._bootstrap_external>", line 883, in exec_module
  File "<frozen importlib._bootstrap>", line 241, in _call_with_frames_removed
  File "/Users/seanazulay/Desktop/StockBots/LumoTrade/ml-backend/app.py", line 16, in <module>
    from src.api import health, prediction, backtest, models_info, training_ultimate
  File "/Users/seanazulay/Desktop/StockBots/LumoTrade/ml-backend/src/api/prediction.py", line 12, in <module>
    from src.core.inference.engine import PanelPredictionEngine
  File "/Users/seanazulay/Desktop/StockBots/LumoTrade/ml-backend/src/core/inference/engine.py", line 15, in <module>
    from src.core.features import (
ImportError: cannot import name 'build_technical_features' from 'src.core.features' (/Users/seanazulay/Desktop/StockBots/LumoTrade/ml-backend/src/core/features/__init__.py)
WARNING:  WatchFiles detected changes in 'src/core/data/dataset_builder.py'. Reloading...
Process SpawnProcess-276:
Traceback (most recent call last):
  File "/Users/seanazulay/.pyenv/versions/3.10.0/lib/python3.10/multiprocessing/process.py", line 315, in _bootstrap
    self.run()
  File "/Users/seanazulay/.pyenv/versions/3.10.0/lib/python3.10/multiprocessing/process.py", line 108, in run
    self._target(*self._args, **self._kwargs)
  File "/Users/seanazulay/.pyenv/versions/3.10.0/lib/python3.10/site-packages/uvicorn/_subprocess.py", line 78, in subprocess_started
    target(sockets=sockets)
  File "/Users/seanazulay/.pyenv/versions/3.10.0/lib/python3.10/site-packages/uvicorn/server.py", line 62, in run
    return asyncio.run(self.serve(sockets=sockets))
  File "/Users/seanazulay/.pyenv/versions/3.10.0/lib/python3.10/asyncio/runners.py", line 44, in run
    return loop.run_until_complete(main)
  File "uvloop/loop.pyx", line 1518, in uvloop.loop.Loop.run_until_complete
  File "/Users/seanazulay/.pyenv/versions/3.10.0/lib/python3.10/site-packages/uvicorn/server.py", line 69, in serve
    config.load()
  File "/Users/seanazulay/.pyenv/versions/3.10.0/lib/python3.10/site-packages/uvicorn/config.py", line 458, in load
    self.loaded_app = import_from_string(self.app)
  File "/Users/seanazulay/.pyenv/versions/3.10.0/lib/python3.10/site-packages/uvicorn/importer.py", line 21, in import_from_string
    module = importlib.import_module(module_str)
  File "/Users/seanazulay/.pyenv/versions/3.10.0/lib/python3.10/importlib/__init__.py", line 126, in import_module
    return _bootstrap._gcd_import(name[level:], package, level)
  File "<frozen importlib._bootstrap>", line 1050, in _gcd_import
  File "<frozen importlib._bootstrap>", line 1027, in _find_and_load
  File "<frozen importlib._bootstrap>", line 1006, in _find_and_load_unlocked
  File "<frozen importlib._bootstrap>", line 688, in _load_unlocked
  File "<frozen importlib._bootstrap_external>", line 883, in exec_module
  File "<frozen importlib._bootstrap>", line 241, in _call_with_frames_removed
  File "/Users/seanazulay/Desktop/StockBots/LumoTrade/ml-backend/app.py", line 16, in <module>
    from src.api import health, prediction, backtest, models_info, training_ultimate
  File "/Users/seanazulay/Desktop/StockBots/LumoTrade/ml-backend/src/api/prediction.py", line 12, in <module>
    from src.core.inference.engine import PanelPredictionEngine
  File "/Users/seanazulay/Desktop/StockBots/LumoTrade/ml-backend/src/core/inference/engine.py", line 15, in <module>
    from src.core.features import (
ImportError: cannot import name 'build_technical_features' from 'src.core.features' (/Users/seanazulay/Desktop/StockBots/LumoTrade/ml-backend/src/core/features/__init__.py)
WARNING:  WatchFiles detected changes in 'src/core/data/dataset_builder.py'. Reloading...
Process SpawnProcess-277:
Traceback (most recent call last):
  File "/Users/seanazulay/.pyenv/versions/3.10.0/lib/python3.10/multiprocessing/process.py", line 315, in _bootstrap
    self.run()
  File "/Users/seanazulay/.pyenv/versions/3.10.0/lib/python3.10/multiprocessing/process.py", line 108, in run
    self._target(*self._args, **self._kwargs)
  File "/Users/seanazulay/.pyenv/versions/3.10.0/lib/python3.10/site-packages/uvicorn/_subprocess.py", line 78, in subprocess_started
    target(sockets=sockets)
  File "/Users/seanazulay/.pyenv/versions/3.10.0/lib/python3.10/site-packages/uvicorn/server.py", line 62, in run
    return asyncio.run(self.serve(sockets=sockets))
  File "/Users/seanazulay/.pyenv/versions/3.10.0/lib/python3.10/asyncio/runners.py", line 44, in run
    return loop.run_until_complete(main)
  File "uvloop/loop.pyx", line 1518, in uvloop.loop.Loop.run_until_complete
  File "/Users/seanazulay/.pyenv/versions/3.10.0/lib/python3.10/site-packages/uvicorn/server.py", line 69, in serve
    config.load()
  File "/Users/seanazulay/.pyenv/versions/3.10.0/lib/python3.10/site-packages/uvicorn/config.py", line 458, in load
    self.loaded_app = import_from_string(self.app)
  File "/Users/seanazulay/.pyenv/versions/3.10.0/lib/python3.10/site-packages/uvicorn/importer.py", line 21, in import_from_string
    module = importlib.import_module(module_str)
  File "/Users/seanazulay/.pyenv/versions/3.10.0/lib/python3.10/importlib/__init__.py", line 126, in import_module
    return _bootstrap._gcd_import(name[level:], package, level)
  File "<frozen importlib._bootstrap>", line 1050, in _gcd_import
  File "<frozen importlib._bootstrap>", line 1027, in _find_and_load
  File "<frozen importlib._bootstrap>", line 1006, in _find_and_load_unlocked
  File "<frozen importlib._bootstrap>", line 688, in _load_unlocked
  File "<frozen importlib._bootstrap_external>", line 883, in exec_module
  File "<frozen importlib._bootstrap>", line 241, in _call_with_frames_removed
  File "/Users/seanazulay/Desktop/StockBots/LumoTrade/ml-backend/app.py", line 16, in <module>
    from src.api import health, prediction, backtest, models_info, training_ultimate
  File "/Users/seanazulay/Desktop/StockBots/LumoTrade/ml-backend/src/api/prediction.py", line 12, in <module>
    from src.core.inference.engine import PanelPredictionEngine
  File "/Users/seanazulay/Desktop/StockBots/LumoTrade/ml-backend/src/core/inference/engine.py", line 15, in <module>
    from src.core.features import (
ImportError: cannot import name 'build_technical_features' from 'src.core.features' (/Users/seanazulay/Desktop/StockBots/LumoTrade/ml-backend/src/core/features/__init__.py)
WARNING:  WatchFiles detected changes in 'src/core/data/dataset_builder.py'. Reloading...
Process SpawnProcess-278:
Traceback (most recent call last):
  File "/Users/seanazulay/.pyenv/versions/3.10.0/lib/python3.10/multiprocessing/process.py", line 315, in _bootstrap
    self.run()
  File "/Users/seanazulay/.pyenv/versions/3.10.0/lib/python3.10/multiprocessing/process.py", line 108, in run
    self._target(*self._args, **self._kwargs)
  File "/Users/seanazulay/.pyenv/versions/3.10.0/lib/python3.10/site-packages/uvicorn/_subprocess.py", line 78, in subprocess_started
    target(sockets=sockets)
  File "/Users/seanazulay/.pyenv/versions/3.10.0/lib/python3.10/site-packages/uvicorn/server.py", line 62, in run
    return asyncio.run(self.serve(sockets=sockets))
  File "/Users/seanazulay/.pyenv/versions/3.10.0/lib/python3.10/asyncio/runners.py", line 44, in run
    return loop.run_until_complete(main)
  File "uvloop/loop.pyx", line 1518, in uvloop.loop.Loop.run_until_complete
  File "/Users/seanazulay/.pyenv/versions/3.10.0/lib/python3.10/site-packages/uvicorn/server.py", line 69, in serve
    config.load()
  File "/Users/seanazulay/.pyenv/versions/3.10.0/lib/python3.10/site-packages/uvicorn/config.py", line 458, in load
    self.loaded_app = import_from_string(self.app)
  File "/Users/seanazulay/.pyenv/versions/3.10.0/lib/python3.10/site-packages/uvicorn/importer.py", line 21, in import_from_string
    module = importlib.import_module(module_str)
  File "/Users/seanazulay/.pyenv/versions/3.10.0/lib/python3.10/importlib/__init__.py", line 126, in import_module
    return _bootstrap._gcd_import(name[level:], package, level)
  File "<frozen importlib._bootstrap>", line 1050, in _gcd_import
  File "<frozen importlib._bootstrap>", line 1027, in _find_and_load
  File "<frozen importlib._bootstrap>", line 1006, in _find_and_load_unlocked
  File "<frozen importlib._bootstrap>", line 688, in _load_unlocked
  File "<frozen importlib._bootstrap_external>", line 883, in exec_module
  File "<frozen importlib._bootstrap>", line 241, in _call_with_frames_removed
  File "/Users/seanazulay/Desktop/StockBots/LumoTrade/ml-backend/app.py", line 16, in <module>
    from src.api import health, prediction, backtest, models_info, training_ultimate
  File "/Users/seanazulay/Desktop/StockBots/LumoTrade/ml-backend/src/api/prediction.py", line 12, in <module>
    from src.core.inference.engine import PanelPredictionEngine
  File "/Users/seanazulay/Desktop/StockBots/LumoTrade/ml-backend/src/core/inference/engine.py", line 15, in <module>
    from src.core.features import (
ImportError: cannot import name 'build_technical_features' from 'src.core.features' (/Users/seanazulay/Desktop/StockBots/LumoTrade/ml-backend/src/core/features/__init__.py)
WARNING:  WatchFiles detected changes in 'src/core/data/dataset_builder.py'. Reloading...
Process SpawnProcess-279:
Traceback (most recent call last):
  File "/Users/seanazulay/.pyenv/versions/3.10.0/lib/python3.10/multiprocessing/process.py", line 315, in _bootstrap
    self.run()
  File "/Users/seanazulay/.pyenv/versions/3.10.0/lib/python3.10/multiprocessing/process.py", line 108, in run
    self._target(*self._args, **self._kwargs)
  File "/Users/seanazulay/.pyenv/versions/3.10.0/lib/python3.10/site-packages/uvicorn/_subprocess.py", line 78, in subprocess_started
    target(sockets=sockets)
  File "/Users/seanazulay/.pyenv/versions/3.10.0/lib/python3.10/site-packages/uvicorn/server.py", line 62, in run
    return asyncio.run(self.serve(sockets=sockets))
  File "/Users/seanazulay/.pyenv/versions/3.10.0/lib/python3.10/asyncio/runners.py", line 44, in run
    return loop.run_until_complete(main)
  File "uvloop/loop.pyx", line 1518, in uvloop.loop.Loop.run_until_complete
  File "/Users/seanazulay/.pyenv/versions/3.10.0/lib/python3.10/site-packages/uvicorn/server.py", line 69, in serve
    config.load()
  File "/Users/seanazulay/.pyenv/versions/3.10.0/lib/python3.10/site-packages/uvicorn/config.py", line 458, in load
    self.loaded_app = import_from_string(self.app)
  File "/Users/seanazulay/.pyenv/versions/3.10.0/lib/python3.10/site-packages/uvicorn/importer.py", line 21, in import_from_string
    module = importlib.import_module(module_str)
  File "/Users/seanazulay/.pyenv/versions/3.10.0/lib/python3.10/importlib/__init__.py", line 126, in import_module
    return _bootstrap._gcd_import(name[level:], package, level)
  File "<frozen importlib._bootstrap>", line 1050, in _gcd_import
  File "<frozen importlib._bootstrap>", line 1027, in _find_and_load
  File "<frozen importlib._bootstrap>", line 1006, in _find_and_load_unlocked
  File "<frozen importlib._bootstrap>", line 688, in _load_unlocked
  File "<frozen importlib._bootstrap_external>", line 883, in exec_module
  File "<frozen importlib._bootstrap>", line 241, in _call_with_frames_removed
  File "/Users/seanazulay/Desktop/StockBots/LumoTrade/ml-backend/app.py", line 16, in <module>
    from src.api import health, prediction, backtest, models_info, training_ultimate
  File "/Users/seanazulay/Desktop/StockBots/LumoTrade/ml-backend/src/api/prediction.py", line 12, in <module>
    from src.core.inference.engine import PanelPredictionEngine
  File "/Users/seanazulay/Desktop/StockBots/LumoTrade/ml-backend/src/core/inference/engine.py", line 15, in <module>
    from src.core.features import (
ImportError: cannot import name 'build_technical_features' from 'src.core.features' (/Users/seanazulay/Desktop/StockBots/LumoTrade/ml-backend/src/core/features/__init__.py)
WARNING:  WatchFiles detected changes in 'src/core/data/dataset_builder.py'. Reloading...
Process SpawnProcess-280:
Traceback (most recent call last):
  File "/Users/seanazulay/.pyenv/versions/3.10.0/lib/python3.10/multiprocessing/process.py", line 315, in _bootstrap
    self.run()
  File "/Users/seanazulay/.pyenv/versions/3.10.0/lib/python3.10/multiprocessing/process.py", line 108, in run
    self._target(*self._args, **self._kwargs)
  File "/Users/seanazulay/.pyenv/versions/3.10.0/lib/python3.10/site-packages/uvicorn/_subprocess.py", line 78, in subprocess_started
    target(sockets=sockets)
  File "/Users/seanazulay/.pyenv/versions/3.10.0/lib/python3.10/site-packages/uvicorn/server.py", line 62, in run
    return asyncio.run(self.serve(sockets=sockets))
  File "/Users/seanazulay/.pyenv/versions/3.10.0/lib/python3.10/asyncio/runners.py", line 44, in run
    return loop.run_until_complete(main)
  File "uvloop/loop.pyx", line 1518, in uvloop.loop.Loop.run_until_complete
  File "/Users/seanazulay/.pyenv/versions/3.10.0/lib/python3.10/site-packages/uvicorn/server.py", line 69, in serve
    config.load()
  File "/Users/seanazulay/.pyenv/versions/3.10.0/lib/python3.10/site-packages/uvicorn/config.py", line 458, in load
    self.loaded_app = import_from_string(self.app)
  File "/Users/seanazulay/.pyenv/versions/3.10.0/lib/python3.10/site-packages/uvicorn/importer.py", line 21, in import_from_string
    module = importlib.import_module(module_str)
  File "/Users/seanazulay/.pyenv/versions/3.10.0/lib/python3.10/importlib/__init__.py", line 126, in import_module
    return _bootstrap._gcd_import(name[level:], package, level)
  File "<frozen importlib._bootstrap>", line 1050, in _gcd_import
  File "<frozen importlib._bootstrap>", line 1027, in _find_and_load
  File "<frozen importlib._bootstrap>", line 1006, in _find_and_load_unlocked
  File "<frozen importlib._bootstrap>", line 688, in _load_unlocked
  File "<frozen importlib._bootstrap_external>", line 883, in exec_module
  File "<frozen importlib._bootstrap>", line 241, in _call_with_frames_removed
  File "/Users/seanazulay/Desktop/StockBots/LumoTrade/ml-backend/app.py", line 16, in <module>
    from src.api import health, prediction, backtest, models_info, training_ultimate
  File "/Users/seanazulay/Desktop/StockBots/LumoTrade/ml-backend/src/api/prediction.py", line 12, in <module>
    from src.core.inference.engine import PanelPredictionEngine
  File "/Users/seanazulay/Desktop/StockBots/LumoTrade/ml-backend/src/core/inference/engine.py", line 15, in <module>
    from src.core.features import (
ImportError: cannot import name 'build_technical_features' from 'src.core.features' (/Users/seanazulay/Desktop/StockBots/LumoTrade/ml-backend/src/core/features/__init__.py)
WARNING:  WatchFiles detected changes in 'src/core/data/dataset_builder.py'. Reloading...
Process SpawnProcess-281:
Traceback (most recent call last):
  File "/Users/seanazulay/.pyenv/versions/3.10.0/lib/python3.10/multiprocessing/process.py", line 315, in _bootstrap
    self.run()
  File "/Users/seanazulay/.pyenv/versions/3.10.0/lib/python3.10/multiprocessing/process.py", line 108, in run
    self._target(*self._args, **self._kwargs)
  File "/Users/seanazulay/.pyenv/versions/3.10.0/lib/python3.10/site-packages/uvicorn/_subprocess.py", line 78, in subprocess_started
    target(sockets=sockets)
  File "/Users/seanazulay/.pyenv/versions/3.10.0/lib/python3.10/site-packages/uvicorn/server.py", line 62, in run
    return asyncio.run(self.serve(sockets=sockets))
  File "/Users/seanazulay/.pyenv/versions/3.10.0/lib/python3.10/asyncio/runners.py", line 44, in run
    return loop.run_until_complete(main)
  File "uvloop/loop.pyx", line 1518, in uvloop.loop.Loop.run_until_complete
  File "/Users/seanazulay/.pyenv/versions/3.10.0/lib/python3.10/site-packages/uvicorn/server.py", line 69, in serve
    config.load()
  File "/Users/seanazulay/.pyenv/versions/3.10.0/lib/python3.10/site-packages/uvicorn/config.py", line 458, in load
    self.loaded_app = import_from_string(self.app)
  File "/Users/seanazulay/.pyenv/versions/3.10.0/lib/python3.10/site-packages/uvicorn/importer.py", line 21, in import_from_string
    module = importlib.import_module(module_str)
  File "/Users/seanazulay/.pyenv/versions/3.10.0/lib/python3.10/importlib/__init__.py", line 126, in import_module
    return _bootstrap._gcd_import(name[level:], package, level)
  File "<frozen importlib._bootstrap>", line 1050, in _gcd_import
  File "<frozen importlib._bootstrap>", line 1027, in _find_and_load
  File "<frozen importlib._bootstrap>", line 1006, in _find_and_load_unlocked
  File "<frozen importlib._bootstrap>", line 688, in _load_unlocked
  File "<frozen importlib._bootstrap_external>", line 883, in exec_module
  File "<frozen importlib._bootstrap>", line 241, in _call_with_frames_removed
  File "/Users/seanazulay/Desktop/StockBots/LumoTrade/ml-backend/app.py", line 16, in <module>
    from src.api import health, prediction, backtest, models_info, training_ultimate
  File "/Users/seanazulay/Desktop/StockBots/LumoTrade/ml-backend/src/api/prediction.py", line 12, in <module>
    from src.core.inference.engine import PanelPredictionEngine
  File "/Users/seanazulay/Desktop/StockBots/LumoTrade/ml-backend/src/core/inference/engine.py", line 15, in <module>
    from src.core.features import (
ImportError: cannot import name 'build_technical_features' from 'src.core.features' (/Users/seanazulay/Desktop/StockBots/LumoTrade/ml-backend/src/core/features/__init__.py)
WARNING:  WatchFiles detected changes in 'train_final.py'. Reloading...
WARNING:  WatchFiles detected changes in 'train_final.py'. Reloading...
Process SpawnProcess-283:
Traceback (most recent call last):
  File "/Users/seanazulay/.pyenv/versions/3.10.0/lib/python3.10/multiprocessing/process.py", line 315, in _bootstrap
    self.run()
  File "/Users/seanazulay/.pyenv/versions/3.10.0/lib/python3.10/multiprocessing/process.py", line 108, in run
    self._target(*self._args, **self._kwargs)
  File "/Users/seanazulay/.pyenv/versions/3.10.0/lib/python3.10/site-packages/uvicorn/_subprocess.py", line 78, in subprocess_started
    target(sockets=sockets)
  File "/Users/seanazulay/.pyenv/versions/3.10.0/lib/python3.10/site-packages/uvicorn/server.py", line 62, in run
    return asyncio.run(self.serve(sockets=sockets))
  File "/Users/seanazulay/.pyenv/versions/3.10.0/lib/python3.10/asyncio/runners.py", line 44, in run
    return loop.run_until_complete(main)
  File "uvloop/loop.pyx", line 1518, in uvloop.loop.Loop.run_until_complete
  File "/Users/seanazulay/.pyenv/versions/3.10.0/lib/python3.10/site-packages/uvicorn/server.py", line 69, in serve
    config.load()
  File "/Users/seanazulay/.pyenv/versions/3.10.0/lib/python3.10/site-packages/uvicorn/config.py", line 458, in load
    self.loaded_app = import_from_string(self.app)
  File "/Users/seanazulay/.pyenv/versions/3.10.0/lib/python3.10/site-packages/uvicorn/importer.py", line 21, in import_from_string
    module = importlib.import_module(module_str)
  File "/Users/seanazulay/.pyenv/versions/3.10.0/lib/python3.10/importlib/__init__.py", line 126, in import_module
    return _bootstrap._gcd_import(name[level:], package, level)
  File "<frozen importlib._bootstrap>", line 1050, in _gcd_import
  File "<frozen importlib._bootstrap>", line 1027, in _find_and_load
  File "<frozen importlib._bootstrap>", line 1006, in _find_and_load_unlocked
  File "<frozen importlib._bootstrap>", line 688, in _load_unlocked
  File "<frozen importlib._bootstrap_external>", line 883, in exec_module
  File "<frozen importlib._bootstrap>", line 241, in _call_with_frames_removed
  File "/Users/seanazulay/Desktop/StockBots/LumoTrade/ml-backend/app.py", line 16, in <module>
    from src.api import health, prediction, backtest, models_info, training_ultimate
  File "/Users/seanazulay/Desktop/StockBots/LumoTrade/ml-backend/src/api/prediction.py", line 12, in <module>
    from src.core.inference.engine import PanelPredictionEngine
  File "/Users/seanazulay/Desktop/StockBots/LumoTrade/ml-backend/src/core/inference/engine.py", line 15, in <module>
    from src.core.features import (
ImportError: cannot import name 'build_technical_features' from 'src.core.features' (/Users/seanazulay/Desktop/StockBots/LumoTrade/ml-backend/src/core/features/__init__.py)
WARNING:  WatchFiles detected changes in 'train_final.py'. Reloading...
Process SpawnProcess-284:
Traceback (most recent call last):
  File "/Users/seanazulay/.pyenv/versions/3.10.0/lib/python3.10/multiprocessing/process.py", line 315, in _bootstrap
    self.run()
  File "/Users/seanazulay/.pyenv/versions/3.10.0/lib/python3.10/multiprocessing/process.py", line 108, in run
    self._target(*self._args, **self._kwargs)
  File "/Users/seanazulay/.pyenv/versions/3.10.0/lib/python3.10/site-packages/uvicorn/_subprocess.py", line 78, in subprocess_started
    target(sockets=sockets)
  File "/Users/seanazulay/.pyenv/versions/3.10.0/lib/python3.10/site-packages/uvicorn/server.py", line 62, in run
    return asyncio.run(self.serve(sockets=sockets))
  File "/Users/seanazulay/.pyenv/versions/3.10.0/lib/python3.10/asyncio/runners.py", line 44, in run
    return loop.run_until_complete(main)
  File "uvloop/loop.pyx", line 1518, in uvloop.loop.Loop.run_until_complete
  File "/Users/seanazulay/.pyenv/versions/3.10.0/lib/python3.10/site-packages/uvicorn/server.py", line 69, in serve
    config.load()
  File "/Users/seanazulay/.pyenv/versions/3.10.0/lib/python3.10/site-packages/uvicorn/config.py", line 458, in load
    self.loaded_app = import_from_string(self.app)
  File "/Users/seanazulay/.pyenv/versions/3.10.0/lib/python3.10/site-packages/uvicorn/importer.py", line 21, in import_from_string
    module = importlib.import_module(module_str)
  File "/Users/seanazulay/.pyenv/versions/3.10.0/lib/python3.10/importlib/__init__.py", line 126, in import_module
    return _bootstrap._gcd_import(name[level:], package, level)
  File "<frozen importlib._bootstrap>", line 1050, in _gcd_import
  File "<frozen importlib._bootstrap>", line 1027, in _find_and_load
  File "<frozen importlib._bootstrap>", line 1006, in _find_and_load_unlocked
  File "<frozen importlib._bootstrap>", line 688, in _load_unlocked
  File "<frozen importlib._bootstrap_external>", line 883, in exec_module
  File "<frozen importlib._bootstrap>", line 241, in _call_with_frames_removed
  File "/Users/seanazulay/Desktop/StockBots/LumoTrade/ml-backend/app.py", line 16, in <module>
    from src.api import health, prediction, backtest, models_info, training_ultimate
  File "/Users/seanazulay/Desktop/StockBots/LumoTrade/ml-backend/src/api/prediction.py", line 12, in <module>
    from src.core.inference.engine import PanelPredictionEngine
  File "/Users/seanazulay/Desktop/StockBots/LumoTrade/ml-backend/src/core/inference/engine.py", line 15, in <module>
    from src.core.features import (
ImportError: cannot import name 'build_technical_features' from 'src.core.features' (/Users/seanazulay/Desktop/StockBots/LumoTrade/ml-backend/src/core/features/__init__.py)
WARNING:  WatchFiles detected changes in 'train_final.py'. Reloading...
Process SpawnProcess-285:
Traceback (most recent call last):
  File "/Users/seanazulay/.pyenv/versions/3.10.0/lib/python3.10/multiprocessing/process.py", line 315, in _bootstrap
    self.run()
  File "/Users/seanazulay/.pyenv/versions/3.10.0/lib/python3.10/multiprocessing/process.py", line 108, in run
    self._target(*self._args, **self._kwargs)
  File "/Users/seanazulay/.pyenv/versions/3.10.0/lib/python3.10/site-packages/uvicorn/_subprocess.py", line 78, in subprocess_started
    target(sockets=sockets)
  File "/Users/seanazulay/.pyenv/versions/3.10.0/lib/python3.10/site-packages/uvicorn/server.py", line 62, in run
    return asyncio.run(self.serve(sockets=sockets))
  File "/Users/seanazulay/.pyenv/versions/3.10.0/lib/python3.10/asyncio/runners.py", line 44, in run
    return loop.run_until_complete(main)
  File "uvloop/loop.pyx", line 1518, in uvloop.loop.Loop.run_until_complete
  File "/Users/seanazulay/.pyenv/versions/3.10.0/lib/python3.10/site-packages/uvicorn/server.py", line 69, in serve
    config.load()
  File "/Users/seanazulay/.pyenv/versions/3.10.0/lib/python3.10/site-packages/uvicorn/config.py", line 458, in load
    self.loaded_app = import_from_string(self.app)
  File "/Users/seanazulay/.pyenv/versions/3.10.0/lib/python3.10/site-packages/uvicorn/importer.py", line 21, in import_from_string
    module = importlib.import_module(module_str)
  File "/Users/seanazulay/.pyenv/versions/3.10.0/lib/python3.10/importlib/__init__.py", line 126, in import_module
    return _bootstrap._gcd_import(name[level:], package, level)
  File "<frozen importlib._bootstrap>", line 1050, in _gcd_import
  File "<frozen importlib._bootstrap>", line 1027, in _find_and_load
  File "<frozen importlib._bootstrap>", line 1006, in _find_and_load_unlocked
  File "<frozen importlib._bootstrap>", line 688, in _load_unlocked
  File "<frozen importlib._bootstrap_external>", line 883, in exec_module
  File "<frozen importlib._bootstrap>", line 241, in _call_with_frames_removed
  File "/Users/seanazulay/Desktop/StockBots/LumoTrade/ml-backend/app.py", line 16, in <module>
    from src.api import health, prediction, backtest, models_info, training_ultimate
  File "/Users/seanazulay/Desktop/StockBots/LumoTrade/ml-backend/src/api/prediction.py", line 12, in <module>
    from src.core.inference.engine import PanelPredictionEngine
  File "/Users/seanazulay/Desktop/StockBots/LumoTrade/ml-backend/src/core/inference/engine.py", line 15, in <module>
    from src.core.features import (
ImportError: cannot import name 'build_technical_features' from 'src.core.features' (/Users/seanazulay/Desktop/StockBots/LumoTrade/ml-backend/src/core/features/__init__.py)
WARNING:  WatchFiles detected changes in 'train_final.py'. Reloading...
Process SpawnProcess-286:
Traceback (most recent call last):
  File "/Users/seanazulay/.pyenv/versions/3.10.0/lib/python3.10/multiprocessing/process.py", line 315, in _bootstrap
    self.run()
  File "/Users/seanazulay/.pyenv/versions/3.10.0/lib/python3.10/multiprocessing/process.py", line 108, in run
    self._target(*self._args, **self._kwargs)
  File "/Users/seanazulay/.pyenv/versions/3.10.0/lib/python3.10/site-packages/uvicorn/_subprocess.py", line 78, in subprocess_started
    target(sockets=sockets)
  File "/Users/seanazulay/.pyenv/versions/3.10.0/lib/python3.10/site-packages/uvicorn/server.py", line 62, in run
    return asyncio.run(self.serve(sockets=sockets))
  File "/Users/seanazulay/.pyenv/versions/3.10.0/lib/python3.10/asyncio/runners.py", line 44, in run
    return loop.run_until_complete(main)
  File "uvloop/loop.pyx", line 1518, in uvloop.loop.Loop.run_until_complete
  File "/Users/seanazulay/.pyenv/versions/3.10.0/lib/python3.10/site-packages/uvicorn/server.py", line 69, in serve
    config.load()
  File "/Users/seanazulay/.pyenv/versions/3.10.0/lib/python3.10/site-packages/uvicorn/config.py", line 458, in load
    self.loaded_app = import_from_string(self.app)
  File "/Users/seanazulay/.pyenv/versions/3.10.0/lib/python3.10/site-packages/uvicorn/importer.py", line 21, in import_from_string
    module = importlib.import_module(module_str)
  File "/Users/seanazulay/.pyenv/versions/3.10.0/lib/python3.10/importlib/__init__.py", line 126, in import_module
    return _bootstrap._gcd_import(name[level:], package, level)
  File "<frozen importlib._bootstrap>", line 1050, in _gcd_import
  File "<frozen importlib._bootstrap>", line 1027, in _find_and_load
  File "<frozen importlib._bootstrap>", line 1006, in _find_and_load_unlocked
  File "<frozen importlib._bootstrap>", line 688, in _load_unlocked
  File "<frozen importlib._bootstrap_external>", line 883, in exec_module
  File "<frozen importlib._bootstrap>", line 241, in _call_with_frames_removed
  File "/Users/seanazulay/Desktop/StockBots/LumoTrade/ml-backend/app.py", line 16, in <module>
    from src.api import health, prediction, backtest, models_info, training_ultimate
  File "/Users/seanazulay/Desktop/StockBots/LumoTrade/ml-backend/src/api/prediction.py", line 12, in <module>
    from src.core.inference.engine import PanelPredictionEngine
  File "/Users/seanazulay/Desktop/StockBots/LumoTrade/ml-backend/src/core/inference/engine.py", line 15, in <module>
    from src.core.features import (
ImportError: cannot import name 'build_technical_features' from 'src.core.features' (/Users/seanazulay/Desktop/StockBots/LumoTrade/ml-backend/src/core/features/__init__.py)
WARNING:  WatchFiles detected changes in 'train_final.py'. Reloading...
Process SpawnProcess-287:
Traceback (most recent call last):
  File "/Users/seanazulay/.pyenv/versions/3.10.0/lib/python3.10/multiprocessing/process.py", line 315, in _bootstrap
    self.run()
  File "/Users/seanazulay/.pyenv/versions/3.10.0/lib/python3.10/multiprocessing/process.py", line 108, in run
    self._target(*self._args, **self._kwargs)
  File "/Users/seanazulay/.pyenv/versions/3.10.0/lib/python3.10/site-packages/uvicorn/_subprocess.py", line 78, in subprocess_started
    target(sockets=sockets)
  File "/Users/seanazulay/.pyenv/versions/3.10.0/lib/python3.10/site-packages/uvicorn/server.py", line 62, in run
    return asyncio.run(self.serve(sockets=sockets))
  File "/Users/seanazulay/.pyenv/versions/3.10.0/lib/python3.10/asyncio/runners.py", line 44, in run
    return loop.run_until_complete(main)
  File "uvloop/loop.pyx", line 1518, in uvloop.loop.Loop.run_until_complete
  File "/Users/seanazulay/.pyenv/versions/3.10.0/lib/python3.10/site-packages/uvicorn/server.py", line 69, in serve
    config.load()
  File "/Users/seanazulay/.pyenv/versions/3.10.0/lib/python3.10/site-packages/uvicorn/config.py", line 458, in load
    self.loaded_app = import_from_string(self.app)
  File "/Users/seanazulay/.pyenv/versions/3.10.0/lib/python3.10/site-packages/uvicorn/importer.py", line 21, in import_from_string
    module = importlib.import_module(module_str)
  File "/Users/seanazulay/.pyenv/versions/3.10.0/lib/python3.10/importlib/__init__.py", line 126, in import_module
    return _bootstrap._gcd_import(name[level:], package, level)
  File "<frozen importlib._bootstrap>", line 1050, in _gcd_import
  File "<frozen importlib._bootstrap>", line 1027, in _find_and_load
  File "<frozen importlib._bootstrap>", line 1006, in _find_and_load_unlocked
  File "<frozen importlib._bootstrap>", line 688, in _load_unlocked
  File "<frozen importlib._bootstrap_external>", line 883, in exec_module
  File "<frozen importlib._bootstrap>", line 241, in _call_with_frames_removed
  File "/Users/seanazulay/Desktop/StockBots/LumoTrade/ml-backend/app.py", line 16, in <module>
    from src.api import health, prediction, backtest, models_info, training_ultimate
  File "/Users/seanazulay/Desktop/StockBots/LumoTrade/ml-backend/src/api/prediction.py", line 12, in <module>
    from src.core.inference.engine import PanelPredictionEngine
  File "/Users/seanazulay/Desktop/StockBots/LumoTrade/ml-backend/src/core/inference/engine.py", line 15, in <module>
    from src.core.features import (
ImportError: cannot import name 'build_technical_features' from 'src.core.features' (/Users/seanazulay/Desktop/StockBots/LumoTrade/ml-backend/src/core/features/__init__.py)
WARNING:  WatchFiles detected changes in 'train_final.py'. Reloading...
Process SpawnProcess-288:
Traceback (most recent call last):
  File "/Users/seanazulay/.pyenv/versions/3.10.0/lib/python3.10/multiprocessing/process.py", line 315, in _bootstrap
    self.run()
  File "/Users/seanazulay/.pyenv/versions/3.10.0/lib/python3.10/multiprocessing/process.py", line 108, in run
    self._target(*self._args, **self._kwargs)
  File "/Users/seanazulay/.pyenv/versions/3.10.0/lib/python3.10/site-packages/uvicorn/_subprocess.py", line 78, in subprocess_started
    target(sockets=sockets)
  File "/Users/seanazulay/.pyenv/versions/3.10.0/lib/python3.10/site-packages/uvicorn/server.py", line 62, in run
    return asyncio.run(self.serve(sockets=sockets))
  File "/Users/seanazulay/.pyenv/versions/3.10.0/lib/python3.10/asyncio/runners.py", line 44, in run
    return loop.run_until_complete(main)
  File "uvloop/loop.pyx", line 1518, in uvloop.loop.Loop.run_until_complete
  File "/Users/seanazulay/.pyenv/versions/3.10.0/lib/python3.10/site-packages/uvicorn/server.py", line 69, in serve
    config.load()
  File "/Users/seanazulay/.pyenv/versions/3.10.0/lib/python3.10/site-packages/uvicorn/config.py", line 458, in load
    self.loaded_app = import_from_string(self.app)
  File "/Users/seanazulay/.pyenv/versions/3.10.0/lib/python3.10/site-packages/uvicorn/importer.py", line 21, in import_from_string
    module = importlib.import_module(module_str)
  File "/Users/seanazulay/.pyenv/versions/3.10.0/lib/python3.10/importlib/__init__.py", line 126, in import_module
    return _bootstrap._gcd_import(name[level:], package, level)
  File "<frozen importlib._bootstrap>", line 1050, in _gcd_import
  File "<frozen importlib._bootstrap>", line 1027, in _find_and_load
  File "<frozen importlib._bootstrap>", line 1006, in _find_and_load_unlocked
  File "<frozen importlib._bootstrap>", line 688, in _load_unlocked
  File "<frozen importlib._bootstrap_external>", line 883, in exec_module
  File "<frozen importlib._bootstrap>", line 241, in _call_with_frames_removed
  File "/Users/seanazulay/Desktop/StockBots/LumoTrade/ml-backend/app.py", line 16, in <module>
    from src.api import health, prediction, backtest, models_info, training_ultimate
  File "/Users/seanazulay/Desktop/StockBots/LumoTrade/ml-backend/src/api/prediction.py", line 12, in <module>
    from src.core.inference.engine import PanelPredictionEngine
  File "/Users/seanazulay/Desktop/StockBots/LumoTrade/ml-backend/src/core/inference/engine.py", line 15, in <module>
    from src.core.features import (
ImportError: cannot import name 'build_technical_features' from 'src.core.features' (/Users/seanazulay/Desktop/StockBots/LumoTrade/ml-backend/src/core/features/__init__.py)
WARNING:  WatchFiles detected changes in 'train_final.py'. Reloading...
Process SpawnProcess-289:
Traceback (most recent call last):
  File "/Users/seanazulay/.pyenv/versions/3.10.0/lib/python3.10/multiprocessing/process.py", line 315, in _bootstrap
    self.run()
  File "/Users/seanazulay/.pyenv/versions/3.10.0/lib/python3.10/multiprocessing/process.py", line 108, in run
    self._target(*self._args, **self._kwargs)
  File "/Users/seanazulay/.pyenv/versions/3.10.0/lib/python3.10/site-packages/uvicorn/_subprocess.py", line 78, in subprocess_started
    target(sockets=sockets)
  File "/Users/seanazulay/.pyenv/versions/3.10.0/lib/python3.10/site-packages/uvicorn/server.py", line 62, in run
    return asyncio.run(self.serve(sockets=sockets))
  File "/Users/seanazulay/.pyenv/versions/3.10.0/lib/python3.10/asyncio/runners.py", line 44, in run
    return loop.run_until_complete(main)
  File "uvloop/loop.pyx", line 1518, in uvloop.loop.Loop.run_until_complete
  File "/Users/seanazulay/.pyenv/versions/3.10.0/lib/python3.10/site-packages/uvicorn/server.py", line 69, in serve
    config.load()
  File "/Users/seanazulay/.pyenv/versions/3.10.0/lib/python3.10/site-packages/uvicorn/config.py", line 458, in load
    self.loaded_app = import_from_string(self.app)
  File "/Users/seanazulay/.pyenv/versions/3.10.0/lib/python3.10/site-packages/uvicorn/importer.py", line 21, in import_from_string
    module = importlib.import_module(module_str)
  File "/Users/seanazulay/.pyenv/versions/3.10.0/lib/python3.10/importlib/__init__.py", line 126, in import_module
    return _bootstrap._gcd_import(name[level:], package, level)
  File "<frozen importlib._bootstrap>", line 1050, in _gcd_import
  File "<frozen importlib._bootstrap>", line 1027, in _find_and_load
  File "<frozen importlib._bootstrap>", line 1006, in _find_and_load_unlocked
  File "<frozen importlib._bootstrap>", line 688, in _load_unlocked
  File "<frozen importlib._bootstrap_external>", line 883, in exec_module
  File "<frozen importlib._bootstrap>", line 241, in _call_with_frames_removed
  File "/Users/seanazulay/Desktop/StockBots/LumoTrade/ml-backend/app.py", line 16, in <module>
    from src.api import health, prediction, backtest, models_info, training_ultimate
  File "/Users/seanazulay/Desktop/StockBots/LumoTrade/ml-backend/src/api/prediction.py", line 12, in <module>
    from src.core.inference.engine import PanelPredictionEngine
  File "/Users/seanazulay/Desktop/StockBots/LumoTrade/ml-backend/src/core/inference/engine.py", line 15, in <module>
    from src.core.features import (
ImportError: cannot import name 'build_technical_features' from 'src.core.features' (/Users/seanazulay/Desktop/StockBots/LumoTrade/ml-backend/src/core/features/__init__.py)
WARNING:  WatchFiles detected changes in 'run_full_multi_timeframe_training.py'. Reloading...
Process SpawnProcess-290:
Traceback (most recent call last):
  File "/Users/seanazulay/.pyenv/versions/3.10.0/lib/python3.10/multiprocessing/process.py", line 315, in _bootstrap
    self.run()
  File "/Users/seanazulay/.pyenv/versions/3.10.0/lib/python3.10/multiprocessing/process.py", line 108, in run
    self._target(*self._args, **self._kwargs)
  File "/Users/seanazulay/.pyenv/versions/3.10.0/lib/python3.10/site-packages/uvicorn/_subprocess.py", line 78, in subprocess_started
    target(sockets=sockets)
  File "/Users/seanazulay/.pyenv/versions/3.10.0/lib/python3.10/site-packages/uvicorn/server.py", line 62, in run
    return asyncio.run(self.serve(sockets=sockets))
  File "/Users/seanazulay/.pyenv/versions/3.10.0/lib/python3.10/asyncio/runners.py", line 44, in run
    return loop.run_until_complete(main)
  File "uvloop/loop.pyx", line 1518, in uvloop.loop.Loop.run_until_complete
  File "/Users/seanazulay/.pyenv/versions/3.10.0/lib/python3.10/site-packages/uvicorn/server.py", line 69, in serve
    config.load()
  File "/Users/seanazulay/.pyenv/versions/3.10.0/lib/python3.10/site-packages/uvicorn/config.py", line 458, in load
    self.loaded_app = import_from_string(self.app)
  File "/Users/seanazulay/.pyenv/versions/3.10.0/lib/python3.10/site-packages/uvicorn/importer.py", line 21, in import_from_string
    module = importlib.import_module(module_str)
  File "/Users/seanazulay/.pyenv/versions/3.10.0/lib/python3.10/importlib/__init__.py", line 126, in import_module
    return _bootstrap._gcd_import(name[level:], package, level)
  File "<frozen importlib._bootstrap>", line 1050, in _gcd_import
  File "<frozen importlib._bootstrap>", line 1027, in _find_and_load
  File "<frozen importlib._bootstrap>", line 1006, in _find_and_load_unlocked
  File "<frozen importlib._bootstrap>", line 688, in _load_unlocked
  File "<frozen importlib._bootstrap_external>", line 883, in exec_module
  File "<frozen importlib._bootstrap>", line 241, in _call_with_frames_removed
  File "/Users/seanazulay/Desktop/StockBots/LumoTrade/ml-backend/app.py", line 16, in <module>
    from src.api import health, prediction, backtest, models_info, training_ultimate
  File "/Users/seanazulay/Desktop/StockBots/LumoTrade/ml-backend/src/api/prediction.py", line 12, in <module>
    from src.core.inference.engine import PanelPredictionEngine
  File "/Users/seanazulay/Desktop/StockBots/LumoTrade/ml-backend/src/core/inference/engine.py", line 15, in <module>
    from src.core.features import (
ImportError: cannot import name 'build_technical_features' from 'src.core.features' (/Users/seanazulay/Desktop/StockBots/LumoTrade/ml-backend/src/core/features/__init__.py)
WARNING:  WatchFiles detected changes in 'src/core/features/elite_features.py'. Reloading...
WARNING:  WatchFiles detected changes in 'src/core/features/elite_features.py'. Reloading...
WARNING:  WatchFiles detected changes in 'src/core/features/elite_features.py'. Reloading...
Process SpawnProcess-293:
Traceback (most recent call last):
  File "/Users/seanazulay/.pyenv/versions/3.10.0/lib/python3.10/multiprocessing/process.py", line 315, in _bootstrap
    self.run()
  File "/Users/seanazulay/.pyenv/versions/3.10.0/lib/python3.10/multiprocessing/process.py", line 108, in run
    self._target(*self._args, **self._kwargs)
  File "/Users/seanazulay/.pyenv/versions/3.10.0/lib/python3.10/site-packages/uvicorn/_subprocess.py", line 78, in subprocess_started
    target(sockets=sockets)
  File "/Users/seanazulay/.pyenv/versions/3.10.0/lib/python3.10/site-packages/uvicorn/server.py", line 62, in run
    return asyncio.run(self.serve(sockets=sockets))
  File "/Users/seanazulay/.pyenv/versions/3.10.0/lib/python3.10/asyncio/runners.py", line 44, in run
    return loop.run_until_complete(main)
  File "uvloop/loop.pyx", line 1518, in uvloop.loop.Loop.run_until_complete
  File "/Users/seanazulay/.pyenv/versions/3.10.0/lib/python3.10/site-packages/uvicorn/server.py", line 69, in serve
    config.load()
  File "/Users/seanazulay/.pyenv/versions/3.10.0/lib/python3.10/site-packages/uvicorn/config.py", line 458, in load
    self.loaded_app = import_from_string(self.app)
  File "/Users/seanazulay/.pyenv/versions/3.10.0/lib/python3.10/site-packages/uvicorn/importer.py", line 21, in import_from_string
    module = importlib.import_module(module_str)
  File "/Users/seanazulay/.pyenv/versions/3.10.0/lib/python3.10/importlib/__init__.py", line 126, in import_module
    return _bootstrap._gcd_import(name[level:], package, level)
  File "<frozen importlib._bootstrap>", line 1050, in _gcd_import
  File "<frozen importlib._bootstrap>", line 1027, in _find_and_load
  File "<frozen importlib._bootstrap>", line 1006, in _find_and_load_unlocked
  File "<frozen importlib._bootstrap>", line 688, in _load_unlocked
  File "<frozen importlib._bootstrap_external>", line 883, in exec_module
  File "<frozen importlib._bootstrap>", line 241, in _call_with_frames_removed
  File "/Users/seanazulay/Desktop/StockBots/LumoTrade/ml-backend/app.py", line 16, in <module>
    from src.api import health, prediction, backtest, models_info, training_ultimate
  File "/Users/seanazulay/Desktop/StockBots/LumoTrade/ml-backend/src/api/prediction.py", line 12, in <module>
    from src.core.inference.engine import PanelPredictionEngine
  File "/Users/seanazulay/Desktop/StockBots/LumoTrade/ml-backend/src/core/inference/engine.py", line 15, in <module>
    from src.core.features import (
ImportError: cannot import name 'build_technical_features' from 'src.core.features' (/Users/seanazulay/Desktop/StockBots/LumoTrade/ml-backend/src/core/features/__init__.py)
WARNING:  WatchFiles detected changes in 'src/core/data/elite_dataset_builder.py'. Reloading...
WARNING:  WatchFiles detected changes in 'src/core/data/elite_dataset_builder.py'. Reloading...
Process SpawnProcess-295:
Traceback (most recent call last):
  File "/Users/seanazulay/.pyenv/versions/3.10.0/lib/python3.10/multiprocessing/process.py", line 315, in _bootstrap
    self.run()
  File "/Users/seanazulay/.pyenv/versions/3.10.0/lib/python3.10/multiprocessing/process.py", line 108, in run
    self._target(*self._args, **self._kwargs)
  File "/Users/seanazulay/.pyenv/versions/3.10.0/lib/python3.10/site-packages/uvicorn/_subprocess.py", line 78, in subprocess_started
    target(sockets=sockets)
  File "/Users/seanazulay/.pyenv/versions/3.10.0/lib/python3.10/site-packages/uvicorn/server.py", line 62, in run
    return asyncio.run(self.serve(sockets=sockets))
  File "/Users/seanazulay/.pyenv/versions/3.10.0/lib/python3.10/asyncio/runners.py", line 44, in run
    return loop.run_until_complete(main)
  File "uvloop/loop.pyx", line 1518, in uvloop.loop.Loop.run_until_complete
  File "/Users/seanazulay/.pyenv/versions/3.10.0/lib/python3.10/site-packages/uvicorn/server.py", line 69, in serve
    config.load()
  File "/Users/seanazulay/.pyenv/versions/3.10.0/lib/python3.10/site-packages/uvicorn/config.py", line 458, in load
    self.loaded_app = import_from_string(self.app)
  File "/Users/seanazulay/.pyenv/versions/3.10.0/lib/python3.10/site-packages/uvicorn/importer.py", line 21, in import_from_string
    module = importlib.import_module(module_str)
  File "/Users/seanazulay/.pyenv/versions/3.10.0/lib/python3.10/importlib/__init__.py", line 126, in import_module
    return _bootstrap._gcd_import(name[level:], package, level)
  File "<frozen importlib._bootstrap>", line 1050, in _gcd_import
  File "<frozen importlib._bootstrap>", line 1027, in _find_and_load
  File "<frozen importlib._bootstrap>", line 1006, in _find_and_load_unlocked
  File "<frozen importlib._bootstrap>", line 688, in _load_unlocked
  File "<frozen importlib._bootstrap_external>", line 883, in exec_module
  File "<frozen importlib._bootstrap>", line 241, in _call_with_frames_removed
  File "/Users/seanazulay/Desktop/StockBots/LumoTrade/ml-backend/app.py", line 16, in <module>
    from src.api import health, prediction, backtest, models_info, training_ultimate
  File "/Users/seanazulay/Desktop/StockBots/LumoTrade/ml-backend/src/api/prediction.py", line 12, in <module>
    from src.core.inference.engine import PanelPredictionEngine
  File "/Users/seanazulay/Desktop/StockBots/LumoTrade/ml-backend/src/core/inference/engine.py", line 15, in <module>
    from src.core.features import (
ImportError: cannot import name 'build_technical_features' from 'src.core.features' (/Users/seanazulay/Desktop/StockBots/LumoTrade/ml-backend/src/core/features/__init__.py)
WARNING:  WatchFiles detected changes in 'train_elite.py'. Reloading...
WARNING:  WatchFiles detected changes in 'train_elite.py'. Reloading...
Process SpawnProcess-297:
Traceback (most recent call last):
  File "/Users/seanazulay/.pyenv/versions/3.10.0/lib/python3.10/multiprocessing/process.py", line 315, in _bootstrap
    self.run()
  File "/Users/seanazulay/.pyenv/versions/3.10.0/lib/python3.10/multiprocessing/process.py", line 108, in run
    self._target(*self._args, **self._kwargs)
  File "/Users/seanazulay/.pyenv/versions/3.10.0/lib/python3.10/site-packages/uvicorn/_subprocess.py", line 78, in subprocess_started
    target(sockets=sockets)
  File "/Users/seanazulay/.pyenv/versions/3.10.0/lib/python3.10/site-packages/uvicorn/server.py", line 62, in run
    return asyncio.run(self.serve(sockets=sockets))
  File "/Users/seanazulay/.pyenv/versions/3.10.0/lib/python3.10/asyncio/runners.py", line 44, in run
    return loop.run_until_complete(main)
  File "uvloop/loop.pyx", line 1518, in uvloop.loop.Loop.run_until_complete
  File "/Users/seanazulay/.pyenv/versions/3.10.0/lib/python3.10/site-packages/uvicorn/server.py", line 69, in serve
    config.load()
  File "/Users/seanazulay/.pyenv/versions/3.10.0/lib/python3.10/site-packages/uvicorn/config.py", line 458, in load
    self.loaded_app = import_from_string(self.app)
  File "/Users/seanazulay/.pyenv/versions/3.10.0/lib/python3.10/site-packages/uvicorn/importer.py", line 21, in import_from_string
    module = importlib.import_module(module_str)
  File "/Users/seanazulay/.pyenv/versions/3.10.0/lib/python3.10/importlib/__init__.py", line 126, in import_module
    return _bootstrap._gcd_import(name[level:], package, level)
  File "<frozen importlib._bootstrap>", line 1050, in _gcd_import
  File "<frozen importlib._bootstrap>", line 1027, in _find_and_load
  File "<frozen importlib._bootstrap>", line 1006, in _find_and_load_unlocked
  File "<frozen importlib._bootstrap>", line 688, in _load_unlocked
  File "<frozen importlib._bootstrap_external>", line 883, in exec_module
  File "<frozen importlib._bootstrap>", line 241, in _call_with_frames_removed
  File "/Users/seanazulay/Desktop/StockBots/LumoTrade/ml-backend/app.py", line 16, in <module>
    from src.api import health, prediction, backtest, models_info, training_ultimate
  File "/Users/seanazulay/Desktop/StockBots/LumoTrade/ml-backend/src/api/prediction.py", line 12, in <module>
    from src.core.inference.engine import PanelPredictionEngine
  File "/Users/seanazulay/Desktop/StockBots/LumoTrade/ml-backend/src/core/inference/engine.py", line 15, in <module>
    from src.core.features import (
ImportError: cannot import name 'build_technical_features' from 'src.core.features' (/Users/seanazulay/Desktop/StockBots/LumoTrade/ml-backend/src/core/features/__init__.py)
WARNING:  WatchFiles detected changes in 'src/core/data/elite_dataset_builder.py'. Reloading...
Process SpawnProcess-298:
Traceback (most recent call last):
  File "/Users/seanazulay/.pyenv/versions/3.10.0/lib/python3.10/multiprocessing/process.py", line 315, in _bootstrap
    self.run()
  File "/Users/seanazulay/.pyenv/versions/3.10.0/lib/python3.10/multiprocessing/process.py", line 108, in run
    self._target(*self._args, **self._kwargs)
  File "/Users/seanazulay/.pyenv/versions/3.10.0/lib/python3.10/site-packages/uvicorn/_subprocess.py", line 78, in subprocess_started
    target(sockets=sockets)
  File "/Users/seanazulay/.pyenv/versions/3.10.0/lib/python3.10/site-packages/uvicorn/server.py", line 62, in run
    return asyncio.run(self.serve(sockets=sockets))
  File "/Users/seanazulay/.pyenv/versions/3.10.0/lib/python3.10/asyncio/runners.py", line 44, in run
    return loop.run_until_complete(main)
  File "uvloop/loop.pyx", line 1518, in uvloop.loop.Loop.run_until_complete
  File "/Users/seanazulay/.pyenv/versions/3.10.0/lib/python3.10/site-packages/uvicorn/server.py", line 69, in serve
    config.load()
  File "/Users/seanazulay/.pyenv/versions/3.10.0/lib/python3.10/site-packages/uvicorn/config.py", line 458, in load
    self.loaded_app = import_from_string(self.app)
  File "/Users/seanazulay/.pyenv/versions/3.10.0/lib/python3.10/site-packages/uvicorn/importer.py", line 21, in import_from_string
    module = importlib.import_module(module_str)
  File "/Users/seanazulay/.pyenv/versions/3.10.0/lib/python3.10/importlib/__init__.py", line 126, in import_module
    return _bootstrap._gcd_import(name[level:], package, level)
  File "<frozen importlib._bootstrap>", line 1050, in _gcd_import
  File "<frozen importlib._bootstrap>", line 1027, in _find_and_load
  File "<frozen importlib._bootstrap>", line 1006, in _find_and_load_unlocked
  File "<frozen importlib._bootstrap>", line 688, in _load_unlocked
  File "<frozen importlib._bootstrap_external>", line 883, in exec_module
  File "<frozen importlib._bootstrap>", line 241, in _call_with_frames_removed
  File "/Users/seanazulay/Desktop/StockBots/LumoTrade/ml-backend/app.py", line 16, in <module>
    from src.api import health, prediction, backtest, models_info, training_ultimate
  File "/Users/seanazulay/Desktop/StockBots/LumoTrade/ml-backend/src/api/prediction.py", line 12, in <module>
    from src.core.inference.engine import PanelPredictionEngine
  File "/Users/seanazulay/Desktop/StockBots/LumoTrade/ml-backend/src/core/inference/engine.py", line 15, in <module>
    from src.core.features import (
ImportError: cannot import name 'build_technical_features' from 'src.core.features' (/Users/seanazulay/Desktop/StockBots/LumoTrade/ml-backend/src/core/features/__init__.py)
WARNING:  WatchFiles detected changes in 'train_elite.py'. Reloading...
Process SpawnProcess-299:
Traceback (most recent call last):
  File "/Users/seanazulay/.pyenv/versions/3.10.0/lib/python3.10/multiprocessing/process.py", line 315, in _bootstrap
    self.run()
  File "/Users/seanazulay/.pyenv/versions/3.10.0/lib/python3.10/multiprocessing/process.py", line 108, in run
    self._target(*self._args, **self._kwargs)
  File "/Users/seanazulay/.pyenv/versions/3.10.0/lib/python3.10/site-packages/uvicorn/_subprocess.py", line 78, in subprocess_started
    target(sockets=sockets)
  File "/Users/seanazulay/.pyenv/versions/3.10.0/lib/python3.10/site-packages/uvicorn/server.py", line 62, in run
    return asyncio.run(self.serve(sockets=sockets))
  File "/Users/seanazulay/.pyenv/versions/3.10.0/lib/python3.10/asyncio/runners.py", line 44, in run
    return loop.run_until_complete(main)
  File "uvloop/loop.pyx", line 1518, in uvloop.loop.Loop.run_until_complete
  File "/Users/seanazulay/.pyenv/versions/3.10.0/lib/python3.10/site-packages/uvicorn/server.py", line 69, in serve
    config.load()
  File "/Users/seanazulay/.pyenv/versions/3.10.0/lib/python3.10/site-packages/uvicorn/config.py", line 458, in load
    self.loaded_app = import_from_string(self.app)
  File "/Users/seanazulay/.pyenv/versions/3.10.0/lib/python3.10/site-packages/uvicorn/importer.py", line 21, in import_from_string
    module = importlib.import_module(module_str)
  File "/Users/seanazulay/.pyenv/versions/3.10.0/lib/python3.10/importlib/__init__.py", line 126, in import_module
    return _bootstrap._gcd_import(name[level:], package, level)
  File "<frozen importlib._bootstrap>", line 1050, in _gcd_import
  File "<frozen importlib._bootstrap>", line 1027, in _find_and_load
  File "<frozen importlib._bootstrap>", line 1006, in _find_and_load_unlocked
  File "<frozen importlib._bootstrap>", line 688, in _load_unlocked
  File "<frozen importlib._bootstrap_external>", line 883, in exec_module
  File "<frozen importlib._bootstrap>", line 241, in _call_with_frames_removed
  File "/Users/seanazulay/Desktop/StockBots/LumoTrade/ml-backend/app.py", line 16, in <module>
    from src.api import health, prediction, backtest, models_info, training_ultimate
  File "/Users/seanazulay/Desktop/StockBots/LumoTrade/ml-backend/src/api/prediction.py", line 12, in <module>
    from src.core.inference.engine import PanelPredictionEngine
  File "/Users/seanazulay/Desktop/StockBots/LumoTrade/ml-backend/src/core/inference/engine.py", line 15, in <module>
    from src.core.features import (
ImportError: cannot import name 'build_technical_features' from 'src.core.features' (/Users/seanazulay/Desktop/StockBots/LumoTrade/ml-backend/src/core/features/__init__.py)
WARNING:  WatchFiles detected changes in 'train_elite.py'. Reloading...
Process SpawnProcess-300:
Traceback (most recent call last):
  File "/Users/seanazulay/.pyenv/versions/3.10.0/lib/python3.10/multiprocessing/process.py", line 315, in _bootstrap
    self.run()
  File "/Users/seanazulay/.pyenv/versions/3.10.0/lib/python3.10/multiprocessing/process.py", line 108, in run
    self._target(*self._args, **self._kwargs)
  File "/Users/seanazulay/.pyenv/versions/3.10.0/lib/python3.10/site-packages/uvicorn/_subprocess.py", line 78, in subprocess_started
    target(sockets=sockets)
  File "/Users/seanazulay/.pyenv/versions/3.10.0/lib/python3.10/site-packages/uvicorn/server.py", line 62, in run
    return asyncio.run(self.serve(sockets=sockets))
  File "/Users/seanazulay/.pyenv/versions/3.10.0/lib/python3.10/asyncio/runners.py", line 44, in run
    return loop.run_until_complete(main)
  File "uvloop/loop.pyx", line 1518, in uvloop.loop.Loop.run_until_complete
  File "/Users/seanazulay/.pyenv/versions/3.10.0/lib/python3.10/site-packages/uvicorn/server.py", line 69, in serve
    config.load()
  File "/Users/seanazulay/.pyenv/versions/3.10.0/lib/python3.10/site-packages/uvicorn/config.py", line 458, in load
    self.loaded_app = import_from_string(self.app)
  File "/Users/seanazulay/.pyenv/versions/3.10.0/lib/python3.10/site-packages/uvicorn/importer.py", line 21, in import_from_string
    module = importlib.import_module(module_str)
  File "/Users/seanazulay/.pyenv/versions/3.10.0/lib/python3.10/importlib/__init__.py", line 126, in import_module
    return _bootstrap._gcd_import(name[level:], package, level)
  File "<frozen importlib._bootstrap>", line 1050, in _gcd_import
  File "<frozen importlib._bootstrap>", line 1027, in _find_and_load
  File "<frozen importlib._bootstrap>", line 1006, in _find_and_load_unlocked
  File "<frozen importlib._bootstrap>", line 688, in _load_unlocked
  File "<frozen importlib._bootstrap_external>", line 883, in exec_module
  File "<frozen importlib._bootstrap>", line 241, in _call_with_frames_removed
  File "/Users/seanazulay/Desktop/StockBots/LumoTrade/ml-backend/app.py", line 16, in <module>
    from src.api import health, prediction, backtest, models_info, training_ultimate
  File "/Users/seanazulay/Desktop/StockBots/LumoTrade/ml-backend/src/api/prediction.py", line 12, in <module>
    from src.core.inference.engine import PanelPredictionEngine
  File "/Users/seanazulay/Desktop/StockBots/LumoTrade/ml-backend/src/core/inference/engine.py", line 15, in <module>
    from src.core.features import (
ImportError: cannot import name 'build_technical_features' from 'src.core.features' (/Users/seanazulay/Desktop/StockBots/LumoTrade/ml-backend/src/core/features/__init__.py)
WARNING:  WatchFiles detected changes in 'train_elite_1h.py'. Reloading...
WARNING:  WatchFiles detected changes in 'train_elite_1h.py'. Reloading...
WARNING:  WatchFiles detected changes in 'train_elite_1h.py'. Reloading...
Process SpawnProcess-303:
Traceback (most recent call last):
  File "/Users/seanazulay/.pyenv/versions/3.10.0/lib/python3.10/multiprocessing/process.py", line 315, in _bootstrap
    self.run()
  File "/Users/seanazulay/.pyenv/versions/3.10.0/lib/python3.10/multiprocessing/process.py", line 108, in run
    self._target(*self._args, **self._kwargs)
  File "/Users/seanazulay/.pyenv/versions/3.10.0/lib/python3.10/site-packages/uvicorn/_subprocess.py", line 78, in subprocess_started
    target(sockets=sockets)
  File "/Users/seanazulay/.pyenv/versions/3.10.0/lib/python3.10/site-packages/uvicorn/server.py", line 62, in run
    return asyncio.run(self.serve(sockets=sockets))
  File "/Users/seanazulay/.pyenv/versions/3.10.0/lib/python3.10/asyncio/runners.py", line 44, in run
    return loop.run_until_complete(main)
  File "uvloop/loop.pyx", line 1518, in uvloop.loop.Loop.run_until_complete
  File "/Users/seanazulay/.pyenv/versions/3.10.0/lib/python3.10/site-packages/uvicorn/server.py", line 69, in serve
    config.load()
  File "/Users/seanazulay/.pyenv/versions/3.10.0/lib/python3.10/site-packages/uvicorn/config.py", line 458, in load
    self.loaded_app = import_from_string(self.app)
  File "/Users/seanazulay/.pyenv/versions/3.10.0/lib/python3.10/site-packages/uvicorn/importer.py", line 21, in import_from_string
    module = importlib.import_module(module_str)
  File "/Users/seanazulay/.pyenv/versions/3.10.0/lib/python3.10/importlib/__init__.py", line 126, in import_module
    return _bootstrap._gcd_import(name[level:], package, level)
  File "<frozen importlib._bootstrap>", line 1050, in _gcd_import
  File "<frozen importlib._bootstrap>", line 1027, in _find_and_load
  File "<frozen importlib._bootstrap>", line 1006, in _find_and_load_unlocked
  File "<frozen importlib._bootstrap>", line 688, in _load_unlocked
  File "<frozen importlib._bootstrap_external>", line 883, in exec_module
  File "<frozen importlib._bootstrap>", line 241, in _call_with_frames_removed
  File "/Users/seanazulay/Desktop/StockBots/LumoTrade/ml-backend/app.py", line 16, in <module>
    from src.api import health, prediction, backtest, models_info, training_ultimate
  File "/Users/seanazulay/Desktop/StockBots/LumoTrade/ml-backend/src/api/prediction.py", line 12, in <module>
    from src.core.inference.engine import PanelPredictionEngine
  File "/Users/seanazulay/Desktop/StockBots/LumoTrade/ml-backend/src/core/inference/engine.py", line 15, in <module>
    from src.core.features import (
ImportError: cannot import name 'build_technical_features' from 'src.core.features' (/Users/seanazulay/Desktop/StockBots/LumoTrade/ml-backend/src/core/features/__init__.py)
WARNING:  WatchFiles detected changes in 'train_elite_4h.py'. Reloading...
WARNING:  WatchFiles detected changes in 'train_elite_4h.py'. Reloading...
WARNING:  WatchFiles detected changes in 'train_elite_4h.py'. Reloading...
Process SpawnProcess-306:
Traceback (most recent call last):
  File "/Users/seanazulay/.pyenv/versions/3.10.0/lib/python3.10/multiprocessing/process.py", line 315, in _bootstrap
    self.run()
  File "/Users/seanazulay/.pyenv/versions/3.10.0/lib/python3.10/multiprocessing/process.py", line 108, in run
    self._target(*self._args, **self._kwargs)
  File "/Users/seanazulay/.pyenv/versions/3.10.0/lib/python3.10/site-packages/uvicorn/_subprocess.py", line 78, in subprocess_started
    target(sockets=sockets)
  File "/Users/seanazulay/.pyenv/versions/3.10.0/lib/python3.10/site-packages/uvicorn/server.py", line 62, in run
    return asyncio.run(self.serve(sockets=sockets))
  File "/Users/seanazulay/.pyenv/versions/3.10.0/lib/python3.10/asyncio/runners.py", line 44, in run
    return loop.run_until_complete(main)
  File "uvloop/loop.pyx", line 1518, in uvloop.loop.Loop.run_until_complete
  File "/Users/seanazulay/.pyenv/versions/3.10.0/lib/python3.10/site-packages/uvicorn/server.py", line 69, in serve
    config.load()
  File "/Users/seanazulay/.pyenv/versions/3.10.0/lib/python3.10/site-packages/uvicorn/config.py", line 458, in load
    self.loaded_app = import_from_string(self.app)
  File "/Users/seanazulay/.pyenv/versions/3.10.0/lib/python3.10/site-packages/uvicorn/importer.py", line 21, in import_from_string
    module = importlib.import_module(module_str)
  File "/Users/seanazulay/.pyenv/versions/3.10.0/lib/python3.10/importlib/__init__.py", line 126, in import_module
    return _bootstrap._gcd_import(name[level:], package, level)
  File "<frozen importlib._bootstrap>", line 1050, in _gcd_import
  File "<frozen importlib._bootstrap>", line 1027, in _find_and_load
  File "<frozen importlib._bootstrap>", line 1006, in _find_and_load_unlocked
  File "<frozen importlib._bootstrap>", line 688, in _load_unlocked
  File "<frozen importlib._bootstrap_external>", line 883, in exec_module
  File "<frozen importlib._bootstrap>", line 241, in _call_with_frames_removed
  File "/Users/seanazulay/Desktop/StockBots/LumoTrade/ml-backend/app.py", line 16, in <module>
    from src.api import health, prediction, backtest, models_info, training_ultimate
  File "/Users/seanazulay/Desktop/StockBots/LumoTrade/ml-backend/src/api/prediction.py", line 12, in <module>
    from src.core.inference.engine import PanelPredictionEngine
  File "/Users/seanazulay/Desktop/StockBots/LumoTrade/ml-backend/src/core/inference/engine.py", line 15, in <module>
    from src.core.features import (
ImportError: cannot import name 'build_technical_features' from 'src.core.features' (/Users/seanazulay/Desktop/StockBots/LumoTrade/ml-backend/src/core/features/__init__.py)
WARNING:  WatchFiles detected changes in 'train_all_elite_models.py'. Reloading...
WARNING:  WatchFiles detected changes in 'train_all_elite_models.py'. Reloading...
WARNING:  WatchFiles detected changes in 'train_all_elite_models.py'. Reloading...
Process SpawnProcess-309:
Traceback (most recent call last):
  File "/Users/seanazulay/.pyenv/versions/3.10.0/lib/python3.10/multiprocessing/process.py", line 315, in _bootstrap
    self.run()
  File "/Users/seanazulay/.pyenv/versions/3.10.0/lib/python3.10/multiprocessing/process.py", line 108, in run
    self._target(*self._args, **self._kwargs)
  File "/Users/seanazulay/.pyenv/versions/3.10.0/lib/python3.10/site-packages/uvicorn/_subprocess.py", line 78, in subprocess_started
    target(sockets=sockets)
  File "/Users/seanazulay/.pyenv/versions/3.10.0/lib/python3.10/site-packages/uvicorn/server.py", line 62, in run
    return asyncio.run(self.serve(sockets=sockets))
  File "/Users/seanazulay/.pyenv/versions/3.10.0/lib/python3.10/asyncio/runners.py", line 44, in run
    return loop.run_until_complete(main)
  File "uvloop/loop.pyx", line 1518, in uvloop.loop.Loop.run_until_complete
  File "/Users/seanazulay/.pyenv/versions/3.10.0/lib/python3.10/site-packages/uvicorn/server.py", line 69, in serve
    config.load()
  File "/Users/seanazulay/.pyenv/versions/3.10.0/lib/python3.10/site-packages/uvicorn/config.py", line 458, in load
    self.loaded_app = import_from_string(self.app)
  File "/Users/seanazulay/.pyenv/versions/3.10.0/lib/python3.10/site-packages/uvicorn/importer.py", line 21, in import_from_string
    module = importlib.import_module(module_str)
  File "/Users/seanazulay/.pyenv/versions/3.10.0/lib/python3.10/importlib/__init__.py", line 126, in import_module
    return _bootstrap._gcd_import(name[level:], package, level)
  File "<frozen importlib._bootstrap>", line 1050, in _gcd_import
  File "<frozen importlib._bootstrap>", line 1027, in _find_and_load
  File "<frozen importlib._bootstrap>", line 1006, in _find_and_load_unlocked
  File "<frozen importlib._bootstrap>", line 688, in _load_unlocked
  File "<frozen importlib._bootstrap_external>", line 883, in exec_module
  File "<frozen importlib._bootstrap>", line 241, in _call_with_frames_removed
  File "/Users/seanazulay/Desktop/StockBots/LumoTrade/ml-backend/app.py", line 16, in <module>
    from src.api import health, prediction, backtest, models_info, training_ultimate
  File "/Users/seanazulay/Desktop/StockBots/LumoTrade/ml-backend/src/api/prediction.py", line 12, in <module>
    from src.core.inference.engine import PanelPredictionEngine
  File "/Users/seanazulay/Desktop/StockBots/LumoTrade/ml-backend/src/core/inference/engine.py", line 15, in <module>
    from src.core.features import (
ImportError: cannot import name 'build_technical_features' from 'src.core.features' (/Users/seanazulay/Desktop/StockBots/LumoTrade/ml-backend/src/core/features/__init__.py)
WARNING:  WatchFiles detected changes in 'train_elite.py', 'train_all_elite_models.py', 'src/core/features/elite_features.py', 'src/core/data/elite_dataset_builder.py', 'train_elite_4h.py', 'train_elite_1h.py'. Reloading...
Process SpawnProcess-310:
Traceback (most recent call last):
  File "/Users/seanazulay/.pyenv/versions/3.10.0/lib/python3.10/multiprocessing/process.py", line 315, in _bootstrap
    self.run()
  File "/Users/seanazulay/.pyenv/versions/3.10.0/lib/python3.10/multiprocessing/process.py", line 108, in run
    self._target(*self._args, **self._kwargs)
  File "/Users/seanazulay/.pyenv/versions/3.10.0/lib/python3.10/site-packages/uvicorn/_subprocess.py", line 78, in subprocess_started
    target(sockets=sockets)
  File "/Users/seanazulay/.pyenv/versions/3.10.0/lib/python3.10/site-packages/uvicorn/server.py", line 62, in run
    return asyncio.run(self.serve(sockets=sockets))
  File "/Users/seanazulay/.pyenv/versions/3.10.0/lib/python3.10/asyncio/runners.py", line 44, in run
    return loop.run_until_complete(main)
  File "uvloop/loop.pyx", line 1518, in uvloop.loop.Loop.run_until_complete
  File "/Users/seanazulay/.pyenv/versions/3.10.0/lib/python3.10/site-packages/uvicorn/server.py", line 69, in serve
    config.load()
  File "/Users/seanazulay/.pyenv/versions/3.10.0/lib/python3.10/site-packages/uvicorn/config.py", line 458, in load
    self.loaded_app = import_from_string(self.app)
  File "/Users/seanazulay/.pyenv/versions/3.10.0/lib/python3.10/site-packages/uvicorn/importer.py", line 21, in import_from_string
    module = importlib.import_module(module_str)
  File "/Users/seanazulay/.pyenv/versions/3.10.0/lib/python3.10/importlib/__init__.py", line 126, in import_module
    return _bootstrap._gcd_import(name[level:], package, level)
  File "<frozen importlib._bootstrap>", line 1050, in _gcd_import
  File "<frozen importlib._bootstrap>", line 1027, in _find_and_load
  File "<frozen importlib._bootstrap>", line 1006, in _find_and_load_unlocked
  File "<frozen importlib._bootstrap>", line 688, in _load_unlocked
  File "<frozen importlib._bootstrap_external>", line 883, in exec_module
  File "<frozen importlib._bootstrap>", line 241, in _call_with_frames_removed
  File "/Users/seanazulay/Desktop/StockBots/LumoTrade/ml-backend/app.py", line 16, in <module>
    from src.api import health, prediction, backtest, models_info, training_ultimate
  File "/Users/seanazulay/Desktop/StockBots/LumoTrade/ml-backend/src/api/prediction.py", line 12, in <module>
    from src.core.inference.engine import PanelPredictionEngine
  File "/Users/seanazulay/Desktop/StockBots/LumoTrade/ml-backend/src/core/inference/engine.py", line 15, in <module>
    from src.core.features import (
ImportError: cannot import name 'build_technical_features' from 'src.core.features' (/Users/seanazulay/Desktop/StockBots/LumoTrade/ml-backend/src/core/features/__init__.py)
WARNING:  WatchFiles detected changes in 'train_elite.py', 'train_all_elite_models.py', 'src/core/features/elite_features.py', 'src/core/data/elite_dataset_builder.py', 'src/api/backtest.py', 'train_elite_4h.py', 'train_elite_1h.py'. Reloading...
WARNING:  WatchFiles detected changes in 'train_elite.py', 'train_all_elite_models.py', 'src/core/features/elite_features.py', 'src/core/data/elite_dataset_builder.py', 'src/api/backtest.py', 'train_elite_4h.py', 'train_elite_1h.py'. Reloading...
Process SpawnProcess-312:
Traceback (most recent call last):
  File "/Users/seanazulay/.pyenv/versions/3.10.0/lib/python3.10/multiprocessing/process.py", line 315, in _bootstrap
    self.run()
  File "/Users/seanazulay/.pyenv/versions/3.10.0/lib/python3.10/multiprocessing/process.py", line 108, in run
    self._target(*self._args, **self._kwargs)
  File "/Users/seanazulay/.pyenv/versions/3.10.0/lib/python3.10/site-packages/uvicorn/_subprocess.py", line 78, in subprocess_started
    target(sockets=sockets)
  File "/Users/seanazulay/.pyenv/versions/3.10.0/lib/python3.10/site-packages/uvicorn/server.py", line 62, in run
    return asyncio.run(self.serve(sockets=sockets))
  File "/Users/seanazulay/.pyenv/versions/3.10.0/lib/python3.10/asyncio/runners.py", line 44, in run
    return loop.run_until_complete(main)
  File "uvloop/loop.pyx", line 1518, in uvloop.loop.Loop.run_until_complete
  File "/Users/seanazulay/.pyenv/versions/3.10.0/lib/python3.10/site-packages/uvicorn/server.py", line 69, in serve
    config.load()
  File "/Users/seanazulay/.pyenv/versions/3.10.0/lib/python3.10/site-packages/uvicorn/config.py", line 458, in load
    self.loaded_app = import_from_string(self.app)
  File "/Users/seanazulay/.pyenv/versions/3.10.0/lib/python3.10/site-packages/uvicorn/importer.py", line 21, in import_from_string
    module = importlib.import_module(module_str)
  File "/Users/seanazulay/.pyenv/versions/3.10.0/lib/python3.10/importlib/__init__.py", line 126, in import_module
    return _bootstrap._gcd_import(name[level:], package, level)
  File "<frozen importlib._bootstrap>", line 1050, in _gcd_import
  File "<frozen importlib._bootstrap>", line 1027, in _find_and_load
  File "<frozen importlib._bootstrap>", line 1006, in _find_and_load_unlocked
  File "<frozen importlib._bootstrap>", line 688, in _load_unlocked
  File "<frozen importlib._bootstrap_external>", line 883, in exec_module
  File "<frozen importlib._bootstrap>", line 241, in _call_with_frames_removed
  File "/Users/seanazulay/Desktop/StockBots/LumoTrade/ml-backend/app.py", line 16, in <module>
    from src.api import health, prediction, backtest, models_info, training_ultimate
  File "/Users/seanazulay/Desktop/StockBots/LumoTrade/ml-backend/src/api/prediction.py", line 12, in <module>
    from src.core.inference.engine import PanelPredictionEngine
  File "/Users/seanazulay/Desktop/StockBots/LumoTrade/ml-backend/src/core/inference/engine.py", line 15, in <module>
    from src.core.features import (
ImportError: cannot import name 'build_technical_features' from 'src.core.features' (/Users/seanazulay/Desktop/StockBots/LumoTrade/ml-backend/src/core/features/__init__.py)
