tree
version=v4
num_class=1
num_tree_per_iteration=1
label_index=0
max_feature_idx=28
objective=binary sigmoid:1
feature_names=open high low close volume buy_pressure sell_pressure net_pressure pressure_ratio volume_surge momentum_2d momentum_5d momentum_10d momentum_acceleration relative_strength gap_size gap_filled vix_level vix_change vix_spike pc_ratio_proxy pc_ratio_change rsi macd macd_signal macd_histogram atr atr_pct volatility_surge
feature_infos=[450.89999999999998:688.99000000000001] [451.56:689.70000000000005] [450.13:688.14999999999998] [450.89999999999998:688.98000000000002] [205434:157684163] [0:1791987.4364525708] [0:1221128.4874786292] [-1221128.4874786292:1791987.4364525708] [0:1791987.4364525708] [0.062045564596677302:6.9122910562952811] [-0.03190378276053385:0.023669906111019712] [-0.038105029537517598:0.03294274079614401] [-0.039613773699523569:0.036924711284739953] [-0.063575275203224813:0.056174768849913792] [0.00090826521343325035:0.99754901959969544] [-0.015763633175521673:0.019740571542899116] [0:1] [14.710000038146973:26.420000076293945] [-0.1789805956097521:0.3183201123002275] [0:1] [0.0057111331874313094:0.006247990879189598] [-0.33853880597573438:-0.17743871926836297] [7.9126875845101807:96.77226538341435] [-5.9446449786001949:5.6738169610246132] [-4.9743485554710931:5.4019049527083451] [-2.2560082893739866:2.3136175500955387] [0.78214285714285636:7.373571428571422] [0.0014868074307837131:0.012483509035233145] [0.48146226330995995:2.0308184794568449]
tree_sizes=3352 3417 3419 3427 3428 3434 3414 3416 3425 3422 3425 3429 3418 3417 3403 3403 3421 3406 3425 3434 3443 3440 3436 3422 3411 3437 3437 3410 3090 3410 3410 3421 3404 3417 3435 3390 2800 2591 1511 1841 1926 2044 1941 2050 3206 3425 2813 1833 3431 3434 1729 2141 1419 1726 2058 1418 1726 1831 3417 2804 1633 1841 1610 2134 2893 2234 3406 3294 2370 1836 1925 2266 1624 2363 1827 1943 3216 3411 2045 2144 3314 1832 3413 1726 1842 3419 2694 2254 3127 2999 1839 3434 2580 2586 2047 2877 2255 2245 2174 1824 2673 2150 2250 2252 2264 1839 3421 1501 1519 2683 1744 2367 3119 1832 2487 1613 2784 3434 3417 2560 3435 2471 2794 2137 3406 2356 1729 3405 1940 2586 2897 3324 3089 3437 2470 1941 3447 1733 1532 2039 2470 2466 2792 2809 1503 2048 2997 1295 2574 3432 2142 3109 2166 3421 3427 2045 2045 3108 3429 2484 3434 3005 2686 3433 1740 1930 2995 3449 2060 2142 3433 2048 1944 3433 2485 2701 2877 1948 2992 2065 3438 3429 2242 2572 3438 3104 3114 2040 3452 2682 2802 3398 2041 2162 1826 2163 1838 1826 1935 1513

Tree=0
num_leaves=31
num_cat=0
split_feature=18 15 3 18 23 14 15 17 11 28 6 17 13 11 9 24 13 15 24 18 17 27 5 25 24 9 14 26 1 7
split_gain=23.842 17.8203 15.6675 13.4276 13.2208 12.8346 12.8026 12.1449 13.5247 10.7471 10.7267 11.61 10.8553 10.5088 10.1717 9.07356 9.72219 9.19857 8.86319 8.89362 8.70238 5.93726 5.63409 5.18866 4.9249 4.87852 4.61887 4.03895 5.90062 3.97064
threshold=-0.052931193152289939 4.8717721419334936e-05 461.63500000000005 0.063728551656541801 -1.5444358144760029 0.07942722437433207 8.6177185122609338e-05 16.634999275207523 -0.0044624192381915164 0.80892622692150928 451.53827421566285 19.015000343322757 0.0025377701692584913 -0.0037912379808309744 0.85035484702812725 -0.0095554221564493422 -0.005507099253093283 -3.2829133547515108e-05 1.0897018831978738 0.0056872936242777792 16.230000495910648 0.0070299183931229895 12701.435272864368 0.020188330255185401 0.024887863129251581 0.7734916659188148 0.41363885976081888 1.5028571428571447 610.18500000000006 -3044.6393152037813
decision_type=2 2 2 2 2 2 2 2 2 2 2 2 2 2 2 2 2 2 2 2 2 2 2 2 2 2 2 2 2 2
left_child=6 3 -3 4 -2 -5 10 9 14 23 11 12 25 -11 -9 16 17 -7 -4 -20 -15 -13 24 -6 -10 -1 -19 -14 -29 -18
right_child=1 2 18 5 7 15 -8 8 22 13 -12 21 27 20 -16 -17 29 26 19 -21 -22 -23 -24 -25 -26 -27 -28 28 -30 -31
leaf_value=0.091432040102492201 0.11758922032937605 0.098372726123055143 0.041613724297825873 0.1062627460977984 0.13579926793266087 0.057706314853638002 0.12942551335607344 0.071257476481346921 0.043855744489821866 0.1227991278313562 0.1205730764441465 0.037573160435327574 0.086514490219838036 0.074780019335832615 0.12182523034945195 0.032421441510642274 0.071917953266563001 0.083117342233270192 0.089519659592571146 0.049719489607349864 0.095902539995814176 0.080504151474371843 0.093570105268863585 0.09928646005395371 0.068068967863062477 0.050452457747040873 0.12257652269263522 0.14060753892903383 0.10171711175248783 0.039380781110655766
leaf_weight=5.4905392825603503 11.729788467288015 9.234088793396948 21.213447228074074 6.9879590868949881 6.239249184727667 7.2375290542840949 10.731508597731588 6.4888191521167737 10.232368662953375 6.7383891195058814 10.481938630342482 5.24096931517124 4.9913993477821377 41.927754521369934 7.986238956451416 7.4870990216732016 5.2409693151712409 5.740109249949457 9.9827986955642718 10.232368662953375 30.197966054081917 6.4888191521167755 5.7401092499494544 7.986238956451416 28.950116217136383 4.991399347782135 4.991399347782135 5.9896792173385611 8.4853788912296277 9.4836587607860547
leaf_count=22 47 37 85 28 25 29 43 26 41 27 42 21 20 168 32 30 21 23 40 41 121 26 23 32 116 20 20 24 34 38
internal_value=0.0829969 0.0790159 0.0630357 0.0828458 0.0868981 0.0687379 0.0995846 0.0845373 0.0739382 0.0913002 0.0934451 0.0866225 0.0965317 0.086971 0.0991569 0.0622118 0.069034 0.0838432 0.0551593 0.0693739 0.0836237 0.0613222 0.0658122 0.115301 0.0617458 0.071918 0.10147 0.109785 0.11781 0.0509618
internal_weight=0 262.048 50.6627 211.386 164.217 47.1687 62.8916 152.487 59.3977 93.0896 52.1601 41.6782 29.9484 78.8641 14.4751 40.1808 32.6937 17.969 41.4286 20.2152 72.1257 11.7298 44.9226 14.2255 39.1825 10.4819 10.7315 19.4665 14.4751 14.7246
internal_count=1302 1050 203 847 658 189 252 611 238 373 209 167 120 316 58 161 131 72 166 81 289 47 180 57 157 42 43 78 58 59
is_linear=0
shrinkage=1


Tree=1
num_leaves=31
num_cat=0
split_feature=18 15 0 18 23 15 14 17 11 28 6 5 17 11 18 23 9 23 24 2 23 9 17 13 6 5 24 6 26 12
split_gain=22.4519 16.7547 14.8897 12.6313 12.4646 12.0923 12.0733 11.4288 12.7222 10.1434 10.1186 10.9647 14.5445 9.99475 9.98863 9.59334 9.592 9.16451 8.51548 9.50092 10.3395 8.30433 7.87133 7.19035 6.44082 5.29578 4.62314 4.58256 4.22245 3.51108
threshold=-0.052931193152289939 4.8717721419334936e-05 459.36000000000007 0.063728551656541801 -1.5444358144760029 8.6177185122609338e-05 0.07942722437433207 16.634999275207523 -0.0044624192381915164 0.81608376526774473 451.53827421566285 1.0000000180025095e-35 19.015000343322757 -0.0037912379808309744 0.0056872936242777792 1.4662188617014638 0.85035484702812725 1.1574883208377289 -0.0095554221564493422 662.73500000000013 -1.2888481944070234 1.5364288851873293 16.230000495910648 -0.0023109338015003806 1445.9562173283796 12701.435272864368 0.024887863129251581 549.68701003521119 4.4182142857142912 -0.0053323920034392671
decision_type=2 2 2 2 2 2 2 2 2 2 2 2 2 2 2 2 2 2 2 2 2 2 2 2 2 2 2 2 2 2
left_child=5 3 -3 4 29 10 -5 9 16 -6 11 -1 15 -11 17 -13 -9 27 19 20 24 -16 -15 -22 -8 26 -10 -4 -14 -2
right_child=1 2 14 6 7 -7 18 8 25 13 -12 12 28 22 21 -17 -18 -19 -20 -21 23 -23 -24 -25 -26 -27 -28 -29 -30 -31
leaf_value=-0.038188833044238771 0.047752183221645733 0.028548724989553319 -0.046543489130332592 0.022593058461949592 0.030696845840794941 0.045148398107308939 -0.047378051915060088 -0.011382024725371625 -0.037919054306732605 0.038688356982191786 0.036519591823280947 0.033655072837233187 -0.036417591092459123 -0.0080367128793812012 -0.023002183069084577 -0.0067781163680013194 0.037739438304959814 0.01059288528107654 -0.04898542533844065 -0.050539549254979728 0.029020520251861609 -0.058553010366513877 0.012153028290908391 -0.015661533654232326 -0.0061188701825683825 0.010260848444926795 -0.014471826354971483 -0.0076402404393167891 0.0004440398062833609 0.014526482841382509
leaf_weight=4.993065431714057 6.7267203032970428 5.23731905221939 5.9956279695034045 6.9802765846252433 14.950317874550818 10.705107137560843 6.2437236905097944 6.4917558729648572 10.245073318481444 6.7246169149875632 10.461930245161055 17.948061510920528 5.9963007867336255 41.442036300897598 13.989454105496408 7.4831866621971121 7.9703903198242188 10.230357289314268 7.4980294704437247 5.2442689687013617 8.4795905053615552 10.243694067001341 29.931126236915588 5.247060731053355 7.4902051538228989 5.7374325543642035 28.966433584690094 4.9956687688827515 5.2415028512477875 4.98275578022003
leaf_count=20 27 21 24 28 60 43 25 26 41 27 42 72 24 166 56 30 32 41 30 21 34 41 120 21 30 23 116 20 21 20
internal_value=0 -0.00386124 -0.0193506 -0.000146149 0.00378565 0.0161069 -0.0138264 0.00149474 -0.00878457 0.00805807 0.0101424 0.00351875 0.00919789 0.00372431 -0.0248696 0.0217575 0.0156898 -0.00984167 -0.0201498 -0.0135388 -0.00647262 -0.03803 0.000430079 0.0119406 -0.0248761 -0.0166591 -0.0205981 -0.0288615 -0.0192247 0.0336136
internal_weight=0 262.044 50.6921 211.352 164.169 62.8292 47.1832 152.459 59.4111 93.0481 52.124 41.6621 36.6691 78.0978 45.4548 25.4312 14.4621 21.2217 40.2029 32.7048 27.4606 24.2331 71.3732 13.7267 13.7339 44.9489 39.2115 10.9913 11.2378 11.7095
internal_count=1302 1050 203 847 658 252 189 611 238 373 209 167 147 313 182 102 58 85 161 131 110 97 286 55 55 180 157 44 45 47
is_linear=0
shrinkage=0.03


Tree=2
num_leaves=31
num_cat=0
split_feature=18 15 3 18 23 15 14 17 11 10 28 13 6 5 17 23 14 9 17 18 24 2 23 15 17 9 13 5 6 24
split_gain=21.1519 15.7617 14.0606 11.8876 11.7598 11.4384 11.3626 10.7572 12.0368 12.8107 9.58102 10.1624 9.55275 10.3115 13.6982 9.38288 9.0547 12.5191 8.20878 10.5758 8.00924 8.92579 9.72575 7.96353 7.9253 6.83137 6.77516 6.70521 6.05236 5.60097
threshold=-0.052931193152289939 4.8717721419334936e-05 461.63500000000005 0.063728551656541801 -1.5444358144760029 8.6177185122609338e-05 0.07942722437433207 16.634999275207523 -0.0037912379808309744 -0.00049468337053049083 0.80892622692150928 -0.0039296484078289442 451.53827421566285 1.0000000180025095e-35 19.015000343322757 0.95152252021597417 0.94516953361150702 0.7421813702924962 19.289999961853031 0.0056872936242777792 -0.0095554221564493422 662.73500000000013 -1.2888481944070234 -1.769404973477391e-05 16.230000495910648 1.5364288851873293 -0.0023109338015003806 12701.435272864368 1445.9562173283796 0.024887863129251581
decision_type=2 2 2 2 2 2 2 2 2 2 2 2 2 2 2 2 2 2 2 2 2 2 2 2 2 2 2 2 2 2
left_child=5 3 -3 4 -2 12 -5 10 9 15 -6 23 13 -1 16 -9 -15 -18 19 -4 21 22 28 -12 -13 -21 -24 29 -8 -10
right_child=1 2 18 6 7 -7 20 8 27 -11 11 24 -14 14 -16 -17 17 -19 -20 25 -22 -23 26 -25 -26 -27 -28 -29 -30 -31
leaf_value=-0.037005689254123786 0.032682359769347857 0.014735221072923859 -6.9428901049066726e-05 0.021944790450709885 0.03052959768426871 0.043946386984144568 -0.04591901335905773 0.052193159638370151 -0.041716928222408203 -0.028082176181394122 -0.0076109291838054689 -0.013028633220220629 0.035515101744720397 0.042131822943879502 -0.01864280397347293 0.0015996833060599822 0.025694201409152056 -0.032778100568500529 -0.047448345296267527 -0.018350994154728652 -0.047506349552174483 -0.048974782416479234 0.028194798298185622 0.031648748396571107 0.009774044008718414 -0.059668946751645031 -0.015187123269249174 0.013287249111014945 -0.0059340624430254275 -0.015016367399343472
leaf_weight=4.9980358630418769 11.68232189118862 9.2226473093032819 14.975665807724001 6.9710236191749564 14.173189178109167 10.668510064482687 6.2487530261278135 6.7212225347757357 9.7499139904975873 5.2398058027029029 6.4819923639297512 31.706184431910515 10.435485631227492 10.69750887155533 11.240800052881239 6.4794330596923828 9.7116324305534345 4.988047018647193 11.748728618025778 8.4988045990467054 7.4994854629039756 5.2493743747472754 8.4662852734327299 16.452956691384315 24.179080411791801 6.2497868090867987 5.2486113905906704 5.4852029383182517 7.4917475432157516 25.731516167521477
leaf_count=20 47 37 60 28 57 43 25 27 39 21 26 127 42 43 45 26 39 20 47 34 30 21 34 66 97 25 21 22 30 103
internal_value=0 -0.0037463 -0.0187685 -0.000141433 0.00367438 0.0156468 -0.0134134 0.00145076 -0.00852129 0.0116061 0.00782123 0.00373788 0.00984878 0.00341588 0.00893006 0.0273598 0.0211338 0.00585278 -0.0262189 -0.0178278 -0.0195442 -0.0131322 -0.00627925 0.020553 -0.00316292 -0.0358597 0.0115928 -0.0175813 -0.024118 -0.0223534
internal_weight=0 261.954 50.6956 211.258 164.083 62.74 47.1753 152.4 59.4071 18.4405 92.9934 78.8202 52.0715 41.636 36.638 13.2007 25.3972 14.6997 41.473 29.7243 40.2043 32.7048 27.4554 22.9349 55.8853 14.7486 13.7149 40.9666 13.7405 35.4814
internal_count=1302 1050 203 847 658 252 189 611 238 74 373 316 209 167 147 53 102 59 166 119 161 131 110 92 224 59 55 164 55 142
is_linear=0
shrinkage=0.03


Tree=3
num_leaves=31
num_cat=0
split_feature=18 15 28 15 11 26 10 18 22 15 18 15 4 28 17 5 15 18 18 12 9 12 1 13 14 28 13 5 13 5
split_gain=19.9718 13.5939 15.3709 12.7496 9.87326 9.28451 9.23442 8.64281 10.3439 9.03093 10.0808 8.82173 9.28408 13.8687 8.21076 7.9952 7.94228 7.21235 6.98785 6.75085 8.54275 5.68899 5.58074 5.47124 5.73249 5.36157 5.41098 15.6902 8.7056 5.61424
threshold=-0.0046220234074502145 0.00034718631840089309 1.0283147249728641 -0.00010402007005384913 -0.0046404528131911418 1.1807142857142818 -0.0045835988755433812 -0.052931193152289939 85.305083052326935 8.6177185122609338e-05 -0.10434422296492717 4.455832683489603e-05 3571523.0000000005 1.0367906098152473 16.694999694824222 499.24671779432327 0.00014681567003317045 -0.0083345785689715162 0.032441376053596989 0.0055963370044184177 0.58864829112967276 -0.011317941789089901 463.29500000000002 -0.00343145162322761 0.33161927741949965 0.67738296862158809 -0.00092941048239880686 5961.5266534148222 0.0013329766794572542 4856.7354090903473
decision_type=2 2 2 2 2 2 2 2 2 2 2 2 2 2 2 2 2 2 2 2 2 2 2 2 2 2 2 2 2 2
left_child=4 2 3 14 -1 -6 21 9 11 10 15 12 13 -9 -2 -7 -13 -14 -3 -12 -21 -4 -8 -24 -25 -5 29 28 -28 -27
right_child=1 18 6 25 5 7 22 8 -10 -11 19 16 17 -15 -16 -17 -18 -19 -20 20 -22 -23 23 24 -26 26 27 -29 -30 -31
leaf_value=0.033862310450387186 0.002513055974178328 -0.013344272396673875 -0.01167874645941366 -0.018347941307663675 -0.033490843606362744 0.014673368165839423 0.0024287570000823266 -0.031836163634585669 0.033910632074410266 0.041967390810649707 0.044547625149813655 -0.047809387044453491 0.0063743918517392981 0.017762999590516856 -0.047898511579962631 -0.022977449007404224 -0.0032669922121669292 0.044957430814764582 -0.058772244560956151 0.036933017388322963 -0.0028732591852662585 0.026577680823626569 -0.01539548459325938 -0.01866579250608599 -0.051405548361004513 0.018869012376161683 -0.035984708020512159 0.033947957472502677 -4.2268173842156581e-05 -0.011157986367582551
leaf_weight=12.16968449950218 4.9800033718347532 5.742560148239134 8.9776780754327756 7.4804375469684592 5.2396779060363761 9.4343302994966489 5.9831290245056143 13.23308749496937 7.4892897009849539 9.8815661668777448 8.4300239086151176 6.7415194511413556 26.416846275329586 8.2288362979888898 6.9881710857152939 10.987909480929373 7.7383113205432892 5.22242139279843 6.4933937191963196 7.9486628919839886 12.455535799264906 5.7320334315299979 15.465262264013285 7.7358844429254594 12.739843800663946 41.337374940514557 8.9763031601905912 8.974485978484152 18.699364468455315 6.4830658435821524
leaf_count=49 20 23 36 30 21 38 24 53 30 40 34 27 106 33 28 44 31 21 26 32 50 23 62 31 51 166 36 36 75 26
internal_value=0 -0.00697128 -0.0046483 0.00220425 0.0079478 0.00568623 -0.0172223 0.00721575 0.000458686 0.0157932 0.0105423 -0.00324844 0.00241155 -0.0128191 -0.0269221 -0.00558414 -0.024005 0.012743 -0.0374521 0.0219641 0.0126337 0.0032289 -0.0243979 -0.0288637 -0.0390362 0.00599528 0.00815104 -0.000522087 -0.0116998 0.0147982
internal_weight=0 172.789 160.553 103.919 151.618 139.448 56.6338 134.208 75.0703 59.138 49.2565 67.581 53.1012 21.4619 11.9682 20.4222 14.4798 31.6393 12.236 28.8342 20.4042 14.7097 41.9241 35.941 20.4757 91.951 84.4706 36.6502 27.6757 47.8204
internal_count=1302 693 644 417 609 560 227 539 301 238 198 271 213 86 48 82 58 127 49 116 82 59 168 144 82 369 339 147 111 192
is_linear=0
shrinkage=0.03


Tree=4
num_leaves=31
num_cat=0
split_feature=18 15 0 18 15 11 15 17 28 11 6 5 17 18 23 28 12 18 12 6 23 9 17 17 13 6 26 24 0 25
split_gain=18.8334 14.228 13.1526 11.1479 11.2251 10.8197 10.3251 9.05282 9.34205 9.27022 8.82596 9.68261 12.2537 8.60407 8.59519 8.47575 8.26067 9.93279 9.70692 10.5927 8.15996 7.24567 7.012 4.96595 4.67415 4.33559 3.94422 3.55402 3.43708 3.31132
threshold=-0.052931193152289939 4.8717721419334936e-05 459.36000000000007 0.10489923242641654 -0.00010940875399689382 -0.0074960725816500253 8.6177185122609338e-05 16.634999275207523 0.81608376526774473 -0.0037912379808309744 451.53827421566285 1.0000000180025095e-35 19.015000343322757 0.0056872936242777792 1.4662188617014638 0.99196345542162101 -0.00077286680111721118 -0.020643031739272507 0.012599444713009113 2946.6737862789782 1.1574883208377289 1.5364288851873293 16.230000495910648 22.019999504089359 -0.0017289328066991681 549.68701003521119 4.4182142857142912 -2.141662824976589 608.11500000000012 0.020188330255185401
decision_type=2 2 2 2 2 2 2 2 2 2 2 2 2 2 2 2 2 2 2 2 2 2 2 2 2 2 2 2 2 2
left_child=6 3 -3 5 -5 28 10 8 29 -10 11 -1 14 20 -13 -6 17 -9 19 -18 25 -15 -11 -17 -19 -4 -14 -25 -2 -7
right_child=1 2 13 4 15 7 -8 16 9 22 -12 12 26 21 -16 23 18 24 -20 -21 -22 -23 -24 27 -26 -27 -28 -29 -30 -31
leaf_value=-0.036048802243682301 0.049830686987161567 0.027277595634570908 -0.044183254239662545 -0.053620351887956684 0.015982029484558815 0.045077635004438475 0.041821054299784381 0.039882500916127911 0.036851344870761797 -0.0074670251915912285 0.034037034647670709 0.031371148962929946 -0.03420618273922274 -0.021187505870504469 -0.0069512189507168979 -0.041711971797336329 -0.03168418948283766 0.011115809992067622 0.022588993307311407 0.0074180997538288631 0.010247630633729661 -0.054413230766455323 0.011265467481881581 -0.025485957839761975 -0.013529349424550779 -0.006342502406309832 0.0014087243471911544 0.010326867848687252 0.014950716629945189 0.016503417197255617
leaf_weight=4.9984880685806266 5.2072501778602582 5.2224593460559836 5.9970041364431399 5.9908978193998363 8.7106290012598055 6.4285027980804434 10.572259426116942 5.7024360448122016 6.6872012913227072 45.180538058280945 10.382070720195768 17.827870652079586 5.9981576204299909 13.992910727858545 7.4762759506702414 6.2352236211299923 25.715236723423004 11.702438279986383 4.9950468689203253 8.2308363318443281 10.222937047481535 10.222448647022246 29.876893296837807 4.9887159019708687 16.968873381614685 4.9945437759160995 5.2464627325534821 4.9870175272226263 4.9687816947698593 8.4449254870414716
leaf_count=20 21 21 24 24 35 26 43 23 27 181 42 72 24 56 30 25 103 47 20 33 41 41 120 20 68 20 21 20 20 34
internal_value=0 -0.00353213 -0.0178104 -0.00010485 -0.0167488 0.00275178 0.0147973 0.00095245 0.00698417 0.00300503 0.00929559 0.00311305 0.00846891 -0.0229936 0.0200486 -0.00788521 -0.00699646 0.00372178 -0.0164576 -0.0222031 -0.00904496 -0.0352137 -1.04859e-05 -0.0207098 -0.00347022 -0.0269885 -0.0175891 -0.00758259 0.0327994 0.0288536
internal_weight=0 261.674 50.6523 211.021 30.9125 180.109 62.5016 169.933 96.6181 81.7446 51.9293 41.5473 36.5488 45.4298 25.3041 24.9216 73.3149 34.3737 38.9411 33.9461 21.2145 24.2154 75.0574 16.211 28.6713 10.9915 11.2446 9.97573 10.176 14.8734
internal_count=1302 1050 203 847 124 723 252 682 388 328 209 167 147 182 102 100 294 138 156 136 85 97 301 65 115 44 45 40 41 60
is_linear=0
shrinkage=0.03


Tree=5
num_leaves=31
num_cat=0
split_feature=18 15 28 15 11 10 26 18 22 15 18 15 4 28 15 17 5 18 18 12 9 10 1 27 27 27 13 14 28 13
split_gain=17.9363 12.0754 13.8304 11.7328 9.0557 8.67923 8.62097 7.62503 9.65639 8.11233 9.19066 8.09323 8.56945 12.9668 7.46725 7.41342 7.12702 6.67752 6.45169 6.24292 8.00659 5.30352 5.21775 5.16229 5.0365 6.07882 5.03643 5.35358 4.62 4.46569
threshold=-0.0046220234074502145 0.00034718631840089309 1.0283147249728641 -0.00010402007005384913 -0.0046404528131911418 -0.0045835988755433812 1.1807142857142818 -0.052931193152289939 85.305083052326935 8.6177185122609338e-05 -0.10434422296492717 4.455832683489603e-05 3571523.0000000005 1.0367906098152473 0.00014681567003317045 16.694999694824222 499.24671779432327 -0.0083345785689715162 0.032441376053596989 0.0055963370044184177 0.58864829112967276 -0.0085245257782327038 463.29500000000002 0.001904503616376698 0.0020375156461385686 0.0023065171618634286 -0.00343145162322761 0.33161927741949965 1.0566412760796382 0.0082466186572972017
decision_type=2 2 2 2 2 2 2 2 2 2 2 2 2 2 2 2 2 2 2 2 2 2 2 2 2 2 2 2 2 2
left_child=4 2 3 15 -1 21 -6 9 11 10 16 12 13 -9 -13 -2 -8 -14 -3 -12 -21 -4 -7 -5 -25 -26 -24 -28 -18 -27
right_child=1 18 5 23 6 22 7 8 -10 -11 19 14 17 -15 -16 -17 28 -19 -20 20 -22 -23 26 24 25 29 27 -29 -30 -31
leaf_value=0.032434509695428382 0.0021121041230007238 -0.012227890352601706 -0.017508381871937082 -0.018654672843241835 -0.032367946774305476 0.0026439694370121755 0.013744414820032899 -0.030659079509649505 0.032863067712707868 0.039897029206703065 0.042728150320928568 -0.046033162151115026 0.0061764188853155608 0.017319715374123367 -0.0028349022058009885 -0.045825976289722722 -0.00051756061972610358 0.043391965132397438 -0.055948328187538095 0.035545320927544269 -0.0030634682511422118 0.018955047465883088 -0.014698556092663951 0.03015555524197917 -0.018958656016594817 0.010499893225191898 -0.017699548766817438 -0.049340835494431495 -0.039591571318148222 -0.01896466396180789
leaf_weight=12.103944316506384 4.9728899598121625 5.7348024994134885 6.2339698970317832 7.2032781690359107 5.2400024384260169 5.9804761409759513 9.397584065794943 13.231726855039598 7.4768574088811866 9.7749590873718244 8.3626996725797706 6.7403798252344114 26.397419273853298 8.218523830175398 7.7333134561777115 6.9764749109745026 4.9900691807270032 5.1927813887596193 6.4590677618980408 7.9061577469110516 12.441052526235579 8.4644037336111051 15.465113088488573 8.1924541890621168 8.2250795364379865 63.224508985877037 7.7367103546857896 12.733266040682791 5.995474174618721 4.9952365309000006
leaf_count=49 20 23 25 29 21 24 38 53 30 40 34 27 106 33 31 28 20 21 26 32 50 34 62 33 33 254 31 51 24 20
internal_value=0 -0.00660644 -0.00441859 0.00208743 0.0075459 -0.016346 0.00538017 0.00685785 0.000513991 0.0149392 0.00996981 -0.00306851 0.00235738 -0.0122763 -0.0229523 -0.0258759 -0.00543531 0.0122939 -0.0353865 0.020907 0.0119384 0.00348994 -0.0233018 0.00572573 0.00780069 0.00540496 -0.0276198 -0.0373819 -0.0218426 0.00834242
internal_weight=0 172.598 160.404 103.79 151.203 56.6139 139.099 133.859 74.991 58.868 49.093 67.5141 53.0405 21.4503 14.4737 11.9494 20.3831 31.5902 12.1939 28.7099 20.3472 14.6984 41.9156 91.8406 84.6373 76.4448 35.9351 20.47 10.9855 68.2197
internal_count=1302 693 644 417 609 227 560 539 301 238 198 271 213 86 58 48 82 127 49 116 82 59 168 369 340 307 144 82 44 274
is_linear=0
shrinkage=0.03


Tree=6
num_leaves=31
num_cat=0
split_feature=18 15 28 15 11 10 26 18 23 15 10 15 18 17 5 26 26 26 22 14 18 12 9 12 1 26 27 26 5 17
split_gain=16.8989 11.4028 13.0191 11.0495 8.55815 8.17033 8.1147 7.20102 9.15138 8.54324 13.6222 7.71184 8.6745 6.99225 6.70986 6.61822 7.81603 7.81131 6.52938 6.14944 6.13219 5.93543 7.57098 5.2284 5.00567 8.0239 8.31536 7.9406 6.6987 5.17826
threshold=-0.0046220234074502145 0.00034718631840089309 1.0283147249728641 -0.00010402007005384913 -0.0046404528131911418 -0.0045835988755433812 1.1807142857142818 -0.052931193152289939 0.082582021487041871 4.8717721419334936e-05 0.0033598786011506125 8.6177185122609338e-05 -0.10434422296492717 16.694999694824222 499.24671779432327 1.4724999999999928 1.6599999999999968 1.2985714285714252 32.409404530437747 0.67205169627890082 0.032441376053596989 0.0055963370044184177 0.58864829112967276 -0.011317941789089901 464.61500000000007 1.2749999999999957 0.0020934698506528001 1.1999999999999929 92.663943007335504 16.230000495910648
decision_type=2 2 2 2 2 2 2 2 2 2 2 2 2 2 2 2 2 2 2 2 2 2 2 2 2 2 2 2 2 2
left_child=4 2 3 13 -1 23 -6 11 9 10 18 12 14 -2 -8 17 -17 -10 -9 -18 -3 -14 -23 -4 28 27 -27 -26 -5 -28
right_child=1 20 5 24 6 -7 7 8 15 -11 -12 -13 21 -15 -16 16 19 -19 -20 -21 -22 22 -24 -25 25 26 29 -29 -30 -31
leaf_value=0.031571614886218138 0.0020490283463420514 -0.011863574772456953 -0.010894820123102594 0.039137439571847898 -0.031390184499488258 -0.02261316391906918 0.013349256026373204 0.0085982658098259033 0.015173566689950756 -0.046800159930217994 0.032710678049685471 0.038951303469374587 0.041686448363030558 -0.044525201433411668 -0.02119532625394881 0.03933205303686374 0.033124761518263324 -0.036242165275938661 -0.032997592457110848 -0.00066336278160279119 -0.054539057312152112 0.034616785770286672 -0.0029711029242729357 0.02581249898351122 0.0016158488979675246 0.040763220095303192 -0.012170025100304823 -0.043316121332617495 0.00012251552511575404 0.008832013989240604
leaf_weight=12.0623442530632 4.9722034782171232 5.7336007505655271 8.9759605526924116 8.4539088159799558 5.2411010265350333 41.896867245435715 9.3856758624315244 4.97284863889218 4.9714083224534971 5.4849391728639594 6.2014508098363867 9.7128587961196882 8.3152359575033241 6.9650374948978424 10.981491237878798 8.7013182640075666 6.2227656394243267 5.7181273549795151 10.713437661528586 21.941126570105553 6.42764712870121 7.8751452714204815 12.442953169345854 5.7162672728300086 8.1985334604978544 5.9555054008960715 14.196116372942923 6.2295629829168311 7.451991155743598 41.317234233021736
leaf_count=49 20 23 36 34 21 168 38 20 20 22 25 40 34 28 44 35 25 23 43 88 26 32 50 23 33 24 57 25 30 166
internal_value=0 -0.00641238 -0.00428802 0.00202589 0.00733288 -0.0158628 0.00522767 0.00666374 0.000499256 -0.0133199 -0.00492998 0.0145306 0.00968992 -0.0251257 -0.00527636 0.00845363 0.0144801 -0.0123301 -0.0198109 0.00680207 -0.0344191 0.0203356 0.0115977 0.0033868 0.00555644 0.0023495 0.00707534 -0.0177843 0.0208588 0.00346128
internal_weight=0 172.49 160.329 103.74 150.944 56.5891 138.882 133.641 74.9274 27.3727 21.8877 58.7134 49.0005 11.9372 20.3672 47.5547 36.8652 10.6895 15.6863 28.1639 12.1612 28.6333 20.3181 14.6922 91.8029 75.897 61.4689 14.4281 15.9059 55.5134
internal_count=1302 693 644 417 609 227 560 539 301 110 88 238 198 48 82 191 148 43 63 113 49 116 82 59 369 305 247 58 64 223
is_linear=0
shrinkage=0.03


Tree=7
num_leaves=31
num_cat=0
split_feature=18 15 28 26 15 6 15 11 9 26 6 18 22 4 15 18 14 12 25 24 12 5 12 9 4 10 2 9 12 28
split_gain=15.9235 10.9121 12.0866 10.8424 9.93419 9.72614 8.93617 8.09234 7.78651 7.64121 6.80717 6.80347 8.92734 7.55022 7.3378 8.19071 6.71967 7.76939 6.33404 8.14404 6.69577 6.31706 5.65029 7.1635 5.39334 5.37357 5.3 4.96405 4.82851 4.81194
threshold=-0.0046220234074502145 0.00015769882180458172 0.98443279618562907 1.3467857142857198 -0.00011704437860351144 3245.274583601124 -1.4681822082716336e-05 -0.0046404528131911418 1.2524268682204671 1.1807142857142818 327.97091437150152 -0.052931193152289939 85.305083052326935 742981.00000000012 8.6177185122609338e-05 -0.10434422296492717 0.63763437180703741 0.009640423839455738 0.14404318887606929 -0.24473866967651409 0.00083931298278883137 499.24671779432327 0.0055963370044184177 0.58864829112967276 7514939.5000000009 -0.0020374023530320691 657.54000000000008 0.72353132338736192 0.0049827399541033665 1.2391615527943585
decision_type=2 2 2 2 2 2 2 2 2 2 2 2 2 2 2 2 2 2 2 2 2 2 2 2 2 2 2 2 2 2
left_child=7 2 4 -4 -2 8 29 -1 10 -9 27 14 13 -13 15 21 24 -18 20 -20 -15 -11 -17 -24 -6 -26 -8 -5 -3 -7
right_child=1 28 3 5 16 6 26 9 -10 11 -12 12 -14 18 -16 22 17 -19 19 -21 -22 -23 23 -25 25 -27 -28 -29 -30 -31
leaf_value=0.030744276633678475 -0.026292589912115177 -0.01501845939722227 0.023778664236877654 -0.02358549736817301 0.026987073072630759 0.039661839158390437 -0.0050051982593982318 -0.030457546775585678 -0.05142538619742381 0.012966149042966025 -0.037244582816698943 -0.025434618602131375 0.031637207184016802 -0.00089234654410021586 0.03805097229254073 0.040699892941873074 -0.0054512992694038479 0.027954097363527896 -0.031890887799644295 0.0041723945048632192 0.026854114831196853 -0.020566653813832585 0.033729405989939489 -0.0028815498870430811 0.020564452868924527 -0.021099335149912874 -0.04212048576367361 0.010157707213315943 -0.047183980220433491 -0.0010785348819382019
leaf_weight=12.016035765409468 8.938383683562277 9.6847956180572528 6.4585809558629981 7.7245433777570742 20.356463074684147 4.9803067892789858 10.21251919865608 5.2395577877759925 8.9708839505910856 9.3732917308807355 10.972133979201315 11.214887171983717 7.4547622054815283 19.875783309340477 9.6454149484634382 8.26209101080895 39.313035488128662 7.4542065858840934 9.4552714377641696 13.95137646794319 12.913096725940703 10.977705314755438 7.8403846025466946 12.444741651415823 5.951115757226944 5.2384550720453245 5.2390547841787329 7.9746195375919342 7.4169089198112479 5.4805386364459991
leaf_count=49 36 39 26 31 82 20 41 21 36 38 44 45 30 80 40 34 158 30 38 56 52 44 32 50 24 21 21 32 30 22
internal_value=0 -0.00622453 -0.00371939 -0.0131998 0.00367065 -0.0170797 -0.00309388 0.007127 -0.0272477 0.00508019 -0.0191155 0.00647592 0.000484989 -0.00296006 0.0141371 0.00941994 0.00709054 -0.00012683 0.00152516 -0.0103956 0.0100349 -0.00512207 0.0197868 0.0112689 0.0177903 0.00105934 -0.0175896 -0.00644514 -0.0289685 0.0183176
internal_weight=0 172.367 155.265 68.0132 87.2517 61.5546 25.9124 150.664 35.6422 138.648 26.6713 133.409 74.8652 67.4104 58.5436 48.8982 78.3133 46.7672 56.1955 23.4066 32.7889 20.351 28.5472 20.2851 31.546 11.1896 15.4516 15.6992 17.1017 10.4608
internal_count=1302 693 624 273 351 247 104 609 143 560 107 539 301 271 238 198 315 188 226 94 132 82 116 82 127 45 62 63 69 42
is_linear=0
shrinkage=0.03


Tree=8
num_leaves=31
num_cat=0
split_feature=18 15 0 18 11 15 15 17 28 27 11 12 18 12 6 6 5 17 23 4 18 28 23 9 17 5 13 6 26 0
split_gain=15.022 12.3437 11.5655 9.81483 9.88177 9.51858 8.56399 7.8565 8.41969 8.27966 8.00002 7.94081 8.82516 8.61122 9.62775 7.84071 9.07461 9.84016 7.85898 8.44777 7.44255 7.22391 7.11728 6.32407 4.54454 4.26739 4.22052 3.95657 3.65754 3.25198
threshold=-0.052931193152289939 4.8717721419334936e-05 459.36000000000007 0.10489923242641654 -0.0074960725816500253 -0.00010940875399689382 8.6177185122609338e-05 16.634999275207523 0.81608376526774473 0.0019656770230840211 -0.0037912379808309744 -0.00077286680111721118 -0.020643031739272507 0.012599444713009113 2946.6737862789782 451.53827421566285 1.0000000180025095e-35 19.015000343322757 0.41373004885920756 6677930.0000000009 0.0056872936242777792 0.99196345542162101 1.1574883208377289 1.5364288851873293 22.019999504089359 2891.2870988437076 -0.0017289328066991681 549.68701003521119 4.4182142857142912 608.11500000000012
decision_type=2 2 2 2 2 2 2 2 2 2 2 2 2 2 2 2 2 2 2 2 2 2 2 2 2 2 2 2 2 2
left_child=6 3 -3 4 29 -5 15 8 -6 -10 -11 12 -9 14 -13 16 -1 18 -18 25 22 -7 27 -22 -23 -20 -14 -4 -19 -2
right_child=1 2 20 5 7 21 -8 11 9 10 -12 13 26 -15 -16 -17 17 28 19 -21 23 24 -24 -25 -26 -27 -28 -29 -30 -31
leaf_value=-0.035475720367440879 0.048239740738854273 0.025910141807908339 -0.041644933876380061 -0.049741736709504658 0.027474417517642093 0.014626987783965949 0.038267155270806652 0.038348789144684946 -0.033667288536055606 0.038234427694836842 0.0024956550341082495 -0.030145576034902227 0.011220626761560604 0.021157474863341484 0.0071745736441119591 0.031775861262808826 0.041554146147402347 -0.031705981199534904 0.0044865017648899747 -0.026574628522448119 -0.019700556477653907 -0.03940187436150322 0.0096561390923440554 -0.050881772095555659 -0.0067293103134267911 0.041382982531891349 -0.012212881435715452 -0.0054190448071715826 0.0026264425526249992 0.014174033272052435
leaf_weight=4.9867720752954474 5.1530408561229688 5.1934470385313025 5.9698114544153231 5.9338055402040508 14.778107568621634 8.6798558533191699 10.303676307201384 5.6603298634290686 5.2259587645530692 6.1291359961032859 70.216374590992928 25.668399646878242 11.689311325550081 4.9777027964591971 8.2115334719419462 10.259049490094183 8.5181459635496157 5.9762149006128293 6.6371081024408358 4.9808346033096305 13.95576159656048 6.2256714701652554 10.196446895599363 10.083879962563513 9.9630379527807218 4.9070076793432236 16.944077596068382 4.9745404124259949 5.2425201833248138 4.9396984875202179
leaf_count=20 21 21 24 24 60 35 43 23 21 25 282 103 47 20 33 42 35 24 27 20 56 25 41 41 40 20 68 20 21 20
internal_value=0 -0.00314887 -0.0164881 4.48721e-05 0.0027283 -0.0156009 0.0133002 0.00101114 0.00663891 0.00286419 0.00536482 -0.00640134 0.00412006 -0.015687 -0.0211002 0.00830581 0.00246851 0.00768665 0.0181465 0.00608051 -0.0213618 -0.00745469 -0.0083777 -0.0327801 -0.0192942 0.0201699 -0.00264637 -0.0251792 -0.0156624 0.0315669
internal_weight=0 260.77 50.3739 210.396 179.594 30.8024 61.8113 169.501 96.3496 81.5715 76.3455 73.1514 34.2937 38.8576 33.8799 51.5077 41.2486 36.2618 25.0431 16.525 45.1804 24.8686 21.1408 24.0396 16.1887 11.5441 28.6334 10.9444 11.2187 10.0927
internal_count=1302 1050 203 847 723 124 252 682 388 328 307 294 138 156 136 209 167 147 102 67 182 100 85 97 65 47 115 44 45 41
is_linear=0
shrinkage=0.03


Tree=9
num_leaves=31
num_cat=0
split_feature=18 13 15 28 14 15 26 11 17 5 5 18 5 12 14 13 16 17 3 28 4 14 17 4 12 12 2 5 5 13
split_gain=14.2803 10.3829 8.08049 9.21891 7.64364 8.8575 7.48335 6.3417 9.41752 7.37437 10.2427 8.96504 6.84641 6.21815 9.54802 5.5399 5.48719 6.59097 5.37097 7.86689 5.33883 4.70252 4.61513 4.61067 10.2232 5.81104 5.76602 6.03881 5.15841 4.42585
threshold=-0.0046220234074502145 0.010722093907637177 0.00015769882180458172 1.2340631302689848 0.10099964861034348 -0.00011704437860351144 1.4646428571428529 -0.0032109319143994726 17.735000610351566 14082.702898701789 55759.375129046944 -0.052931193152289939 457.14579593567669 -0.0085735381455822584 0.32693535710045046 0.0040665210416402373 1.0000000180025095e-35 15.404999732971193 459.61000000000007 0.98104013494677733 3764901.0000000005 0.45298020185008731 17.045000076293949 6499182.0000000009 0.00068310821878803118 0.0063907415931900866 608.17000000000019 2805.8985374590043 891.56612882190632 -0.0033615154435026602
decision_type=2 2 2 2 2 2 2 2 2 2 2 2 2 2 2 2 2 2 2 2 2 2 2 2 2 2 2 2 2 2
left_child=6 2 3 4 -2 22 16 -8 23 11 -11 12 15 -5 -15 -10 -1 -18 -7 -20 -14 -19 -6 24 -9 28 -26 -28 -25 -16
right_child=1 -3 -4 13 5 18 7 8 9 10 -12 -13 20 14 29 -17 17 21 19 -21 -22 -23 -24 25 26 -27 27 -29 -30 -31
leaf_value=0.014392863931355035 0.031318437417283275 -0.040559923525203698 -0.024927302150340162 -0.038481245328244068 -0.002178376263500805 0.024610079653729414 0.027416493587501135 -0.0076609402276112048 -0.0036717373330917139 0.04719276322372528 -0.011132133147120733 -0.025767939172792548 0.0054115264647699376 0.019589687467086454 -0.0071305210958030694 0.037909664839587576 0.0056342956794536558 -0.0080503570303739076 0.0056248795992868842 -0.013766263318710168 -0.036401534473117857 -0.046568943126673285 -0.039538555312985585 0.044066745911143977 0.046644203276134541 -0.0080262873593713938 0.003614869665503063 0.043085432309352176 0.00065235531984684462 -0.045290210057752203
leaf_weight=7.3630940765142467 7.1931532919406882 7.4411579817533484 15.524560660123823 8.9667207300663012 4.9743871390819532 8.8963848799467069 16.136172294616699 7.8745106905698767 5.1534745693206769 5.7064139395952207 5.1605210304260254 15.896983817219736 6.1478114128112775 6.9635128527879742 5.7357810884714153 6.5472476631402969 7.6321711540222195 4.9570067524909955 67.529382213950157 26.109799027442932 4.9701472520828247 6.7190986424684525 7.4068158715963364 4.9509275555610675 12.026380598545076 13.10533060133457 9.145357593894003 5.6399900764226905 4.9019096046686172 5.2294292896985963
leaf_count=30 29 30 63 36 20 36 66 32 21 23 21 64 25 28 23 27 31 20 272 105 20 27 30 20 49 53 37 23 20 21
internal_value=0 -0.00589773 -0.00433007 -0.00218408 0.00131798 -0.000559882 0.00676709 0.00988241 0.00724378 -0.00234253 0.0194953 -0.00847209 0.00357732 -0.0180841 -0.00788277 0.0195955 -0.00764224 -0.0160452 0.00233432 0.000217967 -0.0132805 -0.0302162 -0.0245284 0.0154894 0.022392 0.00506059 0.0312185 0.0186712 0.0224675 -0.0253293
internal_weight=0 171.971 164.53 149.005 122.11 114.917 150.035 123.363 107.227 49.5826 10.8669 38.7157 22.8187 26.8954 17.9287 11.7007 26.6714 19.3083 102.536 93.6392 11.118 11.6761 12.3812 57.6444 34.6862 22.9582 26.8117 14.7853 9.85284 10.9652
internal_count=1302 693 663 600 492 463 609 501 435 201 44 157 93 108 72 48 108 78 413 377 45 47 50 234 141 93 109 60 40 44
is_linear=0
shrinkage=0.03


Tree=10
num_leaves=31
num_cat=0
split_feature=18 15 3 18 11 15 15 6 5 17 23 4 17 28 27 12 18 12 6 11 24 28 18 25 17 5 13 28 24 14
split_gain=13.6842 11.3233 10.6058 8.83524 9.29063 8.74516 8.09707 7.27872 8.30647 9.0969 7.49662 7.83413 7.09917 7.91255 7.73135 7.53471 8.23731 7.92853 9.0521 7.4278 6.94059 6.54645 5.46279 4.56972 4.19884 3.93882 3.796 3.45286 3.18232 3.12289
threshold=-0.052931193152289939 4.8717721419334936e-05 461.63500000000005 0.10489923242641654 -0.0074960725816500253 -0.00010940875399689382 8.6177185122609338e-05 451.53827421566285 1.0000000180025095e-35 19.015000343322757 0.41373004885920756 6677930.0000000009 16.634999275207523 0.80892622692150928 0.0019656770230840211 -0.00077286680111721118 -0.020643031739272507 0.012599444713009113 2946.6737862789782 -0.0037912379808309744 1.0897018831978738 0.99196345542162101 0.0056872936242777792 0.020188330255185401 22.019999504089359 2891.2870988437076 -0.0017289328066991681 1.1548837893368973 -2.141662824976589 0.78746657753074978
decision_type=2 2 2 2 2 2 2 2 2 2 2 2 2 2 2 2 2 2 2 2 2 2 2 2 2 2 2 2 2 2
left_child=6 3 -3 4 -2 -5 7 8 -1 10 -10 25 13 23 -15 16 -14 18 -17 -16 -4 -7 -22 -6 -23 -12 -18 -11 -26 -24
right_child=1 2 20 5 12 21 -8 -9 9 27 11 -13 15 14 19 17 26 -19 -20 -21 22 24 29 -25 28 -27 -28 -29 -30 -31
leaf_value=-0.034072614658872576 0.03065230617186648 0.013395531286999936 -0.034380837376479199 -0.047731219815107737 0.04672096809319029 0.014022109237501905 0.037160427413724231 0.030590612503010619 0.040350178659711661 -0.00030389403034934264 0.0041662766781655203 -0.02583966437894631 0.037327999826941127 -0.032551635237767933 0.036966080026596897 -0.029140705222344087 0.010777107924763251 0.020247549240554743 0.0070670443222563117 0.0024161923319705337 0.0060832349111633478 -0.037664011467526778 -0.0082616119340108395 0.012109169573617734 -0.023188330070392473 0.039735686313480456 -0.011457712118614766 -0.033827496159386065 0.010731329351615977 -0.041624460305446878
leaf_weight=4.9786947518587104 10.03286901116371 9.1520720422267896 20.982400521636009 5.8742119967937496 6.0777980387210828 8.6598709076643008 10.190095096826552 10.179523870348929 8.4402920454740542 6.2267277091741544 6.6251624524593371 4.9819146841764441 5.6264176666736594 5.2291356474161139 6.0805624127387992 25.624553561210632 11.677287966012956 4.9621313959360114 8.2037599235773069 70.901571080088615 9.9473630785942095 6.2085778564214733 4.9630705863237363 7.8895253390073776 4.978705391287809 4.8553328216075897 16.928045853972435 4.9740195274353027 4.9786235094070364 5.1403105556964874
leaf_count=20 41 37 85 24 25 35 43 42 35 25 27 20 23 21 25 103 47 20 33 285 40 25 20 32 20 20 68 20 20 21
internal_value=0 -0.00300449 -0.0158064 5.58531e-05 0.00260297 -0.0148148 0.012736 0.00788071 0.00225355 0.00726295 0.0173623 0.00557642 0.000939766 0.00629418 0.00274743 -0.00611262 0.00414567 -0.0151653 -0.0203599 0.00514517 -0.0223197 -0.0070262 -0.00969807 0.0271703 -0.0183015 0.0192093 -0.002381 -0.015191 -0.00622864 -0.0252357
internal_weight=0 260.119 50.1852 209.934 179.234 30.7 61.4518 51.2617 41.0821 36.1034 24.9027 16.4624 169.201 96.1786 82.2113 73.0222 34.2318 38.7904 33.8283 76.9821 41.0331 24.8258 20.0507 13.9673 16.1659 11.4805 28.6053 11.2007 9.95733 10.1034
internal_count=1302 1050 203 847 723 124 252 209 167 147 102 67 682 388 331 294 138 156 136 310 166 100 81 57 65 47 115 45 40 41
is_linear=0
shrinkage=0.03


Tree=11
num_leaves=31
num_cat=0
split_feature=18 15 0 18 11 15 15 6 5 17 23 4 17 28 11 23 15 10 18 23 17 28 9 25 7 5 6 10 9 26
split_gain=12.9263 10.6806 10.1609 8.33254 8.77583 8.3153 7.71691 6.89371 7.83039 8.58732 7.13534 7.38209 6.68738 7.49407 7.31882 7.1838 9.45002 6.68201 6.6526 6.45589 6.27326 6.16831 5.95251 5.21109 5.45603 3.74615 3.66824 3.64148 7.27727 3.43334
threshold=-0.052931193152289939 4.8717721419334936e-05 459.36000000000007 0.10489923242641654 -0.0074960725816500253 -0.00010940875399689382 8.6177185122609338e-05 451.53827421566285 1.0000000180025095e-35 19.015000343322757 0.41373004885920756 6677930.0000000009 16.634999275207523 0.81608376526774473 -0.0037912379808309744 0.91332816024220176 -0.00010940875399689382 -0.0014668774702039087 0.0056872936242777792 1.1574883208377289 16.230000495910648 1.2340631302689848 1.5364288851873293 0.64573175556100026 -2827.0078428906086 2891.2870988437076 549.68701003521119 -0.0044510570132504914 0.78478580756321736 4.4182142857142912
decision_type=2 2 2 2 2 2 2 2 2 2 2 2 2 2 2 2 2 2 2 2 2 2 2 2 2 2 2 2 2 2
left_child=6 3 -3 4 -2 -5 7 8 -1 10 -10 25 13 -6 -15 16 -14 -18 19 26 -16 27 -20 24 -17 -12 -4 -7 -29 -11
right_child=1 2 18 5 12 21 -8 -9 9 29 11 -13 15 14 20 23 17 -19 22 -21 -22 -23 -24 -25 -26 -27 -28 28 -30 -31
leaf_value=-0.033099316591546753 0.029839689424979922 0.024493403777190385 -0.039654903482064574 -0.04663458686732759 0.025865910895648641 0.020381699949473451 0.036367181697234068 0.029838760372613071 0.039443171664865911 -0.030330896722625549 0.0040432907121572608 -0.025049778519154669 -0.032412554552022736 0.033001415174942442 -0.0071582437230151797 -0.0054740691072529138 0.026185973909839701 -0.0010679272404972664 -0.018139220281879614 0.0094978342525584916 0.010580831592443739 -0.02961358893063129 -0.048548193466175518 0.0096141694994443336 -0.036101303948862344 0.038801275213172164 -0.004689585408957986 0.017521224213434695 -0.032076996457133217 0.0029681733267153728
leaf_weight=4.9714468866586676 9.9974432885646802 5.1623731255531302 5.9287132769823092 5.8325993269681957 14.649718910455702 6.6712128818035188 10.101337417960165 10.123784884810446 8.3763139545917529 5.9542819857597333 6.6219312995672244 4.9847887605428687 6.4294555783271781 6.5368630439043036 45.084596574306488 8.4753079563379341 11.390969336032866 27.993414431810379 13.910547673702242 10.186760947108267 29.802457720041275 7.4691076129674903 9.9284994602203351 4.9640375524759284 13.691558137536047 4.8235701024532318 4.9591575264930725 5.1982898414134961 5.4577607661485672 5.2384194135665894
leaf_count=20 41 21 24 24 60 27 43 42 35 24 27 20 26 27 181 34 46 113 56 41 120 30 41 20 55 20 20 21 22 21
internal_value=0 -0.00291883 -0.0153666 5.44667e-05 0.0025284 -0.0144048 0.0124076 0.00767078 0.00219312 0.00706695 0.016909 0.00542092 0.000912939 0.00611263 0.00255863 -0.00593544 0.00130951 0.0068146 -0.0199481 -0.00766831 -9.87052e-05 -0.00682376 -0.030804 -0.0181694 -0.0243912 0.0186916 -0.0237291 0.00300004 -0.00788174 -0.0147462
internal_weight=0 259.721 50.0761 209.645 179.016 30.629 61.1959 51.0945 40.9708 35.9993 24.8066 16.4303 169.018 96.0736 81.4239 72.9447 45.8138 39.3844 44.9137 21.0746 74.8871 24.7964 23.839 27.1309 22.1669 11.4455 10.8879 17.3273 10.6561 11.1927
internal_count=1302 1050 203 847 723 124 252 209 167 147 102 67 682 388 328 294 185 159 182 85 301 100 97 109 89 47 44 70 43 45
is_linear=0
shrinkage=0.03


Tree=12
num_leaves=31
num_cat=0
split_feature=18 13 26 15 28 18 3 15 14 15 10 11 17 5 5 18 22 6 16 17 14 12 14 4 12 12 2 0 5 13
split_gain=12.2789 9.6011 6.95585 6.82262 7.89348 6.39042 6.18599 6.08526 8.47526 8.3864 6.76932 5.75086 8.42657 7.19672 9.71834 7.88891 6.19468 7.77619 5.03226 5.90575 4.29784 4.27728 9.42351 4.22439 9.63443 5.4417 5.43019 5.72555 4.94247 4.1749
threshold=-0.0046220234074502145 0.010722093907637177 1.4646428571428529 0.00034718631840089309 1.2340631302689848 0.032441376053596989 459.61000000000007 4.8717721419334936e-05 0.10099964861034348 -2.1638705236951819e-05 -0.00090806247623753656 -0.0032109319143994726 17.735000610351566 14082.702898701789 55759.375129046944 -0.052931193152289939 67.929243837044325 651.17841188121417 1.0000000180025095e-35 15.404999732971193 0.45298020185008731 -0.0085735381455822584 0.32693535710045046 6499182.0000000009 0.00068310821878803118 0.0063907415931900866 608.17000000000019 645.73500000000013 891.56612882190632 -0.0033615154435026602
decision_type=2 2 2 2 2 2 2 2 2 2 2 2 2 2 2 2 2 2 2 2 2 2 2 2 2 2 2 2 2 2
left_child=2 3 18 4 6 -5 -2 8 -8 -10 -9 -4 23 15 -15 16 17 -14 -1 -20 -21 -6 -23 24 -13 28 -26 -28 -25 -24
right_child=1 -3 11 5 21 -7 7 10 9 -11 -12 12 13 14 -16 -17 -18 -19 19 20 -22 22 29 25 26 -27 27 -29 -30 -31
leaf_value=0.013551246942926408 0.0222727389402145 -0.038926843724872366 0.026103734539845245 -0.0032462563208442079 -0.033641047203356693 -0.04974443047787408 0.037824907768908574 -0.037967803760561455 -0.013252715382385843 0.0055652532919117283 0.0048595174684754085 -0.0079620736426641511 -0.0028750273055080534 0.046347874644237209 -0.010603962094076731 -0.0246049594543605 -0.025933350157911539 0.03935697296589076 0.004921195101034676 -0.0078919452729325421 -0.044771303369361158 0.019013342214096458 -0.0079698295736175106 0.042753228812501765 0.044977054473106085 -0.0080407796988174341 -0.00041905157549845931 0.037075422956570667 0.00011315891962574028 -0.044278078103205457
leaf_weight=7.3155896961689022 11.048530697822569 7.3894422799348822 15.972747564315794 5.1667059957981092 9.1649138778448123 5.4831553846597672 5.4138535112142554 7.9324544817209244 32.105799689888954 63.412797421216965 5.714406952261923 7.8346491754055014 11.50868856906891 5.6833005100488645 5.1313340961933136 15.84744828939438 5.144077703356742 5.9540553092956534 7.5807242244482067 4.9442529380321485 6.6950131356716156 6.9437023699283626 5.970977351069453 4.918911352753641 11.877693191170694 13.063945233821867 7.5878290832042676 7.0907225161790848 4.8674878627061844 5.4533428400754884
leaf_count=30 45 30 66 21 37 23 22 32 130 256 23 32 47 23 21 64 21 25 31 20 27 28 24 20 49 53 31 29 20 22
internal_value=0 -0.00547694 0.00630056 -0.00396802 -0.00235357 -0.0271862 0.000834769 -0.00123243 0.00130976 -0.00075986 -0.0200345 0.00931741 0.00680005 -0.0022953 0.0193253 -0.00837575 0.00300098 0.0115243 -0.00762458 -0.0156846 -0.0291053 -0.0169014 -0.008549 0.0146286 0.0212718 0.00463038 0.0298964 0.0176933 0.0215452 -0.0253014
internal_weight=0 171.2 149.018 163.811 153.161 10.6499 125.628 114.579 100.932 95.5186 13.6469 122.483 106.51 49.2689 10.8146 38.4543 22.6068 17.4627 26.5356 19.22 11.6393 27.5329 18.368 57.2412 34.3909 22.8503 26.5562 14.6786 9.7864 11.4243
internal_count=1302 693 609 663 619 44 508 463 408 386 55 501 435 201 44 157 93 72 108 78 47 111 74 234 141 93 109 60 40 46
is_linear=0
shrinkage=0.03


Tree=13
num_leaves=31
num_cat=0
split_feature=18 15 3 18 11 15 15 24 6 5 17 23 4 17 28 27 11 12 25 12 6 28 27 18 22 25 17 5 28 0
split_gain=11.8261 9.58795 9.29716 7.68315 8.16549 7.84447 7.33177 6.39707 6.31725 7.12551 8.0471 6.83198 6.94741 6.09021 7.10586 7.23466 7.02455 6.99924 7.84216 7.15564 8.26951 5.84508 4.98858 6.73441 4.96668 4.36642 3.85171 3.47674 3.27987 3.04985
threshold=-0.052931193152289939 4.8717721419334936e-05 461.63500000000005 0.10489923242641654 -0.0074960725816500253 -0.00010940875399689382 8.6177185122609338e-05 1.0897018831978738 451.53827421566285 1.0000000180025095e-35 19.015000343322757 0.41373004885920756 6677930.0000000009 16.634999275207523 0.80892622692150928 0.0019656770230840211 0.005359724047955817 -0.00077286680111721118 -0.32165731143550563 0.012599444713009113 2946.6737862789782 0.99196345542162101 0.0033801006547005464 0.0056872936242777792 33.794407610163731 0.020188330255185401 22.019999504089359 2891.2870988437076 1.1548837893368973 608.11500000000012
decision_type=2 2 2 2 2 2 2 2 2 2 2 2 2 2 2 2 2 2 2 2 2 2 2 2 2 2 2 2 2 2
left_child=6 3 -3 4 29 -5 8 -4 9 -1 11 -11 27 14 25 -16 -17 18 24 20 -19 -7 23 -9 -15 -6 -23 -13 -12 -2
right_child=1 2 7 5 13 21 -8 22 -10 10 28 12 -14 17 15 16 -18 19 -20 -21 -22 26 -24 -25 -26 -27 -28 -29 -30 -31
leaf_value=-0.031679890508614361 0.045209636775192776 0.012777730295916815 -0.032402713639458493 -0.045378482171755288 0.044997090705461408 0.013390242038759402 0.035420293946758066 0.0058352372252029085 0.02863651838990974 0.038466781661656846 0.00010656878794356916 0.0039001690302257596 -0.024505682658246472 0.011800638229830778 -0.03169828591901052 0.0088142243332410535 -0.015636411601134052 -0.027787341872920323 0.033410538134148828 0.019281668562210138 0.0068517810443719657 -0.035824095318509247 0.017423127517540837 -0.034822729390125172 -0.013956856742400327 0.010983509496256807 -0.0056470254105172226 0.037509442916285017 -0.032610576927846573 0.011955307690625999
leaf_weight=4.9521148502826682 5.0417248755693418 9.1069543659687024 20.772090181708336 5.7726768404245403 5.9869559705257398 8.6252585202455538 9.9802615046501142 6.452651426196101 10.020336240530012 8.2925680726766604 6.2162585109472257 6.6150118261575717 4.981587588787078 11.826047301292421 5.2253077775239936 64.137451529502869 12.66286328434944 25.537877291440964 6.6599081903696051 4.9412469416856757 8.1927074044942838 6.1723138242960003 4.9720905721187583 8.491464361548422 15.65851144492626 7.8511657267808914 9.9319876730442029 4.7658535093069077 4.9565936625003815 4.889130100607872
leaf_count=20 21 37 85 24 25 35 43 26 42 35 25 27 20 48 21 259 51 103 27 20 33 25 20 35 63 32 40 20 20 20
internal_value=0 -0.00279164 -0.0146223 2.55338e-05 0.00240189 -0.0138896 0.0119128 -0.020755 0.00729455 0.00205047 0.00671266 0.0162837 0.00504123 0.000845498 0.00581362 0.00245883 0.00478279 -0.00569511 0.00420339 -0.0144348 -0.019374 -0.00653912 -0.00860675 -0.0172672 -0.00287393 0.0256992 -0.017213 0.0179744 -0.0144077 0.028838
internal_weight=0 258.908 49.7953 209.113 178.611 30.5022 60.7806 40.6883 50.8003 40.78 35.8279 24.655 16.3625 168.68 95.8637 82.0256 76.8003 72.8163 34.1445 38.6718 33.7306 24.7296 19.9162 14.9441 27.4846 13.8381 16.1043 11.3809 11.1729 9.93085
internal_count=1302 1050 203 847 723 124 252 166 209 167 147 102 67 682 388 331 310 294 138 156 136 100 81 61 111 57 65 47 45 41
is_linear=0
shrinkage=0.03


Tree=14
num_leaves=31
num_cat=0
split_feature=18 15 0 28 22 17 6 15 26 26 6 5 17 23 4 18 15 24 25 15 27 9 13 6 24 12 27 5 26 26
split_gain=11.1786 9.05165 8.82539 7.389 7.53745 10.8972 7.09161 6.9948 6.7983 7.42854 5.98768 6.72458 7.60112 6.51256 6.55007 5.7592 5.96719 5.70789 6.99522 5.69269 5.66113 5.65203 5.53963 5.37903 6.51519 4.26398 4.21602 3.31408 3.22302 3.154
threshold=-0.052931193152289939 4.8717721419334936e-05 459.36000000000007 1.3882924592489456 33.494393333001391 16.634999275207523 61387.69380250667 8.6177185122609338e-05 1.2749999999999957 1.1999999999999929 451.53827421566285 1.0000000180025095e-35 19.015000343322757 0.41373004885920756 6677930.0000000009 0.0056872936242777792 8.6177185122609338e-05 2.0216131546278362 -1.0000000180025095e-35 -0.00012802054110786152 0.0038595757640904078 1.5364288851873293 -0.014006788909484145 133.71597933167183 -1.1718038458390483 0.0014500825583839696 0.0040008146613789439 2891.2870988437076 4.4182142857142912 1.5303571428571481
decision_type=2 2 2 2 2 2 2 2 2 2 2 2 2 2 2 2 2 2 2 2 2 2 2 2 2 2 2 2 2 2
left_child=7 3 -3 4 23 8 19 10 9 25 11 -1 13 -13 27 16 -4 18 -10 -7 29 -17 -21 24 -2 -6 -25 -15 -14 -18
right_child=1 2 15 -5 5 6 -8 -9 17 -11 -12 12 28 14 -16 21 20 -19 -20 22 -22 -23 -24 26 -26 -27 -28 -29 -30 -31
leaf_value=-0.030812862383400901 0.028379774188993834 0.023062455542994763 -0.032636636574706751 -0.017413824210727322 -0.013777143582798291 -0.032794721203130379 0.024443101278673315 0.034697425576130578 0.022619521171905233 -0.030144903737811316 0.027953661199368991 0.037647407239856122 -0.029137239545791671 0.0037849832537629555 -0.023770178998396861 -0.016394652192679538 -0.00073528947109074733 0.030162878626490652 -0.0005937626620445449 0.01744409441514877 -0.022536688246753356 -0.046257822420272973 -0.011004623853756864 0.052804489345339475 -0.01571599455419221 0.019517800328721996 0.017263883245806511 0.036677558713813507 0.0031669283238319268 0.033114352961694932
leaf_weight=4.9389136731624594 5.25278340280056 5.1230591386556616 5.9105657786130932 19.794299900531769 5.9149499535560635 9.4882728755474073 5.4196946769952765 9.8840012699365598 17.870998904109001 8.1859283894300443 9.9581088721752149 8.21995957195759 5.9280075132846815 6.611880689859392 4.9816526472568503 13.839699640870096 4.9513990730047208 12.329713374376295 33.74429015815258 6.9258442670106879 5.1649003326892844 9.7029383331537229 55.727571204304695 4.8680728673934919 7.0805396586656588 8.3469204902648908 7.8448024392127991 4.7282982021570206 5.2337341159582138 4.9581958949565887
leaf_count=20 22 21 24 80 24 39 22 43 73 33 42 35 24 27 20 56 20 50 136 28 21 41 225 20 29 34 32 20 21 20
internal_value=0 -0.00271288 -0.0142261 2.49377e-05 0.00185133 -0.000490269 -0.00865298 0.0116141 0.00683802 -0.0073656 0.00710518 0.00199694 0.00653557 0.0158706 0.00490346 -0.0185163 -0.00708857 0.0118242 0.00744348 -0.0111393 0.00292859 -0.0287026 -0.00785984 0.0171796 0.00306447 0.0057091 0.0308733 0.0174996 -0.0139898 0.0162011
internal_weight=0 258.445 49.6508 208.795 189 163.954 77.5614 60.4846 86.3928 22.4478 50.6006 40.6424 35.7035 24.5418 16.3218 44.5277 20.9851 63.945 51.6153 72.1417 15.0745 23.5426 62.6534 25.0462 12.3333 14.2619 12.7129 11.3402 11.1617 9.90959
internal_count=1302 1050 203 847 767 664 314 252 350 91 209 167 147 102 67 182 85 259 209 292 61 97 253 103 51 58 52 47 45 40
is_linear=0
shrinkage=0.03


Tree=15
num_leaves=31
num_cat=0
split_feature=18 9 7 24 26 11 27 28 26 5 28 18 6 25 17 23 28 25 13 28 6 15 14 17 14 12 28 4 28 18
split_gain=10.6333 9.33148 12.933 10.0222 7.91783 8.00014 7.09687 6.85738 6.24576 6.73047 11.0975 9.12304 8.23542 7.27331 6.99757 6.87686 6.48003 6.31964 5.23971 4.98888 6.582 4.93909 4.46788 4.08948 3.51577 6.45658 7.81214 5.88734 3.42794 3.06167
threshold=0.042386829971569846 1.2044516112090069 -10518.052125347751 -1.472289777315271 1.268571428571428 -0.0050126126476886515 0.0048496639090815667 0.91709347977683653 1.2985714285714252 2240.5734206596999 1.0092628241580461 -0.052931193152289939 2946.6737862789782 0.46843930482467105 20.710000038146976 0.8028018968171865 0.86823742304752394 0.65814123662813673 -0.0031837245292272161 0.82742547664149413 1081.8669030444896 -1.5068637863435594e-05 0.28985065557277873 16.230000495910648 0.64909098230866169 -0.0093711301549564401 0.95837547093312014 7382232.0000000009 0.96694322090901486 0.11161691503002037
decision_type=2 2 2 2 2 2 2 2 2 2 2 2 2 2 2 2 2 2 2 2 2 2 2 2 2 2 2 2 2 2
left_child=4 3 6 29 7 22 -3 18 -7 11 16 19 17 -14 15 -12 23 -13 -1 -10 -21 -18 -6 -11 25 27 -27 -5 -9 -2
right_child=1 2 -4 24 5 8 -8 28 9 10 14 12 13 -15 -16 -17 21 -19 -20 20 -22 -23 -24 -25 -26 26 -28 -29 -30 -31
leaf_value=-0.045029564175722285 -0.013574196970826669 -0.027272285326291289 -0.045575510136767798 0.010480417561718133 0.03711840531621128 0.034413689137304457 0.02107793228147423 0.019240098353631319 -0.011532961580653858 0.028777447665960937 0.012256688754026364 -0.019653404734585062 0.0098666367805698516 -0.028846197069796287 -0.037000746602807832 -0.020283961807103484 0.0097795328396009604 0.012879092411822132 -0.010940223530800678 0.006606490033353906 0.040281509449232138 0.03788854889445549 0.0080024159034159034 -0.0034915274368021512 -0.0099315983712283153 0.050508027240175217 0.007583382361337967 -0.031302276597171996 -0.011631300507717195 -0.044329027021016321
leaf_weight=6.4202206879854229 6.6601525992155057 5.0897525846958178 12.940568730235098 7.3547569513320905 10.288119688630106 5.6457811892032614 5.8985893577337265 7.1477905362844449 6.2913164347410229 4.8505558371543911 18.286742463707931 41.722620069980621 28.412798196077347 5.1612396389245978 4.9374630302190772 8.5907922089099866 8.321443587541582 6.168568715453147 11.029143646359445 14.603231906890871 8.1330941468477231 17.368483752012253 8.8009677678346616 13.028364866971968 11.355793431401251 5.6419831365346971 11.790039673447607 5.1675505638122559 5.9168079793453217 5.1782543361186981
leaf_count=26 27 21 54 30 43 23 24 29 26 20 76 169 115 21 20 35 34 25 45 61 35 71 36 53 46 23 48 21 24 21
internal_value=0 -0.00969529 -0.025252 -0.00269125 0.0031051 0.00517434 -0.00131768 -0.0111771 0.00332843 0.00238425 0.00929555 -0.00233099 -0.00747668 0.00391542 -0.00417445 0.00185581 0.0191317 -0.0154631 -0.0234829 0.0121102 0.0186525 0.0287835 0.0236946 0.00526305 0.00428267 0.00967134 0.0214762 -0.00676195 0.00525879 -0.0270267
internal_weight=0 77.0774 23.9289 53.1485 241.126 210.612 10.9883 30.514 191.522 185.877 75.3838 110.493 81.4652 33.574 31.815 26.8775 43.5688 47.8912 17.4494 29.0276 22.7363 25.6899 19.0891 17.8789 41.3101 29.9543 17.432 12.5223 13.0646 11.8384
internal_count=1302 315 99 216 987 863 45 124 784 761 309 452 330 136 131 111 178 194 71 122 96 105 79 73 168 122 71 51 53 48
is_linear=0
shrinkage=0.03


Tree=16
num_leaves=31
num_cat=0
split_feature=18 15 3 28 22 17 15 6 26 26 24 11 5 6 5 17 23 4 15 13 6 10 27 17 12 27 28 5 12 10
split_gain=10.1423 8.35102 8.3931 6.95488 6.95043 10.0079 6.58398 6.53343 6.26277 7.06765 5.94456 5.56353 6.79568 5.41644 6.32439 6.97101 6.17988 6.09467 5.23015 5.30477 5.08022 6.12286 4.93802 4.8777 4.01173 4.00819 3.16696 3.10496 2.99267 7.18353
threshold=-0.052931193152289939 4.8717721419334936e-05 461.63500000000005 1.3882924592489456 33.494393333001391 16.634999275207523 8.6177185122609338e-05 61387.69380250667 1.2749999999999957 1.1999999999999929 1.1839069817386998 -0.0029863375797032905 1941.0187268090642 451.53827421566285 1.0000000180025095e-35 19.015000343322757 0.41373004885920756 6677930.0000000009 -0.00012802054110786152 -0.014006788909484145 133.71597933167183 -0.00087722186921690415 0.0033341156498164731 16.914999961853031 0.0014500825583839696 0.0040008146613789439 1.1548837893368973 2891.2870988437076 -0.0085735381455822584 -0.0014397904016185679
decision_type=2 2 2 2 2 2 2 2 2 2 2 2 2 2 2 2 2 2 2 2 2 2 2 2 2 2 2 2 2 2
left_child=6 3 -3 4 20 8 13 18 9 24 -4 -10 -13 14 -1 16 -16 27 -7 -20 21 -2 23 -12 -6 -22 -17 -18 -5 -30
right_child=1 2 10 28 5 7 -8 -9 11 -11 22 12 -14 -15 15 26 17 -19 19 -21 25 -23 -24 -25 -26 -27 -28 -29 29 -31
leaf_value=-0.029991668361389168 -0.017926496595651476 0.012397823608343721 -0.03043379222962185 -0.034781103383534705 -0.013157369060328947 -0.031486379287344518 0.033695540013765769 0.02354760505583153 0.040185578697743904 -0.029230838721186949 -0.0036405627149158487 -0.00022559517593998351 0.020466831463607196 0.026711265888212547 0.036654419900297906 0.00090254981611388502 0.0035722910593845771 -0.023039777897611899 0.017269644210529428 -0.010586608499621751 0.051478284630740195 0.024481747876777576 0.018429421262693219 -0.040819011527374355 0.019143216269993674 0.016682641017172345 -0.031311620541406807 0.035527323941035187 0.016582801107678648 -0.027321375097943253
leaf_weight=4.9203865528106681 6.2589106261730194 9.0715582668781263 21.283221304416656 5.9000408947467831 5.9161519706249264 9.4185492247343046 9.7348006218671781 5.4074025005102149 5.51971212029457 8.1920677125453931 9.2437023669481295 33.216825291514397 25.060909017920494 9.8313006758689863 8.1204583644866961 6.1986218094825727 6.6054592281579989 4.9786545485258094 6.9173245728015891 55.658899396657944 4.8138993531465513 6.0026545226573962 4.9463050514459601 4.8383069187402716 8.3377009779214841 7.8188149183988571 4.9318441301584244 4.6724593937397003 5.6964563131332406 8.1566089689731562
leaf_count=20 26 37 88 24 24 39 43 22 23 33 38 134 102 42 35 25 27 20 28 225 20 25 20 20 34 32 20 20 23 33
internal_value=0 -0.00258193 -0.0136737 4.77673e-05 0.00182214 -0.000424447 0.0111139 -0.00825563 0.00660393 -0.0070254 -0.0195408 0.0113992 0.00867267 0.00673999 0.00188336 0.00630038 0.0152824 0.00460672 -0.0106443 -0.00750731 0.0165904 0.00283448 -0.00735691 -0.0164144 0.00573665 0.0299421 -0.0133714 0.0168113 -0.0168883 -0.00926774
internal_weight=0 257.676 49.3831 208.293 188.54 163.646 59.994 77.4022 86.2434 22.4459 40.3115 63.7974 58.2777 50.2592 40.4279 35.5075 24.377 16.2566 71.9948 62.5762 24.8943 12.2616 19.0283 14.082 14.2539 12.6327 11.1305 11.2779 19.7531 13.8531
internal_count=1302 1050 203 847 767 664 252 314 350 91 166 259 236 209 167 147 102 67 292 253 103 51 78 58 58 52 45 47 80 56
is_linear=0
shrinkage=0.03


Tree=17
num_leaves=31
num_cat=0
split_feature=18 9 7 24 26 11 10 18 18 7 4 27 28 26 22 15 17 13 28 13 18 28 24 12 14 12 28 4 28 10
split_gain=9.85494 8.70714 12.1308 9.4085 7.21426 7.60485 8.55121 6.6589 7.31825 7.84947 9.15286 6.63296 6.43019 5.93877 6.23438 5.04687 5.68574 5.64687 7.98194 4.86111 4.54994 4.34452 4.16453 3.8867 3.31045 6.05762 7.2994 5.55436 3.25535 2.98706
threshold=0.042386829971569846 1.2044516112090069 -10518.052125347751 -1.472289777315271 1.268571428571428 -0.0037912379808309744 -0.001270429387290217 0.037254637068123493 -0.052931193152289939 6178.7031598102285 16586793.000000002 0.0048496639090815667 0.91709347977683653 1.3375000000000139 85.305083052326935 1.5114987287192063e-05 17.289999961853031 0.0052946184980776642 1.1161283175503629 -0.0031837245292272161 -0.11729688431386319 1.0132126001610529 1.5696504186395785 -0.0033293180146130026 0.64909098230866169 -0.0093711301549564401 0.95837547093312014 7382232.0000000009 0.96694322090901486 -0.00021795678511932201
decision_type=2 2 2 2 2 2 2 2 2 2 2 2 2 2 2 2 2 2 2 2 2 2 2 2 2 2 2 2 2 2
left_child=4 3 11 29 12 6 22 8 15 13 21 -3 19 -10 -15 17 -17 20 -19 -1 -7 -11 -6 -8 25 27 -27 -5 -14 -2
right_child=1 2 -4 24 5 7 23 -9 9 10 -12 -13 28 14 -16 16 -18 18 -20 -21 -22 -23 -24 -25 -26 26 -28 -29 -30 -31
leaf_value=-0.043381733181206472 -0.012395700943501035 -0.026472562235766144 -0.04429456283842495 0.010238880758020794 0.043878036008708723 -0.028916684971248323 0.015132299362239652 0.030319259371394697 0.01861298983130227 0.030870425566641456 -0.023879708278510169 0.020372676836837696 0.018919249287601681 -0.011359171259513913 0.018914184575481587 0.046826997593482703 0.012411499907866616 0.033452743912370332 -0.0099073551572593961 -0.010499899641249906 0.0031499729672784934 0.0019692418253826642 0.013748846472798741 -0.020424298036650974 -0.009628670271599726 0.049058067380773999 0.0074526881654900252 -0.030390957497350622 -0.011185956573317647 -0.04270752660867657
leaf_weight=6.3967499434947994 6.4171341806650162 5.0563493669033068 12.790568917989729 7.3419836759567243 10.846193924546247 6.3648529499769202 6.0193429440259933 7.5317466855049124 7.6340321600437155 13.518827944993978 5.137086257338523 5.888127788901329 7.1331162899732572 78.728292241692543 6.6385481208562842 5.9341242760419872 15.886952862143515 9.5034405738115293 6.3901585787534705 11.012534767389299 10.638953298330309 7.1606867313385001 6.6667721569538108 5.1205101013183576 11.34029598534107 5.6016448289156022 11.768302664160727 5.1539766937494278 5.9117734730243683 5.3780859112739545
leaf_count=26 26 21 54 30 46 26 25 31 31 55 21 24 29 319 27 26 68 40 27 45 44 29 27 21 46 23 48 21 24 22
internal_value=0 -0.00935437 -0.0244554 -0.00259183 0.00299522 0.00497655 0.0193375 0.00270402 0.00150548 -0.0026753 0.0119598 -0.00126983 -0.0106491 -0.00673793 -0.00900497 0.0105837 0.0217706 0.00316343 0.0160194 -0.0225818 -0.0088532 0.0208628 0.0324086 -0.00121154 0.0041707 0.00941042 0.02087 -0.00651895 0.00527596 -0.0262165
internal_weight=0 76.7365 23.735 53.0014 240.175 209.721 28.6528 181.068 173.536 118.817 25.8166 10.9445 30.4542 93.0009 85.3668 54.7185 21.8211 32.8974 15.8936 17.4093 17.0038 20.6795 17.513 11.1399 41.2062 29.8659 17.3699 12.496 13.0449 11.7952
internal_count=1302 315 99 216 987 863 119 744 713 482 105 45 124 377 346 231 94 137 67 71 70 84 73 46 168 122 71 51 53 48
is_linear=0
shrinkage=0.03


Tree=18
num_leaves=31
num_cat=0
split_feature=18 13 26 4 15 28 14 15 11 17 5 5 18 22 5 12 14 16 17 13 14 4 12 2 0 12 5 28 11 23
split_gain=9.43212 8.55311 6.31511 5.82409 7.37386 6.42926 8.84649 8.59929 4.88512 6.8802 7.05241 8.8279 6.21838 5.57282 6.5845 4.58089 6.55782 4.44833 4.88059 4.10091 3.95368 3.85909 8.70858 5.20873 5.30265 5.10759 4.97076 3.80187 3.68778 3.68133
threshold=-0.0046220234074502145 0.010722093907637177 1.4646428571428529 493484.50000000006 4.8717721419334936e-05 1.2340631302689848 0.10099964861034348 -0.00010940875399689382 -0.0032109319143994726 17.735000610351566 14082.702898701789 55759.375129046944 -0.052931193152289939 67.929243837044325 499.24671779432327 -0.0085735381455822584 0.32693535710045046 1.0000000180025095e-35 15.404999732971193 -0.0033615154435026602 0.45298020185008731 6499182.0000000009 0.00068310821878803118 608.17000000000019 645.73500000000013 0.0063907415931900866 891.56612882190632 1.1359317764382537 7.0100856542465464e-05 -1.4889096800106925
decision_type=2 2 2 2 2 2 2 2 2 2 2 2 2 2 2 2 2 2 2 2 2 2 2 2 2 2 2 2 2 2
left_child=2 3 17 -2 5 6 -5 -8 27 21 12 -12 13 14 -11 -7 -17 -1 -19 -18 -20 22 -10 -24 -25 26 -23 -4 -9 -14
right_child=1 -3 8 4 -6 15 7 28 9 10 11 -13 29 -15 -16 16 19 18 20 -21 -22 25 23 24 -26 -27 -28 -29 -30 -31
leaf_value=0.012287727226127761 0.017641283044743071 -0.036652926613694924 0.0086128712030040973 0.037203069221881213 -0.020091499027717466 -0.034655128543232848 -0.025104879512561511 0.0084472768984998007 -0.0082380076186017014 0.028737648556528567 0.045227836741057653 -0.0093594210327098918 -0.0038426358144172455 -0.025455258352806827 -0.0085221302988362467 0.016387839899159734 -0.003888320094603148 0.0035034871496347365 -0.0071812021180649764 -0.040872151307800836 -0.042696277991956029 0.04154180701414753 0.04296375476587163 -0.0015454559752335099 0.034852788670115507 -0.008647129140393511 -0.0015242454385484495 0.038243803975931849 -0.0041239196264975528 -0.033847215318068641
leaf_weight=7.2170815020799663 11.043556481599806 7.2692514955997458 7.4446298331022254 5.8341446220874777 24.231757149100304 7.8166761994361904 11.564503535628317 44.270222336053848 7.7426444441080085 8.6057721376419085 5.6323643624782544 5.0633207559585571 5.877170354127883 5.1096443682909003 8.4696962237358075 6.6622740179300335 5.6842539608478582 7.4799337387084988 4.9056776165962201 5.136850297451014 6.638944998383522 4.8659995049238223 11.605947986245157 7.4867882430553419 6.9427608847618103 12.934312045574186 4.7831014096736908 8.1785015761852247 39.957294136285782 9.8450369238853472
leaf_count=30 45 30 31 24 101 32 48 180 32 37 23 21 24 21 35 27 23 31 20 21 27 20 49 31 29 53 20 35 162 40
internal_value=0 -0.00481693 0.00557083 -0.00339016 -0.00492671 -0.00203157 0.0013373 -0.000847078 0.00847317 0.00614363 -0.00212741 0.0193863 -0.00819758 0.0020312 0.0102562 -0.0155638 -0.00702816 -0.00776627 -0.0153739 -0.0214448 -0.0276048 0.0132761 0.0196948 0.0280017 0.0159675 0.00367558 0.0201938 0.0241243 0.00248354 -0.0226311
internal_weight=0 169.471 146.829 162.202 151.158 126.926 101.626 95.792 120.588 104.965 48.603 10.6957 37.9073 22.1851 17.0755 25.3001 17.4834 26.2416 19.0246 10.8211 11.5446 56.3616 33.7781 26.0355 14.4295 22.5834 9.6491 15.6231 84.2275 15.7222
internal_count=1302 693 609 663 618 517 414 390 501 435 201 44 157 93 72 103 71 108 78 44 47 234 141 109 60 93 40 66 342 64
is_linear=0
shrinkage=0.03


Tree=19
num_leaves=31
num_cat=0
split_feature=18 9 7 24 26 11 26 17 10 27 18 28 25 13 15 13 27 27 28 10 26 25 23 15 9 27 26 0 28 27
split_gain=9.05735 8.06682 11.5222 8.74644 6.80182 8.44268 7.96506 6.40861 6.40707 6.22002 5.10649 7.31743 11.9745 5.69081 11.9654 6.98515 5.08584 7.58255 4.82478 4.52993 4.46812 4.0428 3.42418 9.91454 9.91214 6.90417 4.75965 3.92621 3.09862 9.05641
threshold=0.042386829971569846 1.2044516112090069 -10518.052125347751 -1.472289777315271 1.6100000000000019 -0.0038749868533942129 1.6599999999999968 17.735000610351566 -0.00025884511515700254 0.0048496639090815667 -0.011990840482336172 1.04346632213277 0.46843930482467105 0.0054357656261055385 0.00025486803756325844 0.016408489532137863 0.001904503616376698 0.0020752809010757688 0.84180952986794699 0.00017317212914547134 1.8932142857142877 0.066251643351568232 0.66801726264969841 -1.5011300026488985e-05 0.61536251260767305 0.0025988676521413088 1.4724999999999928 479.25500000000005 0.95916219292531024 0.0049500420563872117
decision_type=2 2 2 2 2 2 2 2 2 2 2 2 2 2 2 2 2 2 2 2 2 2 2 2 2 2 2 2 2 2
left_child=4 3 9 -2 7 8 -7 16 -6 -3 13 12 20 14 18 -15 -1 -18 -8 -13 -12 -17 24 27 -19 -26 -25 -24 -5 -30
right_child=1 2 -4 28 5 6 10 -9 -10 -11 11 19 -14 15 -16 21 17 22 -20 -21 -22 -23 23 26 25 -27 -28 -29 29 -31
leaf_value=-0.027514081732937849 -0.025326639721366302 -0.025510987809156366 -0.043104433234013792 0.011292193583933539 0.034386006754149483 0.036541465749280473 -0.023257748495574132 -0.036586826539977614 -0.00026635450367178343 0.019974490082874059 0.0017083991656704353 -0.03513961767983708 -0.031286278079465608 0.02489617454100982 0.04380676493143934 0.017024520700317756 0.026684813516041243 -0.024673930824785199 0.0002054929115149138 -0.0041707238941142812 0.030441554869563965 -0.017155772091689826 -0.051569368694479374 -0.0077620714654136396 -0.0071217242256562214 0.028963830441598039 0.020574562676119051 -0.016470459792705786 -0.019293091199360204 0.027160489266552238
leaf_weight=6.4079224169254294 11.736553519964216 5.0196337848901766 12.629407614469526 23.145662397146225 15.45755857229233 6.3376618027687064 10.541642457246779 5.1034766137599936 6.9663851410150519 5.8697681277990341 10.116513699293142 9.6134493350982684 6.5691152662038794 23.788228407502174 4.9085239619016638 5.4166635125875455 8.67432092130184 7.5699068307876614 31.328681543469429 7.6206609159708014 9.3935040533542615 7.3273554891347885 5.1849972158670408 16.157844513654712 7.6054754555225399 12.807734489440916 7.9644691348075858 6.4196786135435104 12.552628710865976 5.4028463810682288
leaf_count=26 48 21 54 95 65 26 43 21 29 24 41 39 27 100 21 23 36 31 129 31 38 31 21 66 31 53 33 26 51 22
internal_value=0 -0.00899086 -0.0236064 -0.00248529 0.00287608 0.00659266 0.0037209 -0.0040075 0.0236207 -0.000992726 0.0020782 -0.00627715 0.00374678 0.00642213 -0.000506864 0.0152946 -0.0018973 0.000370456 -0.00570182 -0.0214456 0.0155426 -0.00262793 -0.00321232 -0.00936757 0.00464629 0.0155192 0.00159384 -0.0321527 0.00403712 -0.0053151
internal_weight=0 76.3565 23.5188 52.8377 239.282 155.386 132.962 83.8958 22.4239 10.8894 126.624 43.3132 26.0791 83.3111 46.7788 36.5322 78.7923 72.3844 41.8703 17.2341 19.51 12.744 63.7101 35.727 27.9831 20.4132 24.1223 11.6047 41.1011 17.9555
internal_count=1302 315 99 216 987 643 549 344 94 45 523 176 106 347 193 154 323 297 172 70 79 54 261 146 115 84 99 47 168 73
is_linear=0
shrinkage=0.03


Tree=20
num_leaves=31
num_cat=0
split_feature=18 9 7 24 26 11 26 10 17 27 18 28 25 28 13 15 13 26 10 27 27 28 25 23 15 9 27 26 28 14
split_gain=8.5447 7.6563 10.9983 8.24845 6.41307 7.9899 7.52682 6.09252 6.06264 5.86376 4.81269 7.01303 11.9585 9.53035 5.3698 11.359 6.60764 5.12544 5.41893 4.78746 7.15815 4.53654 3.81094 3.22546 9.34169 9.33211 6.52514 4.48759 3.76424 3.01798
threshold=0.042386829971569846 1.2044516112090069 -10518.052125347751 -1.472289777315271 1.6100000000000019 -0.0038749868533942129 1.6599999999999968 -0.00025884511515700254 17.735000610351566 0.0048496639090815667 -0.011990840482336172 0.94175159385582508 0.46843930482467105 0.87009040204412835 0.0054357656261055385 0.00025486803756325844 0.016408489532137863 3.1267857142857132 0.00021973188628543475 0.001904503616376698 0.0020752809010757688 0.84180952986794699 0.051633352467639899 0.66801726264969841 -1.5011300026488985e-05 0.61536251260767305 0.0025988676521413088 1.4724999999999928 0.87753493482110401 0.64909098230866169
decision_type=2 2 2 2 2 2 2 2 2 2 2 2 2 2 2 2 2 2 2 2 2 2 2 2 2 2 2 2 2 2
left_child=4 3 9 -2 8 7 -7 -6 19 -3 14 12 13 -12 15 21 -16 18 -13 -1 -21 -8 -18 25 28 -22 -27 -26 -25 -5
right_child=1 2 -4 29 5 6 10 -9 -10 -11 11 17 -14 -15 16 -17 22 -19 -20 20 23 -23 -24 24 27 26 -28 -29 -30 -31
leaf_value=-0.026701298851162489 -0.024624683311201458 -0.02482240915286019 -0.042215707465466434 0.0089383399675500783 0.033564995784606456 0.035583678506444227 -0.022547737261659543 -0.00025835679873560934 -0.035658206830155859 0.019380070269961098 -0.0057847186464284875 -0.036316762000431123 -0.029911535294137082 0.045913535521694783 0.024237498281432727 0.042921642987709653 0.018162314798635306 0.01006293997712855 -0.0041806742600393777 0.025975564919651761 -0.023909610259531793 0.00019933063543231839 -0.015541866218933418 -0.015883572548558128 -0.0075289098205509903 -0.0069071792143244101 0.02819548573032395 0.020009467120646628 -0.050277021241774252 -0.0092561213587362967
leaf_weight=6.4049294590950003 11.709394440054892 5.0043451339006442 12.510225072503088 29.741227924823761 15.362034112215044 6.3133659809827796 10.547288864850996 6.9665729701519004 5.079649791121482 5.8683294802904129 5.682859733700754 11.817096218466764 5.3310742676258078 7.3727692067623138 23.702952340245247 4.8601845800876609 4.9135643690824491 5.1808188557624808 7.8659708350896826 8.644289165735243 7.5774160325527218 31.328279942274094 7.8318352848291397 6.4195592254400236 16.158476740121845 7.6064433306455639 12.762731745839117 7.944026216864585 5.1708518862724304 11.331071957945822
leaf_count=26 48 21 54 122 65 26 43 29 21 24 23 48 22 30 100 21 21 21 32 36 31 129 33 26 66 31 53 33 21 46
internal_value=0 -0.00874427 -0.0230348 -0.00241343 0.00279549 0.00640845 0.00361567 0.023012 -0.00389302 -0.00096492 0.00201939 -0.00609781 0.00795007 0.0234103 0.00623983 -0.000491395 0.0148709 -0.0164861 -0.0234742 -0.00184246 0.000360233 -0.00553002 -0.00254834 -0.00311915 -0.00909538 0.00451358 0.0150871 0.00154756 -0.0312276 0.00391883
internal_weight=0 76.1646 23.3829 52.7817 238.845 155.077 132.748 22.3286 83.7684 10.8727 126.435 43.2506 18.3867 13.0556 83.1841 46.7358 36.4484 24.8639 19.6831 78.6887 72.2838 41.8756 12.7454 63.6395 35.6929 27.9466 20.3692 24.1025 11.5904 41.0723
internal_count=1302 315 99 216 987 643 549 94 344 45 523 176 75 53 347 193 154 101 80 323 297 172 54 261 146 115 84 99 47 168
is_linear=0
shrinkage=0.03


Tree=21
num_leaves=31
num_cat=0
split_feature=18 15 3 18 11 15 15 23 18 25 6 5 17 23 4 28 17 28 23 15 11 10 17 22 25 9 10 15 25 28
split_gain=8.13804 7.16392 7.57008 6.10616 6.79012 6.5593 5.77284 5.59136 5.87773 5.41981 5.0746 5.5109 6.24247 6.00102 5.57431 4.74465 4.50798 6.39346 6.07072 7.62751 6.00762 5.56568 5.49568 4.28435 4.16368 3.99348 3.89998 3.54832 7.62516 3.04495
threshold=-0.052931193152289939 4.8717721419334936e-05 461.63500000000005 0.10489923242641654 -0.0074960725816500253 -0.00010940875399689382 8.6177185122609338e-05 -1.9392841139083428 -0.016370155479517808 -0.41891102633202676 451.53827421566285 1.0000000180025095e-35 19.015000343322757 0.41373004885920756 6677930.0000000009 0.95263702334143374 16.634999275207523 0.80892622692150928 0.91332816024220176 -0.00010940875399689382 -0.0037912379808309744 -0.0014668774702039087 16.230000495910648 74.963930740362201 0.020188330255185401 0.99527967280593754 -0.0044510570132504914 0.0023717126273648981 0.087161970987241225 1.1548837893368973
decision_type=2 2 2 2 2 2 2 2 2 2 2 2 2 2 2 2 2 2 2 2 2 2 2 2 2 2 2 2 2 2
left_child=6 3 -3 4 -2 -5 10 -4 -9 -10 11 -1 13 -13 -15 -7 17 24 19 -18 -19 -21 -22 25 -6 -20 -17 28 -11 -14
right_child=1 2 7 5 16 15 -8 8 9 27 -12 12 29 14 -16 26 18 20 23 21 22 -23 -24 -25 -26 -27 -28 -29 -30 -31
leaf_value=-0.028656983629041663 0.026745359651047036 0.01216956617015758 -0.048945968791401957 -0.042001044389699128 0.043280228946279038 0.016558377418783899 0.031629088519504599 0.0074191008288598944 0.0063932966169741616 -0.037626854315719056 0.025474557557472521 0.03533391168919011 0.00080232153308745877 0.015284930386738846 -0.022971400533686345 0.00075122644804312443 -0.028782717961334209 0.030015595264941811 -0.034464911619448563 0.024662634670479196 -0.0070135140451622648 -0.00038298642552954995 0.0095771769207755632 0.00027955422619475764 0.0097741823465675899 -0.0034504940832061131 -0.027128308797028537 -0.045097070888417676 0.0071492756604583591 -0.030837176352125496
leaf_weight=4.8698758929967871 9.6285989284515363 9.0073535144329053 4.7190960496664038 5.5007571280002621 5.8450574129819852 6.3542034626007107 9.3812047839164716 8.5772027075290627 5.16784444451332 8.2932941913604825 9.6639055609703046 7.942310199141505 6.1827788352966291 11.079349488019945 4.963606894016265 8.7856819182634407 6.2825817614793769 6.3274921625852576 12.092056691646581 11.222876340150831 45.239798456430435 27.681838020682335 29.810232877731323 9.3426357656717283 7.7818028479814529 5.4074551016092292 9.291622385382647 7.13929559290409 5.828595131635665 4.9128257483243942
leaf_count=20 41 37 20 24 25 26 43 35 21 35 42 35 25 47 20 36 26 27 49 46 183 113 121 38 32 22 38 31 24 20
internal_value=0 -0.00231498 -0.0126616 0.000125635 0.0022486 -0.0124043 0.0100476 -0.0182918 -0.0141594 -0.0211624 0.00596698 0.00124818 0.00539958 0.0140069 0.00344862 -0.00574057 0.000836498 0.00512784 -0.00482364 0.0018889 0.00194318 0.00684195 -0.000423612 -0.0161238 0.0241461 -0.0248813 -0.0135787 -0.0278602 -0.0191462 -0.0132068
internal_weight=0 255.327 48.7327 206.595 176.662 29.9323 58.9959 39.7253 35.0062 26.429 49.6147 39.9507 35.0809 23.9853 16.043 24.4315 167.034 95.0044 72.0294 45.1873 81.3775 38.9047 75.05 26.8421 13.6269 17.4995 18.0773 21.2612 14.1219 11.0956
internal_count=1302 1050 203 847 723 124 252 166 146 111 209 167 147 102 67 100 682 388 294 185 331 159 304 109 57 71 74 90 59 45
is_linear=0
shrinkage=0.03


Tree=22
num_leaves=31
num_cat=0
split_feature=18 9 14 24 26 11 26 10 17 10 28 28 17 23 17 27 27 11 23 9 15 27 27 0 14 12 28 4 10 12
split_gain=7.77021 7.07484 10.4515 7.68807 6.08179 7.4063 7.12407 5.68737 5.65238 5.37485 4.79711 6.12227 6.01724 5.35758 7.01156 4.52262 6.77962 4.3359 2.93782 8.79335 8.76488 6.10662 4.28167 3.61398 2.93415 5.75401 6.65852 5.29529 2.80979 2.63885
threshold=0.042386829971569846 1.2044516112090069 0.138732502691192 -1.472289777315271 1.6100000000000019 -0.0038749868533942129 1.6632142857142795 -0.00025884511515700254 17.735000610351566 -0.0037865920949288197 1.1636965972495468 0.83468663589700298 15.144999980926515 1.0037288934861979 19.664999961853031 0.001904503616376698 0.0020752809010757688 0.00050748415115309264 0.66801726264969841 0.61536251260767305 -1.5011300026488985e-05 0.0025988676521413088 0.0023065171618634286 479.25500000000005 0.64909098230866169 -0.0093711301549564401 0.95837547093312014 7382232.0000000009 -0.00021795678511932201 0.0057588837761409781
decision_type=2 2 2 2 2 2 2 2 2 2 2 2 2 2 2 2 2 2 2 2 2 2 2 2 2 2 2 2 2 2
left_child=4 3 -3 28 8 7 -7 -6 15 -8 11 17 -13 14 -12 -1 -17 -11 19 -18 23 -21 -22 -20 25 27 -27 -5 -2 -26
right_child=1 2 -4 24 5 6 9 -9 -10 10 13 12 -14 -15 -16 16 18 -19 20 21 22 -23 -24 -25 29 26 -28 -29 -30 -31
leaf_value=-0.026059903999968066 -0.010390765287745591 0.0021986127855841294 -0.038890523926253744 0.0096398323752387612 0.032536473963894912 0.032893005118247512 -0.026815867242690757 -0.00022485737326596376 -0.034639262370855975 0.014988557128971973 0.010672825938286851 -0.018425640307103731 0.014464181386006846 -0.025406564338964894 -0.024170877933477861 0.025290205262661389 -0.023411716595359049 -0.01596783194369979 -0.049047898269596837 -0.0067854644126928562 -0.017131449208097109 0.027245247462924407 0.010108687949290639 -0.015283194916579965 -0.022963773036986133 0.047167944345712531 0.0072039382661995737 -0.030140432608514834 -0.039995247601176648 0.0060404273980904167
leaf_weight=6.3908792883157721 6.3706319183111191 9.3812555223703402 13.719083815813063 7.2958998233079893 15.196437716484072 7.0307487249374381 5.6193826347589484 6.9501905888319007 5.0434155017137519 5.6562283635139492 18.696381866931919 5.474987879395484 58.481125935912132 9.447675555944441 7.1990263909101477 8.5866338014602643 7.5642424970865276 14.540042921900747 5.1375379264354688 7.5889926403760937 7.5926493108272579 12.666752010583876 16.433293893933296 6.4159174561500549 5.9364017099142057 5.5195496678352418 11.718068316578863 5.1285590827465057 5.2741043269634229 5.3832606375217438
leaf_count=26 26 39 60 30 65 29 23 29 21 23 79 22 244 39 30 36 31 60 21 31 31 53 68 26 24 23 48 21 22 22
internal_value=0 -0.00836349 -0.0222039 -0.00228827 0.00267129 0.00619967 0.00350889 0.0222551 -0.00385471 0.00185767 0.00320607 0.00710149 0.0116486 -0.00606898 0.000986138 -0.00187378 0.00027345 -0.00729809 -0.00311475 0.00418843 -0.0088252 0.0144953 0.00150029 -0.0302975 0.00382393 0.00878281 0.0200006 -0.00678064 -0.0237992 -0.00917033
internal_weight=0 75.7268 23.1003 52.6265 237.713 154.292 132.146 22.1466 83.4203 125.115 119.495 84.1524 63.9561 35.3431 25.8954 78.3769 71.986 20.1963 63.3994 27.82 35.5794 20.2557 24.0259 11.5535 40.9817 29.6621 17.2376 12.4245 11.6447 11.3197
internal_count=1302 315 99 216 987 643 549 94 344 520 497 349 266 148 109 323 297 83 261 115 146 84 99 47 168 122 71 51 48 46
is_linear=0
shrinkage=0.03


Tree=23
num_leaves=31
num_cat=0
split_feature=18 15 4 10 10 22 17 14 15 23 25 28 11 15 10 6 5 17 23 4 13 11 27 26 9 10 27 4 26 5
split_gain=7.48382 6.7153 7.06571 5.75688 8.67488 6.63208 5.67424 9.8711 5.68517 7.24698 6.20952 5.561 6.0812 5.49084 5.11943 4.79798 5.16334 5.84425 5.6957 5.2268 4.21719 3.77453 4.42302 4.33857 5.038 4.21868 3.75693 3.12063 2.99197 2.781
threshold=-0.052931193152289939 4.8717721419334936e-05 493484.50000000006 0.0067698850680695264 0.0033598786011506125 42.274017896413362 16.634999275207523 0.07942722437433207 -0.00010940875399689382 0.91332816024220176 -0.41378002290679222 0.81608376526774473 -0.0029863375797032905 8.6177185122609338e-05 -0.0043122298299830266 451.53827421566285 1.0000000180025095e-35 19.015000343322757 0.41373004885920756 6677930.0000000009 -0.0084296126207668003 -0.00069297599685425027 0.0036129510913709092 2.4624999999999937 1.9566941112854137 0.0013640730719111096 0.0021861104354541218 3399128.5000000005 4.4182142857142912 2891.2870988437076
decision_type=2 2 2 2 2 2 2 2 2 2 2 2 2 2 2 2 2 2 2 2 2 2 2 2 2 2 2 2 2 2
left_child=13 3 -3 4 6 -6 11 -8 10 -10 -9 -2 20 15 -4 16 -1 18 -18 29 -13 22 -16 24 25 -23 -14 -7 -19 -20
right_child=1 2 14 -5 5 27 7 8 9 -11 -12 12 26 -15 21 -17 17 28 19 -21 -22 23 -24 -25 -26 -27 -28 -29 -30 -31
leaf_value=-0.027923276319405714 0.022023746259472697 0.015972040781203147 0.0093016589604172865 -0.029151767072698637 0.047493997931169464 -0.010199924786270768 0.025439706421385648 0.00083616047683674887 0.0012863947713082494 -0.019210906180280159 -0.038995621105728878 0.043803705767716999 -0.01959315359930397 0.030891715546984166 -0.047530707668840537 0.024760348665083622 0.034472015833919109 -0.027542760846246048 0.0022390064385318415 -0.02233546362475472 0.0037596901152185409 -0.016248105845079599 -0.011301963745026206 -0.037689758060613233 -0.031020541550649386 0.01931242797541545 0.00095683112068788482 0.020695698829449757 0.0036919380477214458 0.03290829480143477
leaf_weight=4.8432999700307837 13.78576412796974 6.8437019139528266 5.7693175673484793 5.8653410524129859 5.7348889261484173 4.8812999129295331 8.1726600676774961 5.3470245897769919 47.408506006002426 23.082565918564796 10.322496950626372 4.7182695418596268 9.371300667524336 9.2446756362915021 8.1580612659454328 9.5747364461421949 7.8290201127529171 5.8737709522247297 6.5226423740386945 4.9600625187158576 4.7496598213911039 5.2847692519426399 4.8276196718215934 5.264187589287757 5.3169205486774436 6.9525102078914642 54.984499976038933 7.4072179794311523 5.2067769318819046 4.4944884032011032
leaf_count=20 58 28 24 24 24 20 34 23 195 94 44 20 38 43 34 42 35 24 27 20 20 22 20 23 23 29 223 30 21 20
internal_value=0 -0.00222162 -0.0122743 0.000143034 0.0010023 0.0208552 -0.000964344 -0.00606999 -0.00905881 -0.00542552 -0.0254035 0.00453315 0.00126697 0.00967502 -0.0169241 0.00569687 0.00110268 0.00513233 0.0135094 0.00323742 0.0237153 -0.02115 -0.0340621 -0.0138019 -0.00663838 0.00395532 -0.0020356 0.0084232 -0.0128655 0.0147507
internal_weight=0 254.249 48.4171 205.831 199.966 18.0234 181.943 94.3333 86.1606 70.4911 15.6695 87.6095 73.8237 58.5495 41.5734 49.3048 39.7301 34.8868 23.8062 15.9772 9.46793 35.8041 12.9857 22.8184 17.5542 12.2373 64.3558 12.2885 11.0805 11.0171
internal_count=1302 1050 203 847 823 74 749 390 356 289 67 359 301 252 175 209 167 147 102 67 40 151 54 97 74 51 261 50 45 47
is_linear=0
shrinkage=0.03


Tree=24
num_leaves=31
num_cat=0
split_feature=18 9 7 24 26 27 11 14 18 5 4 17 15 9 14 17 6 22 25 10 28 17 9 11 10 5 12 14 18 11
split_gain=7.24024 6.57897 10.0752 7.22798 5.62536 5.50853 5.2754 7.62386 4.94854 6.40124 8.9534 4.86908 4.59776 5.34034 6.42862 12.1445 4.2961 7.15105 5.29949 4.27517 4.15665 3.49584 3.36678 4.03598 2.8025 4.16318 7.85223 3.44447 2.78827 2.34084
threshold=0.042386829971569846 1.2044516112090069 -10518.052125347751 -1.472289777315271 1.1278571428571447 0.0051298693247438104 -0.0055218680352582252 0.32026572744991122 -0.052931193152289939 5961.5266534148222 16586793.000000002 15.074999809265138 8.6177185122609338e-05 0.73961440964215253 0.93724258644019021 19.015000343322757 2946.6737862789782 85.305083052326935 0.46843930482467105 0.0006867790342357517 1.0132126001610529 16.529999732971195 0.63537993966053163 0.0055499166784543927 0.0015223103833789111 452.80210280383898 -0.0085735381455822584 0.64909098230866169 0.11161691503002037 -0.0023995783516430609
decision_type=2 2 2 2 2 2 2 2 2 2 2 2 2 2 2 2 2 2 2 2 2 2 2 2 2 2 2 2 2 2
left_child=4 3 5 28 -1 -3 7 -6 12 11 20 19 13 22 15 -15 17 -13 -18 -10 21 -11 23 -8 25 26 -5 29 -2 -28
right_child=1 2 -4 24 6 -7 8 -9 9 10 -12 16 -14 14 -16 -17 18 -19 -20 -21 -22 -23 -24 -25 -26 -27 27 -29 -30 -31
leaf_value=-0.023859495680778744 -0.01027751597499162 -0.019886557570000487 -0.040271398975261857 -0.015291876547057456 0.036521035840685216 0.023221605023865086 -0.010052659199813924 -0.00484730909130215 0.031502162954678371 0.035097332187984234 -0.024300140216102113 -0.012754120461106423 0.029793544022562839 0.039809046404603143 -0.03155608810942382 -0.018511974040722193 0.0077032060983909575 0.016342004484629923 -0.025424044364127048 -0.0049291584996061927 -9.1999923511242547e-05 0.0081088483274476056 0.032643183917319553 0.017932629540651741 0.020830363587090846 -0.016404262814045334 0.015816566252835187 -0.00041531719094425656 -0.039978040173483637 0.044784814171035088
leaf_weight=7.0254013240337363 6.5611969232559186 5.9011485129594821 12.122931033372877 9.0196716487407649 9.846854120492937 4.8691017776727676 6.9993906021118226 6.7632629573345175 6.3128407746553403 12.586832627654081 5.3121533989906302 68.961711496114731 8.7339611649513227 5.4967229962348956 6.0785986781120291 7.7359705120325089 30.736422315239906 8.5441371053457242 5.0619251430034629 5.3607611507177353 7.8424746990203849 6.5764181315898886 6.9296759217977515 13.747588410973547 7.0962976068258277 9.7815642654895765 5.0488983392715401 4.9215066581964502 5.0223552733659744 4.9936404377222132
leaf_count=29 27 25 54 37 43 20 30 28 26 52 22 283 41 24 25 32 126 35 21 22 32 27 30 59 29 40 21 20 21 21
internal_value=0 -0.00809451 -0.0215126 -0.00223727 0.00258387 -0.000397871 0.0033929 0.0196768 0.00212316 -0.000598334 0.0113028 -0.00367585 0.00980556 0.00609026 -0.00601749 0.00571397 -0.00557652 -0.0095466 0.00301898 0.0147721 0.0183061 0.0258355 0.0145384 0.00849126 0.00369254 9.07575e-05 0.00681812 0.0201451 -0.023155 0.030221
internal_weight=0 75.3383 22.8932 52.4451 236.653 10.7703 229.628 16.6101 213.018 157.296 32.3179 124.978 55.7219 46.9879 19.3113 13.2327 113.304 77.5058 35.7983 11.6736 27.0057 19.1633 27.6767 20.747 40.8616 33.7653 23.9837 14.964 11.5836 10.0425
internal_count=1302 315 99 216 987 45 958 71 887 646 133 513 241 200 81 56 465 318 147 48 111 79 119 89 168 139 99 62 48 42
is_linear=0
shrinkage=0.03


Tree=25
num_leaves=31
num_cat=0
split_feature=18 9 7 24 27 27 27 26 11 26 10 10 17 28 12 1 23 9 15 27 26 28 14 10 9 14 15 10 12 24
split_gain=6.83556 6.25189 9.64374 6.8259 5.49114 5.19109 4.45417 6.4033 6.807 6.69862 5.42474 4.94851 4.65317 4.46743 3.10768 3.20379 2.80838 8.22274 8.10372 5.63749 4.16866 3.34859 2.71341 5.1515 7.22377 2.96079 2.76779 2.67204 2.43999 1.15811
threshold=0.042386829971569846 1.2044516112090069 -10518.052125347751 -1.472289777315271 0.001904503616376698 0.0051298693247438104 0.0020752809010757688 1.6100000000000019 -0.0038749868533942129 1.6632142857142795 0.0013100867643043303 -0.0037865920949288197 17.735000610351566 1.1636965972495468 -0.0077340831745932306 606.70500000000015 0.66801726264969841 0.61536251260767305 -1.5011300026488985e-05 0.0025988676521413088 1.4724999999999928 0.87753493482110401 0.64909098230866169 -0.00072860313584993664 0.92879475470461326 0.47323132484413144 -1.6597404513951893e-05 -0.00021795678511932201 0.0057588837761409781 -0.58277204165795771
decision_type=2 2 2 2 2 2 2 2 2 2 2 2 2 2 2 2 2 2 2 2 2 2 2 2 2 2 2 2 2 2
left_child=4 3 5 27 -1 -3 -6 12 10 -10 14 -11 16 -13 15 -9 17 -8 21 -19 -20 -18 23 24 26 -25 -5 -2 -24 -4
right_child=1 2 29 22 6 -7 7 8 9 11 -12 13 -14 -15 -16 -17 18 19 20 -21 -22 -23 28 25 -26 -27 -28 -29 -30 -31
leaf_value=-0.024973269310745273 -0.0094856391715680746 -0.019338696188012285 -0.027529903295538914 -0.0018225393230399439 0.024563632205114139 0.022539971794849088 -0.022545353162426101 0.035233163624456082 0.031866218109432215 -0.025879562578187215 -0.0069238024683976971 0.0067385341102895197 -0.033118572089978961 -0.0060164697871759303 0.042911161580950215 -0.00029218669982252724 -0.014845424524598524 -0.0062933996191831543 -0.0074031156398062419 0.026491379004411186 0.019250172343406736 -0.047446783280488972 -0.022163683132281786 0.01123958671571562 0.025405775700019725 0.040126512694246136 -0.032694694810012644 -0.038499940436184765 0.0057332647612517917 -0.046773201971831338
leaf_weight=6.365382805466651 6.3476457297801971 5.886500686407091 4.5174569189548492 5.0615363568067506 8.516551122069357 4.8659044355154037 7.5449856966733959 4.5229053646326101 6.9824165999889365 5.6041433215141288 4.7774263620376578 83.619645059108734 4.9799462705850592 35.082373842597008 7.9788701236248025 4.6168805658817291 6.3946188092231733 7.5601657480001476 16.087209761142734 12.567289024591444 7.8624032884836188 5.0945708155632019 5.9358662962913495 8.7725884020328539 5.2328785061836234 5.0211191326379767 5.4041332006454494 5.1943081319332105 5.3785394728183746 7.4674957245588285
leaf_count=26 26 25 20 21 36 20 31 20 29 23 20 349 21 148 34 20 26 31 66 53 33 21 24 36 22 21 22 22 22 34
internal_value=0 -0.00787904 -0.021014 -0.00217392 0.00251245 -0.000386881 0.00327382 0.00245441 0.00585688 0.00327425 0.0213423 0.00166821 -0.00520012 0.00296879 0.0292307 0.0172879 -0.00299714 0.00416448 -0.0085893 0.0141769 0.00134688 -0.0293016 0.00358741 0.00837895 -0.00337394 0.0217549 -0.0177639 -0.0225432 -0.00890229 -0.0395199
internal_weight=0 75.086 22.7374 52.3486 236.158 10.7524 229.792 221.276 153.185 131.289 21.8961 124.306 68.0912 118.702 17.1187 9.13979 63.1112 27.6724 35.4388 20.1275 23.9496 11.4892 40.8067 29.4923 15.6985 13.7937 10.4657 11.542 11.3144 11.985
internal_count=1302 315 99 216 987 45 961 925 643 549 94 520 282 497 74 40 261 115 146 84 99 47 168 122 65 57 43 48 46 54
is_linear=0
shrinkage=0.03


Tree=26
num_leaves=31
num_cat=0
split_feature=18 13 26 4 15 14 28 15 27 18 11 17 5 5 5 18 13 16 11 1 12 26 12 12 15 28 15 23 26 26
split_gain=6.59869 7.53487 5.09714 4.95554 5.73757 5.41112 5.35362 4.28913 6.46913 5.91066 3.95793 5.29271 6.58701 8.22102 5.77266 6.61004 4.9676 3.83715 3.88344 4.30534 3.51008 5.56449 5.20863 5.31513 3.61261 3.44205 3.29336 3.00214 2.69835 2.52783
threshold=-0.0046220234074502145 0.010722093907637177 1.4646428571428529 493484.50000000006 4.8717721419334936e-05 0.07942722437433207 1.3882924592489456 -2.1638705236951819e-05 0.001904503616376698 0.10489923242641654 -0.0032109319143994726 17.735000610351566 14082.702898701789 55759.375129046944 5685.9844572031934 -0.052931193152289939 0.0029473727700692902 1.0000000180025095e-35 0.0015151224112491815 463.01500000000004 -0.0029704790956354139 1.6599999999999968 0.0063907415931900866 0.00841917270014725 -1.5153122314753971e-05 1.1359317764382537 -1.4617118540363043e-05 -1.4889096800106925 1.2749999999999957 2.098928571428559
decision_type=2 2 2 2 2 2 2 2 2 2 2 2 2 2 2 2 2 2 2 2 2 2 2 2 2 2 2 2 2 2
left_child=2 3 17 28 5 -5 7 9 -9 -7 25 20 14 -14 15 16 -13 -1 -19 -20 -12 -22 24 -24 -23 -4 -8 -17 -2 -6
right_child=1 -3 10 4 29 6 26 8 -10 -11 11 12 13 -15 -16 27 -18 18 19 -21 21 22 23 -25 -26 -27 -28 -29 -30 -31
leaf_value=0.011405397078977053 0.0021948194006644532 -0.034395258507989628 0.0068778019432451419 0.023158846030929846 -0.02375314652927292 -0.0017322776418262082 -0.0079216660441334651 -0.027938655631629995 0.0064347175207874396 -0.028441881364237379 -0.011823755853694039 -0.010578816870525526 0.043888887771878125 -0.0092134010036730787 -0.038466115992639771 -0.00050126306869979168 0.021202548977546979 -0.031227168085868874 0.018510732360077616 -0.01916245997501401 0.036265881951648288 0.044292320103357603 -0.027280808763115314 0.007597768651898461 0.013716096581876601 0.035529918664858065 -0.038123196081080564 -0.029375451360034294 0.032004024362668415 -0.001617364455488881
leaf_weight=7.0973515212535885 5.5892270654439908 7.0571113228797904 7.3024315088987333 7.4714601486921302 17.130747601389889 27.465328365564346 7.4050233662128448 5.3578933179378501 61.372098162770271 10.235523551702498 5.2277992516756049 7.4068709760904303 5.5732443928718549 4.9581443667411804 4.8611448109149924 5.0801524668931952 10.999789178371428 7.4903661906719234 4.7103785127401334 6.4941814839839935 8.411515071988104 4.6023726910352734 5.0519097447395351 17.741977974772453 14.231848135590552 7.8086052238941193 5.7906912565231305 8.9508973360061663 5.348086878657341 6.36932449042797
leaf_count=30 23 30 31 31 74 113 31 22 252 44 22 31 23 21 20 21 48 31 20 27 36 20 21 75 60 35 24 37 22 27
internal_value=0 -0.00406008 0.00470863 -0.00271819 -0.00415265 -0.00159767 -0.00317016 -0.000895093 0.00367481 -0.00898375 0.0073451 0.00524348 -0.00206319 0.0188885 -0.00797893 -0.00341009 0.00841367 -0.00737456 -0.0145042 -0.00332471 0.0115669 0.0140106 0.00951363 -0.000132524 0.0211878 0.0216837 -0.021175 -0.0189211 0.0167708 -0.0177536
internal_weight=0 166.593 144.001 159.535 148.598 125.098 117.627 104.431 66.73 37.7009 118.209 103.098 47.8302 10.5314 37.2989 32.4377 18.4067 25.7923 18.6949 11.2046 55.2674 50.0396 41.6281 22.7939 18.8342 15.111 13.1957 14.031 10.9373 23.5001
internal_count=1302 693 609 663 618 517 486 431 274 157 501 435 201 44 157 137 79 108 78 47 234 212 176 96 80 66 55 58 45 101
is_linear=0
shrinkage=0.03


Tree=27
num_leaves=31
num_cat=0
split_feature=18 15 3 10 10 22 23 14 18 17 14 28 11 26 5 25 13 23 12 5 25 6 11 15 25 4 6 5 26 10
split_gain=6.31869 5.89471 6.60651 5.3504 7.9863 6.30512 5.235 5.13973 5.13653 4.90621 8.8438 5.23658 5.67451 5.15794 7.95416 4.84055 4.61261 6.06072 4.82837 4.38126 4.08127 4.05039 3.71312 3.3115 6.86066 2.85073 2.64392 2.25343 3.44714 2.19487
threshold=-0.052931193152289939 4.8717721419334936e-05 461.63500000000005 0.0067698850680695264 0.0033598786011506125 42.274017896413362 -1.9392841139083428 0.31676662933790611 -0.016370155479517808 16.634999275207523 0.07942722437433207 0.80892622692150928 -0.0029863375797032905 3.4174999999999942 17144.235891706729 -0.41891102633202676 0.0031621805438704635 -1.6702415086352287 0.013743441152297422 6270.1882641372522 0.020188330255185401 595.11618420476111 0.005359724047955817 0.0023717126273648981 0.087161970987241225 3399128.5000000005 174.247662933388 1686.5076074572946 2.3614285714285681 0.00010837533399343792
decision_type=2 2 2 2 2 2 2 2 2 2 2 2 2 2 2 2 2 2 2 2 2 2 2 2 2 2 2 2 2 2
left_child=7 3 -3 4 9 -6 -4 -1 -8 11 -11 20 21 19 -15 -10 18 -18 29 -12 -2 -13 -14 24 -17 -7 27 -19 -29 -9
right_child=1 2 6 -5 5 25 8 16 15 10 13 12 22 14 -16 23 17 26 -20 -21 -22 -23 -24 -25 -26 -27 -28 28 -30 -31
leaf_value=0.040342576770718223 0.041594579859413165 0.011777137307077516 -0.04701604731052314 -0.028149411277282061 0.046330588597438549 -0.009831148993251243 0.0073669623290391626 -0.00093882475357898968 0.0065629231565472838 0.024306457372018739 -0.015804248412386614 0.0036914702753674412 0.00086763753997676641 0.016664650555656569 -0.028527489603337605 -0.035448650862402821 -0.014587793661179727 0.0031066404756055314 0.014626159028327784 0.0049940885103840456 0.0074600541227255414 0.043164411414924546 -0.020049617184942772 -0.043007321160184589 0.0073549127737761932 0.019773203087828005 0.038879615695435944 0.040012863581064859 0.0093908013202157851 -0.026264873962209064
leaf_weight=4.3440700173377982 5.4521351754665357 8.9126075208187086 4.5713875889778128 5.8305510282516471 5.6537441462278393 4.8550041168928129 8.5135887861251778 5.1635695248842257 5.1382724344730368 8.0974909365177137 55.787324011325836 4.7829649150371534 56.018887355923653 14.07212518155575 4.6679005473852149 8.0466253608465284 5.8112734854221335 8.986403509974485 7.2299415916204444 10.895978093147276 7.473965659737587 4.5798094123601913 8.8436411768197996 6.8627881556749335 5.7988688796758643 7.3733894228935242 4.9935908466577521 5.7819639444351179 7.7340007126331329 7.6314358562231064
leaf_count=20 24 37 20 24 24 20 35 22 21 34 232 20 228 58 20 35 25 39 31 46 31 20 36 31 24 30 23 27 33 32
internal_value=0 -0.00204303 -0.0115221 0.000175906 0.00100768 0.0201322 -0.016856 0.00896357 -0.0128434 -0.00088518 -0.00565752 0.00423595 0.00116717 -0.00849789 0.00540787 -0.0195005 0.00640765 0.0132486 -0.00497081 -0.0124058 0.0218577 0.0229997 -0.00198431 -0.0259675 -0.0175214 0.00801947 0.0191318 0.0147495 0.0224905 -0.0160443
internal_weight=0 252.229 47.8441 204.385 198.554 17.8821 38.9315 57.6762 34.3601 180.672 93.5208 87.1514 74.2253 85.4233 18.74 25.8466 53.3322 33.3072 20.0249 66.6833 12.9261 9.36277 64.8625 20.7083 13.8455 12.2284 27.496 22.5024 13.516 12.795
internal_count=1302 1050 203 847 823 74 166 252 146 749 390 359 304 356 78 111 232 147 85 278 55 40 264 90 59 50 122 99 60 54
is_linear=0
shrinkage=0.03


Tree=28
num_leaves=28
num_cat=0
split_feature=18 9 7 24 27 27 11 27 26 26 28 14 25 9 10 15 25 26 5 18 28 27 4 14 2 25 24
split_gain=6.14168 5.70831 8.97797 6.3332 4.98009 4.79795 4.25046 4.46464 4.90794 6.86262 3.89897 6.28061 5.00029 5.65739 4.08535 3.91689 3.81789 3.66799 3.79704 2.67465 2.60869 8.28022 6.0669 5.25158 3.40294 3.24822 1.16015
threshold=0.042386829971569846 1.2044516112090069 -10518.052125347751 -1.472289777315271 0.001904503616376698 0.0051298693247438104 -0.0074960725816500253 0.0020752809010757688 1.6100000000000019 1.6632142857142795 0.91709347977683653 0.83166196845031815 0.2268611655033185 0.64105116223679037 0.00095380010579404495 2.1709189487910688e-05 0.072165678014908405 1.6985714285714268 74055.47431406258 0.11161691503002037 0.95916219292531024 0.0049500420563872117 7759897.0000000009 0.64909098230866169 468.88000000000005 -0.23610625517942382 -0.58277204165795771
decision_type=2 2 2 2 2 2 2 2 2 2 2 2 2 2 2 2 2 2 2 2 2 2 2 2 2 2 2
left_child=4 3 5 19 -1 -3 -6 -8 10 -10 11 16 13 -12 -13 -14 -9 -11 -19 -2 22 24 23 25 -22 -5 -4
right_child=1 2 26 20 6 -7 7 8 9 17 12 14 15 -15 -16 -17 -18 18 -20 -21 21 -23 -24 -25 -26 -27 -28
leaf_value=-0.023848611523743006 -0.0091575191387806964 -0.01860085838450087 -0.026241120937192289 0.046046770747432443 0.026473227020031506 0.02182501720148065 0.023798176900960043 -0.016495333793496308 0.032061926294202792 -0.020242004697195171 -0.012465472834668411 0.020880313818087238 -0.032900019944658958 0.017298863234613656 -0.012529416731616384 0.0033660852037044262 -0.048527818273090211 0.0050964467837208653 -0.022330629347180515 -0.038454962888218307 0.00021706820686066662 0.026014707479822836 -0.01792548491130095 -0.0043795113733752396 -0.031637919762835295 0.014329174842672257 -0.045725649097032896
leaf_weight=6.3362355530261985 6.5077843666076642 5.8297436535358447 4.4271504133939743 5.8937085419893283 6.8020648658275595 4.8326283395290375 8.4392191767692548 11.279983192682272 7.7759032398462287 5.8060594946146002 8.305083170533182 5.7650209963321668 5.7671356350183469 18.661772921681404 7.6851627826690674 5.0075840353965759 4.7627089023590079 127.63741248846054 4.7105140984058371 4.9282311052083969 5.1288522183895129 5.3762065172195426 5.2952918559312812 5.8812581151723853 7.3339302539825439 5.7323153764009511 7.2611663341522199
leaf_count=26 27 25 20 25 31 20 36 47 33 24 34 24 24 78 32 21 20 537 20 21 21 22 22 24 30 24 34
internal_value=0 -0.0075036 -0.0201856 -0.00206075 0.00238647 -0.000278178 0.00311426 0.00239726 0.00155 0.00463985 -0.00515641 -0.0133289 0.00122988 0.00813223 0.00179067 -0.0160452 -0.026005 0.00309642 0.00412027 -0.0217829 0.00348883 -0.00510436 0.0102115 0.0187218 -0.0185285 0.0304081 -0.0383455
internal_weight=0 74.4283 22.3507 52.0776 234.742 10.6624 228.406 221.604 213.164 145.93 67.2345 29.4929 37.7416 26.9669 13.4502 10.7747 16.0427 138.154 132.348 11.436 40.6416 17.839 22.8026 17.5073 12.4628 11.626 11.6883
internal_count=1302 315 99 216 987 45 961 930 894 614 280 123 157 112 56 45 67 581 557 48 168 73 95 73 51 49 54
is_linear=0
shrinkage=0.03


Tree=29
num_leaves=31
num_cat=0
split_feature=18 15 3 28 22 17 27 9 15 17 24 15 22 13 24 6 5 17 23 4 6 10 27 17 28 27 9 15 28 26
split_gain=5.87794 5.50505 6.20389 5.19413 5.19067 6.56641 5.41277 6.09975 8.10124 5.92552 5.04614 4.90028 4.81342 4.37412 6.55681 4.3321 4.48248 5.11021 5.50823 4.63226 4.17693 5.23652 3.9497 3.95101 3.9245 3.91048 3.05293 3.69333 3.03492 2.76132
threshold=-0.052931193152289939 4.8717721419334936e-05 461.63500000000005 1.3882924592489456 33.494393333001391 16.634999275207523 0.002690123628902153 0.60739595394402701 -3.308657478339431e-05 17.735000610351566 1.1839069817386998 8.6177185122609338e-05 37.512401689738013 -0.0043612767004052025 1.2821708106836034 451.53827421566285 1.0000000180025095e-35 19.015000343322757 0.41373004885920756 6677930.0000000009 133.71597933167183 -0.00087722186921690415 0.0033341156498164731 16.914999961853031 0.80892622692150928 0.0040008146613789439 1.1922557157737754 -1.4617118540363043e-05 0.79495527048393499 4.4182142857142912
decision_type=2 2 2 2 2 2 2 2 2 2 2 2 2 2 2 2 2 2 2 2 2 2 2 2 2 2 2 2 2 2
left_child=11 3 -3 4 20 12 28 9 -9 -8 -4 15 -6 14 -14 16 -1 18 -18 -20 21 -2 23 -12 -15 -22 27 -5 -7 -19
right_child=1 2 10 26 5 6 7 8 -10 -11 22 -13 13 24 -16 -17 17 29 19 -21 25 -23 -24 -25 -26 -27 -28 -29 -30 -31
leaf_value=-0.026688865455343581 -0.017747332645817095 0.011435865041812631 -0.026731970968347295 -0.0063652721085918689 -0.019611462579686954 -0.043829040172500708 -0.0030248012447636713 -0.014212281656400774 0.011486896840463459 -0.038257485536355773 -0.0017872859143133362 0.029149678985082486 0.0025451538670083727 0.019671422398884759 0.03686085640557165 0.023251878615380632 0.033193766800270433 -0.026675504035796712 0.0131332069607413 -0.021970925497807547 0.048944904240414817 0.022377393196772254 0.018173562071634033 -0.036048183270738852 -0.00031593902493519719 0.013851987905458239 0.00056709376231442693 -0.039819545310763781 -0.011593538639815104 0.0034189377537094689
leaf_weight=4.7799581736326209 5.9542694836854935 8.8813738822936994 20.188660308718681 5.6249556988477716 6.3533237278461447 4.9074844866991025 9.7114831656217593 17.356705397367477 30.33249206840992 7.704354614019393 8.9845105558633822 8.8859107792377454 10.0649631023407 10.85550035536289 9.9805414378643018 9.3582964092493039 7.6230740845203426 5.835091680288313 10.778816133737562 4.9307323396205893 4.5859245806932432 5.7580570727586764 4.8640642166137686 4.5704177320003501 47.650121375918388 7.5838363021612167 7.3382785469293585 6.2924403697252282 5.6604697555303574 5.1799535006284714
leaf_count=20 26 37 88 23 26 20 40 74 125 32 38 43 42 46 42 42 35 24 47 20 20 25 20 20 194 32 31 26 23 21
internal_value=0 -0.00197347 -0.0111717 0.000170771 0.0017185 -0.00022228 -0.00664824 -0.00341566 0.00213356 -0.0186109 -0.0163724 0.00866923 0.005505 0.00753645 0.0196307 0.00491583 0.000530328 0.00431826 0.0122689 0.00211513 0.0147678 0.00197893 -0.00501742 -0.0133393 0.00339264 0.027076 -0.0146557 -0.0240293 -0.0265629 -0.0125232
internal_weight=0 251.204 47.489 203.715 184.46 160.577 75.673 65.105 47.6892 17.4158 38.6077 57.3718 84.9044 78.5511 20.0455 48.4859 39.1276 34.3477 23.3326 15.7095 23.8821 11.7123 18.419 13.5549 58.5056 12.1698 19.2557 11.9174 10.568 11.015
internal_count=1302 1050 203 847 767 664 314 271 199 72 166 252 350 324 84 209 167 147 102 67 103 51 78 58 240 52 80 49 43 45
is_linear=0
shrinkage=0.03


Tree=30
num_leaves=31
num_cat=0
split_feature=18 9 14 24 26 11 26 10 17 10 17 23 22 2 23 25 4 17 27 18 28 17 28 12 1 4 10 14 12 28
split_gain=5.7191 5.40372 8.71985 5.8623 4.66126 6.24386 5.76913 5.21851 4.27671 3.83254 7.68633 7.28218 5.72325 4.74598 8.86392 6.36376 4.24786 3.49442 4.25549 4.72797 5.33315 7.38549 4.75415 2.94773 2.98213 2.62895 2.51657 2.50846 4.8733 5.76951
threshold=0.042386829971569846 1.2044516112090069 0.138732502691192 -1.472289777315271 1.6100000000000019 -0.0038749868533942129 1.6599999999999968 0.0013100867643043303 17.735000610351566 0.0020035869344622319 20.579999923706058 1.7730877330430703 80.024174958247812 610.48500000000001 1.1266286382972341 -0.157418106752749 9049617.5000000019 15.074999809265138 0.001904503616376698 0.037254637068123493 0.91073222966177758 16.644999504089359 1.047584436028161 -0.0077340831745932306 606.70500000000015 4591121.0000000009 -0.00021795678511932201 0.64909098230866169 -0.0093711301549564401 0.95837547093312014
decision_type=2 2 2 2 2 2 2 2 2 2 2 2 2 2 2 2 2 2 2 2 2 2 2 2 2 2 2 2 2 2
left_child=4 3 -3 26 8 7 -7 23 17 12 11 16 13 15 -15 -8 -11 25 -19 20 21 -20 -22 24 -6 -1 -2 28 -5 -30
right_child=1 2 -4 27 5 6 9 -9 -10 10 -12 -13 -14 14 -16 -17 -18 18 19 -21 22 -23 -24 -25 -26 -27 -28 -29 29 -31
leaf_value=-0.00010207181571910715 -0.0083418428236685712 0.0025993882650881626 -0.035613267563305719 -0.0063622244346324894 0.034071355852411243 0.031382809968472258 -0.022107268326377768 -0.0075008801113124034 -0.030764587408540423 0.011651156999579774 -0.019222404551883808 -0.012394459771715128 0.020211192902596382 0.00089115649199584905 -0.030330190023867078 0.0096582497597813861 0.034109887456070798 -0.03059721157320168 -0.031296373840556176 0.01967190356077779 0.0072854523479348229 0.010785170649808589 -0.019007435831743309 0.041672033554737004 -0.00050783644395931268 0.029511452535436619 -0.03675030745809986 -0.0086399734547477521 0.044273298049700968 0.0065660803359319604
leaf_weight=5.6325825303792936 6.2902718484401703 9.216347664594652 12.893019080162047 12.286822825670241 4.4137207120657003 6.1194286197423926 7.3752027451992026 4.7147321552038184 4.8543169796466819 23.155980810523033 7.9315275102853766 8.2400800585746747 8.5666042119264585 17.281444758176804 15.546229302883146 24.636512652039528 11.267736524343489 5.1150977313518515 12.512820303440096 7.8209563791751853 27.677931874990463 5.3619629293680182 7.9719128608703604 7.8272107839584359 4.5673303157091141 5.1785541772842407 5.0671942979097349 11.28204497694969 5.3355728238821092 11.574017852544783
leaf_count=23 26 39 60 51 20 26 31 20 21 99 34 34 36 72 64 104 49 21 52 33 116 22 34 34 20 22 22 46 23 48
internal_value=0 -0.00726656 -0.0196842 -0.0019701 0.0023056 0.00542311 0.00294732 0.0203909 -0.00345078 0.00154404 0.00789679 0.0129385 -0.00283462 -0.00587944 -0.0138944 0.00233977 0.0190025 -0.00173489 -0.00430796 -0.00211592 -0.00529953 -0.018673 0.00140591 0.0282146 0.016486 0.0140829 -0.0210164 0.00337392 0.00801632 0.018464
internal_weight=0 73.9453 22.1094 51.8359 233.77 151.644 130.121 21.523 82.1261 124.001 50.5953 42.6638 73.406 64.8394 32.8277 32.0117 34.4237 77.2718 66.4607 61.3456 53.5246 17.8748 35.6498 16.8083 8.98105 10.8111 11.3575 40.4785 29.1964 16.9096
internal_count=1302 315 99 216 987 643 549 94 344 523 216 182 307 271 136 135 148 323 278 257 224 74 150 74 40 45 48 168 122 71
is_linear=0
shrinkage=0.03


Tree=31
num_leaves=31
num_cat=0
split_feature=18 15 3 23 28 14 22 15 5 2 13 24 9 24 10 18 11 25 13 23 12 6 10 4 26 27 15 10 9 15
split_gain=5.44185 5.08184 5.75987 4.91919 4.90117 4.87366 4.84326 6.0073 5.9786 5.49824 5.15366 7.71799 6.88741 6.85288 4.91742 4.74721 4.73045 4.4525 4.25089 5.72919 4.32933 3.95409 4.9075 3.92669 3.86867 3.72566 3.17615 6.3596 2.91193 3.45497
threshold=-0.052931193152289939 4.8717721419334936e-05 461.63500000000005 -1.9392841139083428 1.3882924592489456 0.31676662933790611 33.494393333001391 -3.4295224840539039e-05 702.22414305193786 462.22000000000008 -0.004221380749407754 0.38962200618969617 0.85035484702812725 1.2083887070366557 0.0027299619078264841 -0.016370155479517808 -0.0012928687573577899 -0.41891102633202676 0.0031621805438704635 -1.6702415086352287 0.013743441152297422 133.71597933167183 -0.00087722186921690415 6851530.5000000009 1.8989285714285702 0.0040008146613789439 0.0023717126273648981 0.0013100867643043303 1.1922557157737754 -1.4617118540363043e-05
decision_type=2 2 2 2 2 2 2 2 2 2 2 2 2 2 2 2 2 2 2 2 2 2 2 2 2 2 2 2 2 2
left_child=5 4 -3 -4 6 -1 21 8 9 -8 12 14 23 -13 -12 -5 -10 -17 20 -20 -7 22 -2 -9 -14 -23 27 -19 29 -6
right_child=1 2 3 15 28 18 7 10 16 -11 11 13 24 -15 -16 17 -18 26 19 -21 -22 25 -24 -25 -26 -27 -28 -29 -30 -31
leaf_value=0.039362506363115606 -0.017259736802636368 0.011029179189328005 -0.045526787049377529 0.0075241108800962551 -0.0063702672479096127 -0.015583853346118037 0.0065638837818835912 0.007580868385839391 -0.017182326332611828 -0.02597901325964623 -0.024109537564890284 0.018481267362556033 0.011928492401630127 -0.0035992405541024385 0.0069568793773134088 0.0065899930517248993 0.020556574261623529 -0.033832737728857427 -0.014616285409009812 0.018306059992055899 0.013599082465499202 0.047955463960864961 0.021682140744545886 -0.021104099474667817 0.040121116429834597 0.013489903788748352 -0.041716738283392653 0.0077051327689539317 0.0006218094576541538 -0.038793061753916086
leaf_weight=4.2294127345085135 5.9332704097032547 8.8588230311870557 4.433966487646102 8.4713995456695503 5.6161775588989267 12.697640687227251 6.0587472468614605 20.395077958703045 4.7724961936473838 20.422653704881668 17.283978551626209 20.312920600175858 8.8361506462097186 33.53413337469101 6.2415591180324546 5.119208335876464 8.0003284662961942 7.9163700342178434 5.772115781903266 27.056409493088722 7.1521844863891593 4.50448229908943 5.720700070261957 5.4407265484333029 8.6874977201223356 7.5608121603727341 6.6506806164979926 5.7100443691015244 7.3119221329689017 6.2492780983448037
leaf_count=20 26 37 20 35 23 54 25 85 21 86 71 84 37 138 26 21 33 35 25 122 31 20 25 22 36 32 31 24 31 26
internal_value=0 -0.00190026 -0.010771 -0.0158131 0.000161745 0.00837838 0.00166829 -0.000207304 -0.0104023 -0.0185334 0.00310745 -0.00153253 0.0113872 0.00473027 -0.0158673 -0.011923 0.00645564 -0.01841 0.00589074 0.0125174 -0.00506881 0.0143191 0.00185605 0.00154014 0.0259052 0.0263573 -0.0247215 -0.0164266 -0.0142699 -0.0234466
internal_weight=0 250.043 47.1605 38.3017 202.883 56.9078 183.706 159.986 39.2542 26.4814 120.732 77.3726 43.3595 53.8471 23.5255 33.8677 12.7728 25.3963 52.6784 32.8285 19.8498 23.7193 11.654 25.8358 17.5236 12.0653 20.2771 13.6264 19.1774 11.8655
internal_count=1302 1050 203 166 847 252 767 664 165 111 499 319 180 222 97 146 54 111 232 147 85 103 51 107 73 52 90 59 80 49
is_linear=0
shrinkage=0.03


Tree=32
num_leaves=31
num_cat=0
split_feature=18 9 7 24 26 11 26 10 17 14 10 17 23 22 2 23 28 28 27 27 18 27 9 25 27 27 5 9 9 4
split_gain=5.22169 5.04538 8.30252 5.44573 4.38718 5.89575 5.41094 4.99426 3.98516 3.66917 3.52101 7.11953 6.77988 5.28922 4.41243 8.39019 6.10042 4.12835 3.28293 5.41124 2.54974 2.50409 2.95393 3.64655 2.47026 7.43246 5.27689 6.70326 3.5662 3.43432
threshold=0.042386829971569846 1.2044516112090069 -53176.048338879133 -1.472289777315271 1.6100000000000019 -0.0038749868533942129 1.6599999999999968 -0.00025884511515700254 17.735000610351566 0.138732502691192 0.0020035869344622319 20.579999923706058 1.7730877330430703 80.024174958247812 610.48500000000001 1.1266286382972341 1.2130626808718807 1.0618188243295716 0.001904503616376698 0.0020752809010757688 0.11161691503002037 0.0021861104354541218 0.55090422991490862 0.2268611655033185 0.0047626575102404029 0.0039614350175829734 351.41342284532249 0.56874420606877796 0.78223744559113018 3844323.5000000005
decision_type=2 2 2 2 2 2 2 2 2 2 2 2 2 2 2 2 2 2 2 2 2 2 2 2 2 2 2 2 2 2
left_child=4 3 -3 20 8 7 -7 -6 18 -4 13 12 17 14 16 -16 -8 -12 -1 -20 -2 -21 -23 -24 25 26 27 -5 -29 -28
right_child=1 2 9 24 5 6 10 -9 -10 -11 11 -13 -14 -15 15 -17 -18 -19 19 21 -22 22 23 -25 -26 -27 29 28 -30 -31
leaf_value=-0.022512521652786908 -0.0079442464095628371 0.011849955875061238 -0.0083962760714835372 0.046250874227457606 0.029722829460358351 0.030489484129420756 0.010483922436248171 -0.0014711016631034923 -0.029914304249247622 -0.03956557928334728 0.028301025937009925 -0.018603869420572045 -0.011995584312018649 0.019491588510711436 0.00099218864829922308 -0.029422340282566413 -0.018709966858071379 0.0074434403912761026 0.022823414792668865 -0.022655046722283644 -0.036782882016120656 -0.017147203964820265 0.0067706408318903505 -0.011868057927670074 0.015708056134442441 -0.035442693125928376 -0.028601409607111723 -0.015477720346798408 0.020773702102962838 0.005900107403299262
leaf_weight=6.2858118116855612 6.4461837410926801 5.7621730566024807 4.8777478635311153 4.768409311771399 14.589674487710001 6.0681581050157538 22.937641143798832 6.7593723982572547 4.7984031289815894 11.212288588285444 17.848986327648163 7.8830998241901389 8.236915394663809 8.5185821056365949 17.260055691003799 15.487996339797972 8.9577024877071363 16.376935347914696 8.3290664404630643 5.2958313524723044 4.8242069929838181 8.7343509644269925 35.490010201931 12.873861670494078 10.632601618766783 4.7722350955009452 5.0612084120511991 4.8277560919523221 4.9427720308303833 5.3323152363300323
leaf_count=26 27 24 21 20 65 26 97 29 21 54 77 34 34 36 72 64 38 71 36 22 21 36 149 54 44 20 21 20 21 22
internal_value=0 -0.00696805 -0.0190504 -0.00185201 0.0022062 0.0052387 0.00283192 0.0198464 -0.00338842 -0.0301165 0.00147305 0.00757921 0.01244 -0.00272886 -0.00565703 -0.0133922 0.00228491 0.0183208 -0.0017356 0.00011104 -0.0202884 -0.00292087 -0.00109053 0.00180925 0.00329919 -0.00114249 0.0054228 0.017092 0.00286136 -0.0109007
internal_weight=0 73.4599 21.8522 51.6077 232.732 150.925 129.576 21.349 81.8073 16.09 123.508 50.3459 42.4628 73.162 64.6434 32.7481 31.8953 34.2259 77.0089 70.7231 11.2704 62.3941 57.0982 48.3639 40.3373 29.7047 24.9325 14.5389 9.77053 10.3935
internal_count=1302 315 99 216 987 643 549 94 344 75 523 216 182 307 271 136 135 148 323 297 48 261 239 203 168 124 104 61 41 43
is_linear=0
shrinkage=0.03


Tree=33
num_leaves=31
num_cat=0
split_feature=18 15 0 10 10 14 15 9 22 15 18 11 6 5 4 13 15 25 13 23 12 10 6 5 6 25 10 10 5 26
split_gain=5.01515 4.73449 5.35103 4.84015 6.97921 4.69456 4.54273 4.71759 4.67971 9.17763 4.21865 7.33919 5.44606 4.5523 7.61299 6.61364 4.05617 5.03957 4.01939 5.36029 4.03979 3.77211 3.74743 3.20608 2.58114 2.5371 2.83183 2.13194 2.09008 3.2502
threshold=-0.052931193152289939 4.8717721419334936e-05 459.36000000000007 0.0067698850680695264 0.0038791334614920463 0.31676662933790611 8.6177185122609338e-05 1.9152348970009967 62.609790772436675 0.001272396052993953 0.10489923242641654 -0.0067515083994033045 39703.088801355181 5961.5266534148222 11444085.500000002 0.0026730866287305592 -0.00010940875399689382 -0.53724917449289677 0.0031621805438704635 -1.6702415086352287 0.013743441152297422 -0.0045835988755433812 4167.9569419015925 12701.435272864368 174.247662933388 -0.41891102633202676 -9.0698118563603533e-05 0.00010837533399343792 1686.5076074572946 2.3614285714285681
decision_type=2 2 2 2 2 2 2 2 2 2 2 2 2 2 2 2 2 2 2 2 2 2 2 2 2 2 2 2 2 2
left_child=5 3 -3 4 10 -1 22 8 25 -10 11 21 16 15 -15 -13 -12 -18 20 -20 27 -2 -4 -6 28 -8 -27 -7 -21 -30
right_child=1 2 6 -5 23 18 7 -9 9 -11 12 13 -14 14 -16 -17 17 -19 19 24 -22 -23 -24 -25 -26 26 -28 -29 29 -31
leaf_value=0.038725663243593215 0.0056663186800358142 0.01914397213939182 -0.04668686887350209 -0.026870825627882244 0.0097626074598512157 -0.00017384269265150669 0.0044452551713516919 -0.031630833205931456 0.039053290628623095 -0.018885756107030163 -0.043258245085517469 0.0018048987790285542 0.015184762422887303 0.021860082681116982 -0.016229919285566149 -0.013512360050715676 -0.029419154962451597 0.0031386373903573199 -0.014124223125258425 0.002100938907268925 0.013050167533196991 0.041031320141143142 -0.011721485908021157 0.04092393128847114 0.037577193656165062 -0.038610502140837159 -0.006134630384846889 -0.02527083232123796 0.038435518243886399 0.0082596845770567199
leaf_weight=4.1637672781944266 4.945534273982048 4.9258676320314398 5.9147508889436704 5.7900901287794104 7.0153161734342557 5.0907489210367221 4.9898026138544074 6.0867929011583319 5.6203167140483838 4.3765808194875717 4.5608222186565461 85.717933386564255 5.5507976710796347 17.49226708710194 6.4690434783697119 36.035455033183098 7.7550266385078492 9.5456615835428185 5.7751813083887091 8.8518497049808555 7.1179860085248938 6.0169242769479734 5.1699535846710205 5.1552281677722931 4.8371508270502082 4.6939861476421347 4.9805216342210832 7.5854535400867462 5.5430851578712446 7.6402305364608765
leaf_count=20 22 21 25 24 29 22 21 28 23 20 22 357 23 73 27 149 33 40 25 39 31 26 22 22 23 21 22 32 27 33
internal_value=0 -0.00182862 -0.0104311 0.000162176 0.000959708 0.00806479 -0.0139136 -0.00797786 -0.00213992 0.0136879 -0.00049491 0.0014047 -0.0113523 -0.000376225 0.0115766 -0.00272856 -0.0180902 -0.0114554 0.00563037 0.0120974 -0.00503606 0.025077 -0.0303789 0.022962 0.0177328 -0.01293 -0.0218916 -0.0151919 0.0133765 0.0209475
internal_weight=0 248.809 46.7586 202.05 196.26 56.6055 41.8327 30.748 24.6612 9.9969 184.089 156.677 27.4123 145.715 23.9613 121.753 21.8615 17.3007 52.4417 32.6475 19.7942 10.9625 11.0847 12.1705 26.8723 14.6643 9.67451 12.6762 22.0352 13.1833
internal_count=1302 1050 203 847 823 252 182 135 107 43 772 654 118 606 100 506 95 73 232 147 85 48 47 51 122 64 43 54 99 60
is_linear=0
shrinkage=0.03


Tree=34
num_leaves=31
num_cat=0
split_feature=18 13 26 4 15 14 15 18 15 11 24 12 12 28 10 6 13 26 28 5 12 13 24 16 11 1 9 10 24 27
split_gain=4.76196 6.64556 4.40609 4.11563 3.89777 4.66539 4.58013 4.92432 5.41477 5.21017 3.58613 7.49124 9.38632 7.80421 8.48581 6.19407 6.47617 4.5653 6.4727 6.07578 5.04773 4.35966 3.84257 3.37181 3.51068 3.9196 2.78261 2.6356 2.7535 2.35544
threshold=-0.0046220234074502145 0.010722093907637177 1.4646428571428529 505710.50000000006 4.8717721419334936e-05 0.07942722437433207 3.3279809324197528e-05 1.0000000180025095e-35 -0.00010940875399689382 -0.0015919852950077027 -0.24473866967651409 1.0000000180025095e-35 0.013956374197893086 0.95837547093312014 0.00064465161363291845 11299.352084364868 0.0052946184980776642 1.6632142857142795 0.88342618859742106 2675.2229629237258 0.012396246463269091 0.00042411439614781227 -0.7692294828271814 1.0000000180025095e-35 0.0015151224112491815 463.01500000000004 0.73239025289073656 0.00053419239592122924 1.0468859670135482 0.0028105829590117388
decision_type=2 2 2 2 2 2 2 2 2 2 2 2 2 2 2 2 2 2 2 2 2 2 2 2 2 2 2 2 2 2
left_child=2 3 23 29 5 -5 7 9 -9 -7 11 21 13 -13 -15 16 17 -12 19 -19 -20 -4 26 -1 -25 -26 -23 -18 -29 -2
right_child=1 -3 10 4 -6 6 -8 8 -10 -11 15 12 -14 14 -16 -17 27 18 20 -21 -22 22 -24 24 25 -27 -28 28 -30 -31
leaf_value=0.010505898664829979 0.0030078528882078559 -0.032504096775156505 0.036492404159563244 0.021685790949089047 -0.015092783804028427 -0.00080204296544252919 0.021104414133303117 -0.019612405500012583 0.00052372544739333273 -0.043113709662963545 0.022187714467860806 -0.048285662616503425 0.020590978633548529 0.020186363482572734 -0.027507927252858305 0.041946556361153159 0.042632405812485383 -0.043071268987844573 -0.0026299987388469187 0.0025688603918629684 0.030157794454774303 0.0309689816077592 -0.016050457422780846 -0.030025501907381919 0.017643384160826416 -0.018510064006460263 0.0043383411772371068 0.027601548259447578 -0.001247877250706259 0.030630839216410449
leaf_weight=6.9702405184507397 6.2660682797431928 6.8047521114349356 5.2963097840547588 7.3570487946271887 22.368119701743126 4.7988881766796112 6.70986384153366 14.014721363782881 84.404529795050621 5.7667034417390806 7.9300865083932868 6.2860302925109925 6.6312267184257498 5.6814149022102347 8.2076895236968976 5.4474445283412924 4.8105698972940472 5.800065293908121 15.585833340883257 4.7956650704145432 5.797851786017417 5.3851461261510893 5.3000113070011112 7.3732267469167736 4.6570599824190122 6.4186954945325851 10.257709190249441 7.7562214583158475 4.8327442407608032 4.9913212060928345
leaf_count=30 26 30 25 31 100 20 28 62 351 24 34 27 29 25 36 23 20 24 66 20 25 24 22 31 20 27 45 36 20 21
internal_value=0 -0.00348065 0.00404021 -0.00222011 -0.00357294 -0.00147888 -0.00295193 -0.00443301 -0.00234362 -0.0238958 0.0065229 0.000780656 -0.0103733 -0.0205508 -0.00799831 0.0113766 0.00847079 0.00181193 -0.00324074 -0.0224144 0.0062599 0.0121757 0.00602622 -0.0072701 -0.0139861 -0.0033085 0.0135061 0.0237443 0.0165266 0.0152554
internal_weight=0 163.482 141.221 156.677 145.42 123.052 115.695 108.985 98.4193 10.5656 115.802 53.0455 26.8064 20.1751 13.8891 62.7565 57.309 39.9095 31.9794 10.5957 21.3837 26.2392 20.9429 25.4192 18.449 11.0758 15.6429 17.3995 12.589 11.2574
internal_count=1302 693 609 663 616 516 485 457 413 44 501 233 117 88 61 268 245 169 135 44 91 116 91 108 78 47 69 76 56 47
is_linear=0
shrinkage=0.03


Tree=35
num_leaves=31
num_cat=0
split_feature=18 9 7 28 2 4 14 9 25 27 26 11 14 18 5 4 7 12 5 15 17 4 1 21 3 18 14 12 12 28
split_gain=4.66738 4.57095 7.9386 5.18937 5.74002 5.19385 5.00877 4.90003 7.66305 4.43535 4.05204 4.30008 6.21125 3.31824 5.06588 7.43689 4.0953 4.29967 3.9871 3.95257 4.47047 3.74519 4.18434 3.66413 7.19822 3.44136 7.40754 2.80024 5.48773 2.5601
threshold=0.042386829971569846 1.2044516112090069 -10518.052125347751 0.95916219292531024 659.69500000000016 7657247.5000000009 0.64909098230866169 0.69510159925024062 -0.50834659021779649 0.0048496639090815667 1.1278571428571447 -0.0055218680352582252 0.29661184409772451 -0.052931193152289939 5961.5266534148222 16586793.000000002 4043.0390293406754 -0.0081440578132775925 1941.0187268090642 1.5114987287192063e-05 17.289999961853031 3635090.5000000005 465.87500000000006 -0.33519857079054854 663.78000000000009 -0.10434422296492717 0.94279838670254279 -0.00020590307659329452 0.012599444713009113 0.92634630897135761
decision_type=2 2 2 2 2 2 2 2 2 2 2 2 2 2 2 2 2 2 2 2 2 2 2 2 2 2 2 2 2 2
left_child=10 3 9 5 7 6 29 -5 -9 -3 -1 12 -12 19 16 23 17 -15 -19 21 -21 22 -13 -16 -25 -23 -27 -22 -29 -2
right_child=1 2 -4 4 -6 -7 -8 8 -10 -11 11 13 -14 14 15 -17 -18 18 -20 20 27 25 -24 24 -26 26 -28 28 -30 -31
leaf_value=-0.020617150594442454 0.04403601005587001 -0.021034166136996851 -0.036028126705287045 -0.02086008580040398 -0.040467407931524535 -0.01613053705694991 -0.0064856484261973006 -0.023827129658292954 0.023241941777500323 0.01818890252533048 0.035553729013453446 -0.0066435447493294435 -0.0019533801012979568 -0.023480491148872563 0.03033310837990524 -0.022745164962435161 -0.025364905041646898 -0.0027383693423683551 0.014001649816547779 0.039204536037842935 0.0291021166190202 -0.020207435849923926 0.03006536942806623 -0.018501361740711746 0.023114344096118945 0.032961241071503292 -0.015272573856310943 -0.017069127993250714 0.026650076540806904 0.015879308334178045
leaf_weight=6.8624510020017615 5.0646820664405876 4.7355919331312197 11.00769057869911 9.5259583592414909 4.7555123567581168 5.6997859030961981 5.6236183345317832 4.7367693781852749 9.0806935876607842 5.7394032925367355 8.3964251875877363 4.7159725129604322 7.5439437180757514 7.8141559213399878 10.480864629149441 5.1839743107557288 7.1640434414148322 93.086020737886429 14.847740933299063 6.3273350447416332 4.4767287373542812 8.9607997536659223 6.8595521003007889 5.9868169277906427 9.9705203771591169 4.8436698466539401 7.016853541135788 6.3084150105714745 4.3767465204000473 6.81950643658638
leaf_count=29 22 21 54 40 20 24 23 20 38 24 39 20 32 33 44 22 30 388 62 31 21 38 30 25 42 23 30 28 20 29
internal_value=0 -0.00662 -0.018238 -0.00175538 -0.0104262 0.008743 0.0168408 -0.00430627 0.00710618 0.000456728 0.00209072 0.00278528 0.0178031 0.00163669 -0.000598586 0.0101101 -0.00335367 -0.00199132 -0.000435555 0.008047 0.0180232 0.00142969 0.0151098 0.0165524 0.00750111 -0.00617573 0.00442543 0.0091838 0.000838685 0.0278788
internal_weight=0 72.7892 21.4827 51.3065 28.0989 23.2076 17.5078 23.3434 13.8175 10.475 231.223 224.361 15.9404 208.42 154.534 31.6222 122.912 115.748 107.934 53.8861 21.4892 32.3968 11.5755 26.4382 15.9573 20.8213 11.8605 15.1619 10.6852 11.8842
internal_count=1302 315 99 216 118 98 74 98 58 45 987 958 71 887 646 133 513 483 450 241 100 141 50 111 67 91 53 69 48 51
is_linear=0
shrinkage=0.03


Tree=36
num_leaves=25
num_cat=0
split_feature=14 18 13 15 22 25 25 18 15 6 12 26 5 15 4 22 12 17 0 11 16 25 6 15
split_gain=4.57986 5.92035 4.78987 4.48778 4.58988 5.41703 4.4551 4.17441 5.93019 4.85417 4.88252 4.37184 5.89061 3.79848 5.14179 3.73265 7.18807 3.76926 3.69269 2.75892 2.58204 3.9053 2.33184 1.84616
threshold=0.028340289463551754 0.10489923242641654 -0.016186304620410649 -8.7327300468716489e-05 27.40817136232425 -0.051993471146239 -0.53724917449289677 -0.052931193152289939 4.8717721419334936e-05 1162.5615022255238 0.013743441152297422 3.9185714285714219 1.0000000180025095e-35 8.6177185122609338e-05 493484.50000000006 33.494393333001391 -0.0081440578132775925 16.634999275207523 610.99500000000012 -0.00069297599685425027 1.0000000180025095e-35 -0.49799027006098656 862.49513492248514 1.6532072562392723e-05
decision_type=2 2 2 2 2 2 2 2 2 2 2 2 2 2 2 2 2 2 2 2 2 2 2 2
left_child=-1 2 -2 -3 -5 6 -6 9 15 10 11 12 -4 22 -15 20 -17 -18 -12 -16 -9 -22 -10 -11
right_child=1 3 7 4 5 -7 -8 8 13 23 18 -13 -14 14 19 16 17 -19 -20 -21 21 -23 -24 -25
leaf_value=0.029542132656517773 0.022627429420976401 -0.035968182187222184 -0.023498196643042039 -0.031927623180188811 -0.013766587094454325 -0.025399751161825544 0.022179702304771565 -0.0041126773356406163 -0.042601112768065032 0.015576773912863294 0.042003007351255374 -0.024731442985313816 0.010278342339892216 0.021859095452564432 -0.025978609681610119 -0.026286559281301223 0.0047168893296108214 -0.005592869317520963 0.0063582597438147925 -0.0046799253750835455 0.0076120112677758563 0.039512158458837661 -0.014302939991638784 0.042644444713597227
leaf_weight=4.6521788239479056 8.8894673734903318 6.10168628394604 5.9028069674968746 5.3056698888540295 4.7495810836553636 5.5562744140624956 8.951261490583418 5.9171223044395456 4.956050440669058 5.1474646031856519 4.4772288650274259 6.2222125381231299 21.842741385102272 4.7755639702081707 8.4839414507150668 9.4197294414043409 84.31551006436348 51.354403808712959 6.2913438826799393 15.42629837989807 9.4117278307676315 5.456237018108367 5.5618184804916382 4.0538168698549271
leaf_count=20 38 29 26 23 20 26 38 26 21 24 20 26 100 20 37 39 351 214 27 68 41 24 24 20
internal_value=0 -0.000454779 0.00097444 -0.0129414 -0.00722127 -0.000414247 0.00971844 0.000231307 -0.00172187 0.00765756 0.00357599 -0.00200433 0.00309245 -0.0122154 -0.00656093 0.000758228 -0.000945097 0.000814392 0.0211782 -0.0122372 0.0126482 0.0193187 -0.0276371 0.027502
internal_weight=0 298.57 267.905 30.6645 24.5628 19.2571 13.7008 259.016 205.078 53.9376 44.7363 33.9678 27.7455 39.2037 28.6858 165.875 145.09 135.67 10.7686 23.9102 20.7851 14.868 10.5179 9.20128
internal_count=1302 1282 1146 136 107 84 58 1108 865 243 199 152 126 170 125 695 604 565 47 105 91 65 45 44
is_linear=0
shrinkage=0.03


Tree=37
num_leaves=23
num_cat=0
split_feature=14 18 13 15 22 25 25 18 15 6 15 4 22 12 17 23 12 9 26 10 11 6
split_gain=4.32656 5.60028 4.51955 4.30435 4.3437 5.12144 4.19966 3.94369 5.59661 4.65873 3.59698 4.85068 3.52224 6.77538 3.54789 3.51815 4.91201 5.81943 2.73314 2.47455 3.49027 2.21911
threshold=0.028340289463551754 0.10489923242641654 -0.016186304620410649 -8.7327300468716489e-05 27.40817136232425 -0.051993471146239 -0.53724917449289677 -0.052931193152289939 4.8717721419334936e-05 2578.5154629268086 8.6177185122609338e-05 493484.50000000006 33.494393333001391 -0.0081440578132775925 16.634999275207523 1.5261682796885341 0.013743441152297422 0.50006020998520628 1.5210714285714217 0.00010837533399343792 -0.0038749868533942129 862.49513492248514
decision_type=2 2 2 2 2 2 2 2 2 2 2 2 2 2 2 2 2 2 2 2 2 2
left_child=-1 2 -2 -3 -5 6 -6 9 12 15 21 -12 19 -14 -15 16 17 -4 -13 20 -9 -10
right_child=1 3 7 4 5 -7 -8 8 10 -11 11 18 13 14 -16 -17 -18 -19 -20 -21 -22 -23
leaf_value=0.028770683814823353 0.022009315642980663 -0.035331818751382998 -0.02479829405498921 -0.031130794691671869 -0.013368962914392673 -0.024781919715386073 0.021556054576723042 0.019269336580355796 -0.04158007670267444 0.030291813822633296 0.021274389288632175 -0.024846045531021696 -0.025542855892429533 0.0045775864696585749 -0.0054266058467282875 -0.014444039864940032 0.02910280547351585 0.0085693408835969577 -0.0039355963231361129 0.028034535300397526 -0.010279785914277825 -0.013912120447976076
leaf_weight=4.6338908970355979 8.8653150200843793 6.0263810753822353 5.7694369256496456 5.2786408215761211 4.7442013025283876 5.5244390964508012 8.9341860562562925 7.7057790756225595 4.9258723706006986 6.9959583431482306 4.7598509043455151 9.0820889621973055 9.4034179598093015 84.275535255670547 51.340211927890778 7.732307717204093 7.7403836548328391 25.474119901657104 14.782366186380385 6.2751633226871482 6.7480493634939203 5.5467505156993866
leaf_count=20 38 29 26 23 20 26 38 35 21 34 20 41 39 351 214 32 35 116 64 28 28 24
internal_value=0 -0.000441989 0.000947245 -0.0126196 -0.00702873 -0.00040335 0.00944269 0.000225077 -0.00167214 0.00746061 -0.0118821 -0.00637809 0.000736197 -0.000917221 0.000790288 0.00404153 0.00770807 0.00240767 -0.0118935 0.0123034 0.00547376 -0.0269259
internal_weight=0 297.93 267.423 30.5078 24.4815 19.2028 13.6784 258.557 204.845 53.7122 39.0969 28.6243 165.748 145.019 135.616 46.7162 38.9839 31.2436 23.8645 20.729 14.4538 10.4726
internal_count=1302 1282 1146 136 107 84 58 1108 865 243 170 125 695 604 565 209 177 142 105 91 63 45
is_linear=0
shrinkage=0.03


Tree=38
num_leaves=13
num_cat=0
split_feature=18 25 5 7 28 4 10 22 27 3 27 15
split_gain=4.21068 4.40077 6.03969 4.23 3.29274 3.08713 5.23274 5.42619 3.46605 4.86748 4.50493 2.53647
threshold=0.27228990630495647 -1.0548220323026209 74055.47431406258 42737.600797747473 0.57569669397362899 15855291.000000002 0.0011292558396058807 39.159249232043791 0.001904503616376698 659.92500000000007 0.0020375156461385686 -4.7897191955909134e-05
decision_type=2 2 2 2 2 2 2 2 2 2 2 2
left_child=1 11 3 4 -3 8 7 -7 9 -6 -10 -1
right_child=-2 2 -4 -5 5 6 -8 -9 10 -11 -12 -13
leaf_value=0.035159051646569781 -0.028448932328398114 -0.028747986441071707 -0.030342589324195639 0.02437203066893151 0.0046988241843283996 -0.023506414958989641 -0.038106654252636145 0.020584533963363943 0.021168373022051122 -0.036661562443251576 0.00077656207613539547 0.0074222553701549943
leaf_weight=4.7179782688617706 4.6091318577527991 3.602343723177909 5.9074114859104148 6.4244306981563559 5.0718311816453916 4.8333148658275586 5.0125267207622519 5.2308260649442673 10.175859540700911 5.1723897755146027 233.16225616633892 7.9965911209583265
leaf_count=22 21 15 27 29 22 21 22 22 44 22 1000 35
internal_value=0 0.00044643 -0.000325044 0.00031125 -0.000256501 0.00012553 -0.0130633 -0.000590193 0.000909666 -0.0161844 0.0016293 0.0177145
internal_weight=0 297.308 284.593 278.686 272.261 268.659 15.0767 10.0641 253.582 10.2442 243.338 12.7146
internal_count=1302 1281 1224 1197 1168 1153 65 43 1088 44 1044 57
is_linear=0
shrinkage=0.03


Tree=39
num_leaves=16
num_cat=0
split_feature=14 18 13 15 22 25 25 12 10 10 18 5 28 10 28
split_gain=4.10311 5.27951 4.21621 4.15921 4.06868 4.84588 3.97066 3.76843 5.01859 3.25463 3.10833 3.81196 5.04228 3.43489 3.33953
threshold=0.028340289463551754 0.10489923242641654 -0.016186304620410649 -8.7327300468716489e-05 27.40817136232425 -0.051993471146239 -0.53724917449289677 0.016165777467194168 0.0023886421365945103 0.0077044889795481195 0.07359041002151169 22851.467493678825 1.04346632213277 -0.0013609491567976304 0.68334933903701744
decision_type=2 2 2 2 2 2 2 2 2 2 2 2 2 2 2
left_child=-1 2 -2 -3 -5 6 -6 9 -9 10 11 14 -13 -12 -4
right_child=1 3 7 4 5 -7 -8 8 -10 -11 13 12 -14 -15 -16
leaf_value=0.028130580680504631 0.021301504391150777 -0.034793126891270773 -0.013939243898327878 -0.030244684342357449 -0.013007499099412951 -0.024205718060776666 0.020978500502531361 -0.0080033063897040294 0.031134430561969691 -0.018862629034436366 0.0022833458323976694 0.035586444191777207 0.00010117594947735597 -0.032935129250748596 0.00078835181753129555
leaf_weight=4.5971435755491248 8.8305945694446546 5.9445573836565044 14.90310178697109 5.2337700724601772 4.7398238629102769 5.4868749827146486 8.9095376729965192 4.7535140663385373 7.7663716077804565 8.4779659956693632 4.720067635178566 6.3902640938758841 8.2652309238910657 5.2809178829193097 197.38235086202621
leaf_count=20 38 29 63 23 20 26 38 20 34 37 20 28 36 23 847
internal_value=0 -0.000430093 0.000918046 -0.0122938 -0.00680558 -0.000394971 0.00917666 0.000220217 0.0162747 -0.000598791 5.47038e-05 0.000776025 0.0155739 -0.0163134 -0.000245571
internal_weight=0 297.085 266.77 30.3146 24.37 19.1362 13.6494 257.94 12.5199 245.42 236.942 226.941 14.6555 10.001 212.285
internal_count=1302 1282 1146 136 107 84 58 1108 54 1054 1017 974 64 43 910
is_linear=0
shrinkage=0.03


Tree=40
num_leaves=17
num_cat=0
split_feature=14 18 25 5 5 15 22 14 28 12 26 6 6 26 25 14
split_gain=4.27757 4.84958 4.42387 4.60935 6.29073 4.10766 5.01136 5.0746 3.08266 5.23506 3.7532 3.02664 7.48084 4.97314 2.75199 1.13417
threshold=0.023499165991570658 0.10489923242641654 -1.0548220323026209 74055.47431406258 45391.422316385178 -8.7327300468716489e-05 27.40817136232425 0.51941388734394034 0.67738296862158809 0.0071439878153461986 1.7599999999999991 36188.651022877872 16663.053837959513 3.4174999999999942 -0.53724917449289677 0.32026572744991122
decision_type=2 2 2 2 2 2 2 2 2 2 2 2 2 2 2 2
left_child=-1 2 -2 4 8 -3 -7 14 9 10 -4 12 -10 -13 -8 -16
right_child=1 5 3 -5 -6 6 7 -9 11 -11 -12 13 -14 -15 15 -17
leaf_value=0.033495824810071781 0.022370160025640583 -0.034194954822870903 -0.043615459274491133 -0.027993380257942523 0.03527520402515559 -0.031145504741627392 -0.0096718187586793819 -0.028890435164840265 0.00055937618552193331 0.011880853228690995 -0.0066698120078544972 -0.032651272065823855 0.026788488908496822 0.0072038384741818437 0.0069060292536661351 0.0266587757484485
leaf_weight=3.3936412930488578 8.3892796635627729 5.8682493120431927 5.1062013506889325 5.1035359352827063 4.6764011383056632 5.6765770465135601 4.972084313631064 4.0804377645254126 212.13662777841091 5.0253765136003485 4.8018382489681244 6.0627684295177442 10.25977401435375 5.2645533531904221 4.9161190092563576 5.5920439660549164
leaf_count=15 38 29 22 23 20 25 21 20 908 21 20 26 45 24 21 24
internal_value=0 -0.000376599 0.000930232 0.000234257 0.000802918 -0.0115867 -0.00632979 0.000871809 0.00015461 -0.01306 -0.0257101 0.00099894 0.0017694 -0.014128 0.00871684 0.0174177
internal_weight=0 297.932 266.826 258.437 253.334 31.1055 25.2373 19.5607 248.657 14.9334 9.90804 233.724 222.396 11.3273 15.4802 10.5082
internal_count=1302 1287 1147 1109 1086 140 111 86 1066 63 42 1003 953 50 66 45
is_linear=0
shrinkage=0.03


Tree=41
num_leaves=18
num_cat=0
split_feature=14 18 25 5 5 15 22 14 18 4 12 17 24 11 25 27 14
split_gain=4.05403 4.5879 4.18068 4.35633 5.95126 3.94192 4.7488 4.80517 2.93555 4.80038 4.37071 3.53602 2.76577 2.69336 2.59358 2.51792 1.07353
threshold=0.023499165991570658 0.10489923242641654 -1.0548220323026209 74055.47431406258 45391.422316385178 -8.7327300468716489e-05 27.40817136232425 0.51941388734394034 -0.052931193152289939 13485834.000000002 -0.00020590307659329452 16.634999275207523 1.4749256548993117 0.005359724047955817 -0.53724917449289677 0.0049500420563872117 0.32026572744991122
decision_type=2 2 2 2 2 2 2 2 2 2 2 2 2 2 2 2 2
left_child=-1 2 -2 4 8 -3 -7 14 10 11 15 -10 -11 -12 -8 -4 -16
right_child=1 5 3 -5 -6 6 7 -9 9 12 13 -13 -14 -15 16 -17 -18
leaf_value=0.032725366899116114 0.02178871249360765 -0.033614789827732326 0.04257322932464145 -0.027277164045291187 0.034396425133594533 -0.030405705399899501 -0.0093893322358491599 -0.02824657999556866 0.0035631731742731027 -0.025073413137536266 -0.0062459444461209299 -0.004913638607262993 0.0005017311693111191 0.0092372914168747135 0.0067007123828531365 0.011101122665264446 0.025932013835710779
leaf_weight=3.3696961551904669 8.3552790582180005 5.7916101962327984 4.1588129550218564 5.0807604640722266 4.6523638963699332 5.640797138214114 4.96808490157128 4.0487284809350959 103.82687878608704 11.53044529259205 18.053184747695923 77.23357281088829 5.6804066449403754 22.985331669449806 4.9147718399763054 5.0856355130672455 5.5765368938446045
leaf_count=15 38 29 21 23 20 25 21 20 435 49 79 328 25 105 21 24 24
internal_value=0 -0.000365964 0.000902923 0.000227293 0.000779189 -0.0113011 -0.00616245 0.000847522 0.000149951 -0.00149191 0.00662398 -5.27156e-05 -0.0166324 0.00242609 0.0084671 0.0252595 0.0169229
internal_weight=0 297.583 266.643 258.287 253.207 30.9405 25.1489 19.5081 248.554 198.271 50.283 181.06 17.2109 41.0385 15.4594 9.24445 10.4913
internal_count=1302 1287 1147 1109 1086 140 111 86 1066 837 229 763 74 184 66 45 45
is_linear=0
shrinkage=0.03


Tree=42
num_leaves=17
num_cat=0
split_feature=14 18 25 5 5 15 22 14 28 12 26 10 6 28 25 14
split_gain=3.84327 4.3411 3.95098 4.11799 5.63226 3.78365 4.50117 4.55052 2.88698 4.90544 3.58843 3.16247 5.52489 5.1867 2.44456 1.01658
threshold=0.023499165991570658 0.10489923242641654 -1.0548220323026209 74055.47431406258 45391.422316385178 -8.7327300468716489e-05 27.40817136232425 0.51941388734394034 0.67738296862158809 0.0071439878153461986 1.7599999999999991 -0.0027741641470874763 36188.651022877872 1.1419577537221475 -0.53724917449289677 0.32026572744991122
decision_type=2 2 2 2 2 2 2 2 2 2 2 2 2 2 2 2
left_child=-1 2 -2 4 8 -3 -7 14 9 10 -4 13 -13 -10 -8 -16
right_child=1 5 3 -5 -6 6 7 -9 11 -11 -12 12 -14 -15 15 -17
leaf_value=0.031982082315549866 0.021223958475247395 -0.033051361384541192 -0.042551252785969627 -0.026583549142437806 0.033552770606062501 -0.029690402570875723 -0.0091152356223277095 -0.027619694927615214 0.00092255853445150592 0.011478089701358952 -0.0063491237733089949 0.00044092447369255955 -0.032339023990524962 0.028217980286900042 0.0065015691886929671 0.025230387541380746
leaf_weight=3.3449462950229636 8.3208063095808011 5.7147981226444271 5.0685092806816083 5.0572853982448569 4.6266527920961371 5.6039559692144421 4.9640142768621507 4.0168902575969687 17.815530419349674 5.0199018865823737 4.7958977371454239 201.25098298490047 4.7364456653594962 9.6642486453056318 4.9133732914924568 5.5599174201488495
leaf_count=15 38 29 22 23 20 25 21 20 77 21 20 863 21 42 21 24
internal_value=0 -0.000355519 0.000877023 0.0002209 0.000756748 -0.0110238 -0.00600019 0.00082399 0.000145776 -0.0126645 -0.0249504 0.000962473 -0.000312813 0.010522 0.00822523 0.0164441
internal_weight=0 297.129 266.356 258.035 252.978 30.7729 25.0582 19.4542 248.352 14.8843 9.86441 233.467 205.987 27.4798 15.4373 10.4733
internal_count=1302 1287 1147 1109 1086 140 111 86 1066 63 42 1003 884 119 66 45
is_linear=0
shrinkage=0.03


Tree=43
num_leaves=18
num_cat=0
split_feature=14 18 13 15 22 14 12 10 10 12 11 23 23 6 28 25 14
split_gain=3.64448 4.10775 3.85636 3.63239 4.26746 4.30974 3.5117 4.77707 3.0093 2.60077 6.16673 4.32547 3.65225 6.4073 3.85117 2.30434 0.963047
threshold=0.023499165991570658 0.10489923242641654 -0.016186304620410649 -8.7327300468716489e-05 27.40817136232425 0.51941388734394034 0.016165777467194168 0.0023886421365945103 0.0077044889795481195 0.010934928543608892 0.007583483277829429 1.60090451977257 2.4330568794422338 971.34563315201751 0.67738296862158809 -0.53724917449289677 0.32026572744991122
decision_type=2 2 2 2 2 2 2 2 2 2 2 2 2 2 2 2 2
left_child=-1 2 -2 -3 -5 15 8 -8 9 12 11 -11 14 -14 -4 -6 -17
right_child=1 3 6 4 5 -7 7 -9 -10 10 -12 -13 13 -15 -16 16 -18
leaf_value=0.03126405874552661 0.020422573663114903 -0.032503505446396595 -0.019189596518614193 -0.028997984596336263 -0.0088492514558461289 -0.027008887090473492 -0.0079497564876628256 0.030277417815813855 -0.018232257725930633 -0.00034283688828462924 0.013009413739135708 -0.033581948271686805 0.0013890182926639858 0.040248784227075368 0.00079610857666437924 0.0063084033595982728 0.024552386725019713
leaf_weight=3.3195020109415045 8.7628231048583967 5.6379578709602383 9.097187861800192 5.566210180521014 4.9598859101533952 3.9849880188703528 4.7532448917627317 7.7214684635400772 8.4175589829683286 5.7241593450307873 7.2027820646762839 9.1651663035154325 11.51319742202759 5.7139130383729926 188.1055172085762 4.9119301885366387 5.5423157066106796
leaf_count=15 38 29 39 25 21 20 20 34 37 25 32 38 48 24 812 21 24
internal_value=0 -0.000345455 0.000851297 -0.0107544 -0.00584277 0.000801178 0.000185057 0.0157117 -0.000605711 2.15985e-05 -0.00977918 -0.0208033 0.00103135 0.0142781 -0.000125855 0.00799086 0.0159804
internal_weight=0 296.78 266.177 30.6033 24.9653 19.3991 257.414 12.4747 244.939 236.522 22.0921 14.8893 214.43 17.2271 197.203 15.4141 10.4542
internal_count=1302 1287 1147 140 111 86 1109 54 1055 1018 95 63 923 72 851 66 45
is_linear=0
shrinkage=0.03


Tree=44
num_leaves=29
num_cat=0
split_feature=14 18 9 7 24 26 11 17 12 6 12 0 22 15 22 12 18 4 14 27 27 28 24 5 4 4 10 9
split_gain=3.45679 3.92326 5.15702 6.86145 4.86308 3.51091 2.89577 3.21951 5.97892 8.85501 13.5475 7.53167 5.78604 5.18382 11.9577 6.03781 4.30076 4.6228 2.89254 2.7744 2.53498 5.61407 4.02102 3.86325 5.31098 3.11643 2.29945 0.928945
threshold=0.023499165991570658 0.042386829971569846 1.2044516112090069 -10518.052125347751 -1.472289777315271 1.1278571428571447 -0.0074960725816500253 16.634999275207523 0.013101624152918713 2946.6737862789782 -0.00077286680111721118 605.21500000000015 40.817539364992136 -3.4295224840539039e-05 58.386871911160689 0.0072550328315199595 -0.049931475036830146 15006764.000000002 0.9633918089740624 0.0048496639090815667 0.0047626575102404029 1.0046524514057451 -0.26382056531984754 351.41342284532249 4444619.0000000009 3844323.5000000005 -0.00021795678511932201 1.687423526389275
decision_type=2 2 2 2 2 2 2 2 2 2 2 2 2 2 2 2 2 2 2 2 2 2 2 2 2 2 2 2
left_child=-1 5 4 19 26 -2 -7 13 9 10 -9 -10 -11 14 -8 -16 18 -18 -15 -4 21 23 -22 24 -6 -25 -3 -5
right_child=1 2 3 27 20 6 7 8 11 12 -12 -13 -14 16 15 -17 17 -19 -20 -21 22 -23 -24 25 -26 -27 -28 -29
leaf_value=0.030569560787981842 -0.019667676172635557 -0.006957737421807093 -0.018134536010952579 -0.043739990344835035 0.035238825258491618 0.022913257936796442 0.028881919399453844 0.0052541872037835608 0.035615122197628357 -0.010177902833244386 -0.022246079272107869 -0.0047240508481013804 0.020296329376650581 0.034187411525425648 -0.0082392805487875257 -0.052070683921772408 0.0075459240924249773 -0.020188476989200191 0.0058419199719219727 0.014367733398516134 0.036480250346829626 -0.02472249992006138 -0.0016580083348646381 -0.025331310569827792 -0.0044627270762876764 0.0087169311464862405 -0.03472314562948902 -0.024886732921182025
leaf_weight=3.2934654951095572 6.7961587607860556 6.1127388924360275 4.5553409606218356 6.3942251801490766 6.8179509937763267 5.9253348410129538 4.9683488458395031 27.688491389155388 7.9653093516826656 8.4154404103755969 38.595770061016083 8.7324264347553235 16.804484605789185 8.6648100763559324 6.6995905488729459 4.8951089680194855 70.015154674649239 5.8617556989192954 5.1752694547176352 4.912767231464386 4.7651177793741226 6.8374283313751212 5.2065842449665052 4.6876887381076795 5.4618532508611679 5.0000327974557877 4.7865116596221906 3.7208351343870163
leaf_count=15 29 26 21 32 30 29 21 120 35 36 165 38 73 43 28 20 294 25 23 21 20 29 22 20 23 21 22 21
internal_value=0 -0.000335529 -0.00658624 -0.0196243 -0.00144638 0.00156989 0.00222474 0.0016532 -0.00198955 -0.00500202 -0.0107586 0.0145189 0.0101276 0.00536182 -0.0100583 -0.0267442 0.00820859 0.00540334 0.0235881 -0.00126991 0.00353004 -0.000983055 0.0165669 0.00640589 0.0175802 -0.00775831 -0.0191512 -0.0368048
internal_weight=0 296.463 69.2591 19.5832 49.6759 227.203 220.407 214.482 108.202 91.5042 66.2843 16.6977 25.2199 106.28 16.563 11.5947 89.717 75.8769 13.8401 9.46811 38.7767 28.805 9.9717 21.9675 12.2798 9.68772 10.8993 10.1151
internal_count=1302 1287 308 95 213 979 950 921 467 394 285 73 109 454 69 48 385 319 66 42 165 123 42 94 53 41 48 53
is_linear=0
shrinkage=0.03


Tree=45
num_leaves=31
num_cat=0
split_feature=18 14 15 3 24 28 22 15 3 5 27 28 24 27 18 28 15 13 23 9 15 12 18 9 6 7 15 23 9 26
split_gain=3.29841 4.28555 3.70056 4.49838 4.66057 4.33027 4.11108 3.56425 6.38454 4.91901 5.16276 4.18872 5.09394 5.86058 5.04554 4.49731 3.91717 3.41787 4.53567 3.10155 3.0756 3.02797 3.02758 2.72005 2.43929 2.29312 2.55904 2.18767 2.41209 1.85612
threshold=-0.052931193152289939 0.31676662933790611 4.8717721419334936e-05 461.63500000000005 1.1839069817386998 1.3882924592489456 19.199164118304136 -3.4295224840539039e-05 460.06000000000006 780.33262691572861 0.0027382884071551795 1.183707226031405 0.077250494292979172 0.0035893916664111098 -0.00093166190117571757 0.67738296862158809 -8.5945726266429122e-05 0.0031621805438704635 -1.6702415086352287 1.1922557157737754 -1.4617118540363043e-05 0.015941922496181208 -0.016370155479517808 1.5364288851873293 174.247662933388 -238.9118917373149 -1.0000000180025095e-35 -1.9392841139083428 1.5364288851873293 1.4942857142857116
decision_type=2 2 2 2 2 2 2 2 2 2 2 2 2 2 2 2 2 2 2 2 2 2 2 2 2 2 2 2 2 2
left_child=1 -1 5 -4 27 6 -2 8 -8 10 -10 12 13 -9 -13 -14 -11 21 -19 20 -7 25 -6 -24 29 -3 -27 -5 -29 -20
right_child=2 17 3 4 22 19 7 11 9 16 -12 14 15 -15 -16 -17 -18 18 24 -21 -22 -23 23 -25 -26 26 -28 28 -30 -31
leaf_value=0.036993141078024455 0.029402609547764552 0.0034978204055416406 0.010232087951778818 -0.04335780282865663 0.015734339378450042 -0.006764060920287627 0.023055358145158106 -0.03201176103239662 -0.041295588246579744 0.020977235080440023 -0.010484923675094092 0.044107134680920042 -0.015309889302301007 -0.0015086468098716125 0.0051768395895618532 0.0078983179359637008 -0.011311829413730533 -0.013834229743191876 -0.0055684895261587349 0.0023613539245653462 -0.037579231956143745 0.01617090325515988 0.0015108269492591607 -0.026926994448435691 0.035603403693818259 -0.036469171471003911 -0.0053552291081441295 -0.010547755290509025 -0.036599489555421444 0.016066947976818208
leaf_weight=3.891584947705268 4.6963032186031333 5.4388180226087597 8.6650917530059797 4.1582952886819831 5.503165781497958 5.5579571872949609 5.8352259099483481 7.315853238105773 6.5086127519607571 6.4814349859952927 19.73878088593483 4.8009841442108154 8.3391471654176694 25.180590823292732 7.9705176651477796 76.011025682091713 7.0699621886014921 5.6926746815443066 4.5300664752721849 6.9676217734813681 6.1301657706499109 4.4405957311391822 6.8565357625484449 5.4199819564819336 4.5803162753581992 4.7611590474843979 4.7551567107439023 10.174934461712839 4.6651683002710334 16.817286118865013
leaf_count=20 22 24 37 20 23 23 25 30 27 30 87 21 35 107 34 318 31 25 21 31 26 20 29 26 23 20 21 44 24 78
internal_value=0 0.00664738 -0.00149073 -0.00921358 -0.0137951 0.000276358 0.00170268 0.000960391 -0.00625005 -0.0105468 -0.0181251 0.00349894 0.00171597 -0.00837575 0.0198113 0.00560388 0.00413156 0.00433255 0.0104141 -0.0134815 -0.0229259 -0.00558205 -0.00275574 -0.0110442 0.0157381 -0.0120411 -0.020922 -0.0241262 -0.0187374 0.0114757
internal_weight=0 54.9077 244.047 45.4432 36.7781 198.604 179.948 175.252 45.634 39.7988 26.2474 129.618 116.847 32.4964 12.7715 84.3502 13.5514 51.0161 31.6203 18.6557 11.6881 19.3957 17.7797 12.2765 25.9277 14.9551 9.51632 18.9984 14.8401 21.3474
internal_count=1302 252 1050 203 166 847 767 745 200 175 114 545 490 137 55 353 61 232 147 80 49 85 78 55 122 65 41 88 68 99
is_linear=0
shrinkage=0.03


Tree=46
num_leaves=25
num_cat=0
split_feature=14 18 13 15 22 14 18 15 6 15 4 15 13 9 18 22 12 15 11 10 6 6 25 11
split_gain=3.29488 3.73353 3.66028 3.52178 4.01218 3.96443 3.16345 4.87942 4.31043 3.40514 4.19246 3.24355 3.78328 3.7876 3.48369 3.22247 6.16743 3.2172 2.78589 2.30815 3.80128 2.19918 2.10538 0.896563
threshold=0.023499165991570658 0.10489923242641654 -0.016186304620410649 -8.7327300468716489e-05 27.40817136232425 0.51941388734394034 -0.052931193152289939 4.8717721419334936e-05 2578.5154629268086 8.6177185122609338e-05 493484.50000000006 8.6177185122609338e-05 0.0025377701692584913 0.86952105110706868 -0.10434422296492717 33.494393333001391 -0.0081440578132775925 3.2883935444775701e-05 -0.0029103269772974834 0.00010837533399343792 133.71597933167183 862.49513492248514 -0.53724917449289677 -0.008157319771811165
decision_type=2 2 2 2 2 2 2 2 2 2 2 2 2 2 2 2 2 2 2 2 2 2 2 2
left_child=-1 2 -2 -3 -5 22 8 15 11 21 -11 12 13 -4 -14 19 -17 -18 -12 20 -8 -9 -6 -24
right_child=1 3 6 4 5 -7 7 9 -10 10 18 -13 14 -15 -16 16 17 -19 -20 -21 -22 -23 23 -25
leaf_value=0.029990364903216354 0.019953181127450367 -0.031945240800662821 -5.5970886651027644e-05 -0.028104829792877879 -0.0082656402262003721 -0.026054087558055355 -0.013590618855952297 -0.040562870060611343 0.029076062928700977 0.020070416172653652 -0.032855251157493555 0.022937544546492723 -0.0061015829214295381 -0.032701971955167608 0.0161652549067802 -0.024506625338860923 -0.00066683539485450647 0.015874526567269825 -0.0060643870233556985 0.027170817827961248 0.017799532272283657 -0.012825629113490377 0.025364751125734723 0.0076235678707821455
leaf_weight=3.2617672383785239 8.6962400078773481 5.5353561788797405 8.2350467294454557 5.4816543608903912 4.9343971908092561 3.8886965215206137 5.7847506701946285 4.8622880578041059 6.7595051527023307 4.7133736908435848 4.2687622159719494 6.5698638856410971 10.865953981876372 5.2297464013099662 15.127024099230768 9.2992220968008024 123.25802765786648 11.576117634773253 19.229296430945396 6.1650132834911338 8.6846034079790098 5.4631960541009903 4.6286783665418678 5.7463036775588883
leaf_count=15 38 29 35 25 21 20 26 21 34 20 19 34 46 22 72 39 517 48 86 28 38 24 20 25
internal_value=0 -0.00032775 0.000812316 -0.0103187 -0.00546808 0.000995424 0.00016234 -0.00153666 0.0067059 -0.0111468 -0.00575177 0.00342067 0.000171037 -0.0127357 0.00685696 0.000711013 -0.00087641 0.000753315 -0.0109313 0.0117993 0.00524996 -0.0258871 0.0078662 0.0155386
internal_weight=0 295.003 264.788 30.2151 24.6797 19.1981 256.092 203.305 52.7871 38.5369 28.2114 46.0276 39.4578 13.4648 25.993 164.768 144.133 134.834 23.4981 20.6344 14.4694 10.3255 15.3094 10.375
internal_count=1302 1287 1147 140 111 86 1109 866 243 170 125 209 175 57 118 696 604 565 105 92 64 45 66 45
is_linear=0
shrinkage=0.03


Tree=47
num_leaves=16
num_cat=0
split_feature=14 18 25 5 5 15 22 14 3 6 25 23 26 25 14
split_gain=3.12644 3.5343 3.6386 3.77351 5.28257 3.38098 3.80539 3.75526 2.53204 7.50142 5.61134 3.28149 4.29146 1.98601 0.88506
threshold=0.023499165991570658 0.10489923242641654 -1.0548220323026209 74055.47431406258 45391.422316385178 -8.7327300468716489e-05 27.40817136232425 0.51941388734394034 461.76000000000005 535.57046849909921 -0.0075045787731804507 -3.1021352665506465 4.4482142857142888 -0.53724917449289677 0.32026572744991122
decision_type=2 2 2 2 2 2 2 2 2 2 2 2 2 2 2
left_child=-1 2 -2 4 8 -3 -7 13 9 10 -4 -10 -13 -8 -15
right_child=1 5 3 -5 -6 6 7 -9 11 -11 -12 12 -14 14 -16
leaf_value=0.029335640032160052 0.020477977992791271 -0.031426201495697741 -0.014961642807196317 -0.025798454161668049 0.032604682706961922 -0.027461411286844661 -0.0080246211360909883 -0.025480786820527967 -0.020649876439964975 0.035382097586777857 0.016511324633905419 -0.00099820146138033259 0.02635281525478779 0.0058214267784217665 0.023396379230973378
leaf_weight=3.2349366992712012 8.1864105463027936 5.459135293960574 11.106004118919378 4.9426170885562888 4.5772644728422156 5.4423855841159847 4.9301878511905732 3.8573827296495429 7.3907495439052573 7.0350791811943045 9.4252022951841337 206.34493540227413 5.2954854965209952 4.8789809048175758 5.4702133536338806
leaf_count=15 38 29 47 23 20 25 21 20 33 31 41 890 24 21 24
internal_value=0 -0.000318605 0.000789633 0.000160324 0.000671141 -0.0100699 -0.00532654 0.000968491 7.84008e-05 0.00864732 -0.000513438 -0.00100004 -0.000313848 0.00764579 0.0151109
internal_weight=0 294.342 264.304 256.117 251.175 30.0383 24.5792 19.1368 246.597 27.5663 20.5312 219.031 211.64 15.2794 10.3492
internal_count=1302 1287 1147 1109 1086 140 111 86 1066 119 88 947 914 66 45
is_linear=0
shrinkage=0.03


Tree=48
num_leaves=31
num_cat=0
split_feature=28 18 5 13 11 9 5 28 27 17 2 6 28 5 13 17 23 28 9 28 10 6 27 10 15 18 13 14 14 11
split_gain=3.58423 3.09136 4.39662 5.439 3.95142 4.75884 3.51212 6.62695 5.62906 5.12824 7.10316 5.19114 4.7926 4.30655 4.21578 3.95125 6.15834 4.92985 3.86289 6.45492 3.50486 5.09988 3.23444 4.44951 4.32391 3.90569 2.86061 2.50791 3.10347 2.48141
threshold=0.55373227733525521 0.042386829971569846 2805.8985374590043 -0.0077537217900485724 -0.0055218680352582252 0.7190719132722373 1941.0187268090642 1.0092628241580461 0.0055488559761949436 17.940000534057621 470.53000000000003 2946.6737862789782 1.2306230592966638 22851.467493678825 -0.0018835942938039694 20.710000038146976 0.8028018968171865 1.3116755706591714 0.72353132338736192 0.87009040204412835 0.00064465161363291845 340.73463631921271 0.0057410948446462457 -9.0698118563603533e-05 1.5114987287192063e-05 0.063728551656541801 0.0028360081134053976 0.39572673984841872 0.66413504527113509 0.0051396119004726301
decision_type=2 2 2 2 2 2 2 2 2 2 2 2 2 2 2 2 2 2 2 2 2 2 2 2 2 2 2 2 2 2
left_child=-1 4 20 -4 5 -2 8 13 9 11 -11 12 -6 18 -13 16 17 -9 19 -8 22 -22 23 24 25 -3 -5 -10 -29 -20
right_child=1 2 3 26 6 -7 7 15 27 10 -12 14 -14 -15 -16 -17 -18 -19 29 -21 21 -23 -24 -25 -26 -27 -28 28 -30 -31
leaf_value=-0.037162388577729064 -0.0089295373569430354 0.024686406279249427 0.00082414969309591935 -0.049012316325400311 -0.0041668108396725077 0.027216256313383005 0.00084236827269901324 0.025594933874327319 -0.0013023964316157936 -0.00076998976407665286 -0.044173360395014946 0.018526644720802732 -0.032993529286656983 0.035080282905908977 -0.0031412216010908234 -0.028747355671415134 -0.020220104052807952 -0.0063103415809467366 0.0097016811923677174 0.037477562775000133 -4.7488188840985787e-05 -0.041146149921698565 0.020016643806914265 0.025204839932839243 -0.02231068664697055 -0.0055176035572315511 -0.014892818784846834 0.042612528025420988 0.0080967188866216382 -0.011299060351857819
leaf_weight=2.3171003907918921 4.6574981212615958 5.2061919718980816 7.0122480541467693 5.160851061344145 66.680022746324539 11.068949207663534 8.3257642686367053 9.1963014602661222 5.1076749712228766 7.0970150381326658 6.5029193162918091 16.707071498036385 5.6288400292396537 6.9827816337347022 15.652961298823355 5.0820155888795844 8.867445304989813 8.2857079952955228 11.797320246696474 9.0156351178884488 7.0879892855882627 4.4068287461996078 8.028886064887045 4.9441667497158077 9.4222800582647306 14.825429722666739 3.8698855638504028 4.5480292737483961 4.8390768468379974 8.8717691302299482
leaf_count=10 20 22 32 24 284 53 36 42 23 32 28 71 24 31 67 22 38 36 50 40 31 20 34 21 43 67 21 21 21 38
internal_value=0 0.000295753 -0.0052116 -0.0189989 0.00200894 0.0165114 0.000918663 0.00604208 -0.00203061 -0.00419318 -0.0215237 -0.00194138 -0.00641081 0.0134257 0.00804562 -0.00452738 0.000143928 0.0104732 0.00944762 0.0198887 -0.00110954 -0.0158037 0.00287157 -0.00113028 -0.00555092 0.00233238 -0.0343913 0.0156147 0.0248195 0.000687557
internal_weight=0 294.88 69.9648 16.043 224.915 15.7264 209.188 76.4247 132.764 118.269 13.5999 104.669 72.3089 44.9933 32.36 31.4315 26.3495 17.482 38.0105 17.3414 53.9218 11.4948 42.427 34.3981 29.4539 20.0316 9.03074 14.4948 9.38711 20.6691
internal_count=1302 1292 315 77 977 73 904 333 571 506 60 446 308 195 138 138 116 78 164 76 238 51 187 153 132 89 45 65 42 88
is_linear=0
shrinkage=0.03


Tree=49
num_leaves=31
num_cat=0
split_feature=28 18 13 26 24 12 12 28 13 23 26 12 15 10 0 15 14 28 6 15 13 3 18 9 10 13 16 11 1 1
split_gain=3.40117 2.98943 5.41867 4.21983 4.50166 5.37963 5.33525 6.47304 6.80901 5.19285 5.15896 3.98101 3.96106 3.80718 3.49425 4.08291 5.39087 5.28879 5.87579 4.76079 3.22676 3.34947 3.15279 3.97414 3.3029 3.11524 3.07125 3.0429 3.5176 2.64894
threshold=0.55373227733525521 -0.0046220234074502145 0.010722093907637177 1.4646428571428529 0.077250494292979172 -0.0068647830099494147 0.011217577682409387 0.95837547093312014 0.015948496523927051 0.48509461684241734 1.6599999999999968 0.0099200928213931689 1.6390756604603998e-05 0.002373977346650125 459.36000000000007 4.8717721419334936e-05 0.07942722437433207 1.0157548734395103 15644.032594715323 -3.4295224840539039e-05 0.0039276528936039732 605.95000000000016 0.0056872936242777792 1.5364288851873293 -0.0003148292962659171 0.0054357656261055385 1.0000000180025095e-35 0.0015151224112491815 463.01500000000004 618.41000000000008
decision_type=2 2 2 2 2 2 2 2 2 2 2 2 2 2 2 2 2 2 2 2 2 2 2 2 2 2 2 2 2 2
left_child=-1 3 14 26 5 20 7 -7 -9 -8 -6 13 29 25 -3 16 -16 19 -19 -18 -5 -22 -17 24 -24 -12 -2 -28 -29 -13
right_child=1 2 -4 4 10 6 9 8 -10 -11 11 12 -14 -15 15 22 17 18 -20 -21 21 -23 23 -25 -26 -27 27 28 -30 -31
leaf_value=-0.036351922163477442 0.009541932776150645 0.015437461232346327 -0.029577417704017374 0.040609410185083628 0.031941597609738435 -0.028898276487525111 0.035521594566672615 0.0064507214004041859 -0.032990791316110137 -0.0078588363829420246 0.013595592981596884 -0.029409536018523877 0.017835473564663942 -0.0071863484634128649 0.025789872973792378 0.0096412491140758089 -0.010586684835483827 -0.017927548440250924 0.0097767148481084903 0.0070015454112915664 -0.010386127156538093 0.02641601733100802 -0.024735868606663537 -0.037447112430561244 0.0068916107609383274 0.039296044074897334 -0.029059449760364744 0.016069048920032275 -0.018473306604423874 -0.00016766746737642731
leaf_weight=2.2979872971773139 6.8509674072265652 10.3665334880352 6.3893739581108084 3.8368956297636023 9.9231920838356 11.062851518392561 5.2511369138956052 19.994678378105167 4.905842959880828 4.7119608521461487 14.351670056581503 5.1858265399932879 5.2744710743427268 5.3750526905059806 6.691211760044097 4.0994735658168819 18.367408558726311 28.185516521334648 9.1191140413284284 56.32755908370018 4.5287985205650312 4.3767280727624893 5.9220771193504369 6.9310742616653434 5.9649868756532651 6.027473732829093 7.271315976977351 4.5663944780826551 6.3331757038831711 6.0299929976463318
leaf_count=10 30 45 30 21 44 48 25 89 22 20 62 22 24 24 29 17 81 123 39 237 21 20 26 37 26 27 31 20 27 25
internal_value=0 0.000287678 -0.00251319 0.00355252 0.00606466 0.000363505 -0.00442156 -0.00980344 -0.00131995 0.0150052 0.0124763 0.00790392 -0.00360522 0.0152732 -0.00137534 -0.00260614 -0.000367735 -0.00193047 -0.0111552 0.00267662 0.0176099 0.00770073 -0.0141989 -0.0193924 -0.00886504 0.0211969 -0.00757522 -0.0140289 -0.00400172 -0.0136881
internal_weight=0 294.223 158.364 135.858 110.837 58.6689 45.9265 35.9634 24.9005 9.9631 52.1677 42.2445 16.4903 25.7542 151.975 141.608 118.691 112 37.3046 74.695 12.7424 8.90553 22.9176 18.8181 11.8871 20.3791 25.0219 18.1709 10.8996 11.2158
internal_count=1302 1292 690 602 494 266 204 159 111 45 228 184 71 113 660 615 509 480 162 318 62 41 106 89 52 89 108 78 47 47
is_linear=0
shrinkage=0.03


Tree=50
num_leaves=15
num_cat=0
split_feature=14 11 28 28 14 11 9 26 26 26 24 17 10 28
split_gain=5.09839 3.76247 3.21066 2.86889 5.39393 5.22865 3.68001 3.20984 6.33645 6.80869 5.31763 4.46652 3.52981 3.87316
threshold=0.020619062145664963 -0.024085029469274374 0.55373227733525521 1.3882924592489456 0.73306728764965878 -0.0024947748776754093 0.79177969370549572 1.6100000000000019 1.6632142857142795 1.6782142857142823 2.0537533916604755 17.735000610351566 0.0038791334614920463 1.0315842140923264
decision_type=2 2 2 2 2 2 2 2 2 2 2 2 2 2
left_child=-1 -2 -3 7 5 -5 -7 11 -9 -10 -11 12 13 -4
right_child=1 2 3 4 -6 6 -8 8 9 10 -12 -13 -14 -15
leaf_value=0.046214582331604914 -0.049647563711014885 -0.035573940513121814 -0.00075233968413034578 -0.020875169298368159 -0.035453600685976444 -0.0072103386706622525 0.027321409117812522 0.029744716843870051 -0.0460853152731866 0.0016559830728074009 0.024126348766238207 -0.028912990586357556 0.020592215503702584 -0.019846181292932821
leaf_weight=2.1332635283470145 1.3857748061418522 2.2780975550413123 76.016843438148499 7.7647856473922792 5.615350052714347 5.2141981273889524 5.9434897303581238 7.9610302299261084 2.5731923580169669 145.99628752470016 10.136618658900259 5.7269297242164603 6.0241852402687064 10.937069565057753
leaf_count=10 6 10 325 35 24 23 26 36 11 650 43 28 28 47
internal_value=0 -0.000332012 -9.81212e-05 0.000180646 -0.00963359 -0.00197135 0.0111841 0.00108813 0.00362723 0.00231712 0.00311483 -0.00319924 -0.00161542 -0.00315396
internal_weight=0 293.574 292.188 289.91 24.5378 18.9225 11.1577 265.372 166.667 158.706 156.133 98.705 92.9781 86.9539
internal_count=1302 1292 1286 1276 108 84 49 1168 740 704 693 428 400 372
is_linear=0
shrinkage=0.03


Tree=51
num_leaves=19
num_cat=0
split_feature=14 11 28 28 14 14 6 11 18 9 2 6 26 26 24 17 27 22
split_gain=4.87172 3.58344 3.04921 2.7146 5.13885 3.78114 3.68476 3.1471 4.47076 6.05129 7.25061 4.84467 4.27417 4.86422 3.21402 3.14949 1.70175 1.18218
threshold=0.020619062145664963 -0.024085029469274374 0.55373227733525521 1.3768311805203199 0.73306728764965878 0.22609003899026531 403.84598729332009 -0.010776581545342443 0.042386829971569846 1.231346286341197 662.47500000000002 13623.726714496823 1.6100000000000019 1.6632142857142795 -0.31661797482998771 15.074999809265138 0.0051075298403916126 32.409404530437747
decision_type=2 2 2 2 2 2 2 2 2 2 2 2 2 2 2 2 2 2
left_child=-1 -2 -3 7 5 -5 16 14 12 10 -10 -11 15 -14 17 -9 -7 -4
right_child=1 2 3 4 -6 6 -8 8 9 11 -12 -13 13 -15 -16 -17 -18 -19
leaf_value=0.04551961356839411 -0.048734455391085757 -0.034825882214964479 0.014201602162249496 -0.026715333689191868 -0.034635879841321299 0.0056459117589449494 0.022760587307746095 0.012205278089934879 0.0029659592299387835 -0.041362694773711614 -0.035338485329105232 -0.0032879093046189628 0.030517778508154736 0.0045109113070728752 -0.0059041860903431432 -0.0053123047323945264 -0.020119356344136554 0.036302738229366749
leaf_weight=2.1013407334685317 1.3696304261684407 2.2575323879718772 4.1219822615385038 4.3577535301446977 5.5760812908411017 4.6615641564130765 6.2255514860153189 10.664721071720122 35.704806223511696 7.320103280246256 5.0803553164005271 5.1053721904754639 6.871443733572959 111.51605595648289 4.2579373419284812 69.001990556716919 4.567840188741684 4.6190421432256699
leaf_count=10 6 10 20 20 24 20 28 45 155 41 22 23 31 490 20 297 20 20
internal_value=0 -0.000322473 -9.53261e-05 0.000175361 -0.0091945 -0.00203429 0.00492489 0.00107556 0.000330919 -0.00738947 -0.00180539 -0.0257185 0.00240513 0.0060204 0.0154692 -0.00296728 -0.0071059 0.0258806
internal_weight=0 293.28 291.91 289.653 25.3888 19.8127 15.455 264.264 251.265 53.2106 40.7852 12.4255 198.054 118.387 12.999 79.6667 9.2294 8.74102
internal_count=1302 1292 1286 1276 112 88 68 1164 1104 241 177 64 863 521 60 342 40 40
is_linear=0
shrinkage=0.03


Tree=52
num_leaves=12
num_cat=0
split_feature=14 11 9 28 10 11 18 11 7 22 9
split_gain=4.65818 3.41584 3.10628 2.86346 2.57537 4.34566 5.69935 3.7765 3.45081 3.23461 3.04075
threshold=0.020619062145664963 -0.024085029469274374 0.089992959536974212 0.55373227733525521 -0.012502735876605052 -0.0096160307107785985 0.098376838585432572 -0.0074960725816500253 -9364.3286667577304 34.418740749712605 1.3207805937573081
decision_type=2 2 2 2 2 2 2 2 2 2 2
left_child=-1 -2 -3 -4 -5 8 7 -7 -6 -10 -8
right_child=1 2 3 4 5 6 10 -9 9 -11 -12
leaf_value=0.044863531917807349 -0.04787892876515782 0.048563332829369081 -0.034105439708548319 -0.024423952673042044 0.033561501741881078 0.033040213028265444 -0.0093842856343180348 0.00022516024105312204 -0.014121431991388605 0.021220690295763203 -0.036736403229647593
leaf_weight=2.0686035826802245 1.3525385260581959 1.1761122494935978 2.2363852858543387 3.8423525393009177 6.0089955180883399 3.1974012702703467 14.925285756587984 245.86363117396832 4.4422972053289396 4.9030621498823166 4.8455669581890097
leaf_count=10 6 5 10 18 27 16 68 1070 22 22 28
internal_value=0 -0.000313686 -9.29417e-05 -0.00029009 -2.75322e-05 0.000302321 -0.00058427 0.000646434 0.0158252 0.00442089 -0.0160879
internal_weight=0 292.794 291.441 290.265 288.029 284.186 268.832 249.061 15.3544 9.34536 19.7709
internal_count=1302 1292 1286 1281 1271 1253 1182 1086 71 44 96
is_linear=0
shrinkage=0.03


Tree=53
num_leaves=15
num_cat=0
split_feature=14 11 9 28 28 14 14 6 28 16 28 0 15 28
split_gain=4.45662 3.2588 2.95901 2.72158 2.45705 4.88061 3.57443 3.4775 3.2383 5.24437 5.18516 4.2059 4.12631 2.95487
threshold=0.020619062145664963 -0.024085029469274374 0.089992959536974212 0.55373227733525521 1.3768311805203199 0.73306728764965878 0.22609003899026531 403.84598729332009 1.1767391082969845 1.0000000180025095e-35 1.1678889974488229 473.41500000000002 -0.0005109692445611399 1.2431073582868992
decision_type=2 2 2 2 2 2 2 2 2 2 2 2 2 2
left_child=-1 -2 -3 -4 8 6 -6 -8 10 13 12 -11 -5 -10
right_child=1 2 3 4 5 -7 7 -9 9 11 -12 -13 -14 -15
leaf_value=0.044243404665633194 -0.047075992921321183 0.047687120079207258 -0.033410523655684247 -0.021199639062829134 -0.026056836301238517 -0.033854916597497973 -0.006908578534342279 0.022145960806545885 0.046055055508140437 -0.018932309534963287 -0.032380051797819616 0.01053219569421847 0.0010210511081323401 0.011677948022353762
leaf_weight=2.035175420343875 1.3346101492643345 1.1620033979415882 2.2147426754236212 7.7871583551168433 4.3322744071483674 5.5352963954210272 9.2116843163967115 6.2048031091690055 4.6055982708930987 6.1657138466835049 4.4654446095228186 14.889375567436216 220.25348613411188 4.4003137797117233
leaf_count=10 6 5 10 37 20 24 40 28 22 28 20 68 964 20
internal_value=0 -0.000304632 -9.02924e-05 -0.000281689 -2.67936e-05 -0.00895864 -0.00198056 0.00478525 0.000833304 0.0100989 -0.000364662 0.00190389 0.000262256 0.0292583
internal_weight=0 292.563 291.228 290.066 287.851 25.2841 19.7488 15.4165 262.567 30.061 232.506 21.0551 228.041 9.00591
internal_count=1302 1292 1286 1281 1271 112 88 68 1159 138 1021 96 1001 42
is_linear=0
shrinkage=0.03


Tree=54
num_leaves=18
num_cat=0
split_feature=14 11 9 28 17 10 27 15 10 12 28 5 4 12 12 22 25
split_gain=4.26621 3.11137 2.82116 2.58752 2.44432 7.04674 7.58622 4.94848 4.73268 5.64916 5.41064 4.05501 4.38131 3.52469 7.75481 3.16039 2.4156
threshold=0.020619062145664963 -0.024085029469274374 0.089992959536974212 0.55373227733525521 19.289999961853031 -0.000359133018399238 0.0047626575102404029 3.2883935444775701e-05 0.0041687073837399788 -0.0048831905241691889 1.2762081058374937 12891.740123375128 11444085.500000002 0.011581869036457195 1.0000000180025095e-35 32.409404530437747 -0.69956536146528103
decision_type=2 2 2 2 2 2 2 2 2 2 2 2 2 2 2 2 2
left_child=-1 -2 -3 -4 8 6 16 -8 11 -10 -11 15 -13 14 -7 -5 -6
right_child=1 2 3 4 5 13 7 -9 9 10 -12 12 -14 -15 -16 -17 -18
leaf_value=0.043656579411018276 -0.04632121829005887 0.046866914915841586 -0.03273924409897859 0.011422048871895128 -0.0044823528868923367 -0.0073844000235989606 0.020050961174619252 -0.013156826595515635 0.047368951192528493 0.015057193318489179 -0.021779260177678863 0.029873584394821958 -0.0017836583971046502 0.0076386091547596454 -0.043817645315865655 -0.0025995568123209178 -0.033966031567041054
leaf_weight=2.0011704042553893 1.3159480243921269 1.1470941007137287 2.1926842778921118 15.814943164587019 5.3673424124717712 13.134939454495912 18.654806241393093 5.1545527726411811 3.7705670595169094 17.915095046162609 4.4876314848661414 8.0762398242950422 7.6724947094917288 4.33503234386444 8.7677129805088025 169.7816110253334 4.6830162554979307
leaf_count=10 6 5 10 71 27 60 83 24 18 83 20 35 35 20 41 731 23
internal_value=0 -0.000295789 -8.76229e-05 -0.000273474 -2.59663e-05 -0.00540711 0.00363581 0.0128617 0.00139542 0.0133962 0.00767825 -0.000164577 0.0144508 -0.017077 -0.0219688 -0.00140476 -0.0182204
internal_weight=0 292.272 290.956 289.809 287.616 60.0974 33.8597 23.8094 227.519 26.1733 22.4027 201.345 15.7487 26.2377 21.9027 185.597 10.0504
internal_count=1302 1292 1286 1281 1271 278 157 107 993 121 103 872 70 121 101 802 50
is_linear=0
shrinkage=0.03


Tree=55
num_leaves=12
num_cat=0
split_feature=14 11 9 28 10 11 18 11 7 22 9
split_gain=4.08619 2.97273 2.69193 2.46069 2.39371 3.98083 5.28245 3.59709 3.22648 3.09535 2.92037
threshold=0.020619062145664963 -0.024085029469274374 0.089992959536974212 0.55373227733525521 -0.012502735876605052 -0.0096160307107785985 0.098376838585432572 -0.0074960725816500253 -9364.3286667577304 34.418740749712605 1.3207805937573081
decision_type=2 2 2 2 2 2 2 2 2 2 2
left_child=-1 -2 -3 -4 -5 8 7 -7 -6 -10 -8
right_child=1 2 3 4 5 6 10 -9 9 -11 -12
leaf_value=0.043100664566094057 -0.045610661672794657 0.046097830589675273 -0.032089888481032634 -0.023655011230311877 0.032462251200242556 0.032463578615039117 -0.0090324317406589409 0.00021651024295596288 -0.01405597562088748 0.020614717059947801 -0.036131630477000132
leaf_weight=1.9666937515139569 1.2966471016407002 1.1314807087182988 2.1702836304903022 3.8071542233228675 5.9468665271997443 3.1532350182533255 14.843398213386537 245.48862071335316 4.409750282764433 4.8846817910671234 4.7162184268236151
leaf_count=10 6 5 10 18 27 16 68 1070 22 22 28
internal_value=0 -0.000287421 -8.5157e-05 -0.000265708 -2.52643e-05 0.000292126 -0.000555405 0.000625462 0.0152062 0.00416518 -0.0155666
internal_weight=0 291.848 290.552 289.42 287.25 283.443 268.201 248.642 15.2413 9.29443 19.5596
internal_count=1302 1292 1286 1281 1271 1253 1182 1086 71 44 96
is_linear=0
shrinkage=0.03


Tree=56
num_leaves=15
num_cat=0
split_feature=14 11 9 28 28 14 11 9 28 16 28 0 15 28
split_gain=3.91576 2.8422 2.57056 2.34066 2.38113 4.56101 3.36498 3.08483 3.0018 4.90956 4.88033 3.89959 3.82555 2.83842
threshold=0.020619062145664963 -0.024085029469274374 0.089992959536974212 0.55373227733525521 1.3768311805203199 0.73306728764965878 -0.0028398068242999615 0.79177969370549572 1.1767391082969845 1.0000000180025095e-35 1.1678889974488229 473.41500000000002 -0.0005109692445611399 1.2431073582868992
decision_type=2 2 2 2 2 2 2 2 2 2 2 2 2 2
left_child=-1 -2 -3 -4 8 6 -6 -8 10 13 12 -11 -5 -10
right_child=1 2 3 4 5 -7 7 -9 9 11 -12 -13 -14 -15
leaf_value=0.042573490218675493 -0.044940803017440793 0.045375531124575888 -0.031460899333152076 -0.020470995230469937 -0.017713513662735599 -0.033040159954581372 -0.0090455999696002747 0.021463593237166352 0.045177564479792279 -0.01828933863213562 -0.031498752967599478 0.010170999187605778 0.0010066625974565016 0.011262568431070003
leaf_weight=1.9318426623940457 1.276795059442519 1.1152523308992375 2.1476084738969794 7.726060450077056 7.6119500994682374 5.4821660369634619 5.4138758480548841 6.6421434730291367 4.5071963369846362 6.1220157444477108 4.4346352517604819 14.826687484979628 219.92499485611916 4.3784160763025284
leaf_count=10 6 5 10 37 35 24 24 29 22 28 20 68 964 20
internal_value=0 -0.000279135 -8.27272e-05 -0.000258019 -2.4586e-05 -0.00884184 -0.00209691 0.00776314 0.000822066 0.00977971 -0.000329427 0.0018538 0.00027775 0.0284658
internal_weight=0 291.61 290.333 289.218 287.07 25.1501 19.668 12.056 261.92 29.8343 232.086 20.9487 227.651 8.88561
internal_count=1302 1292 1286 1281 1271 112 88 53 1159 138 1021 96 1001 42
is_linear=0
shrinkage=0.03


Tree=57
num_leaves=16
num_cat=0
split_feature=14 11 12 10 10 17 12 24 23 24 6 17 22 10 10
split_gain=3.75427 2.71914 2.49984 7.1051 3.11146 4.92242 3.91029 7.15387 2.97494 4.18777 3.95999 6.43316 2.7984 2.72882 1.75846
threshold=0.020619062145664963 -0.024085029469274374 0.014677062010174049 0.0015223103833789111 0.0067698850680695264 19.289999961853031 0.011052108394322137 0.9083915831656405 2.4105088407906696 2.3131624333302185 1664.9719655652661 16.355000495910648 79.262366864255142 0.00048456601694646389 0.0074726638400374199
decision_type=2 2 2 2 2 2 2 2 2 2 2 2 2 2 2
left_child=-1 -2 4 -4 6 -6 8 -8 9 12 11 -10 -3 -9 -5
right_child=1 2 3 14 5 -7 7 13 10 -11 -12 -13 -14 -15 -16
leaf_value=0.042073081183869106 -0.044308479507699158 -0.00023089759111130336 -0.011238863961360533 0.033939994714618199 0.0012067591104231975 -0.037825969836629197 0.011103135583465184 -0.013883092154244428 0.027749746431791417 -0.027756473588736359 0.032285008808095858 -0.016298323311793195 0.016983377649990982 -0.04504412150925606 0.01012659771125732
leaf_weight=1.8967066407203663 1.256472960114478 209.87698905915022 8.272203207015993 7.4083165079355222 6.6354282796382886 5.1760473549365997 6.1630156189203289 4.9231065511703473 5.2266087830066699 4.8364538997411719 6.0552141517400733 6.9550146013498306 8.8578482866287214 5.2016022950410843 4.4775985777378082
leaf_count=10 6 932 35 34 30 24 28 21 22 21 26 30 40 22 21
internal_value=0 -0.000271027 -8.02704e-05 0.0101106 -0.00084138 -0.0158982 -0.000152319 -0.0143802 0.000806043 -0.000144324 0.0124569 0.0026008 0.000466209 -0.0298922 0.0249691
internal_weight=0 291.322 290.065 20.1581 269.907 11.8115 258.096 16.2877 241.808 223.571 18.2368 12.1816 218.735 10.1247 11.8859
internal_count=1302 1292 1286 90 1196 54 1142 71 1071 993 78 52 972 43 55
is_linear=0
shrinkage=0.03


Tree=58
num_leaves=31
num_cat=0
split_feature=14 18 9 7 3 23 9 23 28 16 27 4 25 28 6 17 12 4 18 18 22 25 28 22 28 27 12 18 14 6
split_gain=3.60111 2.64664 3.83726 6.35978 4.08629 3.59641 4.2092 4.29348 4.00846 3.62577 3.55781 2.8181 4.55277 3.66991 4.34642 3.66699 3.43039 3.02789 2.88988 2.68089 4.16263 4.32838 3.03902 2.97397 5.11221 2.63713 2.41558 2.74435 2.4561 1.30256
threshold=0.020619062145664963 0.042386829971569846 1.2044516112090069 -10518.052125347751 662.82500000000016 -1.2888481944070234 0.75815824902129758 0.18514912615006554 0.98330228356534155 1.0000000180025095e-35 0.0018381802914473209 4558285.0000000009 -1.0248686219001368 1.3768311805203199 5054.8974936398017 16.529999732971195 0.0025585989906858901 5015088.5000000009 -0.059372293652140133 0.0056872936242777792 53.674630002361418 -0.3781888990462054 0.87009040204412835 85.305083052326935 0.92520157403400993 0.0050824457686340103 0.012599444713009113 -0.11729688431386319 0.6771739408464198 4660.2071116220422
decision_type=2 2 2 2 2 2 2 2 2 2 2 2 2 2 2 2 2 2 2 2 2 2 2 2 2 2 2 2 2 2
left_child=-1 10 4 25 5 29 8 -8 9 -7 -2 18 -13 15 -15 17 -17 -14 26 23 21 -21 -22 24 -20 -4 27 -12 -29 -3
right_child=1 2 3 -5 -6 6 7 -9 -10 -11 11 12 13 14 -16 16 -18 -19 19 20 22 -23 -24 -25 -26 -27 -28 28 -30 -31
leaf_value=0.041597640166239562 -0.030965482347138563 -0.024365280530697628 -0.015122863142003118 -0.034756460207568285 -0.023482335798975369 -0.0083680775475600457 0.03688047191078684 -0.0010093666442842378 -0.024462608546429048 0.019852879055518767 -0.016536928917444203 0.033992486032132042 0.03084074714877728 -0.025675575287757924 0.0084389072758105175 0.0081953821867888927 -0.0077280016443959159 0.008614239506452636 -0.026936744542333173 -0.0005324025522623002 -0.024885615512832995 0.035024614786300499 0.0036250698540359889 0.012672980671248521 -0.0048803622212731396 0.016926878550291069 0.024790174786422151 0.02799660315416725 -0.0025188300586581934 -0.0025599037642045721
leaf_weight=1.8613682314753521 3.0329110920429221 4.9884964376687986 4.7552542090415972 9.2214081212878209 6.3692776113748542 7.840258121490483 6.817996606230734 4.4472277164459229 4.9310875535011283 8.5825275778770447 4.8847268819808969 4.6554647237062445 6.2992220669984809 7.7336256951093656 5.945100873708725 23.249907642602921 25.565106049180031 44.376593768596649 12.587244525551794 6.5427567213773727 5.5636203736066809 5.8237591236829775 8.5139430314302427 5.6013189852237693 38.038641601800919 4.4945037961006165 5.7237487435340872 4.2820519953966141 5.3268972784280777 4.8749860376119614
leaf_count=10 13 23 23 53 28 34 29 20 21 37 22 23 28 34 26 105 110 193 55 28 24 25 36 24 163 20 27 21 25 22
internal_value=0 -0.000263141 -0.00547829 -0.0171261 -0.00107419 0.00228539 0.00708526 0.0219225 -0.000742126 0.00638016 0.00130604 0.0017495 0.00491724 0.00372117 -0.0108486 0.00572433 -0.000143917 0.0113771 -0.0018781 -0.00436446 0.00351311 0.0162125 -0.00764269 -0.00806934 -0.0103643 0.000450267 0.00828888 0.00177229 0.0110798 -0.0135881
internal_weight=0 291.07 67.323 18.4712 48.8519 42.4826 32.6191 11.2652 21.3539 16.4228 223.747 220.714 117.825 113.17 13.6787 99.4908 48.815 50.6758 102.889 82.6713 26.4441 12.3665 14.0776 56.2272 50.6259 9.24976 20.2174 14.4937 9.60895 9.86348
internal_count=1302 1292 310 96 214 186 141 49 92 71 982 969 519 496 60 436 215 221 450 355 113 53 60 242 218 43 95 68 46 45
is_linear=0
shrinkage=0.03


Tree=59
num_leaves=25
num_cat=0
split_feature=14 18 28 14 15 3 13 18 15 6 12 9 28 22 12 15 0 11 3 9 16 15 15 24
split_gain=3.45576 2.50429 3.57006 4.2993 3.73094 4.41357 3.23259 2.43955 4.36447 3.97914 3.23937 5.25303 3.94101 3.00424 5.10151 3.76405 2.75739 2.73532 3.93925 3.17805 2.24262 3.86135 1.79178 0.700213
threshold=0.020619062145664963 0.10489923242641654 1.3116755706591714 0.10099964861034348 -6.6799715797187496e-05 602.20500000000004 -0.016186304620410649 -0.052931193152289939 4.455832683489603e-05 1162.5615022255238 0.013402909386354469 0.50006020998520628 1.0566412760796382 33.494393333001391 -0.0081440578132775925 3.2883935444775701e-05 610.99500000000012 -0.0029103269772974834 461.63500000000005 1.9692119197078044 1.0000000180025095e-35 -4.3527939748693724e-05 1.6532072562392723e-05 -0.42071447700514858
decision_type=2 2 2 2 2 2 2 2 2 2 2 2 2 2 2 2 2 2 2 2 2 2 2 2
left_child=-1 6 3 -3 -5 -6 -2 9 13 10 11 -8 -13 20 -15 -16 -12 -10 -19 -20 -9 -22 -11 -7
right_child=1 2 -4 4 5 23 7 8 17 22 16 12 -14 14 15 -17 -18 18 19 -21 21 -23 -24 -25
leaf_value=0.041145528004672319 0.018897668160330158 0.01955600365171006 -0.035506114327998231 -0.032744398778756401 0.015579144224737395 -0.0087602977919440418 -0.027513652009881817 -0.0041615246142358104 -0.025641192442443173 0.012648440957464958 0.033351458428271231 0.014082235377406115 -0.009331525571804852 -0.02270713896556607 -0.00067520025419505491 0.019317172939257447 0.00287796089874911 0.018023995828374866 -0.0063131094924833231 -0.034237114913044792 0.040908609039712107 0.0075272566870538821 0.040427647013710877 -0.02604888767027868
leaf_weight=1.8259031325578678 8.4770994186401349 5.2895160764455857 3.8503994792699805 5.1908147260546746 6.4052041247487024 4.1932131275534683 6.1584745347499839 5.8689314424991617 8.2598900198936445 4.8511757999658567 4.7953288704156858 14.044391319155695 11.996813818812369 8.9419698864221555 122.20381064713001 9.1072274744510633 6.0363008230924606 5.0555910468101493 22.711390152573589 4.3747180849313727 4.5022588968276986 10.14859616756439 3.6711055338382721 4.240669012069695
leaf_count=10 38 23 20 28 30 20 28 27 37 24 23 66 55 38 518 38 27 22 101 21 22 45 20 21
internal_value=0 -0.000255891 -0.00859285 -0.00450007 -0.0108528 -0.003195 0.000675131 6.39038e-05 -0.00142818 0.00588636 0.00217723 -0.00259674 0.00329585 0.000786923 -0.000781678 0.000711394 0.016369 -0.0102429 -0.00628577 -0.0108232 0.0115083 0.0177855 0.0246148 -0.0174532
internal_weight=0 290.375 29.1698 25.3194 20.0299 14.8391 261.205 252.728 201.174 51.5536 43.0313 32.1997 26.0412 160.773 140.253 131.311 10.8316 40.4016 32.1417 27.0861 20.5198 14.6509 8.52228 8.43388
internal_count=1302 1292 142 122 99 71 1150 1112 869 243 199 149 121 688 594 556 50 181 144 122 94 67 44 41
is_linear=0
shrinkage=0.03


Tree=60
num_leaves=14
num_cat=0
split_feature=14 11 10 11 18 13 10 28 11 9 28 27 4
split_gain=3.31765 2.55703 2.24844 3.78689 4.65373 2.9706 3.59156 2.88702 3.32939 2.76563 3.552 2.68751 2.40011
threshold=0.020619062145664963 -0.024085029469274374 -0.012502735876605052 -0.0096160307107785985 0.098376838585432572 -0.010801187059100823 -0.0044510570132504914 0.57569669397362899 -0.0074960725816500253 1.3207805937573081 1.1817326691745735 0.0050174157245191538 20472386.500000004
decision_type=2 2 2 2 2 2 2 2 2 2 2 2 2
left_child=-1 -2 -3 5 7 6 -4 -5 -9 10 11 -6 -10
right_child=1 2 3 4 9 -7 -8 8 12 -11 -12 -13 -14
leaf_value=0.040715242104616599 -0.043498899536357202 -0.023164577661888806 0.025369474048824458 -0.028404387390602564 -0.01347317424216465 0.031904879708155823 -0.012202979460769555 0.031818186478812516 0.00099779475688498306 -0.03535715490140915 -0.029284346578897745 0.018038852017622311 -0.016587674675292065
leaf_weight=1.7903809994459141 1.2250702828168858 3.7432204335927954 4.1075679361820212 3.0692531615495673 4.9645844697952288 5.7237531244754782 5.1738973259925833 3.0896977782249442 237.26532366871834 4.5129063948988906 4.9185540229082099 4.7819956988096237 7.1968681365251532
leaf_count=10 6 18 20 14 23 27 24 16 1038 28 23 22 33
internal_value=0 -0.000248643 -6.50175e-05 0.000238583 -0.00057723 0.0149072 0.00442493 0.000512691 0.000871217 -0.0148204 -0.00850068 0.00198767 0.000480086
internal_weight=0 289.773 288.548 284.804 269.799 15.0052 9.28147 250.621 247.552 19.178 14.6651 9.74658 244.462
internal_count=1302 1292 1286 1268 1197 71 44 1101 1087 96 68 45 1071
is_linear=0
shrinkage=0.03


Tree=61
num_leaves=16
num_cat=0
split_feature=14 11 12 10 10 17 12 24 23 6 17 24 15 10 13
split_gain=3.18636 2.44965 2.18613 6.8022 2.89803 4.61918 3.82328 6.65697 2.79043 5.04904 5.92994 3.37834 2.56215 2.51488 1.72863
threshold=0.020619062145664963 -0.024085029469274374 0.014677062010174049 0.0015223103833789111 0.0067698850680695264 19.289999961853031 0.011052108394322137 0.9083915831656405 2.4330568794422338 971.34563315201751 16.355000495910648 2.3131624333302185 2.1637547741073899e-05 0.00048456601694646389 0.0034757992490975225
decision_type=2 2 2 2 2 2 2 2 2 2 2 2 2 2 2
left_child=-1 -2 4 -4 6 -6 8 -8 11 10 -10 12 -3 -9 -5
right_child=1 2 3 14 5 -7 7 13 9 -11 -12 -13 -14 -15 -16
leaf_value=0.040305408570345765 -0.042944833916504874 0.0025750798285789542 -0.011338630314671482 0.033664168810132511 0.0011714142177849979 -0.036845021511450589 0.010499876775452444 -0.01384767186537215 0.025670449695087947 0.035373503460251275 -0.017975852602155343 -0.023835078577822379 -0.0046209989908599968 -0.043834340350454429 0.010178483883540125
leaf_weight=1.7548657283186901 1.2039688378572453 155.6052477657795 8.2630272805690783 7.0000365823507291 6.6083555519580823 5.0936956852674484 6.1021522134542492 4.9146932214498502 4.9422522336244601 5.7655619233846656 6.4679304510354996 5.2511692792177191 62.3826684653759 5.1597291231155396 4.7240954637527466
leaf_count=10 6 688 35 32 30 24 28 21 21 25 28 23 286 22 23
internal_value=0 -0.000241605 -6.32597e-05 0.00950826 -0.000776313 -0.0153765 -0.000110462 -0.0142279 0.000839445 0.0124915 0.000929282 -5.70525e-05 0.000515743 -0.0292057 0.0242009
internal_weight=0 289.485 288.281 19.9872 268.293 11.7021 256.591 16.1766 240.415 17.1757 11.4102 223.239 217.988 10.0744 11.7241
internal_count=1302 1292 1286 90 1196 54 1142 71 1071 74 49 997 974 43 55
is_linear=0
shrinkage=0.03


Tree=62
num_leaves=14
num_cat=0
split_feature=14 11 9 10 11 18 7 22 9 28 6 6 26
split_gain=3.06141 2.34803 2.2628 2.09204 3.6648 4.29392 2.86021 2.98683 2.66694 3.38998 2.345 5.04602 3.73381
threshold=0.020619062145664963 -0.024085029469274374 0.089992959536974212 -0.012502735876605052 -0.0096160307107785985 0.098376838585432572 -9364.3286667577304 34.418740749712605 1.3207805937573081 1.1817326691745735 38592.361696635264 16663.053837959513 3.1267857142857132
decision_type=2 2 2 2 2 2 2 2 2 2 2 2 2
left_child=-1 -2 -3 -4 6 10 -5 -8 9 -7 11 -6 -12
right_child=1 2 3 4 5 8 7 -9 -10 -11 12 -13 -14
leaf_value=0.039914761612478977 -0.042419742017369443 0.043545591846480887 -0.02253775883825395 0.030973588584563366 -7.4642331882938511e-05 0.0019378040293166682 -0.014119414315759735 0.020279684844634681 -0.034867913547533713 -0.02870316170671142 -0.031612180548148253 0.020571813377839591 0.0066488164844651235
leaf_weight=1.7194157019257534 1.1826288402080525 1.0669992268085469 3.7321956902742377 5.8161204308271399 228.79818168282509 9.7379072010517138 4.301409572362898 4.8144243508577347 4.42609879374504 4.8772145956754676 5.1265551447868329 11.173991918563841 4.1568333581089973
leaf_count=10 6 5 18 27 1003 45 22 22 28 23 23 50 20
internal_value=0 -0.000234617 -6.1407e-05 -0.00022355 7.04917e-05 -0.000734569 0.0145358 0.00404808 -0.014466 -0.0082874 0.000314407 0.000886733 -0.01448
internal_weight=0 289.211 288.028 286.961 283.229 268.297 14.932 9.11583 19.0412 14.6151 249.256 239.972 9.28339
internal_count=1302 1292 1286 1281 1263 1192 71 44 96 68 1096 1053 43
is_linear=0
shrinkage=0.03


Tree=63
num_leaves=19
num_cat=0
split_feature=14 28 14 14 6 22 26 26 26 17 24 24 10 28 17 6 4 27
split_gain=2.94246 2.3389 3.98138 5.02004 3.31848 2.46602 2.4312 4.99003 7.60891 4.04366 3.48885 3.7312 3.3393 5.15056 3.17024 2.74558 2.3582 1.63911
threshold=0.020619062145664963 1.3768311805203199 0.73306728764965878 0.19895414623836513 403.84598729332009 19.199164118304136 1.6100000000000019 1.6632142857142795 1.6782142857142823 17.735000610351566 2.1013606226551422 1.866387283507587 0.0038791334614920463 1.0315842140923264 15.144999980926515 81.498992586922625 6017055.0000000009 0.0051075298403916126
decision_type=2 2 2 2 2 2 2 2 2 2 2 2 2 2 2 2 2 2
left_child=-1 5 3 -3 17 -2 9 -8 -9 12 11 -10 13 14 -7 -15 -12 -5
right_child=1 2 -4 4 -6 6 7 8 10 -11 16 -13 -14 15 -16 -17 -18 -19
leaf_value=0.039542139862845931 0.022159598133332951 -0.030544280874968056 -0.031796606044536088 0.0062744031401582414 0.02196963849550666 0.014777117007038881 0.025574531529888166 -0.052041914929652433 0.0018323417729104547 -0.028134519425698473 0.0036330040731200703 -0.023796669945728724 0.019714015601108324 -0.037304094216600976 -0.003255804345726857 -0.0058705302986343608 0.032321607201875963 -0.019160929969230991
leaf_weight=1.6840844005346287 4.694254368543624 4.5282515883445802 5.3934367448091498 4.6337846368551237 6.3745736330747595 10.14722256362438 7.9953130334615699 2.3726044446229926 136.02674293518066 5.6656763032078734 4.8436602056026441 5.3120717853307715 5.9501649439334861 5.7243425548076612 64.839824318885803 4.441091924905777 5.5146915465593338 4.4893511831760406
leaf_count=10 23 22 24 20 29 43 37 10 616 29 21 23 28 24 279 20 24 20
internal_value=0 -0.000227975 -0.00891854 -0.00275697 0.00536216 0.000610302 0.000219479 0.00246617 0.00126698 -0.00354322 0.00210076 0.000869102 -0.00201389 -0.00353216 -0.000815595 -0.0235713 0.0189066 -0.00624192
internal_weight=0 288.947 25.4194 20.026 15.4977 263.528 258.833 162.065 154.07 96.7683 151.697 141.339 91.1026 85.1525 74.987 10.1654 10.3584 9.12314
internal_count=1302 1292 115 91 69 1177 1154 731 694 423 684 639 394 366 322 44 45 40
is_linear=0
shrinkage=0.03


Tree=64
num_leaves=26
num_cat=0
split_feature=14 18 15 6 15 4 10 10 28 14 10 24 0 5 17 23 4 25 27 18 4 26 25 22 18
split_gain=2.82911 2.22534 3.42576 3.38038 3.33695 3.85536 3.65613 5.81584 3.32479 3.95127 4.97785 2.93091 4.01415 2.92995 3.5173 4.8782 3.91644 2.57581 2.49168 2.4106 2.03881 1.77582 1.69617 1.38698 1.47789
threshold=0.020619062145664963 -0.052931193152289939 8.6177185122609338e-05 451.53827421566285 4.8717721419334936e-05 493484.50000000006 0.0067698850680695264 0.0039835136479114972 1.4866619739974298 0.085117773018738421 -0.0087649470060694439 1.1839069817386998 463.09500000000008 1.0000000180025095e-35 19.015000343322757 0.41373004885920756 6677930.0000000009 0.53884204715114725 0.0032771994986096537 0.0056872936242777792 7127732.5000000009 4.4182142857142912 0.32185353265253741 42.914244140178248 -0.0029418335277137659
decision_type=2 2 2 2 2 2 2 2 2 2 2 2 2 2 2 2 2 2 2 2 2 2 2 2 2
left_child=-1 2 3 13 6 -6 7 8 9 -3 -11 12 -7 -2 15 -15 -17 -5 19 -13 -9 -16 -4 -14 -25
right_child=1 4 22 17 5 11 -8 20 -10 10 -12 18 23 14 21 16 -18 -19 -20 -21 -22 -23 -24 24 -26
leaf_value=0.039186470754517262 -0.024172175100113262 0.023751293446170094 0.038975275724493719 0.035396864359005645 0.012202200506301414 0.0007833542592692211 -0.023993381115997373 0.011104906366489005 -0.021776528448683503 -0.033545606667343075 0.00032728418800471819 0.0052767876140946508 -0.039607064127402627 0.029280418211841588 -0.024254571538514555 0.0093413605272060236 -0.023450665666544208 0.002455069180385315 0.014728813706806204 -0.02265732026763383 0.037357334250414258 0.00056937209645121372 0.01046411773438646 -0.0081311117549529265 -0.033778381001675309
leaf_weight=1.6489205285906781 4.5782478451728812 6.2782754302024832 3.595174863934516 4.3520601838827115 6.5137640982866278 5.6880012899637249 5.4574731439352027 6.3218586891889554 6.3130671977996817 4.0023509860038748 159.91562931239605 4.7680807858705538 6.2556030601263037 6.8564864546060589 5.6435688287019712 10.126319974660872 4.8468535393476477 4.1959932744503021 4.80690012872219 6.6693007871508598 4.5995299965143204 4.79903244972229 3.9316336810588837 4.0948658883571616 3.9947681725025168
leaf_count=10 20 29 21 22 28 25 24 27 30 19 692 20 31 35 24 47 20 20 21 33 21 21 21 18 23
internal_value=0 -0.00022146 0.00533754 0.00222974 -0.00146982 -0.00904878 0.00021154 0.000916322 -0.000398183 0.000394801 -0.000499783 -0.0128645 -0.020543 -0.00171297 0.00147317 0.00832319 -0.0012735 0.0192267 -0.00339494 -0.011012 0.0221611 -0.0128464 0.0240825 -0.0289991 -0.0207961
internal_weight=0 288.605 52.9254 45.3986 235.679 42.7913 192.888 187.431 176.509 170.196 163.918 36.2775 20.0332 36.8505 32.2723 21.8297 14.9732 8.54805 16.2443 11.4374 10.9214 10.4426 7.52681 14.3452 8.08963
internal_count=1302 1292 251 209 1041 199 842 818 770 740 711 171 97 167 147 102 67 42 74 53 48 45 42 72 41
is_linear=0
shrinkage=0.03


Tree=65
num_leaves=20
num_cat=0
split_feature=14 28 14 14 6 28 28 17 28 4 6 15 26 26 26 22 25 14 3
split_gain=2.72104 2.16996 3.77522 4.69724 3.07379 2.34643 4.58222 4.23829 5.17953 8.39224 5.07217 3.83882 2.82367 4.1143 4.17193 3.77742 4.49456 1.51494 1.32009
threshold=0.020619062145664963 1.3768311805203199 0.73306728764965878 0.19895414623836513 403.84598729332009 1.1767391082969845 1.1678889974488229 21.23499965667725 1.2306230592966638 1803220.5000000002 4660.2071116220422 -0.0005109692445611399 1.6100000000000019 1.6632142857142795 1.6939285714285739 33.234314890286051 -0.32165731143550563 0.43746109863885313 630.92000000000007
decision_type=2 2 2 2 2 2 2 2 2 2 2 2 2 2 2 2 2 2 2
left_child=-1 5 3 -3 17 6 11 8 -7 -10 -9 -2 15 -14 -15 -13 -17 -5 -11
right_child=1 2 -4 4 -6 7 -8 10 9 18 -12 12 13 14 -16 16 -18 -19 -20
leaf_value=0.038846764639161716 -0.020495678461334065 -0.029707275392491184 -0.031029581238002885 0.0065698042153759005 0.021320348000766133 0.040063450027044797 -0.030937729684769096 -0.030474531540683567 -0.027955383554665883 0.034246348658228523 0.01156391485197791 0.019468206772699195 0.025999832867200555 -0.027349547703985622 0.0035380461565535388 -0.02317899434165431 -0.0021735903324704492 -0.01794903080603211 0.011310401127110474
leaf_weight=1.6139684543013562 7.8228111937642089 4.4621138423681321 5.335691586136817 4.4474645853042585 6.3166705369949332 5.9754288494587007 4.34638588130474 4.5930544137954694 4.3158583641052237 4.5644716173410398 5.9028463363647461 6.2495024651288977 7.095162719488143 4.0739435255527487 115.89712220430374 10.407151028513907 76.987566620111465 4.6280493438243866 4.4703861325979233
leaf_count=10 38 22 24 20 29 29 20 23 19 22 27 28 33 17 518 45 337 20 21
internal_value=0 -0.000215308 -0.00862636 -0.00260567 0.00525095 0.000591213 -0.000423392 0.00851424 0.0168488 0.0064586 -0.0068323 0.000156949 0.000888956 0.00380197 0.00248917 -0.00306372 -0.00467496 -0.00593355 0.0228978
internal_weight=0 287.892 25.19 19.8543 15.3922 262.702 232.88 29.822 19.3261 13.3507 10.4959 228.533 220.71 127.066 119.971 93.6442 87.3947 9.07551 9.03486
internal_count=1302 1292 115 91 69 1177 1036 141 91 62 50 1016 978 568 535 410 382 40 43
is_linear=0
shrinkage=0.03


Tree=66
num_leaves=31
num_cat=0
split_feature=14 18 9 7 3 27 23 9 28 23 16 18 5 9 22 28 6 28 17 12 28 14 9 13 25 9 14 27 28 9
split_gain=2.61792 2.11425 3.46758 5.95257 3.81096 3.28232 3.0611 3.50395 3.963 3.90316 3.8651 2.8912 2.76541 5.23268 4.47755 7.40345 3.75775 4.91504 4.77125 6.45799 4.45227 6.45743 4.60504 5.10392 4.18083 3.57421 2.60205 2.331 2.27453 0.972299
threshold=0.020619062145664963 0.042386829971569846 1.2044516112090069 -10518.052125347751 662.82500000000016 0.0018381802914473209 -1.253654085504081 0.75815824902129758 0.95916219292531024 0.18514912615006554 1.0000000180025095e-35 0.11161691503002037 13246.478653065218 0.78223744559113018 42.659172894865272 1.0132126001610529 2946.6737862789782 1.4032526504384497 16.150000572204593 0.013402909386354469 1.0064968150577711 0.38074231917384999 1.4169570490197727 -0.0015995879009308431 -0.044908602672270197 1.1922557157737754 0.51941388734394034 0.0050824457686340103 1.3768311805203199 1.687423526389275
decision_type=2 2 2 2 2 2 2 2 2 2 2 2 2 2 2 2 2 2 2 2 2 2 2 2 2 2 2 2 2 2
left_child=-1 5 4 27 6 -2 11 8 10 -9 -8 -3 16 -14 -15 -16 17 18 24 -20 22 25 23 -18 -7 -22 -19 -4 -23 -5
right_child=1 2 3 29 -6 12 7 9 -10 -11 -12 -13 13 14 15 -17 20 26 19 -21 21 28 -24 -25 -26 -27 -28 -29 -30 -31
leaf_value=0.038522104098203488 -0.029972377932172955 0.0066137783174515918 -0.01404750172159073 -0.041258501171764148 -0.022551474621763903 0.028693935929123442 -0.0068073539087905042 0.03554559677725827 -0.020526845376748645 -0.00098138883113218361 0.02374302519465946 -0.025986777318151466 0.033915706537410398 0.028072353664418001 0.014718036448201544 -0.025751894832096719 0.018964967662700324 -0.0079164931108948802 -0.0077948228281752661 0.013869569235475296 -0.015379549982915301 0.043171137850406952 -0.020721639181901848 -0.013397589637844352 0.003453275648310764 0.020736952502939519 -0.040153191279800819 0.016547698097307467 0.016169970967550771 -0.020373459723530867
leaf_weight=1.579268492758273 2.9998938441276541 4.2924225181341154 4.5829366743564623 5.6554962620139104 6.2777157276868811 7.2043112218379965 7.5877580940723472 6.5272150039672834 6.0864999443292609 4.4129263162612915 7.3252200484275818 5.6989032626152039 6.5439676046371487 5.0053894519805935 8.6295717209577578 7.6968683004379264 11.994056388735775 4.646852642297743 78.657936096191406 14.697525843977926 5.8098130375146884 7.1954070478677732 7.4465880841016761 6.9143029898405084 32.776741668581963 4.284948356449604 4.3753252923488617 4.3861227631568909 4.6046708822250366 3.1090807467699051
leaf_count=10 13 19 23 32 28 32 33 28 26 20 32 28 29 24 38 35 52 21 344 67 27 33 33 30 143 21 20 20 20 21
internal_value=0 -0.000209146 -0.00492462 -0.0162673 -0.000752191 0.00119479 0.0025115 0.00704506 -0.00012697 0.0208117 0.00819892 -0.0119811 0.00162273 0.0104484 0.00324934 -0.00436094 0.000332005 -0.00212027 -0.000670253 -0.00438406 0.00756733 0.0175656 -0.000738898 0.00713081 0.00800147 -4.90888e-05 -0.0235498 0.000914413 0.0326346 -0.0338499
internal_weight=0 287.426 65.9423 17.7336 48.2087 221.484 41.9309 31.9396 20.9995 10.9401 14.913 9.99133 218.484 27.8758 21.3318 16.3264 190.608 142.359 133.337 93.3555 48.2498 21.8948 26.3549 18.9084 39.9811 10.0948 9.02218 8.96906 11.8001 8.76458
internal_count=1302 1292 310 96 214 982 186 139 91 48 65 47 969 126 97 73 843 627 586 411 216 101 115 82 175 48 41 43 53 53
is_linear=0
shrinkage=0.03


Tree=67
num_leaves=30
num_cat=0
split_feature=14 18 9 7 3 27 23 9 28 23 16 18 5 9 11 6 28 28 5 28 14 9 22 9 28 14 28 27 9
split_gain=2.51949 1.9993 3.30317 5.73586 3.59862 3.10917 2.89195 3.31058 3.73869 3.70727 3.65483 2.74888 2.61416 4.9686 4.34128 3.54744 4.65698 4.51605 5.05444 4.2181 6.14818 4.34419 4.8634 3.37325 3.26945 2.51239 2.21726 2.19791 0.954751
threshold=0.020619062145664963 0.042386829971569846 1.2044516112090069 -10518.052125347751 662.82500000000016 0.0018381802914473209 -1.253654085504081 0.75815824902129758 0.95916219292531024 0.18514912615006554 1.0000000180025095e-35 0.11161691503002037 13246.478653065218 0.78223744559113018 0.0051396119004726301 2946.6737862789782 1.4032526504384497 0.67738296862158809 1941.0187268090642 1.0064968150577711 0.38074231917384999 1.4169570490197727 62.472740041578824 1.1922557157737754 1.04346632213277 0.51941388734394034 1.3768311805203199 0.0050824457686340103 1.687423526389275
decision_type=2 2 2 2 2 2 2 2 2 2 2 2 2 2 2 2 2 2 2 2 2 2 2 2 2 2 2 2 2
left_child=-1 5 4 27 6 -2 11 8 10 -9 -8 -3 15 -14 24 16 17 -7 -19 21 23 22 -17 -21 -15 -18 -22 -4 -5
right_child=1 2 3 28 -6 12 7 9 -10 -11 -12 -13 13 14 -16 19 25 18 -20 20 26 -23 -24 -25 -26 -27 -28 -29 -30
leaf_value=0.038211644450982914 -0.029278434129481886 0.0064137155364242708 -0.013674286666763704 -0.040837659371274863 -0.021952700420886928 -0.02589730326614377 -0.0065997045272664775 0.034689501720978975 -0.019966386253840819 -0.00095192622751736624 0.023139464415536496 -0.025431912155639409 0.033137256060791251 0.028304106633403148 -0.015137255018536752 -0.0081668174874039053 -0.0076767333087564664 -0.0037315993701653415 0.0088987894828262328 -0.014900379040373869 0.042430807236185364 -0.020157163652264849 0.02228737667406832 0.020238374858863314 -0.00098676510341027808 -0.039455244076924807 0.015697511354794653 0.016067495825073379 -0.019992195126098955
leaf_weight=1.544857084751128 2.9791814237833014 4.2935099154710752 4.5670236572623271 5.5440505072474462 6.2558107525110236 6.0852938145399085 7.5916394442319923 6.4882405400276166 6.0698818415403357 4.413022369146347 7.2913174033164978 5.649300754070282 6.4974723905324963 6.652032747864725 7.5340740680694571 9.5215339660644585 4.6482025980949384 83.963171973824501 43.180563166737556 5.8166403621435183 7.1027271300554258 7.4257845133543006 9.3575640171766263 4.2591885328292847 7.0800073891878128 4.3199806064367294 4.601018488407135 4.3817590028047562 3.0738604292273521
leaf_count=10 13 19 23 32 28 27 33 28 26 20 32 28 29 29 35 41 21 365 194 27 33 33 41 21 33 20 20 20 21
internal_value=0 -0.000203361 -0.00480162 -0.0159339 -0.00073197 0.0011618 0.00244417 0.00685293 -0.000123086 0.0202612 0.00796983 -0.0116803 0.00157771 0.0101772 0.00316223 0.000322975 -0.002059 -0.00065042 0.000557934 0.00736704 0.017132 -0.000718035 0.00692803 -4.67547e-05 0.0132022 -0.0229845 0.0319213 0.000888736 -0.0334024
internal_weight=0 286.644 65.6194 17.5667 48.0527 221.024 41.7969 31.8541 20.9528 10.9013 14.883 9.94281 218.045 27.7636 21.2661 190.282 142.197 133.229 127.144 48.0845 21.7796 26.3049 18.8791 10.0758 13.732 8.96818 11.7037 8.94878 8.61791
internal_count=1302 1292 310 96 214 982 186 139 91 48 65 47 969 126 97 843 627 586 559 216 101 115 82 48 62 41 53 43 53
is_linear=0
shrinkage=0.03


Tree=68
num_leaves=21
num_cat=0
split_feature=28 14 18 9 7 24 11 27 27 27 23 4 14 12 4 28 27 10 12 9
split_gain=1.98878 2.39859 2.07727 3.14661 5.52824 3.41857 3.02577 2.64741 3.50934 3.30735 3.51663 2.28315 2.22255 4.23385 4.5481 4.47546 2.07246 1.88793 1.79596 0.938715
threshold=0.55373227733525521 0.020619062145664963 0.042386829971569846 1.2044516112090069 -10518.052125347751 -1.472289777315271 -0.0074960725816500253 0.001904503616376698 0.0020752809010757688 0.0023618755624484704 1.5398751861042117 4558285.0000000009 0.64909098230866169 -0.0093711301549564401 7382232.0000000009 0.95837547093312014 0.0050824457686340103 -0.00021795678511932201 0.0057588837761409781 1.687423526389275
decision_type=2 2 2 2 2 2 2 2 2 2 2 2 2 2 2 2 2 2 2 2
left_child=-1 -2 6 5 16 17 -3 -8 -9 10 -10 -11 13 14 -7 -15 -5 -4 -14 -6
right_child=1 2 3 4 19 12 7 8 9 11 -12 -13 18 15 -16 -17 -18 -19 -20 -21
leaf_value=-0.029442600947965095 0.037914595970110092 0.023927380811583715 -0.0050372654661490863 -0.013310501514232687 -0.040436026719927479 0.0095379624180248809 -0.018685139223227558 0.020943289364811372 0.0010334282844890283 -0.0015980396436142544 -0.031457172391182564 0.0050288907465796083 -0.019341499363248114 0.041549124044346047 -0.03001130269209655 0.0072091301898148594 0.015602176485552002 -0.031247368114223257 0.004906895222703273 -0.019615967826394118
leaf_weight=2.0497207641601554 1.510767214000224 5.2447769418358794 5.8065517991781235 4.5513296425342578 5.4328264296054822 6.5437861084938032 6.0584151297807685 7.9787493497133246 6.2274011671543104 96.010135143995285 5.7817477136850357 91.269254982471466 5.8239556103944761 4.9831444323062923 4.3609529137611389 10.859021082520483 4.3771378397941589 4.3087357431650144 5.2065674811601639 3.0393591001629829
leaf_count=10 10 29 26 23 32 29 26 36 27 423 24 407 24 23 20 48 20 22 22 21
internal_value=0 0.000214037 1.33888e-05 -0.00468203 -0.015608 -0.000712339 0.00141605 0.000862588 0.00143397 0.000652889 -0.014609 0.00163155 0.00343512 0.00810807 -0.00627832 0.0180108 0.000863799 -0.0162018 -0.0078959 -0.0329669
internal_weight=0 285.375 283.864 65.2934 17.4007 47.8927 218.57 213.326 207.267 199.289 12.0091 187.279 37.7774 26.7469 10.9047 15.8422 8.92847 10.1153 11.0305 8.47219
internal_count=1302 1292 1282 310 96 214 972 943 917 881 51 830 166 120 49 71 43 48 46 53
is_linear=0
shrinkage=0.03


Tree=69
num_leaves=16
num_cat=0
split_feature=23 10 11 28 4 6 5 28 18 18 10 28 10 24 9
split_gain=1.90229 2.14916 2.42808 4.67771 4.18524 3.71029 2.80239 4.95617 3.0207 2.32464 3.35491 5.96279 3.77828 1.96006 1.58678
threshold=-4.9966573628102529 -0.012502735876605052 -0.0096160307107785985 1.2340631302689848 20472386.500000004 10836.607905774878 22851.467493678825 1.0970397602461808 -0.0083345785689715162 0.11161691503002037 -0.0027741641470874763 1.1419577537221475 -0.0024199833566011515 -0.72258715980224764 2.5138419673706847
decision_type=2 2 2 2 2 2 2 2 2 2 2 2 2 2 2
left_child=-1 -2 3 5 6 -3 9 8 -8 10 11 -4 -12 -11 -6
right_child=1 2 4 -5 14 -7 7 -9 -10 13 12 -13 -14 -15 -16
leaf_value=0.040956197658806287 -0.023513835600588333 0.0073419628541947675 8.4198029500917249e-05 -0.017229890083029033 -0.035038180984412866 0.041164173860464129 0.043917991932850522 -0.0060215185848312832 0.010986812388138093 -0.030965034316034781 -0.032411821726442448 0.030642683508128616 -0.00085909706477996532 -0.0042825709935952255 -0.0088957369574338974
leaf_weight=1.0171540081500996 3.4980753362178794 7.491261303424837 17.699962168931965 3.8903161585330954 4.0091559141874296 4.7827638983726501 4.4552334994077682 8.1288700997829419 5.7324402332305926 4.0283074676990509 3.4750997722148886 8.5097827762365323 199.38784895092249 6.4372133463621122 4.3644114583730698
leaf_count=6 17 36 80 20 21 24 22 38 27 20 15 39 881 35 21
internal_value=0 -0.000143353 0.000146143 0.0114356 -0.00053931 0.0205213 0.000138522 0.0114486 0.0253881 -0.000726312 -9.46204e-05 0.0100059 -0.0013996 -0.014553 -0.0214124
internal_weight=0 285.891 282.393 16.1643 266.228 12.274 257.855 18.3165 10.1877 239.538 229.073 26.2097 202.863 10.4655 8.37357
internal_count=1302 1296 1279 80 1199 60 1157 87 49 1070 1015 119 896 55 42
is_linear=0
shrinkage=0.03


Tree=70
num_leaves=17
num_cat=0
split_feature=28 14 28 14 22 3 9 22 26 26 3 13 10 27 26 28
split_gain=1.89117 2.305 1.9861 3.48919 4.38626 2.99738 2.33897 2.28806 2.03766 5.22727 4.80985 2.93559 4.26197 2.85886 4.03091 2.40118
threshold=0.55373227733525521 0.020619062145664963 1.3768311805203199 0.73306728764965878 26.969830192700176 601.62000000000012 0.75118776114119079 19.199164118304136 1.268571428571428 1.2949999999999997 659.92500000000007 0.0013329766794572542 0.0011722427692562045 0.0020531618580162361 1.5528571428571476 0.88155526850534016
decision_type=2 2 2 2 2 2 2 2 2 2 2 2 2 2 2 2
left_child=-1 -2 7 4 -4 -6 -7 -3 10 -10 11 15 -13 -11 -15 -9
right_child=1 2 3 -5 5 6 -8 8 9 13 -12 12 -14 14 -16 -17
leaf_value=-0.028877537299160001 0.037676663648520535 0.021766521518602554 -0.029590515621147121 -0.029919089502105419 0.025209135725895733 -0.017723024571822565 0.010236157089862434 -0.022088442445682029 0.032785380692259988 0.0203626748263579 -0.033579219806195382 0.027990966718875316 -0.0074668542731900255 -0.0082951245335185012 0.0023008904387971079 -0.00093742357524369301
leaf_weight=2.0262609869241706 1.47004835307598 4.597667545080184 4.1705301553011003 5.2086724340915671 4.6525665670633307 5.3328391760587674 5.4397764354944229 7.6464841961860683 4.71340787410736 6.5426121279597274 4.9489315152168265 5.9500779509544355 6.2614895552396774 40.221671901643276 164.30383512377739 13.117706581950186
leaf_count=10 10 23 21 24 22 24 24 35 20 30 22 25 28 178 751 55
internal_value=0 0.000208187 1.36307e-05 -0.00809499 -0.002294 0.0050862 -0.00360466 0.000792285 0.00041219 0.00153932 -0.0060009 -0.001862 0.00980994 0.00084156 0.000217094 -0.00872636
internal_weight=0 284.578 283.108 24.8044 19.5957 15.4252 10.7726 258.304 253.706 215.782 37.9247 32.9758 12.2116 211.068 204.526 20.7642
internal_count=1302 1292 1282 115 91 70 48 1167 1144 979 165 143 53 959 929 90
is_linear=0
shrinkage=0.03


Tree=71
num_leaves=20
num_cat=0
split_feature=3 6 25 3 24 17 10 13 5 4 15 22 10 11 14 13 13 13 11
split_gain=1.80634 7.28932 4.80632 4.79022 3.24788 3.00773 5.04311 4.06254 3.70832 5.76014 4.30893 4.4166 3.2858 2.99962 2.81033 2.7235 5.1555 4.69518 1.53934
threshold=461.76000000000005 535.57046849909921 -0.0075045787731804507 459.61000000000007 0.024887863129251581 21.23499965667725 -0.00033836314181218125 -0.0065664959450380525 22851.467493678825 17045940.000000004 -0.00032021798377526782 19.199164118304136 0.0022056092013819088 -0.0023097875258548113 0.060949598811354311 0.0054357656261055385 -0.00092941048239880686 0.0063495299316655993 0.0035293778980866057
decision_type=2 2 2 2 2 2 2 2 2 2 2 2 2 2 2 2 2 2 2
left_child=1 2 3 -1 -4 8 7 -7 10 12 -2 -12 -10 -3 -13 16 -16 -17 -8
right_child=5 13 4 -5 -6 6 18 -9 9 -11 11 14 -14 -15 15 17 -18 -19 -20
leaf_value=-0.0010146295264512185 -0.027204157498150732 0.012285629780616978 0.031692421287525363 -0.038853166423835885 -0.003220586554830629 -0.016813642724359229 -0.018161058824804163 0.01551782247894813 0.0040118963158450455 -0.010221604492417758 0.033544207160133614 0.027481055201980773 0.036499382053964163 0.045492782608473406 0.0012417779490814965 0.026009202122693687 -0.010019448006323468 0.0007428953548930656 -0.042720968284257109
leaf_weight=8.4818902164697629 5.4729661494493476 5.0838234126567841 4.5928749144077301 4.6684696227312097 5.0183659195899963 6.5501353777945042 5.9162652790546399 7.5058813616633433 4.3305988758802432 6.3206280618906012 3.4259586036205283 3.112614005804061 7.9373577684164047 4.7222886979579908 93.641476407647133 8.0310358405113202 60.052433952689171 37.655239716172218 3.7542801797389984
leaf_count=37 27 25 22 20 21 33 31 36 19 32 17 17 38 21 411 36 266 172 21
internal_value=0 0.00665366 -0.0026621 -0.0144476 0.0134631 -0.000851365 -0.0110209 0.000451287 0.000197806 0.0130443 -0.000931844 -0.000233571 0.0250313 0.0282771 -0.000805054 -0.00124664 -0.00315829 0.00518437 -0.0276957
internal_weight=0 32.5677 22.7616 13.1504 9.61124 253.707 23.7266 14.056 229.98 18.5886 211.392 205.919 12.268 9.80611 202.493 199.38 153.694 45.6863 9.67055
internal_count=1302 146 100 57 43 1156 121 69 1035 89 946 919 57 46 902 885 677 208 52
is_linear=0
shrinkage=0.03


Tree=72
num_leaves=14
num_cat=0
split_feature=28 10 11 13 28 18 11 4 10 6 6 24 26
split_gain=1.78115 1.8144 2.44749 4.20642 3.82671 3.80421 3.03408 2.47236 2.28938 3.12821 5.12579 1.57739 3.87252
threshold=0.55373227733525521 -0.012502735876605052 -0.0096160307107785985 -0.010801187059100823 0.99196345542162101 0.098376838585432572 -0.0074960725816500253 14321518.500000002 -0.0077700546191174493 38592.361696635264 16663.053837959513 -1.4181193490431847 2.179642857142857
decision_type=2 2 2 2 2 2 2 2 2 2 2 2 2
left_child=-1 -2 3 4 -3 6 -4 11 -8 10 -10 -7 -13
right_child=1 2 5 -5 -6 7 8 -9 9 -11 -12 12 -14
leaf_value=-0.0282226925097709 -0.020948896144335753 0.021652003459282251 0.031079103644174669 0.031402407511727855 -0.015443978529123721 -0.023198416352878323 0.031510436830948022 -0.036076471294754622 -0.00025861296269403069 -0.019474880326455314 0.021032997217313384 -0.020601372013405644 0.016043601815023106
leaf_weight=1.9981117844581593 3.6041314452886573 4.2885480076074618 2.934290960431098 6.1228217184543601 6.0101932436227798 4.3605206161737451 2.1089253872632971 3.5074243396520606 222.79038080573082 7.1180571764707556 10.663278758525847 5.0318774729967117 5.3601790964603424
leaf_count=10 18 21 16 31 31 23 10 21 987 33 49 27 25
internal_value=0 0.000201242 0.000473196 0.0117106 3.33642e-06 -0.000226132 0.000756018 -0.013437 0.000389376 0.00011656 0.000713907 -0.00805447 -0.00170005
internal_weight=0 283.901 280.296 16.4216 10.2987 263.875 245.615 18.26 242.681 240.572 233.454 14.7526 10.3921
internal_count=1302 1292 1274 83 52 1191 1095 96 1079 1069 1036 75 52
is_linear=0
shrinkage=0.03


Tree=73
num_leaves=21
num_cat=0
split_feature=3 6 25 3 24 11 17 10 13 5 4 15 22 10 26 17 17 26 26 14
split_gain=1.72528 6.90279 4.52597 4.54244 3.09167 2.88193 2.75739 4.75802 3.7849 3.52205 5.44958 4.07376 4.17217 3.15343 2.69251 4.15945 5.47059 4.02328 3.90715 1.4588
threshold=461.76000000000005 535.57046849909921 -0.0075045787731804507 459.61000000000007 0.024887863129251581 -0.0023097875258548113 21.23499965667725 -0.00033836314181218125 -0.0065664959450380525 22851.467493678825 17045940.000000004 -0.00032021798377526782 19.199164118304136 0.0022056092013819088 1.6100000000000019 15.235000133514406 15.569999694824221 1.6632142857142795 1.6939285714285739 0.42712592606333444
decision_type=2 2 2 2 2 2 2 2 2 2 2 2 2 2 2 2 2 2 2 2
left_child=1 2 3 -1 -4 -3 9 8 -8 11 13 -2 -13 -11 15 -14 -17 -16 -19 -9
right_child=6 5 4 -5 -6 -7 7 19 -10 10 -12 12 14 -15 17 16 -18 18 -20 -21
leaf_value=-0.00092454422764487042 -0.026537837599551126 0.011951835960217278 0.031005539029069114 -0.037824726075331744 -0.0031152413867821553 0.044612426008699226 -0.016192270433888298 -0.015892747887596561 0.015107740124401383 0.0038693354675804871 -0.009945270822792578 0.032760965129444299 0.017922435202298102 0.035762942913383208 0.023472792911218138 -0.039211643078785732 -0.0053874436898182594 -0.027079038545606463 0.0014715239872929269 -0.039396888377239599
leaf_weight=8.4810012578964216 5.4465935230255118 5.0616749972105026 4.5619750320911407 4.6478800326585779 5.0199026167392731 4.6794014424085599 6.5069364532828331 5.0517448261380178 7.4671639353036898 4.3262822180986422 6.2906893342733374 3.3887273073196402 6.1808460354804984 7.8575950264930725 7.2266679853200904 4.6422371566295615 58.977583862841129 4.4736861586570731 120.80909083783627 4.4878386184573174
leaf_count=37 27 25 22 20 21 21 33 25 36 19 32 17 27 38 34 20 260 19 542 27
internal_value=0 0.00651483 -0.0025467 -0.0139879 0.0131298 0.0276413 -0.000832406 -0.0106169 0.000533122 0.000169555 0.0127304 -0.000929477 -0.000251406 0.0244381 -0.000804369 -0.0055729 -0.00785554 0.0017075 0.00045202 -0.0269501
internal_weight=0 32.4518 22.7108 13.1289 9.58188 9.74108 253.134 23.5137 13.9741 229.62 18.4746 211.145 205.699 12.1839 202.31 69.8007 63.6198 132.509 125.283 9.53958
internal_count=1302 146 100 57 43 46 1156 121 69 1035 89 946 919 57 902 307 280 595 561 52
is_linear=0
shrinkage=0.03


Tree=74
num_leaves=16
num_cat=0
split_feature=10 11 28 18 6 10 6 6 28 4 28 14 17 28 27
split_gain=1.6959 2.3838 4.03112 3.42617 3.29712 2.58733 2.94539 4.6632 4.54933 2.376 2.31488 5.85722 2.46703 1.51498 2.16444
threshold=-0.012502735876605052 -0.0096160307107785985 1.2391615527943585 0.098376838585432572 10836.607905774878 -0.0077700546191174493 38592.361696635264 16663.053837959513 1.0231309891182812 14321518.500000002 1.3768311805203199 0.73306728764965878 16.110000610351566 1.1817326691745735 0.0050174157245191538
decision_type=2 2 2 2 2 2 2 2 2 2 2 2 2 2 2
left_child=-1 2 4 5 -2 -3 7 10 -9 13 12 -12 -7 14 -5
right_child=1 3 -4 9 -6 6 -8 8 -10 -11 11 -13 -14 -15 -16
leaf_value=-0.020482179431603537 0.0077825026001857121 0.032154427645159307 -0.015257063718238321 -0.013615600114042151 0.039708143019794889 0.0058018885521830535 -0.017589527998650732 0.00051573895295056835 0.038954666842939703 -0.035493806784059091 -0.00048191063833927353 -0.039385908624999612 -0.0013504777600809011 -0.023096230157649739 0.013904823706397174
leaf_weight=3.5915005356073371 7.7780081778764742 2.3024081885814658 3.8909466862678519 5.9318932220339793 4.6530485600233078 61.880534574389458 8.0965824574232084 5.5209469050168973 5.5635000020265579 3.433537431061267 13.797965034842493 4.6589713543653479 145.35201515257359 4.1526523754000655 4.5409794375300407
leaf_count=18 38 11 21 31 24 272 39 25 26 21 62 22 648 21 23
internal_value=0 0.000263887 0.0113915 -0.00042089 0.0197325 0.000500748 0.000203122 0.000811549 0.019809 -0.0130353 -0.000121485 -0.0103022 0.00078525 -0.00776282 -0.0016829
internal_weight=0 281.554 16.322 265.232 12.4311 247.173 244.871 236.774 11.0844 18.0591 225.689 18.4569 207.233 14.6255 10.4729
internal_count=1302 1284 83 1201 62 1105 1094 1055 51 96 1004 84 920 75 54
is_linear=0
shrinkage=0.03


Tree=75
num_leaves=17
num_cat=0
split_feature=28 14 28 14 14 6 28 10 28 16 12 28 10 10 14 14
split_gain=1.67475 2.10362 1.85346 3.10054 4.12859 2.57524 2.16762 4.0779 3.98713 3.50452 3.48144 3.13353 2.86195 4.23934 2.59624 1.40312
threshold=0.55373227733525521 0.020619062145664963 1.3768311805203199 0.73306728764965878 0.19895414623836513 403.84598729332009 1.1767391082969845 -0.012502735876605052 1.1636965972495468 1.0000000180025095e-35 -0.0088914538801016501 1.2431073582868992 -0.010030332978067989 -0.0085245257782327038 0.4629940903193156 0.43746109863885313
decision_type=2 2 2 2 2 2 2 2 2 2 2 2 2 2 2 2
left_child=-1 -2 6 4 -4 15 7 -3 12 11 -11 -8 -9 -14 -12 -6
right_child=1 2 3 -5 5 -7 9 8 -10 10 14 -13 13 -15 -16 -17
leaf_value=-0.027565188092726317 0.03707015595227478 -0.045060316525283563 -0.028534624421668184 -0.028709308022380864 0.0067223459644634182 0.019772348041300562 0.043101762788725698 0.044052197355901386 -0.023555829383642826 -0.015143609249874514 0.022906154078973621 0.0068298306184246694 -0.051513513836203138 0.00087613125105449083 -0.0038129989829142332 -0.017026826522973562
leaf_weight=1.9695961475372303 1.3854693584144104 1.8105879724025715 4.2509746402502122 5.0907751321792594 4.3968908786773664 6.2058557569980612 4.1985503211617488 1.3690196126699437 6.2141783758997908 7.147806383669379 7.2508492767810804 4.3794842660427094 1.3990685567259777 217.16682548075914 5.9659394025802612 4.561850517988205
leaf_count=10 10 8 22 24 20 29 22 7 30 37 33 21 7 974 28 20
internal_value=0 0.000194511 1.29597e-05 -0.00786999 -0.00240591 0.00491856 0.000764928 -0.000216976 0.000142047 0.00849865 0.00172345 0.0245833 0.000811622 0.000540778 0.0108454 -0.00537089
internal_weight=0 282.794 281.409 24.5063 19.4156 15.1646 256.902 227.96 226.149 28.9426 20.3646 8.57803 219.935 218.566 13.2168 8.95874
internal_count=1302 1292 1282 115 91 69 1167 1026 1018 141 98 43 988 981 61 40
is_linear=0
shrinkage=0.03


Tree=76
num_leaves=29
num_cat=0
split_feature=18 12 27 15 10 10 4 11 26 3 24 17 23 15 0 28 25 27 27 17 11 28 18 26 1 25 17 17
split_gain=1.65866 3.4589 3.12079 2.73253 3.33124 5.01056 3.23572 3.14515 4.1237 2.84476 4.1846 2.49031 5.9325 6.09213 3.73491 3.30614 4.21868 4.02637 2.48227 2.98261 2.37354 5.12893 4.95182 4.01956 3.33049 2.17576 1.92141 0.736023
threshold=-0.052931193152289939 -0.00020590307659329452 0.0049500420563872117 4.8717721419334936e-05 0.0067698850680695264 0.0039835136479114972 493484.50000000006 0.0068897411653384708 1.8635714285714351 461.63500000000005 1.0897018831978738 16.634999275207523 0.91332816024220176 -0.00010940875399689382 672.2650000000001 0.80892622692150928 0.020188330255185401 0.0019656770230840211 0.0033801006547005464 16.914999961853031 0.005359724047955817 1.1018938997871897 -0.12206806866968693 2.2275000000000027 610.18500000000006 0.31386024291503462 17.369999885559086 19.289999961853031
decision_type=2 2 2 2 2 2 2 2 2 2 2 2 2 2 2 2 2 2 2 2 2 2 2 2 2 2 2 2
left_child=1 2 -1 4 5 7 -5 11 -9 -8 25 15 13 -13 -14 16 -2 -17 19 -12 22 24 -3 -24 -22 27 -7 -11
right_child=3 20 -4 6 -6 26 9 8 -10 10 18 12 14 -15 -16 17 -18 -19 -20 -21 21 -23 23 -25 -26 -27 -28 -29
leaf_value=0.040626618323451602 0.039902534174887358 -0.034146619372438139 0.0079158061955110753 0.011579777956457062 -0.022905585901779223 0.035659346246674509 0.011566969489099207 0.0035055432978081656 -0.035523417075712951 -0.025510278677572353 -8.5833554637210593e-05 -0.01845990031372478 -0.022612565815012777 0.0065955998415420554 0.0040816202426926093 -0.024215796579060176 0.003995443530517436 0.0041507345706425971 0.01503594059205262 -0.031219422284866506 0.030600640365581681 -0.014971779754143134 -0.012774416684938096 0.020903348191700723 0.0032184335989418268 -0.0086575919246016011 0.0099657440626950543 -0.041388470207245939
leaf_weight=4.0301230698823911 5.0974718630313856 4.6428820490837124 7.5286542251706123 6.4440561383962622 5.341382071375846 4.6164677143096906 4.2358350157737723 4.7188995927572233 5.0372459441423416 5.1893548071384448 7.7339240312576312 10.557930715382097 17.390413321554664 50.551946982741356 6.4731344506144515 4.8519286960363379 6.9733257591724396 62.698772221803665 4.4265608042478553 4.3141902387142181 7.6671711951494279 6.6778454631566992 7.2898797988891584 5.6707354635000229 8.3531334549188596 4.5190181881189337 6.0554347932338715 5.3220511972904205
leaf_count=23 24 20 38 28 24 20 19 20 22 26 35 56 77 231 28 21 30 266 20 22 39 33 33 27 39 24 28 29
internal_value=0 0.0048539 0.0193209 -0.0010794 0.000451445 0.00112573 -0.00798752 -9.56724e-05 -0.0166457 -0.0115155 -0.0146189 0.000885309 -0.00268671 0.00226677 -0.0153716 0.00469743 0.0191589 0.00211327 -0.00417567 -0.0112342 0.000704681 0.00711622 -0.00756244 0.00196082 0.0163233 -0.0260656 0.0210803 -0.0335496
internal_weight=0 51.8604 11.5588 232.549 190.364 185.023 42.185 174.351 9.75615 35.7409 31.5051 164.595 84.9734 61.1099 23.8635 79.6215 12.0708 67.5507 16.4747 12.0481 40.3016 22.6982 17.6035 12.9606 16.0203 15.0304 10.6719 10.5114
internal_count=1302 252 61 1050 847 823 203 775 42 175 156 733 392 287 105 341 54 287 77 57 191 111 80 60 78 79 48 55
is_linear=0
shrinkage=0.03


Tree=77
num_leaves=31
num_cat=0
split_feature=12 10 6 17 1 12 10 17 24 6 23 28 13 5 1 4 13 28 5 22 23 25 22 22 18 23 15 10 11 11
split_gain=1.63762 6.21134 2.61773 5.53028 5.07485 4.55464 8.58 5.44031 4.84777 4.39938 4.12815 5.08971 3.82851 3.8089 3.74367 5.45531 3.59295 3.56917 3.59806 5.90368 4.43692 3.37145 6.23701 3.34725 2.95282 5.34399 4.85216 5.0477 2.75936 2.66125
threshold=0.014677062010174049 0.0015223103833789111 3020.52621961569 19.664999961853031 463.68500000000006 -0.0052308041733565838 -0.00072860313584993664 16.634999275207523 0.9083915831656405 3725.4220497034526 2.1023172612920011 0.99896671050374397 -0.0018835942938039694 6208.1888624205239 472.5750000000001 4620382.5000000009 0.002380463485261775 1.3684252794969931 2756.4898232811402 73.484875429810117 2.3462243407345231 -0.40758570584971937 56.342537713526291 38.936592732519905 -0.0029418335277137659 -1.9392841139083428 -1.4681822082716336e-05 -0.0045835988755433812 -0.0043010122371759376 0.00024639103073897944
decision_type=2 2 2 2 2 2 2 2 2 2 2 2 2 2 2 2 2 2 2 2 2 2 2 2 2 2 2 2 2 2
left_child=2 -2 3 5 -5 6 28 17 14 -4 11 12 21 -10 -9 -16 -14 18 20 -20 -7 -11 -23 -8 25 -13 -26 -28 -1 -12
right_child=1 -3 9 4 -6 7 23 8 13 10 29 24 16 -15 15 -17 -18 -19 19 -21 -22 22 -24 -25 26 -27 27 -29 -30 -31
leaf_value=0.002961177988072084 -0.011457899603392916 0.02279616499101635 0.031804014070022042 0.0084237059676914826 -0.021670650918413165 -0.0043583934402571774 0.033525277098241858 0.012528036529325801 -0.030216380652294914 0.02150379313312914 0.035412727772209461 -0.0066626117498796078 -0.044406700436420525 0.0010161715878257494 -0.02964862424227967 0.0060367454859028922 -0.0077341541287151263 -0.025264937641983648 0.02141873562792344 -0.0069446284534571308 0.023053015983179763 -0.026927919070135004 0.014380736609346211 0.0066487039342571184 0.018469352926420404 0.033756847408106187 0.011363834128232204 -0.028975920580168433 -0.027727737490159061 0.0036468725596435691
leaf_weight=5.9361347481608391 8.2260719090700167 11.321499630808828 4.8508636727929106 6.5632353872060802 21.773266993463039 50.876521468162537 11.03072312474251 9.2728851437568682 14.505767717957498 4.2106923088431385 5.0762578099966031 4.6872861459851265 4.6484725177288038 4.6377544850110999 7.6197866499423963 7.8044510409235954 4.9806830585002899 4.2513868212699881 18.8638278990984 10.162908479571341 5.9343778043985358 7.6911066025495547 5.7480445355176926 6.70571644604206 7.7009317129850414 7.9151974692940694 4.7600738704204559 6.7511386871337908 4.7443314269185084 4.4581891745328903
leaf_count=29 35 55 23 31 111 219 52 42 64 20 22 24 20 20 34 36 22 21 86 46 25 36 26 30 35 40 24 33 21 20
internal_value=0 0.00838126 -0.000617521 -0.00247137 -0.0147003 -0.000336896 0.0105719 -0.0026515 -0.011319 0.00419334 0.00224173 -0.000713736 -0.0102219 -0.0226499 -0.00253599 -0.0115923 -0.0254378 0.00156641 0.00289532 0.0114881 -0.00149504 -0.00192061 -0.00925984 0.0233639 0.00743891 0.0187235 3.66152e-05 -0.0122948 -0.010671 0.0205594
internal_weight=0 19.5476 264.162 190.683 28.3365 162.347 28.4169 133.93 43.8406 73.4789 68.6281 59.0936 27.279 19.1435 24.6971 15.4242 9.62916 90.089 85.8376 29.0267 56.8109 17.6498 13.4392 17.7364 31.8146 12.6025 19.2121 11.5112 10.6805 9.53445
internal_count=1302 90 1212 867 142 725 132 593 196 345 322 280 124 84 112 70 42 397 376 132 244 82 62 82 156 64 92 57 50 42
is_linear=0
shrinkage=0.03


Tree=78
num_leaves=18
num_cat=0
split_feature=12 10 10 17 12 24 23 6 17 24 22 9 15 25 10 13 28
split_gain=1.54527 5.87399 2.53139 3.76842 3.36329 5.75824 2.48675 3.30052 5.57179 3.06541 2.70963 3.1845 5.14484 4.94803 2.44002 1.62082 1.39363
threshold=0.014677062010174049 0.0015223103833789111 0.0067698850680695264 19.289999961853031 0.011052108394322137 0.9083915831656405 2.4105088407906696 971.34563315201751 16.355000495910648 2.3131624333302185 79.262366864255142 0.63353968785102077 1.0000000180025095e-35 0.11843606234697336 0.00048456601694646389 0.0034757992490975225 0.88342618859742106
decision_type=2 2 2 2 2 2 2 2 2 2 2 2 2 2 2 2 2
left_child=2 -2 4 -4 6 -6 9 8 -8 10 11 13 -13 -1 -7 -3 -12
right_child=1 15 3 -5 5 14 7 -9 -10 -11 16 12 -14 -15 -16 -17 -18
leaf_value=0.00014731678241757226 -0.011096271234790556 0.031533502550054528 0.00052578078547200981 -0.03463639656055878 0.0099532007811897333 -0.012161673112101907 0.025487199697412432 0.029125106265251451 -0.016661355476612762 -0.023573381252346495 0.004404876986824199 0.0067244765913040752 -0.004960596940935153 -0.018011162375769454 -0.042033808673170553 0.0082982734879257468 0.028500688756479681
leaf_weight=40.749668926000595 8.23913222551346 6.7545431703329069 6.3948884755372983 4.8037901669740677 5.9352570474147788 4.8071398586034757 5.0869318693876284 6.313381925225257 6.3418383821845055 4.8392372429370871 4.1294568777084333 89.720694154500961 54.518195498734713 20.200800940394402 5.0422854125499725 4.5035115405917168 4.5301159173250198
leaf_count=181 35 32 30 24 28 21 22 28 28 22 18 414 262 90 22 23 22
internal_value=0 0.00815205 -0.000600664 -0.0145574 1.90335e-05 -0.0133886 0.00091416 0.0117159 0.00209892 3.78123e-05 0.000572116 -0.000121619 0.00230785 -0.00587094 -0.0274543 0.0222388 0.0170102
internal_weight=0 19.4972 263.414 11.1987 252.215 15.7847 236.43 17.7422 11.4288 218.688 213.849 205.189 144.239 60.9505 9.84943 11.2581 8.65957
internal_count=1302 90 1212 54 1158 71 1087 78 50 1009 987 947 676 271 43 55 40
is_linear=0
shrinkage=0.03


Tree=79
num_leaves=19
num_cat=0
split_feature=26 26 3 4 27 26 26 25 26 17 25 26 3 13 10 28 24 13
split_gain=1.5418 5.01761 4.53046 2.88767 2.93429 3.55402 4.25219 3.81144 5.56722 4.20983 3.66444 3.53044 3.11569 2.87251 4.2258 2.23043 3.06541 1.02387
threshold=1.268571428571428 1.2949999999999997 659.92500000000007 294218.00000000006 0.0020531618580162361 1.6100000000000019 1.6632142857142795 0.2268611655033185 1.4724999999999928 15.144999980926515 0.13670360636257353 1.6939285714285739 460.63000000000005 0.0013329766794572542 0.0011722427692562045 0.88155526850534016 0.53647944823613869 -0.0010962056752154556
decision_type=2 2 2 2 2 2 2 2 2 2 2 2 2 2 2 2 2 2
left_child=2 -2 13 -3 -5 7 17 9 -9 -6 -11 -8 -13 15 -15 -1 -17 -7
right_child=1 3 -4 4 5 6 11 8 -10 10 -12 12 -14 14 -16 16 -18 -19
leaf_value=-0.021446408902213766 0.031709893932738466 0.045134744761151466 -0.032569261012129751 0.019990105764282295 0.026109436533136528 0.033116849801226367 -0.024934573435749095 -0.038079638474730768 0.0027851152765065649 -0.011493291564287073 0.016300181549154347 0.025791972404906813 0.00040224565294700383 0.027532908833245062 -0.0075786380750545905 -0.017809817878299404 0.011139471505919018 0.012047011599904947
leaf_weight=7.5471728742122677 4.6603373140096656 1.2848114818334568 4.8885313868522635 6.4544557407498351 4.0209312289953223 4.0467081516981125 4.8343449532985678 7.6487478762865049 4.9371642619371414 24.313623197376732 5.1787501275539389 4.4653804451227179 168.23055340722203 6.123782739043234 6.2168134972453117 5.6969302445650083 7.7980840653181076 4.2616270035505277
leaf_count=35 20 6 22 30 18 20 21 34 22 110 23 23 787 26 28 24 33 20
internal_value=0 0.000879483 -0.00559635 0.00028001 3.82658e-05 -0.000516962 0.00133262 -0.00797314 -0.0220493 -0.00268684 -0.00661286 0.000350918 0.00105875 -0.00164648 0.00984479 -0.00838575 -0.00108149 0.0223094
internal_weight=0 244.337 38.2713 239.677 238.392 231.938 185.839 46.0992 12.5859 33.5133 29.4924 177.53 172.696 33.3828 12.3406 21.0422 13.495 8.30834
internal_count=1302 1134 168 1114 1108 1078 871 207 56 151 133 831 810 146 54 92 57 40
is_linear=0
shrinkage=0.03


Tree=80
num_leaves=30
num_cat=0
split_feature=18 11 13 6 17 5 1 15 10 10 13 12 28 4 3 24 12 17 28 15 10 27 17 25 14 17 27 27 17
split_gain=1.50751 3.38819 4.96158 4.02691 3.38126 3.13959 3.58209 2.5404 3.06747 4.63072 2.95265 3.30209 5.05525 2.94055 2.59797 3.96457 2.51276 2.59032 3.91598 3.55781 2.38142 2.32623 2.80566 2.08663 1.87129 1.8052 1.70039 1.61329 0.73944
threshold=-0.052931193152289939 -0.00076064133247166754 -0.0012538495919309221 1081.8669030444896 19.015000343322757 212.29429958527354 610.18500000000006 4.8717721419334936e-05 0.0067698850680695264 0.0039835136479114972 0.0063495299316655993 -0.004247125359802483 0.98330228356534155 493484.50000000006 461.63500000000005 1.0897018831978738 -0.020973766397301249 16.634999275207523 0.81608376526774473 -0.00013158980692533188 0.0028971238230117717 0.0033801006547005464 16.914999961853031 0.31386024291503462 0.95608084425883544 17.369999885559086 0.0070299183931229895 0.0036322634347289899 19.289999961853031
decision_type=2 2 2 2 2 2 2 2 2 2 2 2 2 2 2 2 2 2 2 2 2 2 2 2 2 2 2 2 2
left_child=1 -1 24 4 5 -4 27 8 9 10 16 -12 -13 -9 -15 23 -2 18 -18 -19 -8 22 -17 28 -3 -11 -6 -7 -16
right_child=7 2 3 -5 26 6 20 13 -10 25 11 12 -14 14 15 21 17 19 -20 -21 -22 -23 -24 -25 -26 -27 -28 -29 -30
leaf_value=0.032928787376135492 0.029921256928427519 -0.0037369945402984032 -0.0145352063040273 0.030223021429180843 -0.023945122995469685 0.015774256201502135 0.016375129021229739 0.010968365194745212 -0.0221366630163757 0.034617240566735992 0.0052155013139843628 -0.035951718675884294 0.0005442346629460636 0.011005784229351586 -0.024725063775361138 -2.186842486944421e-05 0.019995677826840631 -0.022261598030194819 0.0017032183192749416 -0.00088245863366951457 -0.01329020881871939 0.014746647325368754 -0.030473254607646771 -0.0082775114698331095 -0.030642947314420854 0.0095750549175801294 0.0012407583065659623 0.040828605771196777 -0.04080900933122672
leaf_weight=3.5494347289204589 2.7278620749711981 4.6805522441863996 4.052582040429118 5.8487294241785994 4.9645586162805539 4.775668531656267 4.9753171354532224 6.399859443306922 5.2635959088802329 4.5555281490087491 7.717226296663287 7.4859448671340925 6.2825504094362259 4.200948402285575 5.1070155054330844 7.6866297870874423 12.604284524917601 7.8572440892457953 64.084273338317871 64.633328840136528 4.7707956433296204 4.386821135878562 4.2170584052801132 4.469411425292491 4.6254438161849976 6.0068136751651764 4.693273738026619 4.485676497220993 5.1836767792701721
leaf_count=20 16 21 19 32 22 24 24 28 24 20 35 32 27 19 26 35 57 44 274 290 24 20 22 24 20 28 22 24 29
internal_value=0 0.00464783 0.00255098 0.00729519 0.00319655 0.00943789 0.0145492 -0.00103209 0.000444372 0.00109049 -8.42796e-05 -0.0104937 -0.0192987 -0.00773951 -0.0111359 -0.0141315 0.00138803 0.000866272 0.00470971 -0.00319974 0.00185372 -0.00392773 -0.0108097 -0.0253933 -0.0171103 0.0203757 -0.0117059 0.0279092 -0.0328269
internal_weight=0 51.422 47.8726 38.5666 32.7179 23.06 19.0075 230.87 189.219 183.955 173.393 21.4857 13.7685 41.6514 35.2516 31.0506 151.907 149.179 76.6886 72.4906 9.74611 16.2905 11.9037 14.7601 9.306 10.5623 9.65783 9.26135 10.2907
internal_count=1302 252 232 191 159 115 96 1050 847 823 775 94 59 203 175 156 681 665 331 334 48 77 57 79 41 48 44 48 55
is_linear=0
shrinkage=0.03


Tree=81
num_leaves=16
num_cat=0
split_feature=26 26 3 27 27 27 14 4 18 13 10 23 28 24 17
split_gain=1.52957 4.68627 4.3061 2.72362 3.09276 2.75587 2.70031 2.8708 2.92007 2.67744 3.9722 2.53967 2.1361 2.87776 1.95275
threshold=1.268571428571428 1.2949999999999997 659.92500000000007 0.0020752809010757688 0.0023065171618634286 0.002472258064986362 0.07942722437433207 294218.00000000006 0.053714916987061108 0.0013329766794572542 0.0011722427692562045 1.5398751861042117 0.88155526850534016 0.53647944823613869 21.23499965667725
decision_type=2 2 2 2 2 2 2 2 2 2 2 2 2 2 2
left_child=2 -2 9 -3 11 -6 14 -8 -9 12 -11 -5 -1 -14 -7
right_child=1 3 -4 4 5 6 7 8 -10 10 -12 -13 13 -15 -16
leaf_value=-0.021074662877530757 0.030806881479562839 0.01850510461388884 -0.031993672417625629 -0.0010364646761572812 0.022936145838003578 0.030315914325967381 0.044415308499055249 0.000806773952525853 -0.0080624776321412458 0.026588696090150615 -0.0075153391852344252 -0.031207841068107173 -0.017319466031525389 0.010740718429395297 0.0021666400697406647
leaf_weight=7.5064027607440975 4.619171440601348 7.1731172278523436 4.8498003110289565 4.8861654102802259 4.8089223057031623 4.4178404062986356 1.2607746869325627 164.74244325608015 41.907532125711441 6.091754272580145 6.2040780410170555 5.1651806905865669 5.6933453977107984 7.7903758585453033 4.4541739858686924
leaf_count=35 20 34 22 21 21 24 6 754 208 26 28 22 24 33 24
internal_value=0 0.000877817 -0.00558382 0.000298931 -0.000264846 0.000473432 -2.48611e-05 -0.000716514 -0.000991864 -0.00173588 0.00938091 -0.0165409 -0.00824799 -0.00110737 0.0161836
internal_weight=0 243.435 38.1358 238.816 231.643 221.592 216.783 207.911 206.65 33.286 12.2958 10.0513 20.9901 13.4837 8.87201
internal_count=1302 1134 168 1114 1080 1037 1016 968 962 146 54 43 92 57 48
is_linear=0
shrinkage=0.03


Tree=82
num_leaves=31
num_cat=0
split_feature=12 10 6 17 1 12 10 17 24 6 11 22 18 28 12 28 5 1 4 28 5 22 23 22 11 3 25 22 10 10
split_gain=1.51125 5.55426 2.47321 4.9858 4.69621 4.34041 7.95799 4.94254 4.39549 4.18776 3.99358 6.41203 5.05275 4.36641 5.06888 4.89727 3.6397 3.49497 5.08048 3.36135 3.40268 5.55831 4.07738 3.21143 2.64866 2.23985 2.21334 5.04663 1.81641 1.80974
threshold=0.014677062010174049 0.0015223103833789111 3020.52621961569 19.664999961853031 463.68500000000006 -0.0052308041733565838 -0.00072860313584993664 16.634999275207523 0.9083915831656405 3725.4220497034526 0.0026696059177798719 68.211481280746426 -0.011990840482336172 0.99896671050374397 -0.0064222840810321249 1.2542914953459856 6208.1888624205239 472.5750000000001 4620382.5000000009 1.3684252794969931 2756.4898232811402 73.484875429810117 2.3462243407345231 38.936592732519905 -0.0043010122371759376 466.26000000000005 -0.43304594930942031 40.817539364992136 -0.0012368435333283132 -0.00087722186921690415
decision_type=2 2 2 2 2 2 2 2 2 2 2 2 2 2 2 2 2 2 2 2 2 2 2 2 2 2 2 2 2 2
left_child=2 -2 3 5 -5 6 24 19 17 -4 11 13 -12 26 15 -15 29 25 -19 20 22 -22 -7 -8 -1 -9 -11 -28 -16 -10
right_child=1 -3 9 4 -6 7 23 8 16 10 12 -13 -14 14 28 -17 -18 18 -20 -21 21 -23 -24 -25 -26 -27 27 -29 -30 -31
leaf_value=0.0032385703806659259 -0.010609840889975387 0.021860969313984565 0.031208021264216085 0.008186091731666718 -0.020849089034779215 -0.004329571566223522 0.032741016289719461 -0.0038254834100011135 -0.012975480032119572 0.0075010884610855512 0.015001979576937404 0.034858318076037918 -0.026295739381245253 0.014204767602516986 0.033369413860826556 -0.019684405597416296 0.001388285052722235 -0.028819139616907331 0.0057221866725132922 -0.024777442729291305 0.020803910630900611 -0.0068266461048613405 0.022077800212671729 0.0062851088573693667 -0.026895147135913341 0.025877046263053441 -0.041369196703356377 -0.0034090797519908426 0.009666808259097371 -0.036258262912944893
leaf_weight=5.9031064808368683 8.2369627952575701 11.171213701367376 4.7933151125907889 6.5380334705114391 21.500655792653561 50.700509369373322 10.909873172640802 4.2687706947326678 4.2919806391000757 6.0154209360480335 3.8980509787797919 6.0200310200452796 8.4384415447711927 8.2843341045081598 7.6118503734469414 7.1499744951724997 4.6053475290536872 7.5679112523794156 7.7641530483961105 4.2102017849683753 18.63350144028664 10.106409803032873 5.8717118203639975 6.6444858163595191 4.7276667281985301 4.916693702340126 4.3537212312221518 11.419634796679018 4.7104990333318728 10.017126217484474
leaf_count=29 35 55 23 31 111 219 52 20 20 28 20 26 39 43 35 36 20 34 36 21 86 46 25 30 21 22 20 53 22 44
internal_value=0 0.00808014 -0.000595924 -0.0024032 -0.0140787 -0.000371629 0.010322 -0.00263859 -0.0109429 0.00410722 0.00219413 0.00562224 -0.0132466 0.0020699 0.00996058 -0.00149446 -0.0218087 -0.00256035 -0.0113274 0.00139029 0.00268168 0.0110876 -0.00158871 0.0227272 -0.0101624 0.0120734 -0.00798201 -0.0138867 0.0243086 -0.0292747
internal_weight=0 19.4082 261.873 189.178 28.0387 161.139 28.1851 132.954 43.432 72.6953 67.902 55.5655 12.3365 49.5454 27.7567 15.4343 18.9145 24.5175 15.3321 89.5223 85.3121 28.7399 56.5722 17.5544 10.6308 9.18546 21.7888 15.7734 12.3223 14.3091
internal_count=1302 90 1212 867 142 725 132 593 196 345 322 263 59 237 136 79 84 112 70 397 376 132 244 82 50 42 101 73 57 64
is_linear=0
shrinkage=0.03


Tree=83
num_leaves=15
num_cat=0
split_feature=10 11 13 28 18 10 6 6 28 11 9 28 27 28
split_gain=1.47693 2.11958 3.86429 3.33571 3.04042 2.3405 2.6877 4.37901 3.96139 2.35593 2.22085 2.44162 2.4822 1.9529
threshold=-0.012502735876605052 -0.0096160307107785985 -0.010801187059100823 0.99196345542162101 0.098376838585432572 -0.0077700546191174493 38592.361696635264 16663.053837959513 1.0231309891182812 -0.0074960725816500253 1.3207805937573081 1.1817326691745735 0.0050174157245191538 1.3116755706591714
decision_type=2 2 2 2 2 2 2 2 2 2 2 2 2 2
left_child=-1 2 3 -2 5 -3 7 9 -9 -7 11 12 -6 -11
right_child=1 4 -4 -5 10 6 -8 8 -10 13 -12 -13 -14 -15
leaf_value=-0.019316492127366552 0.020138752538143366 0.031028638594029743 0.030052009441144386 -0.015074893091334824 -0.013146446945215606 0.034083166851706474 -0.017021757685839523 0.0012451793342214933 0.037583255528219388 0.00054710689796651289 -0.032735448086987064 -0.025030689709823469 0.017875299267425 -0.0086962744169243895
leaf_weight=3.5167743712663642 4.1271294578909856 2.2349925339221945 5.9328095167875281 5.8568472787737846 4.777384355664255 1.79618340730667 7.9008055552840224 5.3968407958745939 5.4032231047749519 197.78244042396545 3.8053604513406745 4.4821553230285636 4.5155171602964401 22.95921279489994
leaf_count=18 21 11 31 31 23 10 39 25 26 888 28 23 22 106
internal_value=0 0.000247996 0.0108764 -0.000518441 -0.000400028 0.000469957 0.000186841 0.000769523 0.019425 -0.00013585 -0.0124486 -0.00684432 0.00192734 -0.000414292
internal_weight=0 276.971 15.9168 9.98398 261.054 243.474 241.239 233.338 10.8001 222.538 17.5804 13.7751 9.2929 220.742
internal_count=1302 1284 83 52 1201 1105 1094 1055 51 1004 96 68 45 994
is_linear=0
shrinkage=0.03


Tree=84
num_leaves=16
num_cat=0
split_feature=26 26 3 27 27 27 14 4 18 13 10 23 15 17 17
split_gain=1.45404 4.41249 4.09252 2.58457 2.89548 2.55529 2.51153 2.75236 2.66519 2.49412 3.74419 2.37562 2.03126 3.80314 1.82222
threshold=1.268571428571428 1.2949999999999997 659.92500000000007 0.0020752809010757688 0.0023065171618634286 0.002472258064986362 0.07942722437433207 294218.00000000006 0.053714916987061108 0.0013329766794572542 0.0011722427692562045 1.5398751861042117 -1.0000000180025095e-35 16.150000572204593 21.23499965667725
decision_type=2 2 2 2 2 2 2 2 2 2 2 2 2 2 2
left_child=2 -2 9 -3 11 -6 14 -8 -9 12 -11 -5 -1 -14 -7
right_child=1 3 -4 4 5 6 7 8 -10 10 -12 -13 13 -15 -16
leaf_value=0.0038136693234396722 0.030009144909404126 0.018100899470596867 -0.031278672127203914 -0.0010151165854584837 0.022188038893618419 0.029519223090343032 0.043887670784778225 0.0007674295607239314 -0.0077390138446903475 0.025808697741542028 -0.0073511548940701967 -0.03022756561739464 0.00092445157523943949 -0.031685923039263306 0.0021371936765050988
leaf_weight=8.0643296092748624 4.5850732475519171 7.1180742383003226 4.821541339159011 4.8782990276813489 4.7675846815109244 4.3425099700689298 1.2395165115594853 164.09600350260735 41.541186213493347 6.0622377097606641 6.1976971998810768 5.1508364602923393 6.4345778524875659 6.4400025904178619 4.4072636924684048
leaf_count=35 20 34 22 21 21 24 6 754 208 26 28 22 28 29 24
internal_value=0 0.000859147 -0.00545148 0.000296488 -0.000253514 0.000463868 -1.64613e-05 -0.00068232 -0.000950974 -0.00170054 0.00904558 -0.0160183 -0.0079925 -0.0153876 0.0157269
internal_weight=0 242.126 38.0204 237.541 230.423 220.394 215.626 206.877 205.637 33.1988 12.2599 10.0291 20.9389 12.8746 8.74977
internal_count=1302 1134 168 1114 1080 1037 1016 968 962 146 54 43 92 57 48
is_linear=0
shrinkage=0.03


Tree=85
num_leaves=31
num_cat=0
split_feature=12 10 6 17 1 12 10 17 24 6 23 28 14 5 25 25 28 5 17 23 22 15 27 26 13 9 9 11 11 10
split_gain=1.41476 5.27319 2.33182 4.604 4.42535 4.12023 7.56594 4.64483 4.15062 3.99486 3.81314 4.37977 3.68894 3.46791 3.40469 9.56223 3.12188 3.23255 5.31299 3.85808 3.06981 2.77058 2.74761 6.57475 4.02652 2.60413 6.18905 2.45328 2.43537 1.74853
threshold=0.014677062010174049 0.0015223103833789111 3020.52621961569 19.664999961853031 463.68500000000006 -0.0052308041733565838 -0.00072860313584993664 16.634999275207523 0.9083915831656405 3725.4220497034526 2.1023172612920011 0.99896671050374397 0.75814498125849938 6208.1888624205239 0.40753299575308227 0.11384244291048219 1.3684252794969931 2756.4898232811402 16.285000801086429 2.3462243407345231 38.936592732519905 0.00010839881139575393 0.00492927135818265 2.1471428571428581 0.011266685766189001 1.4037875758016092 0.86952105110706868 -0.0043010122371759376 0.00024639103073897944 -0.00087722186921690415
decision_type=2 2 2 2 2 2 2 2 2 2 2 2 2 2 2 2 2 2 2 2 2 2 2 2 2 2 2 2 2 2
left_child=2 -2 3 5 -5 6 27 16 14 -4 11 12 25 29 15 -9 17 19 -19 -7 -8 22 23 -13 -24 26 -11 -1 -12 -10
right_child=1 -3 9 4 -6 7 20 8 13 10 28 21 -14 -15 -16 -17 -18 18 -20 -21 -22 -23 24 -25 -26 -27 -28 -29 -30 -31
leaf_value=0.0029946869551821438 -0.01034579419883638 0.021326411655021315 0.030580218548249639 0.0080025083364854456 -0.020229113137933109 -0.0042630147204332797 0.032087269055758767 0.0040485790000371813 -0.012532487573065153 -0.012916224367176569 0.034121533538125144 0.013920807189398211 -0.033162024507507847 0.0013741747124920542 0.017283616782675214 -0.044877076076034639 -0.024021525862240458 0.0010178615549326451 0.027905709998832819 0.021481993983091082 0.0061511920521712896 0.031300451929200793 0.019213899979665824 -0.033412442162583544 -0.015490937151139616 -0.018566385082836014 0.027376243374009217 -0.026078312502046983 0.0035355760063980556 -0.035489054235719339
leaf_weight=5.8702296987175941 8.2441872060298937 11.102359674870966 4.7562801092863074 6.5298489481210735 21.28892607241869 50.657407581806183 10.797643706202509 13.646691933274274 4.2692734152078637 8.5951016545295769 5.0185451209545118 5.6150749623775535 4.9013480171561232 4.602987900376319 5.9256694316864005 4.8812067359685889 4.1715059131383887 18.223533503711227 10.382228821516035 5.8430029004812232 6.6285558193922034 3.6931002251803866 12.944898657500746 4.9866774156689644 3.9199010729789725 7.5961990207433692 5.7104981914162627 4.7066604346036929 4.3946065604686737 9.9348566383123398
leaf_count=29 35 55 23 31 111 219 52 62 20 37 22 26 23 20 27 23 21 84 48 25 30 22 63 25 20 37 27 21 20 44
internal_value=0 0.00782986 -0.000578606 -0.00233508 -0.0136024 -0.000382672 0.0100731 -0.0025918 -0.0106597 0.0040081 0.00213229 -0.000743801 -0.00963532 -0.0212557 -0.00251037 -0.00884097 0.0013176 0.00255961 0.0107766 -0.00160059 0.0222217 0.00690457 0.00362435 -0.00834303 0.0111474 -0.00437034 0.00316769 -0.00994264 0.0198422 -0.0285891
internal_weight=0 19.3465 260.492 188.36 27.8188 160.541 28.0031 132.538 43.2607 72.1322 67.376 57.9628 26.8031 18.8071 24.4536 18.5279 89.2777 85.1062 28.6058 56.5004 17.4262 31.1597 27.4666 10.6018 16.8648 21.9018 14.3056 10.5769 9.41315 14.2041
internal_count=1302 90 1212 867 142 725 132 593 196 345 322 280 124 84 112 85 397 376 132 244 82 156 134 51 83 101 64 50 42 64
is_linear=0
shrinkage=0.03


Tree=86
num_leaves=24
num_cat=0
split_feature=10 12 27 6 28 15 22 18 15 16 9 17 1 7 11 28 17 11 11 27 15 3 28
split_gain=1.40927 2.08259 1.8321 1.82213 4.04139 4.35143 4.40377 4.10879 7.02928 4.02291 3.63727 3.07211 3.71915 3.5114 3.81955 4.05403 3.53308 3.18392 3.06895 3.04858 4.27106 3.04028 1.60938
threshold=-0.012502735876605052 -0.022502571435769333 0.0089409740749043683 3020.52621961569 0.99896671050374397 0.00063977553935797374 62.472740041578824 -0.0029418335277137659 -1.4681822082716336e-05 1.0000000180025095e-35 1.0905894824252649 19.664999961853031 463.68500000000006 12945.367838922708 -0.0055218680352582252 1.2306230592966638 17.735000610351566 0.0061156879478814217 -0.00020398227805729083 0.0058019090563977182 -1.0000000180025095e-35 660.16500000000008 1.1172203556586677
decision_type=2 2 2 2 2 2 2 2 2 2 2 2 2 2 2 2 2 2 2 2 2 2 2
left_child=-1 -2 3 11 5 6 18 21 -9 -8 -10 13 -13 14 -3 -16 17 -15 -5 22 -21 -6 -14
right_child=1 2 -4 4 7 -7 9 8 10 -11 -12 12 19 16 15 -17 -18 -19 -20 20 -22 -23 -24
leaf_value=-0.018945274267243201 0.029968645930494545 0.018403571982865786 -0.018458161847248886 -0.00087752594075977291 0.039829781199662871 -0.031265366730352018 -0.0076699133822038836 0.026361543181124693 -0.029973271662564492 0.026181959071814687 0.0052602985361070434 0.0092891630376212078 -0.039797993760451761 0.01159776817113323 -0.00088854481192888275 -0.019097270438556049 0.02978903815145225 -0.01763569481106288 -0.029206317128716196 -0.031342873814855392 0.0064538757967122018 0.0084465267099000669 -0.015488070447187269
leaf_weight=3.488561548292636 2.1049471274018279 8.3866690546274167 4.748534779995679 13.641334198415278 6.7713482677936572 4.0668934732675543 4.8500729054212544 7.4189928546547916 5.0957614928483945 9.0642106533050537 5.4650294557213783 6.77505034208298 5.2866126745939273 12.918693654239183 129.82087825238705 12.023705318570135 6.5929379016160956 4.5284545868635169 4.6030926257371929 4.0242230445146587 8.1200441047549194 4.7110434472560883 4.5693653598427773
leaf_count=18 13 38 24 64 37 20 21 33 24 41 29 32 30 60 580 57 33 22 20 20 40 22 24
internal_value=0 0.000242565 1.37693e-05 0.000340168 0.00468332 -0.0020274 0.00167013 0.0129346 0.00398154 0.0143823 -0.0117405 -0.00106489 -0.0101461 0.000434586 -0.00126889 -0.00243204 0.0110799 0.00401014 -0.00802492 -0.0161313 -0.00607076 0.0269537 -0.0285276
internal_weight=0 275.588 273.483 268.734 65.6878 36.2256 32.1587 29.4622 17.9798 13.9143 10.5608 203.047 28.7753 174.271 150.231 141.845 24.0401 17.4471 18.2444 22.0002 12.1443 11.4824 9.85598
internal_count=1302 1284 1271 1247 311 166 146 145 86 62 53 936 146 790 675 637 115 82 84 114 60 59 54
is_linear=0
shrinkage=0.03


Tree=87
num_leaves=20
num_cat=0
split_feature=26 26 3 27 26 25 9 22 14 12 23 24 14 2 17 18 14 17 26
split_gain=1.35938 4.17489 3.89489 2.47723 2.72674 7.90803 3.20759 3.02659 2.38565 3.60346 3.02258 2.61119 2.34871 2.86205 3.99122 3.23078 2.29698 1.82976 0.980733
threshold=1.268571428571428 1.2949999999999997 659.92500000000007 0.0020752809010757688 1.4646428571428529 0.2268611655033185 0.72881439370237344 85.305083052326935 0.88899735345930997 0.0020043795874410413 0.96478465200846142 0.53647944823613869 0.07942722437433207 670.48000000000013 18.119999885559086 -0.052931193152289939 0.97989343676948548 21.23499965667725 1.3650000000000013
decision_type=2 2 2 2 2 2 2 2 2 2 2 2 2 2 2 2 2 2 2
left_child=2 -2 8 -3 5 6 -5 12 9 10 11 -1 17 15 -15 -14 -9 -6 -8
right_child=1 3 -4 4 7 -7 18 16 -10 -11 -12 -13 13 14 -16 -17 -18 -19 -20
leaf_value=-0.0070203961757955569 0.029293067407880367 0.017798455870520077 -0.030608270107193643 -0.013709720445591154 0.029122785115392933 -0.036308420501128306 0.0031085059620081157 0.025235349908840316 -0.01661362232166843 0.019756892730723844 -0.026085064447190692 0.020964706977363988 0.0085659318138098604 -0.0040359138994091534 -0.035885424970119026 -0.0017134483567662511 -0.0002576996484054892 0.0015324282343249724 0.022086213459844711
leaf_weight=8.9106448069214874 4.5515008717775336 7.0520973205566397 4.7754463851451865 7.3438149988651338 4.2837675586342794 7.1316675394773474 4.9463227540254575 7.7662764340639097 7.4161813706159583 7.7746203094720832 4.4658680558204642 4.5243359357118598 35.008475795388222 14.690844282507898 4.6657993942499152 128.61010648310184 5.3876548856496811 4.3704259693622589 4.8576319962739944
leaf_count=39 20 34 22 32 24 32 22 35 32 34 20 21 176 65 23 601 24 24 22
internal_value=0 0.000834027 -0.00528091 0.000285432 -0.000253737 -0.00975965 0.00128184 0.000873299 -0.00162593 0.00270316 -0.00470354 0.00240381 -8.22375e-05 -0.000804545 -0.011713 0.000485968 0.0147938 0.0151895 0.0125115
internal_weight=0 240.666 37.8671 236.115 229.063 24.2794 17.1478 204.783 33.0917 25.6755 17.9008 13.435 191.629 182.975 19.3566 163.619 13.1539 8.65419 9.80395
internal_count=1302 1134 168 1114 1080 108 76 972 146 114 80 60 913 865 88 777 59 48 44
is_linear=0
shrinkage=0.03


Tree=88
num_leaves=28
num_cat=0
split_feature=12 10 10 17 12 24 22 14 18 23 10 26 22 4 22 14 23 13 11 25 11 26 10 18 10 18 13
split_gain=1.31975 4.95186 2.24879 3.17206 3.05448 5.21452 2.22725 6.02168 6.36003 7.30916 6.18248 4.32406 3.41263 4.58059 4.88231 4.61649 3.40256 4.92691 4.02216 5.86475 3.53867 2.99342 2.25909 3.28772 2.22046 1.70768 1.56237
threshold=0.014677062010174049 0.0015223103833789111 0.0067698850680695264 19.289999961853031 0.011052108394322137 0.9083915831656405 67.108565401253017 0.76616012336457462 -0.0062379015830295583 1.1266286382972341 0.0026969841749147076 1.4582142857142752 60.753162760170248 3571523.0000000005 64.897246875156668 0.84503800243407279 1.0346348228348747 -0.0030443237150281628 0.0064423987212803855 0.11384244291048219 0.00017064997382409966 1.5692857142857124 0.0017045866614121554 -0.020643031739272507 0.00048456601694646389 -0.0029418335277137659 0.0034757992490975225
decision_type=2 2 2 2 2 2 2 2 2 2 2 2 2 2 2 2 2 2 2 2 2 2 2 2 2 2 2
left_child=2 -2 4 -4 6 -6 12 11 22 -10 -11 -8 16 14 -14 25 18 21 20 -20 -1 -18 23 -9 -7 -15 -3
right_child=1 26 3 -5 5 24 7 8 9 10 -12 -13 13 15 -16 -17 17 -19 19 -21 -22 -23 -24 -25 -26 -27 -28
leaf_value=0.00063352222307555041 -0.010013243189767063 0.030000681896046266 -4.0411624105582782e-05 -0.032798837560106653 0.0095251554123909413 -0.011686753163822181 0.0056658270323392155 0.041936250709890065 -0.040773709430562889 -0.0070499059638008763 0.032233388341435791 0.045449736315518685 -0.043033078582135738 -0.00045041947004577972 -0.0023216062421158941 0.019673603182338847 -0.021941000546910772 -0.033346245944646677 0.0087285124229971832 -0.036186765277196158 0.011481643364189123 0.0098093118141180779 0.00031497578611168372 0.0078765155809796573 -0.040480455130954211 -0.02654158467020417 0.0069480921206618177
leaf_weight=83.112592332065105 8.2354768663644808 6.5885410606861097 6.2891656309366208 4.6106948405504227 5.8277663737535468 4.7119434624910337 4.5128890275955182 5.2404846996068946 4.7318596988916424 20.294545151293281 4.3847296684980384 5.4019464552402496 6.216452509164812 4.3879415839910498 4.6225303411483765 6.2403576225042334 3.9138820841908482 6.0307378917932501 4.9174886643886548 5.591309979557991 40.129803650081158 8.4257483109831792 4.7499655038118354 4.9694093763828269 4.9348424971103668 4.6503661647438994 4.4217794388532639
leaf_count=402 35 32 30 24 28 21 20 25 21 89 20 24 28 19 20 30 18 28 24 26 187 39 22 23 22 22 23
internal_value=0 0.00758191 -0.0005608 -0.0138974 2.53584e-05 -0.0128806 0.000884251 0.00620447 0.00148134 -0.00661911 -7.05021e-05 0.0273415 -0.000736114 -0.0107544 -0.0256707 -0.000172409 0.000983914 -0.0111226 0.00264671 -0.0151691 0.00416585 -0.000261247 0.0174069 0.0253585 -0.0264163 -0.0138748 0.0207427
internal_weight=0 19.2458 258.899 10.8999 248 15.4746 232.525 54.2858 44.371 29.4111 24.6793 9.91484 178.239 26.1176 10.839 15.2787 152.122 18.3704 133.751 10.5088 123.242 12.3396 14.9599 10.2099 9.64679 9.03831 11.0103
internal_count=1302 90 1212 54 1158 71 1087 244 200 130 109 44 843 119 48 71 724 85 639 50 589 57 70 48 43 41 55
is_linear=0
shrinkage=0.03


Tree=89
num_leaves=27
num_cat=0
split_feature=9 12 10 7 18 6 11 22 26 17 1 12 10 17 24 7 24 25 22 17 25 9 11 4 10 12
split_gain=1.26193 1.44044 5.22973 2.45504 4.25386 3.94212 5.55185 5.38993 3.95494 3.92324 3.64073 3.50268 7.0356 4.25197 3.8442 3.95603 2.93532 3.21296 2.88076 2.29798 2.27283 3.00573 2.63202 1.67527 1.65439 0.880136
threshold=2.9671201649148156 0.014677062010174049 0.0015223103833789111 -3044.6393152037813 -0.052931193152289939 3725.4220497034526 0.0026696059177798719 68.211481280746426 3.5660714285714379 19.664999961853031 464.90000000000003 -0.0052308041733565838 -0.00072860313584993664 16.634999275207523 2.2404331834460431 -988.83351976723418 2.412092073559549 0.2268611655033185 38.936592732519905 16.82499980926514 0.28994539335099007 0.78478580756321736 -0.0054373510027150842 5549544.0000000009 0.0013338664597615237 0.0064910733408134478
decision_type=2 2 2 2 2 2 2 2 2 2 2 2 2 2 2 2 2 2 2 2 2 2 2 2 2 2
left_child=1 3 -3 4 -1 -6 7 8 -7 11 -11 12 19 16 15 -15 17 -13 24 -5 21 -12 -23 -4 -14 -8
right_child=-2 2 23 9 5 6 25 -9 -10 10 20 13 18 14 -16 -17 -18 -19 -20 -21 -22 22 -24 -25 -26 -27
leaf_value=0.032255456074467372 -0.015287617299858681 -0.0097013316189479976 0.033677385130207273 -0.025529502838755842 0.03108529509171621 -0.0037526181407616498 -0.011843458746863671 0.032717877291567429 0.017372405271576238 0.0042520306157148588 0.0095248792482561136 0.0041769738783559215 0.018635067650076397 -0.030696371952690482 -0.034670097366214028 -0.0028834133018530608 0.022586660658680435 -0.0083833085601869115 0.005790056232991698 0.0026547939138978722 -0.033497118659324816 -0.0037059058775015235 -0.038248530994962726 0.0099202591792472566 0.042523883388831812 -0.030790009722842904
leaf_weight=4.641572229564189 4.7743844836950293 8.245101600885393 5.4797987341880781 4.6880570501089114 4.0688674449920645 35.334652207791805 4.3755061924457532 5.3976136744022361 10.301370449364184 8.0030737295746821 3.9359414279460934 54.956593804061413 5.0028857588768023 5.3637282997369757 5.0614786595106116 32.437369666993618 5.5189979821443549 27.50208292901516 6.6089109480381003 5.8556570336222649 6.9718070030212393 3.6496743559837359 4.3532872945070231 5.2125169858336449 5.452902190387249 4.4517229497432709
leaf_count=29 24 35 28 20 19 171 20 23 48 39 19 245 22 25 24 147 24 124 30 30 35 20 25 26 29 21
internal_value=0 0.000270135 0.00825172 -0.000325102 0.00452476 0.0025114 0.000569168 0.00436889 0.00101591 -0.00211922 -0.0127091 -0.000320446 0.00938973 -0.00236938 -0.0101174 -0.00682989 0.00140547 -1.22024e-05 0.0212939 -0.0098768 -0.0198871 -0.0119394 -0.0224957 0.0220958 0.0310936 -0.0213985
internal_weight=0 272.871 18.9374 253.934 68.5713 63.9297 59.8609 51.0336 45.636 185.362 26.9138 158.449 27.6084 130.84 42.8626 37.8011 87.9777 82.4587 17.0647 10.5437 18.9107 11.9389 8.00296 10.6923 10.4558 8.82723
internal_count=1302 1278 89 1189 331 302 283 242 219 858 138 720 131 589 196 172 393 369 81 50 99 64 45 54 51 41
is_linear=0
shrinkage=0.03


Tree=90
num_leaves=16
num_cat=0
split_feature=26 26 3 27 27 27 15 15 15 26 23 14 10 2 17
split_gain=1.28697 4.0092 3.68008 2.3577 2.62793 2.36692 2.35701 3.66528 3.25501 2.3755 2.25053 2.17665 2.37606 2.22468 1.78313
threshold=1.268571428571428 1.2949999999999997 659.92500000000007 0.0020752809010757688 0.0023065171618634286 0.002472258064986362 -3.0897706951543346e-05 1.5146351665104884e-05 8.6927236470989698e-05 1.1864285714285747 1.5398751861042117 0.07942722437433207 -0.0087649470060694439 670.48000000000013 21.23499965667725
decision_type=2 2 2 2 2 2 2 2 2 2 2 2 2 2 2
left_child=2 -2 6 -3 10 -6 -1 9 -9 -8 -5 14 -13 -14 -7
right_child=1 3 -4 4 5 11 7 8 -10 -11 -12 12 13 -15 -16
leaf_value=-0.015972804917343212 0.028804489863012744 0.017421417396350999 -0.029897282827617066 -0.00070224811630449299 0.02148076765604506 0.028584080650920645 0.029199277788908053 -0.019399807582039144 0.0090957599843251562 0.00052767828460363998 -0.029261454384765739 -0.020851846005352857 0.00095551513690363555 -0.009362906540585799 0.0012771474839222826
leaf_weight=7.8308079093694678 4.518722176551818 7.0028256699442855 4.7291990816593161 4.846205458045004 4.7064253538846961 4.2475950419902784 5.8170582354068774 8.1817860156297666 6.4534509852528563 4.7036608010530472 5.0932696312665939 5.108839623630046 178.39060617238283 21.021476164460182 4.3626794517040253
leaf_count=34 20 34 22 21 21 24 25 37 30 20 22 26 846 96 24
internal_value=0 0.000814489 -0.00514796 0.000275775 -0.000251354 0.000436963 -0.00159974 0.00287446 -0.0068346 0.0163806 -0.0153368 -2.7732e-05 -0.000649791 -0.000132225 0.0147481
internal_weight=0 239.299 37.716 234.78 227.777 217.838 32.9868 25.156 14.6352 10.5207 9.93948 213.131 204.521 199.412 8.61027
internal_count=1302 1134 168 1114 1080 1037 146 112 67 45 43 1016 968 942 48
is_linear=0
shrinkage=0.03


Tree=91
num_leaves=31
num_cat=0
split_feature=18 5 13 10 7 13 13 11 25 22 11 9 15 7 9 28 22 11 17 15 23 10 2 4 6 24 12 12 4 14
split_gain=1.26704 2.98346 3.94182 2.47207 3.45982 2.40031 2.3974 2.71562 4.08795 3.79622 2.37089 3.97379 2.73859 2.27551 6.19847 4.18609 3.76879 3.3149 2.51251 5.48626 6.35399 4.61587 3.88076 4.3434 3.30272 7.47752 4.62992 5.4595 4.91888 4.22128
threshold=0.042386829971569846 2805.8985374590043 -0.0077537217900485724 0.00064465161363291845 -297.31973371282885 0.0023028603499842819 -0.010417822540168485 -0.0096160307107785985 -0.14755816155049875 34.138800449068995 -0.0055218680352582252 0.65637104725266127 -1.5068637863435594e-05 12945.367838922708 0.78223744559113018 1.0132126001610529 46.149091986400187 0.0028079839397343602 16.634999275207523 -3.4295224840539039e-05 0.71192508911244101 0.0048000774220066109 455.25000000000006 12745778.000000002 2946.6737862789782 1.131728345284801 0.013101624152918713 -0.00077286680111721118 3456502.5000000005 0.39572673984841872
decision_type=2 2 2 2 2 2 2 2 2 2 2 2 2 2 2 2 2 2 2 2 2 2 2 2 2 2 2 2 2 2
left_child=10 3 -3 6 -5 -4 -2 -8 9 -9 11 -1 -13 18 -15 17 -17 -16 19 20 -12 22 -21 -24 25 26 27 -20 -28 -26
right_child=1 2 5 4 -6 -7 7 8 -10 -11 13 12 -14 14 15 16 -18 -19 24 21 -22 -23 23 -25 29 -27 28 -29 -30 -31
leaf_value=-0.012384982242533338 -0.0075056404829924967 0.0011538925043752934 -0.045585400813956192 -0.036065151173745334 -0.00020095429879633345 -0.011123244703262302 0.032152523373790869 0.015368560532083742 0.020947244738890251 -0.017466749498896147 0.0039257343052838661 0.036542079532077359 0.0055139287781599848 0.035329689177202583 0.034195010649039313 0.0096317616635951328 -0.026941063319167426 -0.0018951738049457012 0.0059543573220732634 -0.024447204677879794 -0.035074571457536584 0.033076142762759463 0.0073152722037973369 -0.020333999204142073 -0.014865386805874204 -0.027820585020131697 0.036679379547311985 -0.018700409963717381 -0.0065629773631770295 0.013798717844480534
leaf_weight=4.0382054820656768 12.534320391714568 6.4455967396497726 4.2681364789605123 3.7922136187553406 6.6946022137999517 3.1698951572179794 3.7321020215749696 4.9618927240371695 8.4206905215978747 8.7697350606322271 8.0350864231586439 5.7379923835396758 4.6225104518234721 5.9833995103836086 4.3750817477703112 4.2131091058254224 6.369936928153038 4.8073550462722778 14.428636685013766 4.2164680361747733 7.0659137964248648 5.0745936036109915 65.922523930668831 5.5433228015899649 6.6827000528574017 13.992575392127035 4.9360232651233655 18.381024122238163 4.5497075915336609 15.008984871208666
leaf_count=18 64 32 23 20 31 22 19 24 38 42 34 30 27 28 20 20 30 23 67 18 31 25 296 26 31 64 26 83 20 70
internal_value=0 -0.00374446 -0.0160179 -0.000260196 -0.0131701 -0.0308985 0.00326369 0.00847866 0.00449021 -0.00560178 0.00110223 0.012859 0.0226984 0.000254061 0.00857721 0.000478712 -0.0123814 0.0153004 -0.000978767 0.0022742 -0.0143229 0.00537775 0.00352054 0.00517063 -0.00497754 -0.00881024 -0.00252105 -0.00785803 0.0159387 0.00496798
internal_weight=0 62.7892 13.8836 48.9056 10.4868 7.43803 38.4187 25.8844 22.1523 13.7316 213.985 14.3987 10.3605 199.586 25.7489 19.7655 10.583 9.18244 173.838 95.8579 15.101 80.7569 75.6823 71.4658 77.9797 56.288 42.2954 32.8097 9.48573 21.6917
internal_count=1302 315 77 238 51 45 187 123 104 66 987 75 57 912 121 93 50 43 791 430 65 365 340 322 361 260 196 150 46 101
is_linear=0
shrinkage=0.03


Tree=92
num_leaves=23
num_cat=0
split_feature=11 27 10 4 17 9 27 4 10 22 11 25 22 10 28 11 0 3 15 18 9 15
split_gain=1.31168 1.86023 4.22616 3.19344 3.05839 4.14886 3.13342 3.87612 3.05228 3.50845 2.94358 2.79233 2.99385 2.88196 2.47961 1.75358 2.5272 3.34943 2.4157 2.6811 1.69594 1.55118
threshold=0.013514223865444543 0.0057410948446462457 -0.012502735876605052 4103752.0000000005 19.289999961853031 0.6697674444965741 0.0046222197922807075 1359911.5000000002 0.0041687073837399788 70.971206928493473 -0.0090629043244218038 -0.92162776586101736 40.353833582139764 0.0045875965047946785 1.072367668647306 -0.0055218680352582252 455.07500000000005 455.90000000000003 -1.5068637863435594e-05 0.040374618715276707 0.61194493594483512 -1.0000000180025095e-35
decision_type=2 2 2 2 2 2 2 2 2 2 2 2 2 2 2 2 2 2 2 2 2 2
left_child=1 2 -1 -3 8 -6 10 -8 15 14 -7 -5 -13 21 -10 18 -17 -18 19 -4 -2 -14
right_child=20 3 4 11 5 6 7 -9 9 -11 -12 12 13 -15 -16 16 17 -19 -20 -21 -22 -23
leaf_value=-0.04105747844917574 0.0035393834962985445 0.024487724879459733 0.036232469334370569 0.026638104939895393 -0.036394506509794117 0.0024421625476704952 0.026379412951986623 -0.0087519681004958726 0.035873350434895993 -0.0038280638615008256 -0.031966273236913652 -0.017679089846261004 5.6435921704049039e-05 -0.01446265299621766 0.0084584097167443827 -0.025369105944178318 0.028876299668175381 -0.0011496807390349766 -0.0032629195117629931 0.0036279826158360385 -0.024509246740853911 0.02225333808786251
leaf_weight=2.3015000373125067 3.4849872440099707 7.2897039353847495 4.439260736107828 3.6320893131196526 4.4370949566364315 3.8541915789246559 4.850351616740225 6.7739657759666443 6.0724989995360392 7.4162512347102156 5.3349438980221766 7.2460829615592983 4.7278062999248558 4.6797127500176421 5.810406506061554 3.7709102481603614 3.4138147085905066 162.65329415351152 7.7203601896762839 4.6448600292205811 4.3766164183616638 7.071737334132191
leaf_count=12 18 35 21 20 22 22 23 35 32 36 31 38 23 24 28 16 16 734 38 23 22 33
internal_value=0 0.000356858 -0.000605684 0.00684361 -0.00020299 -0.0100571 -0.00444241 0.00590692 0.00100523 0.0123631 -0.0175344 0.00214214 -0.00160793 0.00545871 0.0224682 -0.000169199 -0.00108389 -0.000532442 0.00907531 0.0195613 -0.0120755 0.0133595
internal_weight=0 268.141 233.494 34.6471 231.192 25.2505 20.8135 11.6243 205.942 19.2992 9.18914 27.3574 23.7253 16.4793 11.8829 186.643 169.838 166.067 16.8045 9.08412 7.8616 11.7995
internal_count=1302 1262 1089 173 1077 133 111 58 944 96 53 138 118 80 60 848 766 750 82 44 40 56
is_linear=0
shrinkage=0.03


Tree=93
num_leaves=23
num_cat=0
split_feature=11 27 10 10 17 13 13 10 22 4 15 13 28 22 28 5 13 22 28 11 9 13
split_gain=1.23574 1.75561 4.0192 3.06298 2.89368 4.01678 3.11398 2.88485 3.3303 2.64553 2.81409 4.17392 2.38901 1.73262 4.05201 2.78215 5.28144 4.35314 2.06255 1.72459 1.59837 1.21988
threshold=0.013514223865444543 0.0057410948446462457 -0.012502735876605052 0.0064195419412269592 19.289999961853031 -0.0003301038132737521 -0.010417822540168485 0.0041687073837399788 70.971206928493473 4284608.0000000009 -1.7201603972638019e-05 -0.0040164552471598771 1.072367668647306 32.909485483674104 0.92634630897135761 1941.0187268090642 0.0023028603499842819 35.8378515988231 1.0028509436946866 0.0042564449530037027 0.61194493594483512 0.0049415464269524376
decision_type=2 2 2 2 2 2 2 2 2 2 2 2 2 2 2 2 2 2 2 2 2 2
left_child=1 2 -1 9 7 6 -6 13 12 -3 -11 -12 -9 14 -4 17 -17 -15 -16 -13 -2 -7
right_child=20 3 4 -5 5 21 -8 8 -10 10 11 19 -14 15 18 16 -18 -19 -20 -21 -22 -23
leaf_value=-0.040240748124183663 0.0034363628137291033 0.025975063921768304 0.037106466420608109 -0.016737469955105687 -0.014607878734572744 -0.036344750044919771 0.013499952208950132 0.035207970147303286 -0.0037131772989747124 -0.010503410313030776 0.033815286293198889 0.01114335431932373 0.008214243180647153 -0.025150323294714606 -0.016886745865998691 -0.0025664677608528094 0.017967299370071115 -0.0020051635461191719 0.0090879958172301861 -0.01366504867098179 -0.023809172422502734 -0.015639602902372915
leaf_weight=2.2781208902597418 3.4818306267261496 7.1722967177629497 3.6279211342334774 4.3954798430204383 6.5432648956775665 4.1596667096018773 7.747638516128065 6.0027057379484194 7.4163384586572638 7.1580552011728331 5.3198595270514515 6.2908192723989416 5.8037287443876266 7.8165461793541899 3.9352768361568442 30.553458474576473 17.865326501429081 113.63699489086866 9.1452208384871465 4.2094158157706261 4.3702418431639671 6.6633332669734955
leaf_count=12 18 34 19 23 37 24 39 32 36 37 26 32 28 35 17 137 85 510 45 21 22 33
internal_value=0 0.000346769 -0.000588239 0.00665836 -0.000197046 -0.00981068 0.000630438 0.000976091 0.0120419 0.0100691 0.00510431 0.0121663 0.0219386 -0.000163978 0.00905394 -0.00107064 0.00500998 -0.00349475 0.00127348 0.00119797 -0.0117277 -0.0235973
internal_weight=0 267.741 233.196 34.5459 230.917 25.1139 14.2909 205.804 19.2228 30.1504 22.9781 15.8201 11.8064 186.581 16.7084 169.872 48.4188 121.454 13.0805 10.5002 7.85207 10.823
internal_count=1302 1262 1089 173 1077 133 76 944 96 150 116 79 60 848 81 767 222 545 62 53 40 57
is_linear=0
shrinkage=0.03


Tree=94
num_leaves=18
num_cat=0
split_feature=26 26 3 13 10 27 27 27 23 28 24 26 25 15 22 5 1
split_gain=1.19773 3.78996 3.53847 2.24659 3.46903 2.20102 2.5149 2.25113 2.09201 2.02644 2.60657 2.01152 5.22863 4.60465 3.32992 2.29609 2.22176
threshold=1.268571428571428 1.2949999999999997 659.92500000000007 0.0013329766794572542 0.0011722427692562045 0.0020752809010757688 0.0023065171618634286 0.002472258064986362 1.5398751861042117 0.88155526850534016 0.53647944823613869 1.4724999999999928 0.2268611655033185 1.750888143216702e-05 85.305083052326935 945.70066363337151 610.18500000000006
decision_type=2 2 2 2 2 2 2 2 2 2 2 2 2 2 2 2 2
left_child=2 -2 3 9 -5 -3 8 -8 -7 -1 -11 12 13 -9 16 -16 -13
right_child=1 5 -4 4 -6 6 7 11 -10 10 -12 14 -14 -15 15 -17 -18
leaf_value=-0.020195375352493536 0.028127497825775578 0.016917178107852041 -0.029395350910965821 0.024976140086104187 -0.0070765510721224872 -0.00089734808366767388 0.021018358412042894 0.021361970836082954 -0.028474408411859456 -0.016016701218643452 0.010775674523535679 0.0029702482074904723 -0.032183731205808579 -0.017634593514840285 0.033424294870495953 0.0059796248961368334 -0.003653198716128746
leaf_weight=7.3265859037637737 4.4780426621437064 6.9309767112135878 4.6756457909941664 5.9971301108598691 6.1608080565929413 4.832872122526167 4.6769732534885398 5.6373209059238452 5.0761926472187042 5.6682700514793378 7.7177125811576843 96.770698100328445 6.0917722359299651 5.2751968652009964 4.4203694015741331 7.2325852662324905 86.162936173379421
leaf_count=35 20 34 22 26 28 21 21 25 22 24 33 474 28 25 20 33 411
internal_value=0 0.00078975 -0.0049763 -0.00150283 0.00873404 0.000264587 -0.000245715 0.000431424 -0.0150245 -0.0075117 -0.000569508 -2.36262e-05 -0.00991853 0.00251073 0.000841058 0.0163903 -0.000149439
internal_weight=0 237.586 37.5462 32.8705 12.1579 233.108 226.177 216.268 9.90906 20.7126 13.386 211.591 17.0043 10.9125 194.587 11.653 182.934
internal_count=1302 1134 168 146 54 1114 1080 1037 43 92 57 1016 78 50 938 53 885
is_linear=0
shrinkage=0.03


Tree=95
num_leaves=26
num_cat=0
split_feature=3 5 11 24 10 18 26 26 14 14 12 26 6 1 0 25 2 0 14 23 23 5 13 6 6
split_gain=1.16607 6.17706 4.85114 3.2015 3.08946 2.07264 2.67555 4.78077 3.36434 3.70779 2.7772 2.85191 2.78127 2.74491 2.46555 3.42414 2.11849 3.82125 2.05814 1.86627 3.11004 1.8761 1.50361 1.4629 1.20377
threshold=461.76000000000005 98.42699978392487 -0.0023995783516430609 0.22583623617700055 -0.0015769943283152064 0.053714916987061108 1.2749999999999957 1.2985714285714252 0.17849111158405098 0.19895414623836513 -0.0054376491524515394 1.9982142857142835 38592.361696635264 591.50000000000011 472.41500000000008 -0.0042618954207200152 662.47500000000002 659.67500000000007 0.19895414623836513 -0.016689672974450783 -1.001470152807485 1261.5426894535376 -0.0023109338015003806 467.58293282231074 88.361535450898614
decision_type=2 2 2 2 2 2 2 2 2 2 2 2 2 2 2 2 2 2 2 2 2 2 2 2 2
left_child=1 2 4 -3 -1 6 13 -8 -9 -10 11 -11 -12 14 15 -2 17 19 -18 20 21 22 -7 -4 -21
right_child=5 3 23 -5 -6 16 7 8 9 10 12 -13 -14 -15 -16 -17 18 -19 -20 24 -22 -23 -24 -25 -26
leaf_value=0.016863480007995372 0.0066164939306477934 0.0023427222884360248 0.019730435987363376 -0.028643711943231127 -0.017673063756808261 0.005045400197966691 0.04204166281854365 0.023230989740898045 -0.030105403636067379 -0.0053233437338194535 0.00042681777505311545 0.019750334720511482 -0.023662119021128251 -0.023128803679639161 0.01642293708878451 -0.029189029309819484 -0.0032567812683901689 0.019909235443555068 -0.03572941274739954 -0.032180390605494505 0.012262361447091467 -0.026900595389864321 -0.01828684444004924 0.042617709685419336 -0.0098218460285524663
leaf_weight=4.8672236949205399 5.1849569976329795 6.7952434420585615 5.4381087720394152 5.3743147552013397 4.4738788008689898 6.4104064628481865 2.6234963536262503 6.0432726107537738 3.5002150312066069 5.9459468647837666 140.89065982401371 13.028101116418837 4.4499439671635619 8.0860592722892743 4.7442665696144095 4.4813538044691112 3.1200158968567839 5.2921421080827704 4.019956186413765 3.763457730412485 7.8161597624421111 4.6505190953612319 4.0602624267339724 4.6735023111104965 5.1095197796821594
leaf_count=25 24 32 24 23 20 32 12 34 17 27 649 65 22 37 20 20 16 25 24 20 39 27 20 22 26
internal_value=0 0.00542214 0.0159094 -0.0113415 0.000322359 -0.00070177 0.000604098 0.00184613 0.00123959 0.000447643 0.00109848 0.0118929 -0.000310722 -0.00913942 -0.0012897 -0.00998314 -0.00657485 -0.00369505 -0.0215396 -0.00762199 -0.00310252 -0.0110446 -0.00400226 0.0303087 -0.0193052
internal_weight=0 31.6223 19.4527 12.1696 9.3411 243.221 198.978 176.482 173.858 167.815 164.315 18.974 145.341 22.4966 14.4106 9.66631 44.2424 37.1025 7.13997 31.8103 22.9373 15.1212 10.4707 10.1116 8.87298
internal_count=1302 146 91 55 45 1156 927 826 814 780 763 92 671 101 64 44 229 189 40 164 118 79 52 46 46
is_linear=0
shrinkage=0.03


Tree=96
num_leaves=20
num_cat=0
split_feature=11 27 17 9 27 4 10 7 10 24 11 5 26 22 11 13 2 13 9
split_gain=1.16162 1.63933 3.07743 3.61885 3.26472 3.71314 2.99284 2.98066 2.88632 2.5922 4.58892 3.30162 2.42292 2.12719 2.08077 2.02894 4.80438 3.59073 1.5106
threshold=0.013514223865444543 0.0057410948446462457 19.289999961853031 0.6697674444965741 0.0046222197922807075 1359911.5000000002 -0.0085245257782327038 25892.279163089555 0.0064195419412269592 -1.7305260667722095 -0.00032131307767280232 351.41342284532249 4.4871428571428575 19.651535968871716 -0.0090629043244218038 0.0052946184980776642 656.66000000000008 0.0044996231280778351 0.61194493594483512
decision_type=2 2 2 2 2 2 2 2 2 2 2 2 2 2 2 2 2 2 2
left_child=1 2 6 -4 14 -6 -1 13 9 11 -11 12 -3 -8 -5 17 -17 -15 -2
right_child=18 8 3 4 5 -7 7 -9 -10 10 -12 -13 -14 15 -16 16 -18 -19 -20
leaf_value=-0.035004358619191316 0.003362103496429725 0.02789062251350341 -0.035305451062640443 -0.0033632830869833011 0.025596216923911268 -0.0083216216023957595 0.027235429019614791 0.019876488914593135 -0.016324235343508499 0.045157688282370677 0.0063074471458251487 -0.014076134360669883 0.00026781983087315915 -0.0007804207695722849 -0.031127804374822772 0.00084515558461013384 0.02680226192152679 -0.026958266039115827 -0.023139618995772587
leaf_weight=2.0954729765653601 3.4804467856883994 5.093674801290037 4.3295759856700924 4.543660968542099 4.8043434023857099 7.3473422601819038 2.610267460346221 7.2843235731124869 4.3700185418128958 4.3645167648792267 7.3348858356475848 6.6845461800694457 6.510977528989315 148.22735531628132 5.2205970808863658 32.877888172864914 7.9739841669797888 4.8707835152745238 4.3614248856902122
leaf_count=11 18 25 22 27 23 38 13 38 23 22 35 36 32 672 31 153 38 23 22
internal_value=0 0.000337542 -0.000567502 -0.0102423 -0.00529095 0.00508828 0.000665475 0.00103215 0.00645357 0.00977281 0.0208007 0.00271838 0.0123924 0.0003338 -0.018208 -2.82539e-05 0.00591179 -0.00161326 -0.0113774
internal_weight=0 266.544 232.186 26.2455 21.9159 12.1517 205.94 203.845 34.3586 29.9886 11.6994 18.2892 11.6047 196.56 9.76426 193.95 40.8519 153.098 7.84187
internal_count=1302 1262 1089 141 119 61 948 937 173 150 57 93 57 899 58 886 191 695 40
is_linear=0
shrinkage=0.03


Tree=97
num_leaves=20
num_cat=0
split_feature=28 14 22 3 4 22 28 7 28 15 5 27 9 4 26 28 11 25 11
split_gain=1.11103 3.00194 2.78535 2.42368 2.28906 2.09704 1.84169 3.77391 3.5223 3.15276 2.67371 2.51239 2.65807 5.21619 2.3833 1.95763 1.70583 1.0853 1.05501
threshold=1.3768311805203199 0.73306728764965878 26.969830192700176 601.62000000000012 6764015.0000000009 19.199164118304136 1.1767391082969845 -78267.199758170857 1.1647096133019226 -1.6964858301390903e-05 102.43173168014373 0.0069975839770834228 0.48182805023417646 2517046.0000000005 1.60357142857142 1.0982336456575224 0.0017823044859248684 -0.58703497370282498 -0.0054373510027150842
decision_type=2 2 2 2 2 2 2 2 2 2 2 2 2 2 2 2 2 2 2
left_child=5 2 -2 -4 -5 -1 7 -7 11 17 18 12 13 -9 -14 -13 -12 -8 -11
right_child=1 -3 3 4 -6 6 9 8 -10 10 16 15 14 -15 -16 -17 -18 -19 -20
leaf_value=0.020979022169897121 -0.021778065422085872 -0.027336322011169475 0.02387655365515496 -0.021065979736913088 0.0079660297711814064 -0.030590049201728364 0.0037973658800261934 0.0035992987274197411 -0.025672370757614697 0.016421382954788757 -0.01110073442424944 0.030753011219814573 -0.0025964019351984273 -0.024320594194739534 0.0043539118984609916 0.0028518517471832279 0.014718588403467266 -0.018301916893932853 0.038030819544447272
leaf_weight=4.4625968709588042 4.4326140508055749 4.8137384802103034 4.4442423135042182 3.8260087668895704 6.7679394409060478 3.7275096178054801 3.8209696486592293 12.738842725753786 4.7572665885090819 3.9528680220246315 3.9072287604212743 4.238641604781149 85.696562189608812 11.422423481941221 92.14965995401144 4.8562324494123459 5.608993262052536 4.196787469089033 4.187247574329378
leaf_count=25 24 24 22 18 32 19 20 59 24 21 20 21 393 51 436 24 29 20 20
internal_value=0 -0.00612305 -0.000878525 0.00528176 -0.00251889 0.000598523 0.000227694 -0.000661219 -0.000144402 0.00783045 0.0149147 0.00043088 -0.000263557 -0.00960004 0.00100485 0.0158551 0.00411753 -0.00777021 0.0275372
internal_weight=0 24.2845 19.4708 15.0382 10.5939 249.724 245.261 219.587 215.86 25.6741 17.6563 211.102 202.007 24.1613 177.846 9.09487 9.51622 8.01776 8.14012
internal_count=1302 120 96 72 50 1182 1157 1027 1008 130 90 984 939 110 829 45 49 40 41
is_linear=0
shrinkage=0.03


Tree=98
num_leaves=19
num_cat=0
split_feature=11 12 15 18 7 13 14 12 10 12 15 16 10 23 12 9 14 11
split_gain=1.12089 1.60704 3.64403 1.90778 5.33896 3.05262 3.45934 2.62726 3.51026 3.73081 3.21028 4.00676 3.87411 2.33784 2.06957 1.39865 1.39635 0.764511
threshold=0.013514223865444543 0.014677062010174049 1.6444123088356582e-05 -0.052931193152289939 -1171.4061605468048 0.0029473727700692902 0.95608084425883544 0.010934928543608892 0.0067698850680695264 0.009640423839455738 2.1637547741073899e-05 1.0000000180025095e-35 0.0040637395728748702 0.72912413894474082 -0.00020590307659329452 0.61194493594483512 0.93570955329443806 0.0067367424330488932
decision_type=2 2 2 2 2 2 2 2 2 2 2 2 2 2 2 2 2 2
left_child=1 3 -3 4 -1 13 14 8 9 10 12 -12 -5 -6 -7 -2 -9 -16
right_child=15 2 -4 7 5 6 -8 16 -10 -11 11 -13 -14 -15 17 -17 -18 -19
leaf_value=0.033054849056127024 0.0030362350699240266 -0.0026890635693587002 0.027052981589310802 0.0004860441515531538 0.0010652838611020211 0.014816225653959271 0.03417126154498789 -0.0064785838001032358 -0.026112968444027329 0.023947057414776589 0.01410457286638212 -0.010606862790821771 0.023718626528411359 -0.025161204623115607 0.0012430308084185888 -0.022553839542151819 -0.029422316737833947 -0.017304848129329781
leaf_weight=5.5981678999960414 3.4518943130969992 8.8321207910776121 6.3897894844412795 137.17267900705338 7.0925448685884493 6.5123507678508785 3.8731991946697226 5.4166989624500257 4.7410569712519637 5.6909737586975089 6.8382090777158728 43.284201957285404 6.7790578454732886 5.3788552582263947 4.0302561372518522 4.3378606736660004 4.2686342969536781 3.9703349173069
leaf_count=36 18 39 32 635 34 34 20 25 24 26 36 206 32 23 20 22 20 20
internal_value=0 0.000331428 0.00979593 -0.000243355 0.00610077 0.00121077 0.008982 -0.00132314 -0.000600073 5.42849e-06 -0.000696629 -0.00723548 0.00158013 -0.0102461 0.00225951 -0.011214 -0.0165906 -0.00796145
internal_weight=0 265.869 15.2219 250.647 36.4557 30.8575 18.3861 214.192 204.506 199.765 194.074 50.1224 143.952 12.4714 14.5129 7.78975 9.68533 8.00059
internal_count=1302 1262 71 1191 187 151 94 1004 959 935 909 242 667 57 74 40 45 40
is_linear=0
shrinkage=0.03


Tree=99
num_leaves=16
num_cat=0
split_feature=1 2 13 3 13 4 12 5 25 14 11 27 18 6 4
split_gain=1.09733 2.17911 4.36414 3.28393 2.41847 2.17257 2.04171 2.57589 1.87509 2.9013 2.74914 2.99181 2.84627 3.66938 2.83044
threshold=685.0200000000001 670.48000000000013 0.0054357656261055385 670.29500000000019 0.0019840793134389139 6677930.0000000009 0.015941922496181208 1822.476065483376 0.73072662817730472 0.92422547162479562 0.0094271633925251414 0.0040525460013405793 -0.059372293652140133 549.68701003521119 13977385.000000002
decision_type=2 2 2 2 2 2 2 2 2 2 2 2 2 2 2
left_child=1 3 4 6 5 -3 8 -8 10 -10 12 -12 13 -1 -14
right_child=-2 2 -4 -5 -6 -7 7 -9 9 -11 11 -13 14 -15 -16
leaf_value=0.0052347464447918789 0.014761805974167173 0.0056815721375576521 0.011471345647848514 0.023693451655528382 -0.035782894094863064 -0.020156263833918931 -0.0029016404097735463 0.025548649648654328 -0.027906168184235327 0.0041681810518785153 0.0037403698880490183 -0.02857699999635761 0.00090044904505086733 0.03703197144774989 -0.010908112310939929
leaf_weight=17.973273336887363 4.4599853008985511 4.7667017132043892 6.741648741066455 5.4180768877267829 4.54681672155857 7.5966617986559868 5.3265606537461263 6.1956259608268738 5.502085439860819 4.7117363065481186 4.4721300005912763 6.0874722003936768 164.93319255113602 3.9917299710214129 20.544035784900188
leaf_count=88 20 21 32 26 21 37 25 31 28 22 21 31 764 28 107
internal_value=0 -0.000241831 -0.00893802 0.000597148 -0.0170747 -0.0101945 7.51718e-05 0.0123964 -0.000546906 -0.01311 4.16977e-05 -0.0148902 0.000801787 0.0110133 -0.000407504
internal_weight=0 268.808 23.6518 245.156 16.9102 12.3634 239.738 11.5222 228.216 10.2138 218.002 10.5596 207.442 21.965 185.477
internal_count=1302 1282 111 1171 79 58 1145 56 1089 50 1039 52 987 116 871
is_linear=0
shrinkage=0.03


Tree=100
num_leaves=24
num_cat=0
split_feature=3 5 11 24 10 17 13 26 7 4 15 22 22 15 5 15 17 15 13 6 26 6 12
split_gain=1.0649 5.85182 4.59232 2.91366 2.86085 1.94441 3.44751 3.0015 2.88791 4.7276 3.48519 2.42248 3.227 2.47983 2.95903 2.38625 5.12612 2.87937 2.3027 3.76216 2.22422 1.40909 1.36135
threshold=461.76000000000005 98.42699978392487 -0.0023995783516430609 0.22583623617700055 -0.0015769943283152064 21.23499965667725 0.011266685766189001 3.2092857142857114 25892.279163089555 17045940.000000004 -0.00032021798377526782 32.409404530437747 34.022740827292878 -4.2346899910605192e-05 560.65043855246358 -3.5183604473185866e-05 16.230000495910648 -1.5512175239246636e-05 -0.0090327783801582556 12319.958438304397 2.3089285714285732 467.58293282231074 0.00029469361416956113
decision_type=2 2 2 2 2 2 2 2 2 2 2 2 2 2 2 2 2 2 2 2 2 2 2
left_child=1 2 4 -3 -1 8 7 -7 10 22 -2 13 -13 -12 20 16 -14 -17 -9 -20 -15 -4 -10
right_child=5 3 21 -5 -6 6 -8 18 9 -11 11 12 15 14 -16 17 -18 -19 19 -21 -22 -23 -24
leaf_value=0.016321357810094632 -0.025192060433389524 0.0019678911537022977 0.019212820408328109 -0.027587355865498386 -0.016995279189585807 -0.026637010514735521 -0.032398536459035843 -0.015161354165716559 0.039287944401907117 -0.0096038414077811631 0.029338447773367117 -0.029575968916269808 -0.037137510485924605 0.029813239277588589 -0.016056637855564486 0.0098520379585059631 -0.0025776701842572668 -0.001063101018610732 -0.01066629000799422 0.028141076113902305 -0.0010073099558773398 0.041808842261517473 0.01626282929164679
leaf_weight=4.8184637129306793 5.1232324242591849 6.792446702718733 5.4168045222759265 5.3795848786830902 4.4728384315967578 3.7844799458980622 4.5685406550765029 4.0700539387762573 3.8472655192017537 5.4019652754068366 4.6359951272606876 3.5265837907791129 4.7802077829837826 4.1579679995775205 4.4448663368821135 26.225278005003929 20.123780518770218 127.4931718558073 3.8628585711121506 5.3790154010057449 4.2730387449264526 4.587227076292038 5.7876698076725006
leaf_count=25 27 32 24 23 20 25 28 20 20 30 27 16 21 21 21 117 93 594 22 26 20 22 28
internal_value=0 0.00519407 0.0154693 -0.0110944 0.000282709 -0.000673302 -0.00924811 -0.0030618 0.000171807 0.0128614 -0.000759964 -0.000133045 -0.00115765 0.0105244 0.00375032 -0.000596583 -0.00921128 0.000799086 0.00364045 0.0119206 0.0141926 0.029574 0.0254568
internal_weight=0 31.4674 19.2953 12.172 9.2913 241.486 21.6649 17.0964 219.821 15.0369 204.784 199.661 182.149 17.5119 12.8759 178.622 24.904 153.718 13.3119 9.24187 8.43101 10.004 9.63494
internal_count=1302 146 91 55 45 1156 121 93 1035 78 957 930 841 89 62 825 114 711 68 48 41 46 48
is_linear=0
shrinkage=0.03


Tree=101
num_leaves=19
num_cat=0
split_feature=28 14 22 9 22 28 28 10 15 9 10 5 10 13 11 25 25 11
split_gain=1.062 2.75863 2.58024 2.30719 1.9513 1.75311 3.45383 3.12641 2.90527 2.76318 2.62817 2.5338 2.36385 2.06467 1.58779 1.24945 1.03427 0.99321
threshold=1.3768311805203199 0.73306728764965878 26.969830192700176 0.75118776114119079 19.199164118304136 1.1767391082969845 1.1636965972495468 -0.012502735876605052 -1.6964858301390903e-05 2.1041232108583827 -0.010030332978067989 102.43173168014373 -0.0085245257782327038 0.00019327135463725889 0.0017823044859248684 -0.59022971526370482 -0.58703497370282498 -0.0054373510027150842
decision_type=2 2 2 2 2 2 2 2 2 2 2 2 2 2 2 2 2 2
left_child=4 2 -2 -4 -1 6 7 -6 16 10 -9 17 -12 -11 -13 -5 -7 -10
right_child=1 -3 3 15 5 8 -8 9 11 13 12 14 -14 -15 -16 -17 -18 -19
leaf_value=0.020341209202694964 -0.021237156543722303 -0.026556280169471612 -0.0083991546262869397 0.027700772122502978 -0.03995558117129893 0.0039876543077987199 -0.02366106491626983 0.042279208337066609 0.016079712012950075 0.00089766373872384407 -0.043355261960858357 -0.010746423812204071 0.00098463732633252026 -0.02841189486603557 0.014273783535278336 0.0044959563916165029 -0.017636141426540512 0.03717586546351296
leaf_weight=4.4197505936026564 4.3796456977725091 4.7280836999416342 6.5451234728097907 3.9291398897767094 1.7499396204948414 3.8079221695661545 5.7118258699774733 1.3805389255285252 3.9141926132142544 3.7353079505264741 1.0880046114325512 3.8783605471253377 199.80363637581468 5.1391207426786423 5.5484358668327332 4.4575839862227395 4.1715676411986378 4.1254570931196231
leaf_count=25 24 24 31 19 8 20 29 8 21 19 6 20 930 27 29 22 20 20
internal_value=0 -0.00601773 -0.000989225 0.00494968 0.000585764 0.000227999 -0.000639479 -2.18297e-05 0.00768058 0.000309133 0.00102798 0.0145322 0.000744498 -0.0160753 0.00398 0.0153673 -0.00731697 0.026905
internal_weight=0 24.0396 19.3115 14.9318 248.474 244.054 218.608 212.897 25.4459 211.147 202.272 17.4664 200.892 8.87443 9.4268 8.38672 7.97949 8.03965
internal_count=1302 120 96 72 1182 1157 1027 998 130 990 944 90 936 46 49 41 40 41
is_linear=0
shrinkage=0.03


Tree=102
num_leaves=20
num_cat=0
split_feature=26 26 11 3 14 12 9 9 27 26 22 1 1 1 27 2 9 10 6
split_gain=1.03624 3.78815 3.81699 3.33936 2.59411 4.33066 3.43145 4.01238 2.06948 4.8799 2.19368 2.12947 4.28529 3.47127 3.69182 2.72458 2.06345 1.86496 1.5905
threshold=1.2749999999999957 1.3317857142857132 0.0028079839397343602 659.92500000000007 0.88899735345930997 0.0039560586656824945 0.63353968785102077 0.90920621007458313 0.0020752809010757688 1.4110714285714285 85.305083052326935 610.18500000000006 599.30000000000007 612.5250000000002 0.0021590728303487751 461.77500000000003 0.78478580756321736 0.0064195419412269592 651.17841188121417
decision_type=2 2 2 2 2 2 2 2 2 2 2 2 2 2 2 2 2 2 2
left_child=3 2 -2 4 5 6 -1 -8 -3 18 11 12 15 -13 -15 -11 -12 -14 -10
right_child=1 8 -4 -5 -6 -7 7 -9 9 10 16 13 17 14 -16 -17 -18 -19 -20
leaf_value=-0.022926970956066751 0.029983898045363278 0.021805142316074999 -0.0047223946838858199 -0.028544375645200428 -0.016710923183075814 0.02965530130384636 0.018848057118956537 -0.011114040871975081 -0.010044511753777272 0.0091404879603140844 0.022272284492621263 -0.025528223121902546 0.015776155598099334 -0.05415112540260357 -0.0013342855750608645 -0.0044014888818648991 -0.0011521566548039681 -0.0070158345172946588 -0.033321565514419671
leaf_weight=5.4890265017747941 7.6430901139974576 3.8003385663032523 4.5496685579419136 4.600127086043357 7.61690530180931 4.5868230164051047 8.4208250641822833 7.7014153078198424 6.0244885683059675 17.633979931473732 7.7691257894039136 6.0774375274777404 24.059741698205475 1.2079465836286534 85.258907414972782 55.317183900624514 5.9971110224723816 3.7323027402162543 4.7053681463003159
leaf_count=24 34 19 22 22 33 20 38 36 27 87 36 30 119 5 409 273 27 20 21
internal_value=0 0.000753485 0.0170334 -0.00456315 -0.00130079 0.00317959 -0.00243967 0.0045355 -0.000142326 -0.000525311 0.000496969 -0.000327116 0.0026909 -0.00361251 -0.00207214 -0.00112808 0.0120677 0.0127153 -0.0202522
internal_weight=0 233.777 12.1928 38.4151 33.815 26.1981 21.6113 16.1222 221.584 217.784 207.054 193.287 100.743 92.5443 86.4669 72.9512 13.7662 27.792 10.7299
internal_count=1302 1129 56 173 151 118 98 74 1073 1054 1006 943 499 444 414 360 63 139 48
is_linear=0
shrinkage=0.03


Tree=103
num_leaves=20
num_cat=0
split_feature=11 11 9 4 22 4 13 24 24 12 28 12 26 24 18 11 7 4 9
split_gain=1.02072 1.47409 1.43078 3.55851 3.36411 2.99578 2.29681 2.37033 5.8418 3.99488 3.51235 2.28231 4.69733 4.22538 3.93534 4.99974 3.01684 2.45321 1.23976
threshold=0.013514223865444543 0.011863268566329689 0.63353968785102077 505710.50000000006 83.638031617701301 591695.50000000012 0.012131628506729332 1.6344965715295394 2.0033341923700263 0.013402909386354469 1.1419577537221475 0.0041503752266343072 1.4724999999999928 1.3029661280812863 0.030896555804070917 -0.0037912379808309744 -99.658105854738352 618833.00000000012 0.61194493594483512
decision_type=2 2 2 2 2 2 2 2 2 2 2 2 2 2 2 2 2 2 2
left_child=1 2 4 -4 6 -5 7 9 -9 10 -1 14 16 -14 15 -7 -13 -16 -2
right_child=18 -3 3 5 -6 11 -8 8 -10 -11 -12 12 13 -15 17 -17 -18 -19 -20
leaf_value=-0.010149469319320599 0.002704742657410083 0.018225244720608692 0.026423745586816205 -0.020462667384315691 0.017325221709687196 0.027008483712812503 0.011271429150723459 -0.047214270456882722 -0.0038132913094292929 0.022083428476649986 0.010654346066240578 -0.0015432713256422041 -0.0059183744190327058 0.013264037362884874 0.032748137937589405 0.005041846054587476 -0.028272823757063137 -0.0032157483046741449 -0.021524887075865657
leaf_weight=42.19308876991272 3.4188796430826178 4.0729741826653472 5.0282613784074774 5.7534154057502738 6.5797900408506385 11.673081181943415 7.0399981439113608 4.2289695292711249 8.2098219692707044 4.7982877716422072 8.8329391703009588 6.4597044587135324 25.282289914786816 17.480306424200535 1.7684532701969136 46.365056939423084 9.2306093797087634 49.158397950232029 4.2797208577394485
leaf_count=189 18 20 22 26 31 65 34 19 38 24 44 31 120 79 8 218 42 252 22
internal_value=0 0.000316968 3.65184e-05 0.00154484 -0.00324601 0.000822451 -0.00504347 -0.00672603 -0.0185689 -0.00408721 -0.00654819 0.00155393 -0.0032285 0.00192293 0.0041194 0.00945995 -0.0172683 -0.00196689 -0.0107647
internal_weight=0 264.155 260.082 178.2 81.8829 173.171 75.3031 68.2631 12.4388 55.8243 51.026 167.418 58.4529 42.7626 108.965 58.0381 15.6903 50.9269 7.6986
internal_count=1302 1262 1242 863 379 841 348 314 57 257 233 815 272 199 543 283 73 260 40
is_linear=0
shrinkage=0.03


Tree=104
num_leaves=20
num_cat=0
split_feature=28 14 13 15 12 22 28 7 28 15 5 27 9 4 15 28 11 25 11
split_gain=1.01844 2.59371 2.44684 2.06576 2.01751 1.79492 1.61482 3.40095 3.11357 2.74165 2.41814 2.29118 2.50448 4.94878 2.20372 1.77795 1.50065 0.959225 0.958189
threshold=1.3768311805203199 0.73306728764965878 -0.0068804795296815149 3.0033658161692727e-05 -0.006289978945962559 19.199164118304136 1.1767391082969845 -78267.199758170857 1.1647096133019226 -1.6964858301390903e-05 102.43173168014373 0.0069975839770834228 0.48182805023417646 2517046.0000000005 0.0014149812338612503 1.0982336456575224 0.0017823044859248684 -0.58703497370282498 -0.0054373510027150842
decision_type=2 2 2 2 2 2 2 2 2 2 2 2 2 2 2 2 2 2 2
left_child=5 2 -2 4 -4 -1 7 -7 11 17 18 12 13 -9 -14 -13 -12 -8 -11
right_child=1 -3 3 -5 -6 6 9 8 -10 10 16 15 14 -15 -16 -17 -18 -19 -20
leaf_value=0.019625424232979003 -0.02454329764244273 -0.025966704316941126 -0.015120779275384457 0.020897770545595218 0.010147601733015614 -0.029234174687555372 0.0037142502968930051 0.0035734299548928722 -0.024367304645190033 0.015589872710252412 -0.010552595677226851 0.029721799314156479 0.0018052083920530643 -0.023730214269408072 -0.012980836429137284 0.0028565164918708738 0.013819260248963502 -0.017161752257169111 0.036401654814891021
leaf_weight=4.3723732456564894 3.3033868521452012 4.6691811680793753 5.9300157800316837 4.5559663102030745 5.4643329903483346 3.6704952567815772 3.790958009660244 12.640109769999983 4.6588452756404868 3.8900814540684223 3.8695834130048734 4.1328782886266691 167.06871327385306 11.329442501068113 9.5927115567028505 4.7827705517411232 5.5134154707193375 4.1488867402076748 4.0784402936697033
leaf_count=25 19 24 28 24 25 19 20 59 24 21 20 21 774 51 55 24 29 20 20
internal_value=0 -0.00590758 -0.00104307 0.00382393 -0.00300294 0.000574515 0.000231962 -0.000600974 -0.000110333 0.00740741 0.014089 0.000428971 -0.000232313 -0.0093319 0.00100233 0.01531 0.00376822 -0.0071943 0.0262417
internal_weight=0 23.9229 19.2537 15.9503 11.3943 247.54 243.167 217.876 214.205 25.2914 17.3515 209.547 200.631 23.9696 176.661 8.91565 9.383 7.93984 7.96852
internal_count=1302 120 96 77 53 1182 1157 1027 1008 130 90 984 939 110 829 45 49 40 41
is_linear=0
shrinkage=0.03


Tree=105
num_leaves=16
num_cat=0
split_feature=15 10 10 10 9 7 18 11 7 26 14 28 14 10 0
split_gain=1.00885 2.5833 1.69742 3.25864 2.55156 2.48636 2.33548 2.57763 1.90805 4.00111 2.91741 2.27771 4.49949 1.75281 1.42625
threshold=-0.0005109692445611399 -0.0029039076371863422 -0.004833409244103192 -0.0085245257782327038 1.429294406416064 -59502.017927866058 0.13539872126750221 -0.012063701210918541 -10954.457178626535 1.5303571428571481 0.43746109863885313 1.3116755706591714 0.79930490868380588 0.0021560591648173148 605.21500000000015
decision_type=2 2 2 2 2 2 2 2 2 2 2 2 2 2 2
left_child=1 -1 3 4 -2 -4 7 -7 9 -9 -11 13 -13 -10 -5
right_child=2 -3 5 14 -6 6 -8 8 11 10 -12 12 -14 -15 -16
leaf_value=-0.026814430741284839 -0.023124248000220855 0.0039223589852558785 -0.020632833881515038 0.029563381827792633 0.012030680274511638 0.029855199871164372 -0.020575034917148648 -0.015035232146353716 -0.0014590283657888526 0.00060110146448650779 0.027046848731877779 -0.0033754830955263064 -0.040137996259742674 0.0049146943163231767 0.0084354473209580193
leaf_weight=4.326655276119709 3.9167203456163433 5.7069676592946035 5.3018657639622679 5.76223476231098 3.5353283584117889 2.6735561415553084 4.7990314252674571 4.7744389697909382 135.22212962806225 6.3029114454984656 9.284623831510542 15.565251000225546 3.7106916308403006 54.476123034954071 5.7400854229927063
leaf_count=26 20 29 27 30 21 14 31 24 615 32 44 73 20 267 29
internal_value=0 -0.00933183 0.000361993 0.00900756 -0.00644639 -0.000314852 0.000140044 0.000568527 0.000227109 0.00899342 0.0163534 -0.00062706 -0.0104524 0.00037133 0.0190198
internal_weight=0 10.0336 261.065 18.9544 7.45205 242.111 236.809 232.01 229.336 20.362 15.5875 208.974 19.2759 189.698 11.5023
internal_count=1302 55 1247 100 41 1147 1120 1089 1075 100 76 975 93 882 59
is_linear=0
shrinkage=0.03


Tree=106
num_leaves=31
num_cat=0
split_feature=17 27 27 10 15 12 27 10 15 9 22 9 4 17 9 17 12 0 12 10 26 24 18 7 5 6 4 9 25 17
split_gain=0.986942 3.91073 7.09576 2.96224 4.49179 8.11356 4.14954 4.01037 4.40688 3.54362 3.48798 3.36736 6.15175 4.2801 3.19181 3.13177 2.87384 5.90272 4.47489 7.42542 5.61153 5.661 3.25535 2.93869 3.22921 2.64812 2.54764 2.47362 3.64544 2.13015
threshold=16.634999275207523 0.002690123628902153 0.0027819222335030034 -0.0026563650748411822 -3.4295224840539039e-05 0.0063266911153175851 0.0027315208961964936 0.0013640730719111096 -1.6543692909045859e-05 0.57922764870290178 67.581489704257592 0.75815824902129758 5764747.0000000009 16.110000610351566 2.1041232108583827 15.144999980926515 0.013101624152918713 605.21500000000015 -0.0009362854231431127 -0.0003148292962659171 2.1132142857142888 -0.79079118690216554 -0.020643031739272507 -2967.9083992349802 801.05736215607305 71611.23532370491 17045940.000000004 0.74821581624904809 -0.36754155240688596 16.110000610351566
decision_type=2 2 2 2 2 2 2 2 2 2 2 2 2 2 2 2 2 2 2 2 2 2 2 2 2 2 2 2 2 2
left_child=3 -2 -3 -1 5 6 -5 8 -6 10 29 13 -13 -11 15 -9 18 -18 22 20 -20 -22 27 -21 -25 26 -24 -4 -29 -10
right_child=1 2 16 4 7 -7 -8 14 9 11 -12 12 -14 -15 -16 -17 17 -19 19 23 21 -23 25 24 -26 -27 -28 28 -30 -31
leaf_value=0.02225198447017316 -0.017281215298949128 0.038355217088995114 0.030184177705346763 -0.016050283082109488 0.018976484184800239 -0.04622661611758834 0.018949403237083415 -0.0088050026896086646 0.011290084236935416 -0.0068396668692156616 0.026405648911019517 -0.025281708842115298 0.010206499165320262 -0.036158118496422809 -0.014784824709114684 0.017607024630789909 0.030425249694930077 -0.0065472726613609485 -0.025992517107957122 0.0050287852655382078 -0.0061376283495334924 0.03357695989337383 -0.001748894641009464 -0.040122582216587738 -0.016394212069700351 0.019492136366144448 -0.02627322172462274 0.024626638953385196 -0.011609819500704038 -0.017828849266539045
leaf_weight=6.1629683002829543 13.132072556763886 4.1780869364738455 5.419904962182037 6.7988094240427035 8.3344967216253263 4.8304500579833975 5.5271636545658112 4.6853241771459571 4.4453475624322873 11.430141091346742 5.7224399149417868 6.3650806248188045 14.211749486625193 7.371560886502265 3.8685948699712744 29.355545803904533 7.2867560982704154 8.3278679847717267 3.9906504712998894 3.611932314932349 6.1580201238393792 6.79420034587383 45.515746347606189 7.6078351736068752 16.054799146950245 4.8178148269653311 4.1607969105243674 4.6234622299671164 5.4367969632148734 4.6013517677783966
leaf_count=29 63 19 31 29 37 21 25 20 21 51 25 29 66 32 20 141 37 40 21 19 29 32 226 36 77 24 25 29 27 21
internal_value=0 -0.00165764 -0.000126351 0.00197797 0.000915021 -0.0132709 -0.000355863 0.00333933 -0.00133114 -0.00445692 0.00807469 -0.00915697 -0.000771154 -0.0183345 0.0110372 0.0139717 -0.00136496 0.0107064 -0.0030156 -0.0104864 0.00511164 0.014695 0.00170527 -0.0201759 -0.0240232 -0.00174349 -0.003803 0.0138458 0.00504362 -0.00352045
internal_weight=0 147.117 133.985 123.711 117.548 17.1564 12.326 100.392 62.4822 54.1477 14.7691 39.3785 20.5768 18.8017 37.9095 34.0409 129.807 15.6146 114.192 44.2174 16.9429 12.9522 69.9745 27.2746 23.6626 54.4944 49.6765 15.4802 10.0603 9.0467
internal_count=1302 735 672 567 538 75 54 463 282 245 67 178 95 83 181 161 653 77 576 214 82 61 362 132 113 275 251 87 56 42
is_linear=0
shrinkage=0.03


Tree=107
num_leaves=13
num_cat=0
split_feature=1 2 13 3 13 4 1 1 3 11 0 3
split_gain=0.978993 2.02033 4.02759 2.98623 2.27096 2.06985 1.74 2.69918 1.65676 3.09706 1.93267 2.37038
threshold=685.0200000000001 670.48000000000013 0.0054357656261055385 670.29500000000019 0.0019840793134389139 6677930.0000000009 669.5150000000001 668.00000000000011 662.67500000000007 0.0031396764770410539 662.41500000000008 660.16500000000008
decision_type=2 2 2 2 2 2 2 2 2 2 2 2
left_child=1 3 4 6 5 -3 7 8 10 -10 11 -1
right_child=-2 2 -4 -5 -6 -7 -8 -9 9 -11 -12 -13
leaf_value=0.0008171357312583955 0.014012216325483391 0.0057355899879448988 0.011051853910711012 0.022773594293711084 -0.034769159691734317 -0.019597991764357423 -0.01632168680630379 0.024331326795481046 -0.022939113739575544 0.0058233985693252575 0.020730516132579816 -0.018949559209464971
leaf_weight=203.54125474393368 4.4161761701107016 4.7277415394783073 6.6775536239147177 5.337958686053752 4.4854229837656012 7.5187274441123009 5.6791742071509352 4.1950352787971488 7.544146813452242 6.0884519889950752 4.246330313384532 5.6105073839426032
leaf_count=980 20 21 32 26 21 37 29 20 38 31 20 27
internal_value=0 -0.000229687 -0.00864568 0.000583604 -0.0165068 -0.00981798 8.36172e-05 0.000486551 4.59508e-05 -0.0100935 0.000693693 0.000286893
internal_weight=0 265.652 23.4094 242.243 16.7319 12.2465 236.905 231.226 227.031 13.6326 213.398 209.152
internal_count=1302 1282 111 1171 79 58 1145 1116 1096 69 1027 1007
is_linear=0
shrinkage=0.03


Tree=108
num_leaves=13
num_cat=0
split_feature=10 9 10 28 7 18 11 6 18 28 14 5
split_gain=0.976743 3.17192 2.16816 3.11168 2.4069 2.224 2.45787 1.74329 5.15646 2.36023 4.28806 1.87253
threshold=-0.0085245257782327038 1.5091883961941743 -0.004833409244103192 1.1018938997871897 -59502.017927866058 0.13539872126750221 -0.012063701210918541 16663.053837959513 0.0056872936242777792 1.3116755706591714 0.79930490868380588 25494.502139879736
decision_type=2 2 2 2 2 2 2 2 2 2 2 2
left_child=1 -1 3 -2 -4 6 -6 9 -9 11 -11 -8
right_child=2 -3 4 -5 5 -7 7 8 -10 10 -12 -13
leaf_value=-0.026991437619881167 -0.0026234725212424606 0.0094434189703073209 -0.020365936923833081 0.025825032421130351 0.029294014555715897 -0.020067536240826689 -0.00012609322830049908 0.030573622742384836 -0.0078575007835970916 -0.0038127281132434277 -0.039457220598646724 0.012029154881468848
leaf_weight=4.5905025005340558 6.7858124673366529 4.0456978715956211 5.2733632624149314 7.0610002055764198 2.6439942419528952 4.8132083788514128 188.24241660535336 6.1930893212556821 6.3782759308815002 18.099401414394382 3.650089554488658 12.142024561762808
leaf_count=24 37 24 27 37 14 32 872 32 32 86 20 65
internal_value=0 -0.00992323 0.000331192 0.0118835 -0.000315287 0.000121338 0.000530749 0.000206726 0.011075 -0.00040835 -0.00979473 0.000610438
internal_weight=0 8.6362 261.283 13.8468 247.436 242.163 237.349 234.705 12.5714 222.134 21.7495 200.384
internal_count=1302 48 1254 74 1180 1153 1121 1107 64 1043 106 937
is_linear=0
shrinkage=0.03


Tree=109
num_leaves=24
num_cat=0
split_feature=11 11 9 4 22 4 25 13 12 23 24 28 28 18 4 12 26 24 10 17 18 7 9
split_gain=0.957246 1.36912 1.3392 3.32178 3.11373 2.83059 2.18261 5.29935 3.95878 4.57311 5.2132 3.53492 3.10847 5.65169 4.71664 2.15791 4.39951 3.94898 3.68292 4.65758 3.42087 2.85858 1.12425
threshold=0.013514223865444543 0.011863268566329689 0.63353968785102077 505710.50000000006 83.638031617701301 591695.50000000012 0.11843606234697336 0.0091070139118023547 0.0056841765576303169 2.0201595771363263 -0.120134609658629 1.0303112481014345 0.99083971171341834 -0.017499272167404541 3241889.5000000005 0.0041503752266343072 1.4724999999999928 1.3029661280812863 0.0013338664597615237 19.289999961853031 -0.049931475036830146 -99.658105854738352 0.61194493594483512
decision_type=2 2 2 2 2 2 2 2 2 2 2 2 2 2 2 2 2 2 2 2 2 2 2
left_child=1 2 4 -4 6 -5 7 12 11 10 -10 -8 13 -1 -14 18 21 -18 20 -20 -7 -17 -2
right_child=22 -3 3 5 -6 15 8 -9 9 -11 -12 -13 14 -15 -16 16 17 -19 19 -21 -22 -23 -24
leaf_value=-0.029913243656474773 0.0024309116581785841 0.017657219205080475 0.025641168966889578 -0.01994410957794461 0.016745544414260179 0.027717563793026298 -0.035764067803881402 0.024818627126992211 -0.013178856103201466 -0.025729658274719524 0.024634469715802201 -0.0025734015667221344 -0.032820083865533221 0.0094299204393114098 0.00061275531047716339 -0.0014005613004108258 -0.0057509308585197254 0.012869450834315857 0.021355035314754342 -0.0062445528437922535 -0.00060574716341237631 -0.027512433736973957 -0.020772456949640781
leaf_weight=4.0122294574975959 3.3768585473299018 4.0306575968861571 4.9862043708562842 5.7217387408018103 6.5132824182510367 4.0398671291768542 8.1028280258178729 6.3323677927255622 6.0584518462419537 5.2789015918970099 7.1586860567331305 4.4872681200504294 7.2449726015329343 18.157754331827167 7.9817558750510216 6.4064884707331666 25.083966717123985 17.33435583114624 19.522953428328041 7.6629552654922 76.759206719696522 9.1801555752754176 4.2377919293940067
leaf_count=18 18 20 22 26 31 24 37 30 29 24 35 22 33 82 38 31 120 79 100 41 378 42 22
internal_value=0 0.000307665 3.66455e-05 0.00150293 -0.00314906 0.000801993 -0.00488105 -0.000560764 -0.0109584 -0.00212572 0.00730165 -0.0239345 -0.00485824 0.00230976 -0.0152948 0.00151712 -0.00314997 0.00185834 0.00402408 0.0135755 0.000810388 -0.0167798 -0.0104825
internal_weight=0 262.057 258.026 176.698 81.3285 171.712 74.8152 43.7291 31.0861 18.496 13.2171 12.5901 37.3967 22.17 15.2267 165.99 58.005 42.4183 107.985 27.1859 80.7991 15.5866 7.61465
internal_count=1302 1262 1242 863 379 841 348 201 147 88 64 59 171 100 71 815 272 199 543 141 402 73 40
is_linear=0
shrinkage=0.03


Tree=110
num_leaves=15
num_cat=0
split_feature=15 10 10 12 10 7 18 11 7 26 14 28 14 17
split_gain=0.946686 2.45955 1.53012 3.02962 3.61251 2.27365 2.04474 2.31859 1.70973 3.63259 2.65298 2.07194 4.09451 1.66812
threshold=-0.0005109692445611399 -0.0029039076371863422 -0.004833409244103192 -0.006289978945962559 -0.0085245257782327038 -59502.017927866058 0.13539872126750221 -0.012063701210918541 -10954.457178626535 1.5303571428571481 0.43746109863885313 1.3116755706591714 0.79930490868380588 23.545000076293949
decision_type=2 2 2 2 2 2 2 2 2 2 2 2 2 2
left_child=1 -1 3 4 -2 -4 7 -7 9 -9 -11 13 -13 -10
right_child=2 -3 5 -5 -6 6 -8 8 11 10 -12 12 -14 -15
leaf_value=-0.02630612227156006 -0.017948829512387545 0.0038447202975818101 -0.019805080237096127 0.025115370073304045 0.014719356862094635 0.028623681515423507 -0.019417612032060109 -0.014413444652550945 0.00082974272228969774 0.00055661615883134891 0.025924368056544182 -0.0033152507915956888 -0.038845660953540438 -0.016774427542162806
leaf_weight=4.2624053470790386 5.6020929142832765 5.679648354649542 5.2572670951485625 6.5232319980859748 6.6781979203224191 2.616355523467063 4.7132226563990107 4.7334668114781406 183.66158655285835 6.2409210726618758 9.1503833383321744 15.510556034743788 3.5957901030778876 4.9756339751183978
leaf_count=26 32 29 27 32 36 14 31 24 855 32 44 73 20 27
internal_value=0 -0.00908169 0.000351476 0.00859313 -0.000183402 -0.000293019 0.000143124 0.000543125 0.000220708 0.00856984 0.0156382 -0.000588099 -0.010002 0.000365402
internal_weight=0 9.94205 259.259 18.8035 12.2803 240.455 235.198 230.485 227.868 20.1248 15.3913 207.744 19.1063 188.637
internal_count=1302 55 1247 100 68 1147 1120 1089 1075 100 76 975 93 882
is_linear=0
shrinkage=0.03


Tree=111
num_leaves=21
num_cat=0
split_feature=26 26 11 3 15 15 15 12 27 26 1 1 12 2 25 3 2 14 13 6
split_gain=0.929233 3.55988 3.47745 3.0409 2.45433 3.94357 3.85261 3.49165 2.01623 4.29075 1.89333 3.48387 3.2346 4.22154 4.37214 3.56392 3.36412 2.90219 3.0912 1.55019
threshold=1.2749999999999957 1.3317857142857132 0.0028079839397343602 659.92500000000007 -3.0897706951543346e-05 1.6894449671484572e-05 8.6927236470989698e-05 0.0020043795874410413 0.0020752809010757688 1.4110714285714285 610.18500000000006 612.5250000000002 0.012396246463269091 594.82500000000016 0.24904955305676399 483.18000000000006 462.09000000000009 0.07942722437433207 0.0054357656261055385 651.17841188121417
decision_type=2 2 2 2 2 2 2 2 2 2 2 2 2 2 2 2 2 2 2 2
left_child=3 2 -2 4 -1 7 -7 -6 -3 19 12 -12 13 16 -15 -14 -11 -13 -19 -10
right_child=1 8 -4 -5 5 6 -8 -9 9 10 11 17 15 14 -16 -17 -18 18 -20 -21
leaf_value=-0.015765507892966553 0.029031519769613094 0.021687941005398875 -0.0042527693780905007 -0.027446748519834103 0.0021170584148428517 -0.02126241587727493 0.0099455300532985506 0.035977196258962368 -0.009039444349240984 0.0078493108624033033 -0.024650799254405539 0.024999696613880972 0.033585086991876137 0.01946358724961186 -0.0046639019464853925 -0.0022406835162770921 -0.0072057651846626587 -0.005469164856923666 0.0071602405973664905 -0.032164344926008198
leaf_weight=7.9669642299413672 7.5529999732971174 3.7379472702741614 4.513064019382 4.5178050547838202 6.3809497356414813 7.8427242189645749 6.5196993723511696 4.8048125803470612 5.9720736742019636 18.886373572051525 6.0169401317834845 3.6830980554223052 6.1990778222680074 19.038771517574791 10.480385310947893 4.1870188862085342 45.636654902249575 66.731405351310968 23.614739283919334 4.6328619122505188
leaf_count=35 34 19 22 22 28 36 31 21 27 94 30 21 32 96 51 22 227 315 118 21
internal_value=0 0.000718655 0.0165822 -0.00434211 -0.00122763 0.00330588 -0.00709584 0.0166616 -0.000156097 -0.000535732 0.000429257 -0.00252008 0.00325483 0.00150019 0.0108974 0.0191424 -0.00279903 -0.00110393 -0.00216808 -0.0191418
internal_weight=0 230.883 12.0661 38.033 33.5152 25.5482 14.3624 11.1858 218.817 215.079 204.474 100.046 104.428 94.0422 29.5192 10.3861 64.523 94.0292 90.3461 10.6049
internal_count=1302 1129 56 173 151 116 67 49 1073 1054 1006 484 522 468 147 54 321 454 433 48
is_linear=0
shrinkage=0.03


Tree=112
num_leaves=28
num_cat=0
split_feature=17 26 10 15 12 27 10 15 9 22 9 4 17 9 17 3 24 15 12 0 12 10 12 4 17 18 6
split_gain=0.946578 3.67319 2.76645 4.12993 7.63186 3.75891 3.65706 4.0955 3.32376 3.18623 3.15454 5.75004 4.05563 2.92507 2.99206 2.32727 2.44793 2.24922 2.36272 4.42026 4.00825 6.99454 4.22739 1.99321 1.94902 1.51785 1.28117
threshold=16.634999275207523 1.2196428571428566 -0.0026563650748411822 -3.4295224840539039e-05 0.0063266911153175851 0.0027315208961964936 0.0013640730719111096 -1.6543692909045859e-05 0.57922764870290178 67.581489704257592 0.75815824902129758 5764747.0000000009 16.110000610351566 2.1041232108583827 15.144999980926515 683.25500000000011 2.2206278996073654 -0.0014676605231832074 0.013101624152918713 605.21500000000015 -0.0009362854231431127 0.0013640730719111096 -0.0019227464876098164 8318191.0000000009 16.110000610351566 -1.0000000180025095e-35 971.34563315201751
decision_type=2 2 2 2 2 2 2 2 2 2 2 2 2 2 2 2 2 2 2 2 2 2 2 2 2 2 2
left_child=2 -2 -1 4 5 -4 7 -5 9 24 12 -12 -10 14 -8 16 17 -3 20 -20 22 -22 -19 25 -9 -16 -18
right_child=1 15 3 6 -6 -7 13 8 10 -11 11 -13 -14 -15 23 -17 26 18 19 -21 21 -23 -24 -25 -26 -27 -28
leaf_value=0.021622453678592796 -0.036727004516909439 -0.017961796766112779 -0.015155509364544816 0.018432914560880288 -0.045039493661944083 0.018265296558960524 -0.0088226330939752545 0.011046823773797032 -0.0064915208271088187 0.025524099123822069 -0.024388402168224455 0.0099951959916702859 -0.035115470490098395 -0.014209375426420704 0.028578019610066736 -0.022762232104312909 -0.029304880348148332 0.0027408404657125575 0.030873763994439467 -0.0025847637613562015 0.0036688901633637775 -0.02023979926328014 0.033642394936846183 0.0033435383007661568 -0.016895322740122981 0.012671198483531433 -0.0055520238566998826
leaf_weight=6.1094159483909598 2.6355328410863867 5.5706298351287833 6.787376821041109 8.2659179866313917 4.7486793398857108 5.4695143550634384 4.6775325685739508 4.4122836589813215 11.353100121021273 5.6785143464803687 6.3463110774755505 14.108915440738199 7.3319963961839667 3.8324006870388976 12.19328159093857 4.2845178395509711 3.6870953254401666 61.765093326568596 6.6541899889707548 7.6267031654715538 24.904221147298813 19.742888439446688 4.2590657621622148 7.2059354335069647 4.5774432271718979 9.6888621747493762 4.5852356106042862
leaf_count=29 14 34 29 37 21 25 20 21 51 25 29 66 32 20 61 19 20 318 35 37 119 97 20 38 21 42 22
internal_value=0 -0.001632 0.00194356 0.000913148 -0.0127512 -0.000241811 0.00324449 -0.00122775 -0.00424797 0.00793165 -0.00881241 -0.000672445 -0.0177235 0.0106282 0.0134472 -0.00098555 -0.000313317 0.000689691 0.00152121 0.0130053 3.93254e-05 -0.0069035 0.00473423 0.0170284 -0.00318093 0.0215349 -0.016139
internal_weight=0 145.715 122.787 116.678 17.0056 12.2569 99.6725 62.0745 53.8086 14.6682 39.1403 20.4552 18.6851 37.598 33.7656 143.08 138.795 130.523 124.952 14.2809 110.671 44.6471 66.0242 29.0881 8.98973 21.8821 8.27233
internal_count=1302 735 567 538 75 54 463 282 245 67 178 95 83 181 161 721 702 660 626 72 554 216 338 141 42 103 42
is_linear=0
shrinkage=0.03


Tree=113
num_leaves=16
num_cat=0
split_feature=10 11 28 7 18 11 10 9 10 6 6 0 5 28 27
split_gain=1.0507 1.44087 3.51153 2.92209 2.26986 1.95813 1.81027 1.81444 2.1301 1.406 3.29712 2.85597 1.437 4.49687 1.71509
threshold=-0.012502735876605052 -0.0096160307107785985 1.2391615527943585 -9364.3286667577304 0.098376838585432572 -0.0074960725816500253 -0.0073986951445866303 0.79591040080640452 -0.0013609491567976304 38592.361696635264 16663.053837959513 663.49500000000012 22851.467493678825 1.0970397602461808 0.0068845923370218403
decision_type=2 2 2 2 2 2 2 2 2 2 2 2 2 2 2
left_child=-1 2 3 -2 5 -3 -6 -8 -9 10 12 -12 14 -14 -7
right_child=1 4 -4 -5 6 9 7 8 -10 -11 11 -13 13 -15 -16
leaf_value=-0.016831956725385271 0.037355243947586866 0.025424390555283699 -0.016727818338999782 0.0058044371858971266 -0.035013427554983718 -0.0015082720920459743 0.0052707187331001689 0.00023901045491988172 -0.031258882582645947 -0.01245894851666725 0.032083751247926742 -0.00044784580556598094 0.023359842499921089 -0.0076324858504979521 0.013002632142277542
leaf_weight=3.2954286262392989 4.1809408441185942 2.7867971137166014 3.5600983053445807 7.1769267171621314 2.4338537603616741 188.5655855089426 6.1077733039855939 3.6177877224981794 4.1476543322205535 7.7223811447620383 5.4370788782834989 4.3896207511425018 8.6040150970220584 8.2571740597486478 7.6271309107542029
leaf_count=18 24 17 21 38 14 874 31 21 30 39 29 21 45 41 39
internal_value=0 0.000212838 0.00926972 0.0174186 -0.00032826 0.000427808 -0.0111492 -0.00696262 -0.0165845 0.000125729 0.000561764 0.0175518 -0.000221868 0.00818244 -0.00094415
internal_weight=0 264.615 14.918 11.3579 249.697 233.39 16.3071 13.8732 7.76544 230.603 222.881 9.8267 213.054 16.8612 196.193
internal_count=1302 1284 83 62 1201 1105 96 82 51 1088 1049 50 999 86 913
is_linear=0
shrinkage=0.03


Tree=114
num_leaves=22
num_cat=0
split_feature=10 11 28 7 18 15 24 11 10 28 9 11 14 10 6 6 9 10 5 13 12
split_gain=0.991908 1.3635 3.32254 2.82701 2.14888 1.82086 2.18598 1.37624 8.26742 4.78828 3.26241 3.22773 2.80515 4.09707 3.88734 4.0448 2.55613 2.31547 2.16912 3.50875 1.31503
threshold=-0.012502735876605052 -0.0096160307107785985 1.2391615527943585 -9364.3286667577304 0.098376838585432572 -0.00010940875399689382 -1.4181193490431847 -0.0032109319143994726 -0.001270429387290217 0.80892622692150928 1.7734008072956984 -0.0023995783516430609 0.30451542678256754 -0.00016950430168150008 34601.877152099085 16663.053837959513 0.68481703574629449 -0.00067044708671371012 312.72119564805092 -0.0051337262333897007 -0.0084181786409758801
decision_type=2 2 2 2 2 2 2 2 2 2 2 2 2 2 2 2 2 2 2 2 2
left_child=-1 2 3 -2 7 -6 -7 8 9 -3 16 17 13 -13 15 -14 -11 -9 19 -10 -8
right_child=1 4 -4 -5 5 6 20 11 18 10 -12 12 14 -15 -16 -17 -18 -19 -20 -21 -22
leaf_value=-0.016380895596480077 0.036825475326396843 -0.013474675224793254 -0.016269773576617991 0.0056327573661803373 -0.036926685682023841 -0.022213950435471485 -0.014117875743682505 -0.028310090176479109 0.017771623021725528 0.013080640057495109 0.0014542287308723352 -0.0048001402516436621 -0.00061756914786194014 0.029418843974115969 -0.027053312519041084 0.028089777444803819 0.043024134051670354 -0.0010743235941178631 -0.022599696361047868 -0.018865996614708939 0.010415702892027728
leaf_weight=3.2847501114010802 4.1148585751652709 3.3093483895063427 3.5506616234779349 7.1738479286432257 2.1021984070539501 5.3043590709567079 2.9630279392004013 6.2592393606901169 4.7322201579809198 3.7106062024831763 3.6647435873746863 5.7354933172464371 164.46712772548199 6.9831624925136548 4.862508848309516 4.5391780734062186 8.3162227645516378 5.0970064699649793 6.8860248625278464 4.6783334463834771 5.8456540405750239
leaf_count=18 24 17 21 38 17 32 15 29 21 18 20 26 774 34 24 23 44 22 31 22 32
internal_value=0 0.000206868 0.00904161 0.0170028 -0.000318682 -0.0108788 -0.00699891 0.000415474 0.0058726 0.0193187 0.0262348 -0.000557645 0.000387449 0.0139878 -0.000607425 0.000153454 0.0337857 -0.0160859 -0.00980477 -0.00044229 0.0021632
internal_weight=0 264.296 14.8394 11.2887 249.456 16.2152 14.113 233.241 35.2975 19.0009 15.6916 197.944 186.587 12.7187 173.869 169.006 12.0268 11.3562 16.2966 9.41055 8.80868
internal_count=1302 1284 83 62 1201 96 79 1105 173 99 82 932 881 60 821 797 62 51 74 43 47
is_linear=0
shrinkage=0.03


Tree=115
num_leaves=14
num_cat=0
split_feature=1 2 13 3 13 4 1 1 3 3 2 10 12
split_gain=0.946007 1.90666 3.74552 2.68057 2.10377 1.99328 1.63983 2.50837 1.49285 3.23264 2.01265 1.35005 1.78187
threshold=685.0200000000001 670.48000000000013 0.0054357656261055385 670.29500000000019 0.0019840793134389139 6677930.0000000009 669.5150000000001 668.00000000000011 662.82500000000016 663.58500000000015 663.48000000000013 -0.012502735876605052 -0.020973766397301249
decision_type=2 2 2 2 2 2 2 2 2 2 2 2 2
left_child=1 3 4 6 5 -3 7 8 11 -10 -11 -1 -13
right_child=-2 2 -4 -5 -6 -7 -8 -9 9 10 -12 12 -14
leaf_value=-0.019764867229259041 0.013813707246976706 0.0057012166460538669 0.010619082548523376 0.021759117357012941 -0.033779584025964635 -0.019284250177416626 -0.015918479828585255 0.023639630641770281 -0.032633586497262335 0.016801322786103506 -0.012527160281194147 0.023277292572667873 0.0005898314181183252
leaf_weight=2.8752276524901381 4.3907057195901862 4.688639581203466 6.6220285072922698 5.2541629895567885 4.4265583977103224 7.4235094785690308 5.6193235516548148 4.1347906850278369 3.908872887492179 3.7415194660425168 4.8171263039112091 3.1634695045649996 206.01833650097251
leaf_count=16 20 21 32 26 21 37 29 20 20 19 25 21 995
internal_value=0 -0.000227382 -0.00844677 0.00056736 -0.0160806 -0.00961232 9.20931e-05 0.000485554 5.91544e-05 -0.0100295 0.000294154 0.000652299 0.000932935
internal_weight=0 262.694 23.1607 239.533 16.5387 12.1121 234.279 228.659 224.525 12.4675 8.55865 212.057 209.182
internal_count=1302 1282 111 1171 79 58 1145 1116 1096 64 44 1032 1016
is_linear=0
shrinkage=0.03


Tree=116
num_leaves=25
num_cat=0
split_feature=0 3 15 5 15 15 18 9 25 13 14 13 11 22 28 5 23 3 25 22 28 9 22 24
split_gain=0.945899 3.15823 1.17343 3.02255 1.39395 4.07558 4.71051 4.77297 4.70232 2.35081 2.67463 1.91559 1.85882 3.3347 4.12033 3.26439 3.20442 4.78593 2.81592 3.99632 3.5478 2.61528 1.20958 0.565812
threshold=455.07500000000005 455.90000000000003 -0.00032021798377526782 262.57932830260887 4.9914680884098943e-05 8.6177185122609338e-05 -0.016370155479517808 1.5364288851873293 0.31386024291503462 0.011003753993352907 0.628567502188076 0.00093038167516462666 0.00056702601071156888 66.950477010994163 0.87009040204412835 22851.467493678825 1.0138879793510969 672.00000000000011 0.010962796200721081 81.834387813997878 1.3027495105245739 0.68572235090970157 40.957034787172056 1.5565086189165622
decision_type=2 2 2 2 2 2 2 2 2 2 2 2 2 2 2 2 2 2 2 2 2 2 2 2
left_child=-1 -2 3 -3 12 8 9 11 22 10 -7 -8 13 16 -15 18 17 -4 20 -20 -14 -18 -6 -9
right_child=1 2 4 -5 5 6 7 23 -10 -11 -12 -13 15 14 -16 -17 21 -19 19 -21 -22 -23 -24 -25
leaf_value=-0.012448096374253996 0.028068536153287745 -0.027457940122960694 0.0073241878132216725 0.0055398028562788333 -0.020368411319767001 0.0013845828420556987 -0.0060783934489286855 -0.03724834746799776 0.0052740788460350985 -0.0059078807476827698 0.034728309350597328 0.017919901810602455 0.012900993116197411 0.0010891145901232044 0.035366902975841184 0.017539845220948709 -0.028201048042909661 -0.02587914606677405 -0.0088274507741668735 0.007723478939062456 -0.01501790215997314 -0.0015916514646637195 -0.04336332844979484 -0.019448073418466008
leaf_weight=5.3802812695503226 3.6245367228984824 4.7766188718378526 59.828316032886505 5.2378822714090347 3.9519524872302991 3.3453120812773687 8.5729816704988497 3.5308547578752032 4.689803034067153 3.4655438885092726 6.1369563639163971 4.5996565595269194 17.879749141633514 6.1061768084764463 6.5325655192136765 7.7155658751726142 4.9013656675815573 4.1799873858690253 62.950048685073853 16.590074755251408 5.3138912171125403 10.330870196223257 4.2977110296487808 2.949896477162838
leaf_count=24 18 26 291 31 20 21 41 27 23 20 34 23 84 28 30 38 22 21 293 76 25 49 21 16
internal_value=0 0.000259497 -0.000131357 -0.0101991 0.000275405 -0.00446661 0.00118741 -0.00806847 -0.018712 0.0152369 0.0229648 0.00230139 0.00134275 0.00449546 0.0188062 -0.00127989 0.00221291 0.00515588 -0.0026933 -0.00537534 0.0065045 -0.0101539 -0.0323477 -0.0291461
internal_weight=0 261.508 257.884 10.0145 247.869 45.5407 32.6012 19.6534 12.9395 12.9478 9.48227 13.1726 202.329 91.8793 12.6387 110.449 79.2405 64.0083 102.734 79.5401 23.1936 15.2322 8.24966 6.48075
internal_count=1302 1278 1260 57 1203 246 182 107 64 75 55 64 957 441 58 516 383 312 478 369 109 71 41 43
is_linear=0
shrinkage=0.03


Tree=117
num_leaves=31
num_cat=0
split_feature=7 0 15 15 18 13 14 2 10 17 12 1 7 11 11 25 10 13 26 11 0 17 11 4 12 9 1 0 11 27
split_gain=0.948638 3.31413 2.58659 4.01748 3.52571 3.25461 4.32356 3.18345 2.80091 2.46656 3.03159 3.45058 2.83106 3.23182 3.48312 3.48565 4.51144 5.94656 4.33783 4.97673 3.19546 2.86025 2.71205 2.71936 2.60321 2.30084 2.17483 2.96773 2.11458 2.25808
threshold=-3044.6393152037813 465.16000000000003 -0.00017222074778238585 -1.4681822082716336e-05 0.032441376053596989 -0.0015995879009308431 0.69601317518104699 595.28500000000008 -0.0042025497201147446 19.664999961853031 0.012396246463269091 463.68500000000006 12945.367838922708 -0.0055218680352582252 -0.0023995783516430609 0.014677029252987141 -0.00067044708671371012 -0.0024212078903306784 2.5882142857142871 0.0037871061531075116 467.85000000000008 17.735000610351566 0.0061156879478814217 11444085.500000002 0.013956374197893086 1.4494641815278133 615.72000000000014 659.50000000000011 -0.0032109319143994726 0.0029377832295537525
decision_type=2 2 2 2 2 2 2 2 2 2 2 2 2 2 2 2 2 2 2 2 2 2 2 2 2 2 2 2 2 2
left_child=1 -1 -3 7 5 25 -7 -4 -6 12 11 -11 13 -2 28 16 20 -18 19 -17 -16 22 23 -14 -20 -5 -9 -28 29 -15
right_child=9 2 3 4 8 6 -8 26 -10 10 -12 -13 21 14 15 18 17 -19 24 -21 -22 -23 -24 -25 -26 -27 27 -29 -30 -31
leaf_value=0.033653918399872376 0.017155732235524683 -0.024144608905241737 -0.0092536962968864881 0.025130479698324798 0.0023033465313610983 0.0072575668269901292 -0.02900484762028592 0.037893654419235825 -0.022767325207918056 0.0057877539562797451 0.014028868182328947 -0.019696649840650733 0.026376282053588999 0.0057176483613420341 0.0062330805189655123 -0.010708945097115116 0.041474128637461152 0.0062192771409268627 -0.035363939461808783 0.0055674168583983285 -0.030301061445282548 0.027620494890762681 -0.016564241187631799 -0.0019883590967533344 -0.004961788519830453 -0.0025715960771113813 -0.0079141120027999279 0.023696621226640357 -0.028707966269093829 -0.021597943612220723
leaf_weight=3.0406664833426467 8.1508012786507589 3.3298186361789694 4.2797607779502895 8.1134951785206777 6.5843506604433086 8.2641692310571653 4.6098361015319833 4.3819926083087948 10.26022934168577 6.4471034556627336 4.34878310188651 18.511472322046757 5.5896632373333031 5.8902576714754122 4.1881121397018415 29.607977822422981 5.1316562294960049 26.761460043489933 5.8785906881093961 39.414015360176563 4.4377475306391716 6.168161302804946 4.3786057829856864 6.6740898489952087 4.4563177675008774 4.0430212691426286 3.9987224340438834 8.0623668655753118 6.31612904369831 5.0665060728788376
leaf_count=17 39 18 20 38 34 43 23 22 54 32 23 105 26 28 19 132 23 126 27 189 21 34 22 34 21 23 18 39 28 24
internal_value=0 0.00303213 0.00161981 0.00299032 -0.00235612 0.00478493 -0.00572703 0.013794 -0.0129675 -0.00105492 -0.00908616 -0.0131137 0.000345205 -0.00119733 -0.00228806 -0.000473265 0.00668586 0.0118918 -0.00412866 -0.00141456 -0.0125626 0.0101709 0.00370355 0.0109399 -0.0222548 0.0159173 0.0197928 0.0132164 -0.0148829 -0.00691333
internal_weight=0 68.9684 65.9278 62.5979 41.8751 25.0305 12.874 20.7228 16.8446 197.417 29.3074 24.9586 168.11 145.3 137.149 119.876 40.519 31.8931 79.3569 69.022 8.62586 22.8105 16.6424 12.2638 10.3349 12.1565 16.4431 12.0611 17.2729 10.9568
internal_count=1302 349 332 314 215 127 66 99 88 953 160 137 793 677 638 558 189 149 369 321 40 116 82 60 48 61 79 57 80 52
is_linear=0
shrinkage=0.03


Tree=118
num_leaves=31
num_cat=0
split_feature=9 4 22 25 25 13 14 0 28 18 28 10 24 4 9 12 10 15 17 7 23 11 2 2 0 9 26 18 22 13
split_gain=0.917648 3.11032 3.07255 3.3558 3.10425 3.91352 3.5945 4.24625 3.2536 5.26169 4.30144 3.07197 3.5125 2.55006 2.3013 2.19373 3.34455 4.36217 4.34471 4.11385 3.41505 3.85289 3.68732 2.74343 2.73669 3.49144 3.1067 2.73448 2.52646 2.47566
threshold=0.63353968785102077 505710.50000000006 83.638031617701301 1.1655974193369094 0.12178463890113185 0.0091070139118023547 0.92916016742863139 608.11500000000012 0.99083971171341834 -0.017499272167404541 1.1419577537221475 -0.00082781671978737748 -0.72258715980224764 591695.50000000012 0.60388888109096073 0.0051921641839869368 0.0021560591648173148 2.1637547741073899e-05 19.289999961853031 -708.99930902828703 -1.188898348858231 -0.010776581545342443 465.39000000000004 658.74000000000012 632.75000000000011 0.7734916659188148 1.393571428571432 -0.018964699237889345 38.152800415792775 0.0080153309560941927
decision_type=2 2 2 2 2 2 2 2 2 2 2 2 2 2 2 2 2 2 2 2 2 2 2 2 2 2 2 2 2 2
left_child=2 -2 3 4 5 8 11 -8 9 -1 -10 -6 -13 -3 -11 16 17 20 28 23 21 -15 -22 -19 26 -26 -17 -27 -18 -28
right_child=1 13 -4 -5 6 -7 7 -9 10 14 -12 12 -14 15 -16 24 18 19 -20 -21 22 -23 -24 -25 25 27 29 -29 -30 -31
leaf_value=-0.02886427578305303 0.024756318639880842 -0.019244101507852877 0.017052800108861673 0.016494608668376876 -0.0041738935439960883 0.020135042495753069 0.021974469076278556 -0.019138738808656252 -0.03291852275741762 0.015606351704324933 -0.00097765737329957316 -0.010712317108176198 -0.04294463698550853 0.014117428908042169 -0.0089239945031397896 -0.015112475038726465 0.041540365921021609 0.0064925789497790347 -0.0066007528217461447 -0.028851665775004077 0.025332182763638227 -0.016673876213604076 0.0047300652635195702 -0.022979796527851207 0.0090264088280871402 -0.0067355447361444982 0.010127613738412153 -0.032910078306224291 0.014957362128740746 -0.013364944628408431
leaf_weight=3.953558385372161 4.9126279205083838 5.6663695573806754 6.6233176887035361 6.4547992348670951 6.2596506625413939 6.6228114664554587 4.5718341916799528 4.4729339480400085 6.9647429957985869 13.471869856119161 8.3365403264760953 5.1173070669174221 7.5059521794319126 5.3251505866646793 4.623180463910102 8.1299640983343107 4.4356477707624498 10.648812819272282 6.6198109574615946 7.4032997898757449 9.5195880532264692 11.678191043436525 43.756938431411982 3.8776078075170508 4.9109421372413662 6.9469236582517633 22.840860895812515 7.4386649653315517 11.71864555031061 4.9038996137678614
leaf_count=18 22 26 32 33 28 32 23 21 31 62 41 28 34 30 21 38 26 59 37 37 44 60 214 20 23 32 109 37 58 26
internal_value=0 0.00121218 -0.00256781 -0.00422633 -0.00608654 -0.00111878 -0.0139084 0.00164264 -0.00488747 0.00248872 -0.0155163 -0.0213572 -0.0298781 0.000554332 0.00933899 0.00121364 0.00357319 0.00103043 0.0138685 -0.0106507 0.00467533 -0.00703058 0.00841131 -0.00137462 -0.00370394 -0.0128142 0.00119636 -0.0202702 0.0222565 0.00597529
internal_weight=0 180.734 84.9785 78.3552 71.9004 43.9727 27.9277 9.04477 37.3499 22.0486 15.3013 18.8829 12.6233 175.821 18.0951 170.155 114.984 92.2096 22.7741 21.9297 70.2799 17.0033 53.2765 14.5264 55.1713 19.2965 35.8747 14.3856 16.1543 27.7448
internal_count=1302 898 404 372 339 205 134 44 173 101 72 90 62 876 83 850 585 464 121 116 348 90 258 79 265 92 173 69 84 135
is_linear=0
shrinkage=0.03


Tree=119
num_leaves=23
num_cat=0
split_feature=1 3 27 13 10 26 17 17 9 4 0 4 18 11 11 26 28 1 3 12 4 9
split_gain=0.906024 1.76212 1.00633 2.377 2.6871 3.59008 3.1666 3.08554 2.25046 4.1595 3.03935 1.87058 1.96891 2.7109 2.47135 2.65861 3.97609 2.34538 2.3654 2.16357 2.33753 1.09695
threshold=685.0200000000001 682.8850000000001 0.0025545559761151189 -0.000156090939124609 0.00023916820308733658 1.1557142857142864 16.365000724792484 16.150000572204593 1.2524268682204671 6080999.5000000009 650.46500000000015 294218.00000000006 0.053714916987061108 0.0022334767865858089 -0.0050126126476886515 1.9124999999999985 1.1437190791849543 455.55500000000001 460.63000000000005 -0.0060853123321225602 6851530.5000000009 0.75815824902129758
decision_type=2 2 2 2 2 2 2 2 2 2 2 2 2 2 2 2 2 2 2 2 2 2
left_child=1 2 3 4 5 -1 -7 -6 9 10 -5 -4 14 19 15 -13 -17 -16 -19 20 -14 -21
right_child=-2 -3 11 8 7 6 -8 -9 -10 -11 -12 12 13 -15 17 16 -18 18 -20 21 -22 -23
leaf_value=-0.022366714535526782 0.013558633713876013 -0.018539007224702489 0.031064555346016001 0.0094390562994287955 -0.0048197007598331934 0.027426526359537004 -0.0059105801971772462 -0.037687085325766409 -0.014633021231547749 0.02848437791829999 -0.021302075452845258 0.032962322003678261 0.0032788567435921472 -0.022308449233212038 -0.024038867899187952 -0.019198935755550279 0.02105168971575494 0.018220267905576862 0.00084000662608834579 -0.0032544689575134196 -0.014475947815918686 0.016034610413929447
leaf_weight=5.2929280102252987 4.3646355569362631 4.6434899717569342 1.8496550321578968 7.8671577945351654 4.9525428712367994 4.3785451352596265 6.1891164630651474 5.3450097739696503 5.0097606703639022 6.0310341268777838 4.5795069336891174 4.6362457424402228 12.297108322381975 6.745706643909215 3.2466512471437445 3.65568660199642 5.5806409567594528 7.4363122433423987 134.78885357826948 4.1230181977152807 14.593899376690386 7.4443235769867897
leaf_count=25 20 21 9 37 22 20 30 23 27 28 21 26 65 37 14 18 34 36 647 20 81 41
internal_value=0 -0.000223699 0.000108459 -0.00372638 -0.00994665 -0.00219906 0.00790213 -0.0218797 0.00320119 0.00803649 -0.00187154 0.00103086 0.00075928 -0.00476678 0.00232696 0.0144254 0.00512072 0.00117321 0.00174874 -0.00168992 -0.00635677 0.00915929
internal_weight=0 260.687 256.044 49.6456 26.1581 15.8606 10.5677 10.2976 23.4875 18.4777 12.4467 206.398 204.548 45.2041 159.344 13.8726 9.23633 145.472 142.225 38.4583 26.891 11.5673
internal_count=1302 1282 1261 233 120 75 50 45 113 86 58 1028 1019 244 775 78 52 697 683 207 146 61
is_linear=0
shrinkage=0.03


Tree=120
num_leaves=31
num_cat=0
split_feature=7 0 15 15 18 11 2 10 10 28 17 12 25 24 12 15 28 11 21 17 23 17 3 2 14 22 13 11 11 0
split_gain=0.911076 3.10102 2.45905 3.75908 3.2395 3.15208 3.02793 2.70456 2.61215 2.26733 2.37075 4.36908 4.82929 4.84574 3.79727 3.58305 3.6524 3.15788 3.05804 3.24371 2.96748 2.84855 3.70224 2.6168 2.34752 3.50266 2.30526 2.23115 2.21242 2.09659
threshold=-3044.6393152037813 465.16000000000003 -0.00017222074778238585 -1.4681822082716336e-05 0.032441376053596989 -0.0036108508124855217 595.28500000000008 -0.0020374023530320691 -0.0042025497201147446 1.4535678791273692 16.110000610351566 0.0093905443857619248 0.4163354253144545 1.7446889551784672 0.010101260496262478 2.1637547741073899e-05 0.82742547664149413 0.0043232058004728522 -0.33519857079054854 15.75500011444092 0.44101555190690084 17.289999961853031 483.18000000000006 599.8900000000001 0.52790222256511388 63.969464953499674 0.0099137534954869561 0.0031396764770410539 7.0100856542465464e-05 621.0350000000002
decision_type=2 2 2 2 2 2 2 2 2 2 2 2 2 2 2 2 2 2 2 2 2 2 2 2 2 2 2 2 2 2
left_child=1 -1 -3 6 5 -5 -4 -7 -6 10 14 12 13 15 18 16 -12 -14 -2 24 -13 -22 -23 -17 -20 -26 -11 -9 -15 -8
right_child=9 2 3 4 8 7 29 27 -10 26 11 20 17 28 -16 23 -18 -19 19 -21 21 22 -24 -25 25 -27 -28 -29 -30 -31
leaf_value=0.032865684274685024 0.023040387160621137 -0.023514770455752159 -0.009034015554611247 0.028320876211596669 0.0022900195181751208 -0.020745986527227367 0.035432639676131736 0.013072828508846789 -0.021992033603373068 -0.031990332738114725 -0.026272165247804135 0.025960626970774558 -0.005491451504190158 -0.0040342758715185565 -0.012918872056013225 -0.016696065080338076 0.0049562029540700927 -0.039649287027414687 0.015604855770056957 0.028504858776333394 0.013789595883107115 0.015011646969834124 -0.018958804358347049 0.0074845256120051624 -0.018758381217833433 0.005864056701797492 -0.00019471443673708816 -0.010969033526327856 -0.030095875768356203 0.012150842350366597
leaf_weight=2.9888979122042647 10.272750750184057 3.3256262093782416 4.2746833413839367 4.2024085670709637 6.5710607245564487 4.5015317350626018 5.0327890738844898 11.099886484444143 10.140036486089228 4.2030124515295011 3.5803429484367362 6.2911609038710621 4.2269506342709047 4.6238012202084056 8.752022370696066 16.923705335706476 57.56982160359621 5.7487405315041542 7.0682334676384952 4.3213669955730429 11.240049049258234 4.4626067578792563 8.1799260675907117 5.2859933637082568 8.8749189823865908 12.556279085576532 4.010450042784214 5.0566711127758017 8.0104876607656461 11.291311725974081
leaf_count=17 48 18 20 26 34 21 25 53 54 23 16 37 21 23 39 82 282 28 34 20 54 21 37 29 41 59 21 27 38 54
internal_value=0 0.00298244 0.00161873 0.00296317 -0.00222952 0.00463656 0.0134429 -0.000181459 -0.012444 -0.00103653 -0.000362434 -0.00244144 -0.00530919 -0.00324466 0.00509691 -0.000620584 0.00312778 -0.0251758 0.0087558 0.00428479 0.00763007 0.00280142 -0.00696779 -0.010941 0.000612306 -0.00433239 -0.0164652 0.00554822 -0.020558 0.0193287
internal_weight=0 68.4849 65.496 62.1704 41.5716 24.8605 20.5988 20.6581 16.7111 196.203 187.989 136.144 105.97 95.9942 51.8456 83.3599 61.1502 9.97569 43.0935 32.8208 30.1737 23.8826 12.6425 22.2097 28.4994 21.4312 8.21346 16.1566 12.6343 16.3241
internal_count=1302 349 332 314 215 127 99 101 88 953 909 668 519 470 241 409 298 49 202 154 149 112 58 111 134 100 44 80 61 79
is_linear=0
shrinkage=0.03


Tree=121
num_leaves=22
num_cat=0
split_feature=1 3 27 13 10 26 17 17 9 4 0 4 18 11 11 13 6 6 12 11 9
split_gain=0.899215 1.6584 0.96618 2.2553 2.5388 3.37584 3.00069 2.87539 2.1216 3.90377 2.87076 1.74826 1.88237 2.51715 2.29456 2.64717 2.35273 4.20042 2.05169 2.35024 1.02483
threshold=685.0200000000001 682.8850000000001 0.0025545559761151189 -0.000156090939124609 0.00023916820308733658 1.1557142857142864 16.365000724792484 16.150000572204593 1.2524268682204671 6080999.5000000009 650.46500000000015 294218.00000000006 0.053714916987061108 0.0022334767865858089 -0.0055218680352582252 -0.0090327783801582556 38592.361696635264 16663.053837959513 -0.0060853123321225602 -0.010549475015188213 0.75815824902129758
decision_type=2 2 2 2 2 2 2 2 2 2 2 2 2 2 2 2 2 2 2 2 2
left_child=1 2 3 4 5 -1 -7 -6 9 10 -5 -4 14 18 15 -13 17 -16 19 -14 -20
right_child=-2 -3 11 8 7 6 -8 -9 -10 -11 -12 12 13 -15 16 -17 -18 -19 20 -21 -22
leaf_value=-0.021815615920827279 0.013525027474182695 -0.018023308487583638 0.030246140499094236 0.0092369234437410606 -0.004874949603244332 0.026721999091808214 -0.005816979789944823 -0.036638461148823596 -0.014254899078088683 0.027757785111989983 -0.020673897024440724 -0.00068230913199208933 0.0034720367686071479 -0.021673411520208016 0.00088191755966155231 0.028423022480278851 -0.020213960234614432 0.026802289668439529 -0.0031468299483447901 -0.014371632036710108 0.015518481921550401
leaf_weight=5.2544611990451839 4.3533566296100608 4.6268633604049674 1.8238127082586277 7.8449434563517624 4.9474152922630292 4.3472176268696767 6.1720699220895767 5.3264522850513458 4.9867091961204997 5.9636646956205359 4.5703522562980652 5.1304750591516495 12.172861039638518 6.6754343658685675 137.13759926706553 6.2246289998292905 4.4462812691926947 5.8674288764595977 4.1142758876085264 14.624908871948721 7.4256705902516842
leaf_count=25 20 21 9 37 22 20 30 23 27 28 21 29 67 37 656 37 22 31 20 79 41
internal_value=0 -0.000223336 9.95652e-05 -0.00366719 -0.00973744 -0.00217867 0.00763013 -0.0213426 0.00309981 0.00780862 -0.00177393 0.00100467 0.000743007 -0.0046722 0.00227793 0.0152726 0.00127722 0.00194542 -0.00171192 -0.00626616 0.00886384
internal_weight=0 259.684 255.057 49.4133 26.0476 15.7737 10.5193 10.2739 23.3657 18.379 12.4153 205.643 203.82 45.0132 158.806 11.3551 147.451 143.005 38.3377 26.7978 11.5399
internal_count=1302 1282 1261 233 120 75 50 45 113 86 58 1028 1019 244 775 66 709 687 207 146 61
is_linear=0
shrinkage=0.03


Tree=122
num_leaves=25
num_cat=0
split_feature=9 13 0 10 12 11 27 27 17 28 22 10 16 3 0 28 15 5 9 28 22 22 15 2
split_gain=0.882232 2.73245 3.06676 2.33408 1.80187 1.58632 1.59037 3.25557 2.76712 4.83823 4.10227 5.11302 2.97923 2.88533 3.93664 2.31256 2.13579 1.77975 2.02168 2.99289 2.25722 3.73271 2.12825 1.23146
threshold=0.48182805023417646 0.0048848635104376545 620.4000000000002 0.00021973188628543475 0.0051921641839869368 0.014233815239950489 0.0041190552744222045 0.0039307213930386267 18.800000190734867 0.95616713609854986 47.0940684777024 0.0031374996485384892 1.0000000180025095e-35 460.63000000000005 461.75000000000006 1.2431073582868992 1.750888143216702e-05 25494.502139879736 2.1041232108583827 0.94312325406512154 33.234314890286051 35.8378515988231 -1.4896028916715532e-05 594.82500000000016
decision_type=2 2 2 2 2 2 2 2 2 2 2 2 2 2 2 2 2 2 2 2 2 2 2 2
left_child=1 2 3 23 -3 6 7 17 12 -10 13 -12 -8 -11 -15 16 -14 18 20 -20 22 -22 -2 -1
right_child=5 4 -4 -5 -6 -7 8 -9 9 10 11 -13 15 14 -16 -17 -18 -19 19 -21 21 -23 -24 -25
leaf_value=-0.0048435015234981832 0.028632759908211115 -0.0011544717079104573 -0.028922507998876086 -0.015599212869259622 0.024353092394144113 -0.018127353680458213 -0.0018486978858586486 -0.019474871763504466 -0.027331522287542799 0.026634800814853452 0.040778381537196248 -0.0025418799331845148 0.047299186285908817 -0.040073771690513287 -0.00061009521660322814 0.0048074798124747072 0.017138869484471513 0.019658413251586633 -0.034418576620963905 0.0015009571587713307 -0.027884856678139766 0.00053019398351521565 0.0020198011709687139 0.017192635263157108
leaf_weight=4.4395585507154518 4.8397985026240349 7.0181674212217313 5.9332978278398505 8.1479040384292585 3.8651542961597443 3.9697059094905844 6.5729829072952279 7.8108550906181327 4.8629887960851184 3.0202971100807217 5.402175232768057 4.4902851134538651 4.1880098953843099 2.5088197290897396 24.405257523059845 4.1823308914899835 4.265275627374649 4.1918278485536566 3.7468991950154287 4.7146412283182144 4.3028798028826705 125.94363821670413 6.1296794414520246 4.6973068118095398
leaf_count=21 26 34 27 39 21 22 33 39 27 17 26 24 21 12 137 21 21 23 19 26 20 592 31 23
internal_value=0 -0.00449907 -0.0103131 -0.00392512 0.00790441 0.000672272 0.00100311 -0.000580469 0.00500997 0.000917053 0.0043663 0.0211149 0.0145324 -0.00116864 -0.00428874 0.0230537 0.0320812 0.000378666 -0.000161277 -0.0144048 0.00069218 -0.000408538 0.0137616 0.00648538
internal_weight=0 34.1014 23.2181 17.2848 10.8833 229.548 225.579 161.68 63.8984 44.6898 39.8268 9.89246 19.2086 29.9344 26.9141 12.6356 8.45329 153.869 149.678 8.46154 141.216 130.247 10.9695 9.13687
internal_count=1302 165 110 83 55 1137 1115 776 339 243 216 50 96 166 149 63 42 737 714 45 669 612 57 44
is_linear=0
shrinkage=0.03


Tree=123
num_leaves=19
num_cat=0
split_feature=28 14 22 3 9 22 28 28 4 7 28 18 27 9 4 9 28 12
split_gain=0.864049 2.13923 2.18598 2.11437 1.90887 1.65247 1.4433 2.49666 4.07534 2.42296 2.45738 2.30788 2.14902 2.09937 3.97382 1.92345 1.43959 1.12705
threshold=1.3768311805203199 0.73306728764965878 26.969830192700176 601.62000000000012 0.75118776114119079 19.199164118304136 1.183707226031405 1.2249773852520944 1699571.0000000002 -78267.199758170857 1.1678889974488229 0.11161691503002037 0.0069975839770834228 0.48182805023417646 2517046.0000000005 1.4494641815278133 1.0982336456575224 -0.0012526094005765873
decision_type=2 2 2 2 2 2 2 2 2 2 2 2 2 2 2 2 2 2
left_child=5 2 -2 -4 -5 -1 9 -8 -9 -7 12 17 13 14 -11 -15 -14 -10
right_child=1 -3 3 4 -6 6 7 8 11 10 -12 -13 16 15 -16 -17 -18 -19
leaf_value=0.019173240217720423 -0.020286629736523187 -0.024599163112120508 0.02208338203317331 -0.016433107219524012 0.0095079525867954474 -0.025093457245280441 0.023045061206274836 -0.02541887902317436 0.03172354712633018 0.0030250417298811126 -0.020591728576120551 -0.0080238855191721564 0.028398616302268111 0.0022021232827650725 -0.021793733543111322 -0.0066274341091018445 0.0038471836592834882 0.0091014160014853442
leaf_weight=4.2062792107462874 4.1731818243861261 4.3120229840278617 4.2703288346528998 4.9491833299398404 5.2729190662503242 3.564079836010932 6.5295604988932636 3.9539835005998638 3.5493298470973995 12.254253707826139 5.1616445407271376 4.3564489707350722 3.9330170154571515 146.28435692936182 11.034342855215071 26.178435772657394 4.73984095454216 4.4887143820524171
leaf_count=25 24 24 22 24 26 20 37 18 20 59 27 23 21 689 51 144 25 23
internal_value=0 -0.00555429 -0.00115465 0.00435451 -0.0030518 0.00053509 0.000202938 0.00736355 0.00110038 -0.000565633 -0.000148528 0.00956032 0.000367656 -0.000279791 -0.00873431 0.000861869 0.0149809 0.0190906
internal_weight=0 22.9776 18.6656 14.4924 10.2221 240.234 236.028 22.878 16.3485 213.15 209.586 12.3945 204.424 195.751 23.2886 172.463 8.67286 8.03804
internal_count=1302 120 96 72 50 1182 1157 121 84 1036 1016 66 989 943 110 833 46 43
is_linear=0
shrinkage=0.03


Tree=124
num_leaves=31
num_cat=0
split_feature=7 0 15 15 18 11 2 10 10 13 17 12 2 7 5 11 17 12 5 5 24 17 18 18 17 17 11 0 3 25
split_gain=0.878879 2.8948 2.33353 3.47489 2.97509 2.97261 2.87171 2.58291 2.54204 6.37031 2.24752 2.71513 3.24001 2.48474 3.0884 3.15135 3.72593 4.41783 3.92845 5.479 3.68905 2.65844 5.55217 2.52589 2.5161 2.30316 2.06425 2.03606 3.42331 1.84457
threshold=-3044.6393152037813 465.16000000000003 -0.00017222074778238585 -1.4681822082716336e-05 0.032441376053596989 -0.0036108508124855217 595.28500000000008 -0.0020374023530320691 -0.00072953611275816666 -0.0064021054976998162 19.664999961853031 0.012396246463269091 462.37000000000006 12945.367838922708 10157.304584189294 -0.0063967387800885058 16.110000610351566 0.013402909386354469 1303.1104259514279 78.790307659943849 1.7446889551784672 15.75500011444092 0.0089505371773547244 -0.052931193152289939 15.144999980926515 17.555000305175785 0.0031396764770410539 621.0350000000002 659.7650000000001 0.36175700907377961
decision_type=2 2 2 2 2 2 2 2 2 2 2 2 2 2 2 2 2 2 2 2 2 2 2 2 2 2 2 2 2 2
left_child=1 -1 -3 6 5 -5 -4 -7 9 -6 13 12 -12 14 15 -2 18 20 19 -17 -18 -15 23 -23 -20 -19 -9 -8 -29 -14
right_child=10 2 3 4 8 7 27 26 -10 -11 11 -13 29 21 -16 16 17 25 24 -21 -22 22 -24 -25 -26 -27 -28 28 -30 -31
leaf_value=0.032164460582013762 0.022903872809233811 -0.022991072334156881 -0.0088709541755729523 0.027808223680259082 -0.022866649968862 -0.020346826395815403 0.034804156712945809 0.012731858464780213 -0.032562831103136909 0.020788831024708018 0.0047688203837309038 0.0133373168687016 -0.014018904861564851 -0.0091532383879846767 -0.026591676496349994 0.010067548402463941 -0.0043558689234706478 0.027054376116523067 0.00058968190252880201 -0.01606093994440912 -0.02176980638080583 0.012686738989866692 -0.0044445043172388907 0.043278931115254257 0.02631796855388157 -0.00075389706819832167 -0.010488005549496989 -0.010113576905936851 0.0243068525948461 -0.036833954557291333
leaf_weight=2.9202262014150611 5.0467668995261183 3.2887416034936896 4.2569711059331921 4.114086993038657 7.4411190524697313 4.4538075774908092 4.970140345394614 11.028409183025362 4.052036151289939 5.0499409213662156 6.9315499737858834 4.2632429078221312 13.400008905678989 5.2226794362068203 4.1630797013640395 17.650963097810749 65.24271098524332 5.4008920490741712 5.0691295862197867 12.225963503122328 13.156571805477141 4.2996326684951818 7.3624334037303916 5.5832566246390325 10.521626412868498 5.3217608034610748 5.0116261243820182 4.0962634235620481 7.1216621622443199 4.1854638941586009
leaf_count=17 25 18 20 26 39 21 25 53 23 26 35 23 78 26 20 84 302 26 23 55 62 23 37 30 52 28 27 19 35 24
internal_value=0 0.00294564 0.00163061 0.00294521 -0.00207728 0.00453654 0.0130543 -0.000135195 -0.0119154 -0.00521742 -0.00101934 -0.00875965 -0.0126021 0.000320481 -0.00112916 -0.000370033 -0.00124274 -0.00480801 0.00574559 -0.000624513 -0.00727819 0.00959849 0.0152774 0.0299695 0.0179528 0.0132528 0.00547693 0.01882 0.0117381 -0.019449
internal_weight=0 67.805 64.8848 61.5961 41.151 24.6079 20.445 20.4938 16.5431 12.4911 195.048 28.7803 24.517 166.267 143.799 139.636 134.59 89.1219 45.4677 29.8769 78.3993 22.468 17.2453 9.88289 15.5908 10.7227 16.04 16.1881 11.2179 17.5855
internal_count=1302 349 332 314 215 127 99 101 88 65 953 160 137 793 677 657 632 418 214 139 364 116 90 53 75 54 80 79 54 102
is_linear=0
shrinkage=0.03


Tree=125
num_leaves=21
num_cat=0
split_feature=11 27 4 17 9 27 4 10 22 25 22 10 9 28 11 6 7 25 23 9
split_gain=0.877537 1.22558 2.52358 2.52195 3.08128 2.71615 3.15891 2.34343 2.77237 2.20206 2.74555 2.29638 2.42105 2.16351 1.9206 1.70653 2.16223 1.95824 2.01043 0.862277
threshold=0.013514223865444543 0.0057410948446462457 4103752.0000000005 19.289999961853031 0.6697674444965741 0.0046222197922807075 1359911.5000000002 0.0041687073837399788 70.971206928493473 -0.92162776586101736 40.353833582139764 -0.0055566736256248963 0.78223744559113018 1.072367668647306 -0.0090629043244218038 38592.361696635264 -35879.130787158902 -0.92162776586101736 -1.4889096800106925 0.61194493594483512
decision_type=2 2 2 2 2 2 2 2 2 2 2 2 2 2 2 2 2 2 2 2
left_child=1 3 -3 7 -5 14 -7 15 13 -4 -11 -12 -13 -9 -6 16 -1 -18 -19 -2
right_child=19 2 9 4 5 6 -8 8 -10 10 11 12 -14 -15 -16 -17 17 18 -20 -21
leaf_value=0.046999339810722067 0.0013491983917813387 0.02188702964151816 0.024159406660925128 -0.033545874480349 -0.002411806434401378 0.024254550750964235 -0.0079306910966047348 0.033444727061035566 -0.0038569203290845897 -0.018089268701749657 0.026794387820692014 0.011349997637416643 -0.015628421006623205 0.0069254902180175019 -0.030138060151451117 -0.016434658234768796 -0.020235256112113881 0.024427178728908473 -4.9265327228725037e-05 -0.019271503222787548
leaf_weight=0.88135412335395713 3.2648823261260977 6.8745901882648459 3.3253620192408588 4.0304551348090198 4.227817066013813 4.5496920049190503 6.917170312255621 5.5724224001169222 6.9942588284611693 6.6807330697774914 3.377833969891074 6.4362860992550797 5.597146637737751 5.502904936671257 4.8028847463428992 5.7839637845754615 4.2443906366825095 3.0762202814221373 165.84988414496183 4.1385478749871254
leaf_count=4 18 35 20 22 27 23 38 32 36 38 18 33 29 28 31 31 22 15 780 22
internal_value=0 0.000299669 0.00576112 -0.000493201 -0.00956696 -0.00485197 0.00483941 0.000631383 0.0109301 0.00139957 -0.00202631 0.00493692 -0.00119856 0.0202683 -0.0171577 -0.000403412 0.000129326 -0.00010922 0.000396462 -0.0101779
internal_weight=0 254.725 32.292 222.433 24.528 20.4976 11.4669 197.905 18.0696 25.4174 22.092 15.4113 12.0334 11.0753 9.0307 179.836 174.052 173.17 168.926 7.40343
internal_count=1302 1262 173 1089 141 119 61 948 96 138 118 80 62 60 58 852 821 817 795 40
is_linear=0
shrinkage=0.03


Tree=126
num_leaves=15
num_cat=0
split_feature=0 3 15 5 28 14 11 28 22 4 10 3 6 23
split_gain=0.874805 2.75474 1.03491 2.44824 1.21866 2.35002 3.22525 2.00305 2.09741 1.85568 1.88608 1.3512 4.46609 2.06335
threshold=455.07500000000005 455.90000000000003 -0.00032021798377526782 262.57932830260887 1.3116755706591714 0.73306728764965878 -0.0072792521578600713 1.2721673909026054 19.651535968871716 8444904.5000000019 0.00091678945036000059 461.63500000000005 535.57046849909921 -1.9392841139083428
decision_type=2 2 2 2 2 2 2 2 2 2 2 2 2 2
left_child=-1 -2 3 -3 7 6 -6 8 -4 10 -8 12 -10 -13
right_child=1 2 4 -5 5 -7 9 -9 11 -11 -12 13 -14 -15
leaf_value=-0.012012411830709852 0.026753125181437888 -0.025390191289490924 0.024090877315664116 0.0046385759195851474 -0.030697718215914743 -0.023332225421874277 0.0052228660952344432 0.020952691720010058 -0.00090143597966268118 0.015283184039932705 -0.020071343672473763 -0.011197512889741046 0.035349293662608347 0.00043290239940070081
leaf_weight=5.3415988981723777 3.4827475249767295 4.6680547259747964 3.367736652493476 5.127707727253437 2.8987600579857888 5.4539963379502288 7.1092454493045825 4.4453665092587462 11.573154896497725 7.1678585410118094 4.2328042984008789 14.876846123486756 4.1574844717979422 177.85784889385104
leaf_count=24 18 26 21 31 19 29 34 23 52 36 21 84 22 862
internal_value=0 0.000254018 -0.000110855 -0.00967128 0.000274319 -0.00575218 -0.00127355 0.00102284 0.000604603 0.00333444 -0.00421682 0.000225184 0.00867935 -0.000464829
internal_weight=0 256.42 252.937 9.79576 243.141 26.8627 21.4087 216.278 211.833 18.5099 11.342 208.465 15.7306 192.735
internal_count=1302 1278 1260 57 1203 139 110 1064 1041 91 55 1020 74 946
is_linear=0
shrinkage=0.03


Tree=127
num_leaves=31
num_cat=0
split_feature=6 6 11 18 23 9 15 15 0 24 6 12 14 14 17 11 13 25 14 0 17 0 25 1 7 9 9 4 5 22
split_gain=0.864152 2.55949 2.5113 3.59083 3.2645 3.07727 3.23798 2.64483 2.48703 2.07363 2.06918 2.07534 2.64206 2.51685 2.45509 2.90238 3.14335 3.38175 5.52235 5.46091 3.25955 4.14704 3.0795 2.60188 2.50072 3.13487 3.2761 1.97775 1.97349 1.63064
threshold=3020.52621961569 3725.4220497034526 0.0026696059177798719 -0.018964699237889345 2.1883046657368941 0.74821581624904809 -8.7327300468716489e-05 -1.4681822082716336e-05 608.91500000000008 -0.017915326338760636 2149.6341789419171 0.014677062010174049 0.91248396093810291 0.96526590931032286 19.664999961853031 -0.0054373510027150842 0.0039802635222763736 -0.073516192684535867 0.90878256683776049 601.65000000000009 16.634999275207523 467.85000000000008 0.45547187638880882 461.53000000000003 -651.17841188121395 0.55166118350093341 0.78478580756321736 4004350.0000000005 1404.8311220013841 66.154824598398463
decision_type=2 2 2 2 2 2 2 2 2 2 2 2 2 2 2 2 2 2 2 2 2 2 2 2 2 2 2 2 2 2
left_child=10 -2 4 -4 5 9 -7 -8 -9 -3 11 14 -13 -14 15 28 20 19 -19 -18 22 -22 -17 -16 -25 -26 -27 -12 -1 -5
right_child=1 2 3 29 -6 6 7 8 -10 -11 27 12 13 -15 23 16 17 18 -20 -21 21 -23 -24 24 25 26 -28 -29 -30 -31
leaf_value=0.027994696223530426 0.024728423890894476 8.793587621021451e-06 0.013475323247785579 -0.03779587915927559 0.025827734970539019 -0.023570198040542844 0.021532604055453701 0.016628646847649965 -0.004691066317978985 -0.025487967785147701 0.00055828726854880513 0.030566886630930292 -0.01548959878025237 0.013370326653874902 0.020777974755906974 0.0019435488115386076 0.00023379356398799974 -0.011823344180858442 0.01307393446563262 0.03603093989024405 0.0078365587214263965 -0.019483039281200463 -0.019634249072990512 0.013429991614703502 -0.044669800151989389 0.0098642063845341289 -0.020538656550776795 -0.027427832676838345 0.00079161821541378805 -0.01017720546514833
leaf_weight=5.4372060522437078 4.5216836854815474 6.1576929017901421 3.5633564889431 3.5711447149515134 5.5833567529916754 3.0372149869799534 10.08703470230102 7.6520573757589032 13.81533023715019 5.3782193809747678 4.1128022670745832 4.1663426682353011 4.3046487197279912 7.3860548660159111 2.2053855732083347 53.720246560871601 8.2983756735920888 17.321100816130638 14.928222887217997 7.1314706057310095 6.5813165903091457 20.821985676884651 6.6944167837500563 2.7222757041454377 3.1440115272998801 4.4692433774471274 11.143023852258919 5.0793411731719971 4.2970311045646667 4.1711823344230652
leaf_count=26 24 30 20 20 26 18 50 45 73 25 20 22 21 37 11 245 41 82 73 39 32 99 30 15 16 22 70 25 25 20
internal_value=0 0.00292623 0.00136184 -0.0114463 0.00416212 0.00153967 0.00601438 0.00886199 0.00290835 -0.0118782 -0.00101397 -0.000322853 0.0100541 0.00274378 -0.001297 0.000163552 -0.000973169 0.00522809 -0.000298385 0.0167788 -0.00434003 -0.0129218 -0.00044744 -0.0102532 -0.0134394 -0.0173392 -0.0118354 -0.0149061 0.0159863 -0.0229163
internal_weight=0 67.5383 63.0166 11.3057 51.7109 46.1275 34.5916 31.5544 21.4674 11.5359 193.965 184.772 15.857 11.6907 168.915 145.231 135.497 47.6792 32.2493 15.4298 87.818 27.4033 60.4147 23.6839 21.4786 18.7563 15.6123 9.19214 9.73424 7.74233
internal_count=1302 351 327 60 267 241 186 168 118 55 951 906 80 58 826 692 641 235 155 80 406 131 275 134 123 108 92 45 51 40
is_linear=0
shrinkage=0.03


Tree=128
num_leaves=17
num_cat=0
split_feature=1 2 23 3 13 10 28 23 28 9 28 10 28 14 2 18
split_gain=0.874953 1.50136 3.23611 2.43377 2.14411 1.97708 1.47168 2.49707 1.65 5.54429 2.29363 5.55953 3.15469 2.34969 1.69051 1.55463
threshold=685.0200000000001 670.48000000000013 2.1563760964507428 670.29500000000019 0.0054958948584423748 -0.00098246569020687935 0.68334933903701744 2.3009393312427169 0.768761007308019 0.66038565295086193 0.86823742304752394 1.0000000180025095e-35 0.87753493482110401 0.94864572230016397 596.33500000000015 -0.052931193152289939
decision_type=2 2 2 2 2 2 2 2 2 2 2 2 2 2 2 2
left_child=1 3 4 6 5 -3 7 -1 9 -8 11 14 -12 -13 -10 -14
right_child=-2 2 -4 -5 -6 -7 8 -9 10 -11 12 13 15 -15 -16 -17
leaf_value=-0.023765377636255768 0.013404206487208893 -0.005213164860017193 0.012689277259094061 0.020949097486717638 0.0020109742477025061 -0.030412282601268308 -0.010093687997994552 0.0068118223505593267 -0.0032571211857155206 0.029387644287833758 0.027195882553016068 -0.02650291411563015 0.0066554874947824336 -0.0011723331052683808 0.022627262706487499 -0.00080524033197511974
leaf_weight=5.8745314925909025 4.3125760108232489 4.4807750880718267 5.3869869261980048 5.1193680092692366 5.2595824673771849 7.4800812751054782 5.9997915327548963 4.0683128237724304 4.3837116658687609 6.8626511096954346 4.0682029277086249 11.434273712337019 30.346846528351307 4.6305129304528228 4.7114233821630478 146.40820205211639
leaf_count=30 20 24 26 26 26 35 29 20 21 34 19 52 169 22 22 727
internal_value=0 -0.000221703 -0.00760421 0.000491823 -0.0139525 -0.0209722 3.40716e-05 -0.0112541 0.000546929 0.0109713 -0.000104009 -0.00859072 0.00107684 -0.0192016 0.0101514 0.000475682
internal_weight=0 256.515 22.6074 233.908 17.2204 11.9609 228.788 9.94284 218.846 12.8624 205.983 25.1599 180.823 16.0648 9.09514 176.755
internal_count=1302 1282 111 1171 85 59 1145 50 1095 63 1032 117 915 74 43 896
is_linear=0
shrinkage=0.03


Tree=129
num_leaves=23
num_cat=0
split_feature=11 27 17 27 4 14 24 11 15 5 10 15 3 14 18 5 7 10 22 15 11 9
split_gain=0.859723 1.1733 2.33681 2.72504 2.28121 2.15093 3.96465 2.82903 2.13202 2.12864 2.71149 1.97115 2.04653 2.77797 2.66212 1.83896 2.61718 3.05066 1.84854 1.78449 0.938234 0.660255
threshold=0.013514223865444543 0.0057410948446462457 18.800000190734867 0.0054203497725842358 4103752.0000000005 0.23580424633220756 -2.4762343285195683 -0.0020243369096596959 1.5047572064904763e-05 22851.467493678825 0.002373977346650125 4.351339916117389e-05 471.02000000000004 0.10099964861034348 0.10489923242641654 17460.110269464709 12945.367838922708 0.0061148345933220724 32.909485483674104 8.6177185122609338e-05 -0.0030587149462059644 0.65407324264404987
decision_type=2 2 2 2 2 2 2 2 2 2 2 2 2 2 2 2 2 2 2 2 2 2
left_child=1 2 9 11 -3 -6 -7 -8 -9 15 -11 12 20 -14 -15 16 17 18 -1 -13 -4 -2
right_child=21 4 3 -5 5 6 7 8 -10 10 -12 19 13 14 -16 -17 -18 -19 -20 -21 -22 -23
leaf_value=0.010563334149147308 -0.00033755147484663327 0.0210956505359109 0.021783146256931087 -0.029539212766304258 0.018426268529018401 -0.025761796406344347 0.024593292433081688 -0.018783201679159842 0.0087270854400932907 -0.0040035733738989195 0.031307443576651543 -0.036819234816331203 0.017118421868852318 -0.0019954890485265049 -0.034761095544725305 -0.018969668329276469 0.023727970139778551 0.022445132885292641 -0.001569776152510703 -0.0055662755458226127 0.0019620681330102386 -0.018382741695842447
leaf_weight=12.190169729292391 3.3694346994161597 6.7934398055076626 4.0798952728509903 4.526503972709178 5.3321697898209122 5.125183701515204 4.5324341505765977 4.6821080595254774 5.5297739394009113 3.4603939950466147 4.5054154321551323 2.7992407307028762 3.0286221504211417 5.2040528208017331 3.9072671756148338 4.429337926208972 4.2969560027122489 5.2944515943527213 154.97773414850235 3.985159557312727 4.5421233624219948 3.980900164693594
leaf_count=61 19 35 22 25 32 29 24 23 30 17 27 14 18 28 28 21 20 27 732 27 22 21
internal_value=0 0.000297112 -0.000479488 -0.00796727 0.00566685 0.00150781 -0.00303242 0.00486841 -0.00388627 0.000790133 0.0159681 -0.0044225 0.000164947 -0.00777271 -0.0160466 0.000122845 0.000601276 2.50672e-05 -0.000685009 -0.0184612 0.0113413 -0.0101107
internal_weight=0 253.222 221.227 32.0729 31.9951 25.2017 19.8695 14.7443 10.2119 189.154 7.96581 27.5464 20.762 12.1399 9.11132 181.189 176.759 172.462 167.168 6.7844 8.62202 7.35033
internal_count=1302 1262 1089 184 173 138 106 77 53 905 44 159 118 74 56 861 840 820 793 41 44 40
is_linear=0
shrinkage=0.03


Tree=130
num_leaves=26
num_cat=0
split_feature=26 26 5 3 14 12 9 9 27 26 9 18 24 12 10 12 28 4 27 26 7 28 10 26 12
split_gain=0.849724 3.21693 3.19182 2.70151 2.55744 3.85556 2.72094 3.20802 1.84462 3.44407 1.81333 3.44275 3.38473 2.91535 3.75083 3.57705 2.70336 2.48118 2.94516 2.59079 2.3823 3.06882 2.25906 1.9314 1.7427
threshold=1.2749999999999957 1.3317857142857132 560.65043855246358 659.92500000000007 0.88899735345930997 0.0039560586656824945 0.63353968785102077 0.90920621007458313 0.0020531618580162361 1.4110714285714285 1.0253876235029968 -0.016370155479517808 -0.23527049060138969 0.0052793940906957779 0.00070269292903302205 0.0085065019620033117 1.1359317764382537 8032360.5000000009 0.0053654356112543258 3.9442857142857082 12945.367838922708 1.2130626808718807 0.0019482711780837161 2.369285714285732 0.0053929269371253427
decision_type=2 2 2 2 2 2 2 2 2 2 2 2 2 2 2 2 2 2 2 2 2 2 2 2 2
left_child=3 2 -2 4 5 6 -1 -8 -3 24 17 12 16 14 -13 -15 -12 20 23 -20 21 -11 -14 -19 -10
right_child=1 8 -4 -5 -6 -7 7 -9 9 10 11 13 22 15 -16 -17 -18 18 19 -21 -22 -23 -24 -25 -26
leaf_value=-0.020688189802193464 0.03201872229314124 0.023727579618830229 0.00081965994666467507 -0.026467092193751384 -0.016774239738456872 0.028653989443461727 0.017269797040430912 -0.0099446634300951221 -0.0068693017931401763 0.0012340772250870261 -0.017799086655884186 -0.00035670349368302913 0.04514662282191266 -0.040815548590117177 0.02701268405928197 -0.0017302112444824427 0.015432551358195934 -0.0053917275874663436 0.019704168995809363 -0.010540004647799778 0.016381563821987018 -0.013192047481763333 0.015770472393465185 -0.031212972401546517 -0.03111683246176393
leaf_weight=5.3022598922252717 5.7248916029930097 2.8723728470504275 6.0912536233663559 4.3314935937523833 7.4001492559909812 4.442194163799285 8.1078127324581128 7.5085490196943274 6.5213079005479795 91.043715201318264 3.6470971778035182 26.889741107821465 3.9463403820991498 3.1491753384470922 5.4138092137873164 6.3701179400086403 5.5646335110068321 4.164718374609949 3.969974108040331 7.1225040331482887 7.7275382578372946 15.536012656986712 5.8464346006512642 6.9708817005157471 4.5143390148878098
leaf_count=24 26 15 30 22 33 20 38 36 31 439 19 151 20 18 28 34 36 19 19 38 39 80 31 35 21
internal_value=0 0.000702465 0.0159355 -0.00420116 -0.00125726 0.00327051 -0.00211983 0.00418473 -0.000149504 -0.000478604 0.000433357 0.00474161 0.0153293 -6.95102e-05 0.00423018 -0.0146604 0.00227552 -0.00148599 -0.0106569 0.00028432 0.000297377 -0.000868804 0.0276086 -0.0215558 -0.0167882
internal_weight=0 223.087 11.8161 37.0925 32.761 25.3608 20.9186 15.6164 211.271 208.398 197.363 60.8273 19.0045 41.8228 32.3036 9.51929 9.21173 136.535 22.2281 11.0925 114.307 106.58 9.79277 11.1356 11.0356
internal_count=1302 1129 56 173 151 118 98 74 1073 1058 1006 337 106 231 179 52 55 669 111 57 558 519 51 54 52
is_linear=0
shrinkage=0.03


Tree=131
num_leaves=30
num_cat=0
split_feature=0 3 15 15 25 18 9 13 14 13 15 12 12 22 18 2 1 17 24 15 26 11 23 7 23 4 22 9 13
split_gain=0.851861 2.58452 0.964612 3.8783 4.20916 3.92121 4.26361 2.48198 2.23663 1.85275 1.56391 4.59343 3.69493 5.075 3.97441 3.04773 3.3915 3.03896 2.57741 2.99259 4.30951 4.0323 2.41288 4.24407 3.65653 2.29515 1.10577 0.907557 0.607816
threshold=455.07500000000005 455.90000000000003 4.9914680884098943e-05 8.6177185122609338e-05 0.31386024291503462 -0.016370155479517808 1.5364288851873293 0.013736822542205264 0.628567502188076 0.00093038167516462666 -3.2829133547515108e-05 0.0072550328315199595 0.0044198172815933532 53.674630002361418 0.10489923242641654 610.48500000000001 618.41000000000008 17.260000228881839 -2.4762343285195683 -1.6683628471668871e-05 1.4110714285714285 0.0022334767865858089 2.1266089546973608 580.09984358458644 1.2517179749558809 999936.00000000012 40.957034787172056 1.9566941112854137 -0.0059572099674354831
decision_type=2 2 2 2 2 2 2 2 2 2 2 2 2 2 2 2 2 2 2 2 2 2 2 2 2 2 2 2 2
left_child=-1 -2 10 4 26 7 9 8 -5 28 11 12 13 14 -3 18 -17 -13 -12 21 -21 -20 24 -24 -18 -15 -4 -8 -7
right_child=1 2 3 5 -6 6 27 -9 -10 -11 15 17 -14 25 -16 16 22 -19 19 20 -22 -23 23 -25 -26 -27 -28 -29 -30
leaf_value=-0.011861523807235243 0.026122622041906639 0.0090828539549143248 -0.019715390365163388 0.0028464037340638153 0.0048064529801921177 0.0033686817807256062 -0.016230876070858748 -0.0081054248448350665 0.033660414512594224 0.018315755552796374 -0.016485994794269987 -0.035290967457746361 0.025091164427791291 -0.037947380597717906 -0.016205678047255395 -0.032364311481506661 0.0012188458757195555 -0.0045036291094119737 0.035794283601100652 -0.008474095788314269 0.011172797656416098 -0.0011848722665221292 0.027607598897895793 -0.0033409175268075942 -0.015272797175709903 -0.0067561747667668178 -0.042054416895616308 -0.039411743997409057 -0.012876567181365969
leaf_weight=5.3341677337884894 3.4286512434482566 24.4992278367281 3.8276425898075086 3.316802918910982 4.5447780564427376 3.7508931010961533 3.0489543862640849 3.2082502394914618 5.8755298033356667 4.4644743204116812 3.863339275121688 5.9534533321857435 5.0208036191761485 4.3695829436182958 7.2480643279850474 3.0609165877103797 50.376185931265354 5.5994506329298019 7.4019173383712751 14.064170956611632 35.187699802219868 4.1372467279434204 7.0772877708077457 9.13569428026676 15.925016447901724 4.1299533918499947 4.1634338274598122 3.0312873385846615 4.6332535669207591
leaf_count=24 18 127 20 22 23 18 22 19 34 23 21 27 25 20 46 15 246 28 34 63 174 20 33 41 74 20 21 21 23
internal_value=0 0.000252245 -0.000101263 -0.00414247 -0.0182445 0.00150017 -0.00709024 0.014613 0.022542 0.00270421 0.000754901 -0.0034846 0.000824519 -0.00220275 0.00330936 0.00235839 -0.00135574 -0.020369 0.00727433 0.00878432 0.00556251 0.0225358 -0.000205461 0.0101687 -0.00274231 -0.0227915 -0.0313543 -0.0277876 -0.00560878
internal_weight=0 254.344 250.915 43.8653 12.5359 31.3294 18.9289 12.4006 9.19233 12.8486 207.05 56.8205 45.2676 40.2468 31.7473 150.229 85.5751 11.5529 64.6544 60.791 49.2519 11.5392 82.5142 16.213 66.3012 8.49954 7.99108 6.08024 8.38415
internal_count=1302 1278 1260 246 64 182 107 75 56 64 1014 293 238 213 173 721 409 55 312 291 237 54 394 74 320 40 41 43 41
is_linear=0
shrinkage=0.03


Tree=132
num_leaves=28
num_cat=0
split_feature=7 6 12 22 11 28 25 22 14 9 28 9 28 6 4 18 23 23 11 12 18 10 17 12 17 26 27
split_gain=0.832754 2.55834 2.37071 5.172 2.72697 2.62858 3.17101 2.45561 2.06449 4.34363 3.0359 2.13937 2.04165 1.8165 2.27203 1.73406 5.5724 5.2099 3.2148 1.88326 2.61175 3.42975 2.27671 4.93951 3.19243 1.60291 1.45172
threshold=-3044.6393152037813 3725.4220497034526 0.0064910733408134478 62.472740041578824 0.00050748415115309264 0.99896671050374397 -0.43304594930942031 40.817539364992136 0.38074231917384999 1.1922557157737754 1.2249773852520944 1.7144888958876023 1.4866619739974298 2149.6341789419171 4004350.0000000005 0.098376838585432572 -1.4889096800106925 -0.45092575533917051 -0.0067515083994033045 0.014677062010174049 -0.018964699237889345 0.0019482711780837161 16.110000610351566 0.010101260496262478 16.230000495910648 3.4710714285714146 0.0026677351298753588
decision_type=2 2 2 2 2 2 2 2 2 2 2 2 2 2 2 2 2 2 2 2 2 2 2 2 2 2 2
left_child=1 -1 3 5 -4 6 -3 -8 9 10 -7 -11 13 15 -15 18 -17 -18 -2 22 21 -21 23 -20 -24 -10 -5
right_child=12 2 4 26 -6 8 7 -9 25 11 -12 -13 -14 14 -16 16 17 -19 19 20 -22 -23 24 -25 -26 -27 -28
leaf_value=0.025523504464869329 0.02506447769604531 0.0090932248440110525 0.0085338281224718385 0.012933699918723979 -0.024425300320979965 0.0021858064965587023 -0.037071540945685232 -0.0081058710156295035 0.0046178791937034535 0.033201969615195073 -0.030588011942301489 0.0036883742837142248 -0.019004602709425854 0.0021889451788033344 -0.028568163599707503 -0.039694513919121169 0.023758725572702095 -0.025277615268392301 0.0084700583249853745 -0.015949211452026473 0.030464165713570534 0.017337719399059658 -0.023897142280305123 -0.019695262789014911 -0.0019714367910609642 0.032130021547403811 0.037833588390974573
leaf_weight=4.212843418121337 4.8433358520269385 5.5686363130807903 3.5813364014029485 4.2040455192327482 6.1202516704797745 5.4543055593967491 4.110275596380232 7.3345160894095898 3.6982929557561866 3.634982977062462 4.7669435441493988 5.6405417881906033 5.5039730146527281 4.1370352506637555 4.5267127156257629 4.0097036138176909 4.7409063354134551 3.3124705441296092 40.8837890625 4.9683505445718747 4.1812719553709021 6.3418224081397057 6.3906654566526404 6.4941413700580588 92.252801738679409 3.9325548410415649 4.2252674400806427
leaf_count=22 28 28 18 20 32 30 21 38 20 23 24 32 31 21 22 27 27 25 195 22 20 36 28 30 441 21 20
internal_value=0 0.00289805 0.00136738 0.00388196 -0.0122585 -0.000230056 -0.00947428 -0.0185086 0.00556758 0.000390001 -0.0130991 0.0152544 -0.000996124 -0.000466315 -0.0138813 0.000185095 -0.010798 0.00358937 0.000981515 0.000259332 0.010205 0.00271538 -0.000795808 0.00460941 -0.0033919 0.0187963 0.025415
internal_weight=0 66.4848 62.272 52.5704 9.70159 44.141 17.0134 11.4448 27.1276 19.4968 10.2212 9.27552 192.587 187.083 8.66375 178.419 12.0631 8.05338 166.356 161.513 15.4914 11.3102 146.021 47.3779 98.6435 7.63085 8.42931
internal_count=1302 349 327 277 50 237 87 59 150 109 54 55 953 922 43 879 79 52 800 772 78 58 694 225 469 41 40
is_linear=0
shrinkage=0.03


Tree=133
num_leaves=31
num_cat=0
split_feature=17 26 10 15 12 27 10 15 11 23 5 17 9 4 17 12 12 18 12 6 0 14 11 22 28 14 14 28 18 7
split_gain=0.830732 3.58042 2.35583 3.54271 6.73073 3.39937 3.16228 3.5846 4.14199 3.93475 4.37435 2.75927 3.95759 2.57244 2.47963 2.01977 4.9539 3.51322 2.93481 5.56225 4.70366 3.40606 3.71698 3.19212 2.94863 2.8939 3.16332 3.0732 2.81427 2.74233
threshold=16.634999275207523 1.1999999999999929 -0.0026563650748411822 -3.4295224840539039e-05 0.0063266911153175851 0.0027315208961964936 0.0013640730719111096 4.5995605573361506e-05 -0.0027497287347590378 0.43172158140225753 945.70066363337151 15.144999980926515 1.7309701357849787 493484.50000000006 16.110000610351566 -0.0049650657009846491 -0.0060853123321225602 -0.044737510160838982 0.013101624152918713 2967.9083992349811 605.21500000000015 0.44705871484497045 -1.0000000180025095e-35 63.359314809456443 0.99896671050374397 0.39228570128219203 0.085117773018738421 1.2249773852520944 0.032441376053596989 -35879.130787158902
decision_type=2 2 2 2 2 2 2 2 2 2 2 2 2 2 2 2 2 2 2 2 2 2 2 2 2 2 2 2 2 2
left_child=2 -2 -1 4 5 -4 7 8 -5 14 -11 -8 -13 -9 -10 16 17 -3 19 21 -20 22 28 24 -21 26 27 -19 -17 -26
right_child=1 15 3 6 -6 -7 11 13 9 10 -12 12 -14 -15 -16 18 -18 25 20 23 -22 -23 -24 -25 29 -27 -28 -29 -30 -31
leaf_value=0.020403506917442991 -0.041673622141402522 0.022790345907861827 -0.014424399396806599 0.027314843250829876 -0.042915550009481801 0.01774299470725783 -0.0094369715064902045 0.0016339218900350277 -0.0019961127548346834 0.011929299643072405 -0.0097847416698558041 0.017582181326830263 -0.015125860562764394 -0.029884821854695331 -0.0323572110283461 -0.027681026356533325 0.028539472559102851 0.026658374642709641 0.027020098189092994 -0.016289042853083642 -0.0069047860328875299 -0.016271071450550227 0.022340319058680235 0.030493975417447559 -0.0085206536575329721 0.016977254623633465 -0.011477266698043139 -0.012393957067738515 0.0036483130787712853 0.023801775693735733
leaf_weight=5.8515241965651503 1.9752438738942135 5.4309579022228709 6.6506349742412585 5.2498009949922553 4.5709422081708899 5.3233380913734436 5.5387817025184622 3.7973547875881177 4.6587054431438428 22.247072644531727 13.366506889462469 27.067669615149502 3.7963480502367011 6.0331967025995255 5.0403063297271729 4.4285896569490415 6.3621869161725035 4.4396508559584609 6.6976823434233657 5.6241425350308445 8.159102611243723 37.124307461082935 4.821337677538394 4.2142315506935111 3.9251825585961342 5.5809335000812998 25.246518269181252 3.0660882219672203 6.1837263032793999 5.93356144428253
leaf_count=29 11 35 29 26 21 25 24 18 21 104 60 134 23 31 22 20 32 27 37 29 41 189 22 20 20 30 140 19 31 32
internal_value=0 -0.00157084 0.00184139 0.000883073 -0.0119459 -0.000123556 0.00307588 -0.00113398 0.00208875 -0.000833883 0.00377957 0.0100601 0.013559 -0.0177097 -0.0177739 -0.000993644 0.00380414 0.000208258 -0.00375441 -0.00625131 0.00838911 -0.0113469 0.000497775 0.00734529 0.00104453 -0.00299112 -0.0063937 0.0107055 -0.00942563 0.0109329
internal_weight=0 139.213 119.192 113.341 16.5449 11.974 96.7957 60.3929 50.5624 45.3126 35.6136 36.4028 30.864 9.83055 9.69901 137.238 50.1263 43.7641 87.1119 72.2551 14.8568 52.558 15.4337 19.6971 15.4829 38.3332 32.7523 7.50574 10.6123 9.85874
internal_count=1302 735 567 538 75 54 463 282 233 207 164 181 157 49 43 724 283 251 441 363 78 262 73 101 81 216 186 46 51 52
is_linear=0
shrinkage=0.03


Tree=134
num_leaves=22
num_cat=0
split_feature=0 2 15 24 15 15 25 18 9 13 14 4 23 22 2 11 13 14 13 22 9
split_gain=0.798237 2.40426 1.28175 2.15557 1.33695 3.77017 3.541 3.31122 4.03104 2.34593 2.23611 1.96421 2.22038 5.32421 4.86394 4.01901 3.26776 2.83656 1.73377 1.05549 0.904243
threshold=455.07500000000005 456.69000000000005 -0.00032021798377526782 0.22583623617700055 4.9914680884098943e-05 8.6177185122609338e-05 0.31386024291503462 -0.016370155479517808 1.5364288851873293 0.011003753993352907 0.628567502188076 438101.00000000006 1.2517179749558809 62.472740041578824 679.57500000000016 7.0100856542465464e-05 -0.0017289328066991681 0.79930490868380588 0.00093038167516462666 40.957034787172056 1.9566941112854137
decision_type=2 2 2 2 2 2 2 2 2 2 2 2 2 2 2 2 2 2 2 2 2
left_child=-1 -2 3 -3 11 6 19 9 18 10 -7 -4 14 16 17 -15 -14 -13 -9 -6 -10
right_child=1 2 4 -5 5 7 -8 8 20 -11 -12 12 13 15 -16 -17 -18 -19 -20 -21 -22
leaf_value=-0.011488250438194323 0.01901030527428213 -0.023957259081051497 -0.014082928143424397 0.0050658816896719527 -0.019243787147868802 0.001187046484766869 0.0031194583321875208 -0.0054201322426735438 -0.015696091230327655 -0.0086929917788481151 0.032872029777471105 0.0074560504892285722 -0.0074470657158381241 0.020872735802868213 -0.02815380509421719 -0.0017775925895426572 -0.038153600891064822 -0.0058139013233679563 0.017750660917639473 -0.041209750623002757 -0.039130311393578365
leaf_weight=5.3278292417526236 5.9992965310811988 5.204733304679392 7.2147302180528632 4.1311703026294708 3.7955339699983579 3.1297029592096823 4.3333380073308945 8.3295739442110079 3.0030499733984461 3.1607468798756591 5.5762398615479469 97.60825614258647 7.8077651262283325 8.2958537489175779 4.0036519616842261 46.960915565490723 5.1940967291593534 17.026494927704334 4.4639527574181548 4.0906465575098991 2.925666943192482
leaf_count=24 30 32 33 24 20 21 22 41 22 19 33 493 38 40 18 218 25 84 23 21 21
internal_value=0 0.00024587 -0.00021127 -0.0111144 0.000218371 -0.0045805 -0.0186666 0.00104657 -0.00681156 0.0134444 0.0214816 0.00127669 0.00186961 -0.00244128 0.00434989 0.00162296 -0.019714 0.00548509 0.00266469 -0.0306378 -0.0272603
internal_weight=0 252.255 246.256 9.3359 236.92 42.8085 12.2195 30.5889 18.7222 11.8667 8.70594 194.112 186.897 68.2586 118.638 55.2568 13.0019 114.635 12.7935 7.88618 5.92872
internal_count=1302 1278 1248 56 1192 243 63 180 107 73 54 949 916 321 595 258 63 577 64 41 43
is_linear=0
shrinkage=0.03


Tree=135
num_leaves=17
num_cat=0
split_feature=1 3 11 25 26 17 26 26 10 28 13 24 18 23 6 13
split_gain=0.792195 1.31734 0.801947 1.39312 1.17749 2.71365 2.55367 3.69525 2.25344 2.71421 2.15958 2.13999 3.02569 2.42029 1.85097 1.00824
threshold=685.0200000000001 682.8850000000001 0.013514223865444543 1.1655974193369094 1.6100000000000019 17.735000610351566 1.6632142857142795 1.6939285714285739 0.0038791334614920463 1.0315842140923264 0.0068523094138984173 0.49457983681712964 -0.082093488611042417 0.78158083230604813 81.498992586922625 -0.0010962056752154556
decision_type=2 2 2 2 2 2 2 2 2 2 2 2 2 2 2 2
left_child=1 2 4 -4 5 8 15 -8 9 10 -1 12 -9 -13 -11 -6
right_child=-2 -3 3 -5 6 -7 7 11 -10 14 -12 13 -14 -15 -16 -17
leaf_value=0.0011624561507586402 0.01283576812026542 -0.016339295520712754 -0.022866709228132498 0.0034142480831541905 0.030923341262435892 -0.024403178592810347 -0.025356469692321061 0.010054167513899835 0.017944982477451476 -0.02862859004745151 -0.020103829561195281 0.019868786228031753 -0.0038769504452054048 0.0035925543680980603 -0.0019474039556442526 0.0087079493963110703
leaf_weight=62.274705775082111 4.2576465457677832 4.478407993912696 3.6359541714191428 3.6252584829926491 3.4728208184242249 4.778956562280654 4.6103706657886496 17.629085641354322 5.2102428078651419 5.5447452962398511 4.6161834001541129 9.9985853582620603 68.750824518501759 46.288293804973364 4.0488502606749535 3.9073927029967299
leaf_count=292 20 21 20 20 20 30 21 99 28 25 21 55 367 222 21 20
internal_value=0 -0.000213263 7.74821e-05 -0.00974559 0.000373286 -0.00243032 0.00194087 0.00107792 -0.00114495 -0.00244539 -0.000305144 0.00193216 -0.00103378 0.0064838 -0.0173681 0.0191616
internal_weight=0 252.871 248.392 7.26121 241.131 86.4737 154.657 147.277 81.6947 76.4845 66.8909 142.667 86.3799 56.2869 9.5936 7.38021
internal_count=1302 1282 1261 40 1221 417 804 764 387 359 313 743 466 277 46 40
is_linear=0
shrinkage=0.03


Tree=136
num_leaves=31
num_cat=0
split_feature=17 26 10 15 12 27 18 24 15 4 26 28 26 13 23 7 11 5 10 12 10 11 13 13 10 9 17 12 26 15
split_gain=0.787809 3.43674 2.18732 3.2973 6.39291 3.18757 2.96867 4.5292 4.01354 4.13874 2.66537 4.44125 3.19129 2.65244 1.89626 3.93443 3.86466 3.92658 3.24986 3.07982 4.56061 3.06964 2.85699 6.46214 2.55485 2.41552 2.20125 2.18023 1.92334 1.6158
threshold=16.634999275207523 1.1999999999999929 -0.0026563650748411822 -3.4295224840539039e-05 0.0063266911153175851 0.0027315208961964936 -0.049931475036830146 -0.24473866967651409 -1.5737004396020269e-05 4974138.0000000009 1.4582142857142752 0.81608376526774473 1.6599999999999968 0.0019430212317625985 0.91332816024220176 -10518.052125347751 0.0052152761291468517 6291.7135827925331 0.0014744199195104726 0.012297954538120661 0.0057095415080091758 0.0060540549355003756 -0.0088492283135553889 -0.0035659533461008803 -0.0085245257782327038 1.5735144318098773 19.289999961853031 0.01811290417041567 1.2985714285714252 1.5047572064904763e-05
decision_type=2 2 2 2 2 2 2 2 2 2 2 2 2 2 2 2 2 2 2 2 2 2 2 2 2 2 2 2 2 2
left_child=2 -2 -1 4 5 -4 13 -8 9 -9 11 -10 -12 -5 19 -16 17 22 -18 20 21 24 -17 -24 25 -3 -22 -21 -26 -23
right_child=1 14 3 6 -6 -7 7 8 10 -11 12 -13 -14 -15 15 16 18 -19 -20 27 26 29 23 -25 28 -27 -28 -29 -30 -31
leaf_value=0.019774347566368672 -0.041234445363389154 -0.02666728204611557 -0.01390232977599971 -0.000997187143205538 -0.04200647779866172 0.017305594781997054 -0.029462238211096278 0.0050195276151581425 0.012855711609269935 0.042705611719332036 0.019558486675008521 -0.013310427571101586 -8.6250723020223237e-05 0.027730254982108678 0.014503445994118026 -0.042873368643514813 0.024538519829544626 0.0081724706927133722 -0.011403710944352063 0.035827190576949289 -0.0027081052619976091 -0.026899949088470477 0.0091695536284102062 -0.033395439238591194 0.029536914409003696 0.0075202117498396372 -0.03262549355501633 0.0028744273538087403 0.0047705575610780043 -0.0005709410349416668
leaf_weight=5.7939586937427512 1.9350964203476895 4.4662197381258002 6.6374810039997119 4.6739715263247472 4.5021906346082678 5.2957589030265808 4.1794534027576438 6.9379824697971326 7.819746874272826 4.2166973054409027 10.183174908161162 23.036954455077648 27.652705624699593 7.5898864641785622 6.574671857059001 5.0432659573853078 4.2853635251522046 4.3115885742008677 4.8002588078379631 3.7788154669105998 3.7541113942861539 4.678373306989668 5.3485292121768042 8.0287020429968798 2.9554729461669913 3.1875222958624363 5.3933190330862999 3.4630028679966927 62.543139822781086 3.803085558116436
leaf_count=29 11 25 29 24 21 25 19 30 39 20 50 105 130 46 34 26 20 21 25 23 19 24 24 41 14 21 32 19 335 21
internal_value=0 -0.00153496 0.00179779 0.000873821 -0.0115453 -5.28098e-05 0.00299358 0.000981177 0.00257468 0.0192656 -0.00013569 -0.00667937 0.00520095 0.0167817 -0.000971809 -0.00662352 -0.0109891 -0.0175991 0.00554896 0.00124178 -0.000260136 0.00199073 -0.0236313 -0.016377 0.00397158 -0.0124294 -0.0203474 0.0200693 0.00588808 -0.015094
internal_weight=0 138.351 118.52 112.726 16.4354 11.9332 96.2906 84.0267 79.8473 11.1547 68.6926 30.8567 37.8359 12.2639 136.415 38.3924 31.8177 22.7321 9.08562 98.0231 90.7812 81.6338 18.4205 13.3772 73.1524 7.65374 9.14743 7.24182 65.4986 8.48146
internal_count=1302 735 567 538 75 54 463 393 374 50 324 144 180 70 724 191 157 112 45 533 491 440 91 65 395 46 51 42 349 45
is_linear=0
shrinkage=0.03


Tree=137
num_leaves=15
num_cat=0
split_feature=12 27 10 10 28 7 28 12 28 9 23 14 28 17
split_gain=0.782157 1.19456 1.73698 1.77914 3.21256 2.01192 2.79162 3.7309 1.35687 1.89423 1.67427 1.193 2.44604 2.09016
threshold=-0.021798065938094243 0.0089409740749043683 -0.0087649470060694439 -0.004833409244103192 1.1018938997871897 25892.279163089555 1.0746930476141208 0.00010814456155061604 1.3768311805203199 1.1044963311742 -1.2254124635324783 0.17753347300885941 1.0451344890761083 19.289999961853031
decision_type=2 2 2 2 2 2 2 2 2 2 2 2 2 2
left_child=-1 2 -2 4 -4 8 -7 -8 11 10 -10 12 -5 -13
right_child=1 -3 3 5 -6 6 7 -9 9 -11 -12 13 -14 -15
leaf_value=0.01570673490945014 -0.016999830346313326 -0.015196794768307041 -0.0032872584534061177 -0.00065670557931760219 0.027395960706308821 0.026417265276614744 0.018841850233143873 -0.020804945589096797 -0.005553509341281228 0.0054147050624225191 -0.028578294447960329 0.00039057288585940607 0.027790056717383861 -0.0096464568300209125
leaf_weight=2.8228505961596957 5.2277653440833083 4.6749053224921218 6.3307493627071363 8.0454514846205694 5.9645136669278145 5.9793960750102988 4.4242352917790395 4.1306142434477806 6.3110053092241296 5.5559107959270468 5.1714829802513131 166.3187667876482 4.1102750450372687 21.034517548978329
leaf_count=20 30 26 38 40 32 34 25 24 32 30 27 800 24 120
internal_value=0 -0.00017255 0.000109974 0.000477495 0.0115974 -0.000114166 0.0106908 -0.000301166 -0.000839375 -0.00896544 -0.0159234 -0.000145395 0.00896214 -0.000736304
internal_weight=0 253.28 248.605 243.377 12.2953 231.082 14.5342 8.55485 216.547 17.0384 11.4825 199.509 12.1557 187.353
internal_count=1302 1282 1256 1226 70 1156 83 49 1073 89 59 984 64 920
is_linear=0
shrinkage=0.03


Tree=138
num_leaves=13
num_cat=0
split_feature=12 27 10 10 28 7 28 12 18 14 10 25
split_gain=0.740366 1.12581 1.63903 1.67938 3.04612 1.90241 2.65527 3.52082 1.31666 1.30297 2.8041 1.98622
threshold=-0.021798065938094243 0.0089409740749043683 -0.0087649470060694439 -0.004833409244103192 1.1018938997871897 25892.279163089555 1.0746930476141208 0.00010814456155061604 0.13539872126750221 0.17753347300885941 -0.0025116738875690654 -0.32165731143550563
decision_type=2 2 2 2 2 2 2 2 2 2 2 2
left_child=-1 2 -2 4 -4 8 -7 -8 9 10 -5 -11
right_child=1 -3 3 5 -6 6 7 -9 -10 11 -12 -13
leaf_value=0.015326870820733557 -0.016537569946465134 -0.014764731093211907 -0.0031889728318440602 0.028331578854750922 0.026735563691617194 0.025844099581061104 0.018314331357928967 -0.020255015134115071 -0.017757479047345606 -0.0077117600960380749 -0.0024983278061733874 0.00028737664604609135
leaf_weight=2.8062830436974755 5.2129045054316512 4.6674714237451544 6.3300994448363763 4.3418935313820839 5.9290315508842468 5.9294108301401129 4.4152569472789747 4.1157080233097076 4.0508301965892306 33.52255604416132 6.8348145857453328 167.67522677779198
leaf_count=20 30 26 38 25 32 34 25 24 30 166 33 819
internal_value=0 -0.0001675 0.000106831 0.000463679 0.0112838 -0.000110827 0.0104243 -0.000293197 -0.000814726 -0.00049156 0.00947838 -0.0010454
internal_weight=0 253.025 248.358 243.145 12.2591 230.886 14.4604 8.53096 216.425 212.374 11.1767 201.198
internal_count=1302 1282 1256 1226 70 1156 83 49 1073 1043 58 985
is_linear=0
shrinkage=0.03


Tree=139
num_leaves=18
num_cat=0
split_feature=28 14 22 3 9 22 28 28 4 28 9 18 13 27 24 9 28
split_gain=0.741064 1.90982 2.04585 1.86408 1.52599 1.51374 1.27575 2.17473 3.58438 2.16062 2.09896 1.96471 1.67717 1.54238 2.26393 1.98997 1.52334
threshold=1.3768311805203199 0.73306728764965878 26.969830192700176 601.62000000000012 0.75118776114119079 19.199164118304136 1.183707226031405 1.2249773852520944 1699571.0000000002 1.1678889974488229 2.1041232108583827 0.025661130654911605 0.00077061718982840432 0.0069975839770834228 -1.6805374491672944 0.48182805023417646 1.0982336456575224
decision_type=2 2 2 2 2 2 2 2 2 2 2 2 2 2 2 2 2
left_child=5 2 -2 -4 -5 -1 9 -8 -9 10 13 -10 -12 14 -7 -16 -15
right_child=1 -3 3 4 -6 6 7 8 11 -11 12 -13 -14 16 15 -17 -18
leaf_value=0.018849577746496825 -0.019964365031644369 -0.023794667211884422 0.02117326040963732 -0.015065760724906653 0.0085665293555120189 -0.019187148752138491 0.021995450576553881 -0.02403702826328568 0.022512161439728607 -0.019946887559300425 -0.00019571221410997653 -0.0019385015217951566 -0.026668917791810704 0.027338716094318153 -0.0079362863990894567 0.0017510748013471647 0.0017200083335828739
leaf_weight=3.9770154654979697 4.0050183609128061 4.0755115970969191 4.1653514057397834 4.7244827598333341 5.1286686509847641 5.3686307296156874 6.2661665473133352 3.8560138493776313 5.4483226463198644 5.0414924547076216 3.9849903248250467 6.4702755510807037 4.6870736666023731 3.7607996761798841 21.701680615544319 158.24301517382264 4.6990179568529129
leaf_count=25 24 24 22 24 26 31 37 18 32 28 23 34 26 21 104 777 26
internal_value=0 -0.00524829 -0.00105455 0.0043479 -0.00276491 0.00049947 0.000181518 0.0070438 0.00110454 -0.000547445 -6.43405e-05 0.00923858 -0.0145039 0.000581885 1.00149e-05 0.00058276 0.0131088
internal_weight=0 22.099 18.0235 14.0185 9.85315 233.504 229.527 22.0408 15.7746 207.487 202.445 11.9186 8.67206 193.773 185.313 179.945 8.45982
internal_count=1302 120 96 72 50 1182 1157 121 84 1036 1008 66 49 959 912 881 47
is_linear=0
shrinkage=0.03


Tree=140
num_leaves=22
num_cat=0
split_feature=11 25 11 27 26 5 17 27 5 10 15 5 5 22 2 14 25 5 7 26 12
split_gain=0.743148 1.23568 1.04769 0.897346 2.29287 2.92827 2.12404 2.43006 2.04341 2.85506 2.01392 1.81102 2.09197 2.13013 1.79451 3.3721 1.64018 1.63625 1.74757 1.59352 1.46218
threshold=0.013514223865444543 1.1655974193369094 0.011863268566329689 0.0057410948446462457 3.9185714285714219 457.14579593567669 18.800000190734867 0.0054203497725842358 22851.467493678825 0.002373977346650125 -1.0000000180025095e-35 17460.110269464709 12701.435272864368 19.651535968871716 468.88000000000005 0.07942722437433207 -1.0548220323026209 945.70066363337151 -1686.1359478583454 4.4871428571428575 -0.00032083324081449977
decision_type=2 2 2 2 2 2 2 2 2 2 2 2 2 2 2 2 2 2 2 2 2
left_child=2 -2 3 6 20 19 8 14 11 -10 -7 12 13 -1 17 -16 -17 18 -8 -6 -5
right_child=1 -3 -4 4 5 10 7 -9 9 -11 -12 -13 -14 -15 15 16 -18 -19 -20 -21 -22
leaf_value=0.031410881332234478 -0.021999838977926948 0.0029060496830552386 0.015930439041080637 0.029414241626402316 0.026766290698674308 -0.027358149257512662 0.012950127430898737 -0.028499846766556969 -0.0042394930523882643 0.033309474282833658 -0.00076306845618453046 -0.019458804094029447 0.020432354533639462 -0.00050341884002949003 0.015027335534804894 0.0013809248185502111 -0.024391836175144042 0.020392672316463616 -0.017388184206678699 0.0021171225627529891 0.0058962773403796933
leaf_weight=1.9040314406156529 3.5774541869759551 3.5939966440200806 3.7897339910268775 4.5211766287684441 3.5804970189929026 4.3987884670495987 3.0838275253772736 4.4213823825120917 3.3663937821984282 3.9737688526511192 6.1390461474657041 4.2303320690989485 4.571511134505271 164.58659919351339 3.5078546926379195 2.9087375849485424 9.4176211059093422 3.9236870780587196 3.8324479535222107 6.9273082762956619 5.0221867039799708
leaf_count=10 20 20 20 25 20 26 19 25 17 25 32 20 22 796 21 18 58 20 22 39 27
internal_value=0 -0.00951817 0.000277701 3.49035e-05 0.00484078 -0.00069015 -0.000652918 -0.00790081 0.000581129 0.0160885 -0.0118646 -6.8224e-05 0.000411301 -0.000138438 -0.00448642 -0.0109246 -0.0183101 0.00491802 -0.00386094 0.0105162 0.0170379
internal_weight=0 7.17145 248.107 244.317 30.589 21.0456 213.728 31.0956 182.633 7.34016 10.5378 175.292 171.062 166.491 26.6742 15.8342 12.3264 10.84 6.91628 10.5078 9.54336
internal_count=1302 40 1262 1242 169 117 1073 183 890 42 58 848 828 806 158 97 76 61 41 59 52
is_linear=0
shrinkage=0.03


Tree=141
num_leaves=22
num_cat=0
split_feature=0 0 15 24 15 15 4 18 9 13 14 4 23 22 2 11 13 23 15 22 9
split_gain=0.735997 2.25023 1.26351 2.2603 1.28274 3.52592 3.50019 3.10191 3.89899 2.10676 2.1855 1.79347 2.07897 4.87063 4.53216 3.81004 3.14844 2.47391 1.6987 0.890687 0.856887
threshold=455.07500000000005 457.25500000000005 -0.00032021798377526782 0.47241917181709331 4.9914680884098943e-05 8.6177185122609338e-05 4722244.5000000009 -0.016370155479517808 1.5364288851873293 0.011003753993352907 0.628567502188076 438101.00000000006 1.2517179749558809 62.472740041578824 679.57500000000016 7.0100856542465464e-05 -0.0017289328066991681 1.1574883208377289 0.00014943039956111709 55.209675789666981 1.9566941112854137
decision_type=2 2 2 2 2 2 2 2 2 2 2 2 2 2 2 2 2 2 2 2 2
left_child=-1 -2 3 -3 11 6 19 9 18 10 -7 -4 14 16 17 -15 -14 -13 -9 -6 -10
right_child=1 2 4 -5 5 7 -8 8 20 -11 -12 12 13 15 -16 -17 -18 -19 -20 -21 -22
leaf_value=-0.01104575645586953 0.01847079876914811 -0.022596711153130177 -0.013460933531855183 0.0082667464927273938 -0.039920175962749986 0.00058927395511555682 0.0034543676595521363 0.01653870091575485 -0.015767048324157661 -0.0079361710214999638 0.032280709588949075 0.0045082749050527598 -0.0069506488012133095 0.020371129676351962 -0.027300211460476138 -0.0017893852079368046 -0.037370718333600332 0.02883393606745319 -0.0059990889218603663 -0.019563444334485119 -0.038817790602187201
leaf_weight=5.313532903790473 5.9466952160000792 5.7549600228667241 7.1714560538530341 3.395702239125967 4.0772178173065168 3.0611413754522818 4.3109592124819756 4.8819435462355631 2.9741366766393176 3.1270074769854537 5.4366519525647163 109.59955923259258 7.7106279581785202 8.2111757397651655 3.9614266604185095 46.665055431425571 5.0791508704423887 3.89644831418991 7.8485420867800713 3.6807363405823708 2.834920734167099
leaf_count=24 30 35 33 21 20 21 23 23 22 19 33 558 38 40 18 218 25 19 41 20 21
internal_value=0 0.000237676 -0.000207282 -0.0111436 0.000219425 -0.00451481 -0.0182187 0.000968181 -0.00664967 0.0131173 0.0208646 0.00125919 0.00182943 -0.00235918 0.00424245 0.00152651 -0.0190312 0.0053434 0.0026438 -0.030262 -0.0270162
internal_weight=0 249.626 243.679 9.15066 234.528 42.2333 12.0689 30.1643 18.5395 11.6248 8.49779 192.295 185.123 67.666 117.457 54.8762 12.7898 113.496 12.7305 7.75795 5.80906
internal_count=1302 1278 1248 56 1192 243 63 180 107 73 54 949 916 321 595 258 63 577 64 40 43
is_linear=0
shrinkage=0.03


Tree=142
num_leaves=25
num_cat=0
split_feature=26 26 5 3 14 12 9 9 27 26 9 18 17 13 12 10 12 9 10 22 7 14 27 6
split_gain=0.744701 2.98593 2.92055 2.5593 2.33522 3.49548 2.43894 2.92888 1.73376 3.48651 1.56135 2.9371 3.01707 2.39419 2.37774 3.50699 3.41024 2.34632 4.57282 3.0687 3.16375 2.39821 2.04382 1.45321
threshold=1.2749999999999957 1.3317857142857132 560.65043855246358 659.92500000000007 0.88899735345930997 0.0039560586656824945 0.63353968785102077 0.90920621007458313 0.0020752809010757688 1.4110714285714285 1.0253876235029968 -0.016370155479517808 17.555000305175785 0.010018042086775593 0.0052793940906957779 0.00070269292903302205 0.0085065019620033117 0.78223744559113018 -0.0027741641470874763 85.305083052326935 12945.367838922708 0.95134079810450445 0.0030927798791638575 651.17841188121417
decision_type=2 2 2 2 2 2 2 2 2 2 2 2 2 2 2 2 2 2 2 2 2 2 2 2
left_child=3 2 -2 4 5 6 -1 -8 -3 23 17 12 22 -14 15 -13 -16 19 -19 20 -11 -20 -12 -10
right_child=1 8 -4 -5 -6 -7 7 -9 9 10 11 14 13 -15 16 -17 -18 18 21 -21 -22 -23 -24 -25
leaf_value=-0.019661836764225182 0.03101331636970095 0.020876491295085852 0.00090678624038924998 -0.025942042871712527 -0.016024439111677728 0.027690275503022832 0.016744629831513116 -0.0095056206652110748 -0.0077346129164749472 -0.0022972391025198671 0.0092470318897869084 -0.00060062945493268168 0.015106659145409528 -0.015824346093857761 -0.039699030568464945 0.02625522698699451 -0.00070581419352890409 0.016524850371052651 -0.0092766640513292798 0.019640937319442341 0.017189894043804603 -0.033671833486960401 0.03861622799350372 -0.030634031358176345
leaf_weight=5.1942722946405473 5.6159726679325086 3.4644214808940879 5.996147595345974 4.2184138298034659 7.2875972837209693 4.356948420405387 7.9574768245220167 7.3668941520154476 5.755759194493292 82.73064861446619 3.5396185666322726 26.300565931946043 5.5399246904999 3.7951193675398827 3.0038673952221853 5.2497405074536792 6.1542087197303772 5.7324885576963416 25.626045197248462 7.3345183134078971 8.2453654780983907 4.224703036248683 5.3646618574857712 4.4013965874910355
leaf_count=24 26 19 30 22 33 20 38 36 27 409 18 151 35 20 18 28 34 33 126 36 46 19 33 21
internal_value=0 0.000665109 0.0154672 -0.00397123 -0.00108961 0.00328572 -0.00189636 0.00412533 -0.000167407 -0.000526547 0.000375764 0.00444411 0.0144484 0.0025318 -3.82751e-05 0.00386799 -0.0134957 -0.00141536 -0.00801639 0.00097387 -0.000531075 -0.0127293 0.0269414 -0.0176576
internal_weight=0 218.075 11.6121 36.3816 32.1632 24.8756 20.5186 15.3244 206.463 202.999 192.841 58.9477 18.2393 9.33504 40.7084 31.5503 9.15808 133.894 35.5832 98.3105 90.976 29.8507 8.90428 10.1572
internal_count=1302 1129 56 173 151 118 98 74 1073 1054 1006 337 106 55 231 179 52 669 178 491 455 145 51 48
is_linear=0
shrinkage=0.03


Tree=143
num_leaves=25
num_cat=0
split_feature=24 17 13 13 9 6 27 23 18 7 5 4 17 14 10 15 22 16 10 25 12 9 15 24
split_gain=0.737627 2.03783 2.77015 4.42438 2.85674 2.15856 2.02856 1.32214 1.24779 2.47877 2.10673 3.44023 4.71311 2.31104 2.04018 2.13235 2.53116 2.81165 2.54382 2.49344 3.80418 3.50644 1.95378 1.10033
threshold=2.0308086384241943 16.634999275207523 0.0027719235537095881 -0.0023109338015003806 0.92879475470461326 7897.4656520947601 0.0018381802914473209 2.3896468719115664 -0.052931193152289939 -917.00935480587339 1.0000000180025095e-35 6543874.5000000009 19.015000343322757 0.9469062991310796 0.0067698850680695264 2.1637547741073899e-05 67.316108798879284 1.0000000180025095e-35 0.00061120787191115699 0.014677029252987141 0.00056381425434182131 0.56310125056143645 1.4897690133799475e-05 2.4810907779955294
decision_type=2 2 2 2 2 2 2 2 2 2 2 2 2 2 2 2 2 2 2 2 2 2 2 2
left_child=6 2 3 4 -2 23 -1 8 9 22 -11 12 -12 -13 15 19 17 -17 -18 20 -10 -21 -8 -3
right_child=1 5 -4 -5 -6 -7 7 -9 14 10 11 13 -14 -15 -16 16 18 -19 -20 21 -22 -23 -24 -25
leaf_value=-0.024699162304089153 0.035470488544430946 -0.0021047866895148276 0.029350505775793019 -0.012968095572127471 -3.0511301951053455e-05 0.012722928469044829 0.0053869707781570306 -0.015841967611528139 0.0024348037853407657 -0.015963110002823817 0.022225006772822541 0.0013244401930868372 -0.010710809638520386 -0.0272093652198147 -0.017758638062375529 0.013143282601115797 0.022688046637304789 -0.012739098138879058 -0.0065154228196386711 -0.018204961481255059 0.022068910714002087 0.00089085534189148948 0.037438399233056689 -0.024402410376633654
leaf_weight=3.104259490966796 4.3797813504934293 3.584227576851843 5.0021147951483718 7.4834039360284832 3.8186661973595619 3.8849855139851561 3.4660653322935095 4.8028363436460486 57.457185663282871 5.2900677397847167 13.181756779551511 7.4268128573894483 5.5595484822988501 3.894123487174511 6.3442689031362525 4.2877551093697539 4.9634674489498121 31.737776916474104 5.8466188684105873 11.127187654376028 10.505250878632067 38.941640950739384 3.3816945608705282 4.4831725433468819
leaf_count=17 21 20 23 34 20 19 20 22 300 27 76 42 28 18 37 26 23 164 30 53 51 183 25 23
internal_value=0 0.00421278 0.00991133 0.00371072 0.0189349 -0.00564873 -0.000618458 -0.000275892 7.44239e-05 0.00469497 0.00149499 0.00456709 0.0124547 -0.00849049 -0.00106445 -0.000422035 -0.00583823 -0.00965858 0.00689339 0.00172715 0.00546973 -0.00335296 0.0212152 -0.0144959
internal_weight=0 32.6364 20.684 15.6819 8.19845 11.9524 221.318 218.214 213.411 42.2001 35.3523 30.0622 18.7413 11.3209 171.211 164.867 46.8356 36.0255 10.8101 118.031 67.9624 50.0688 6.84776 8.0674
internal_count=1302 160 98 75 41 62 1142 1125 1103 236 191 164 104 60 867 830 243 190 53 587 351 236 45 43
is_linear=0
shrinkage=0.03


Tree=144
num_leaves=13
num_cat=0
split_feature=1 2 13 3 13 4 1 1 3 11 0 3
split_gain=0.748306 1.22475 2.94775 2.21391 1.73446 1.87842 1.36301 2.13013 1.09276 2.65027 1.78129 2.08114
threshold=685.0200000000001 670.48000000000013 0.0054357656261055385 670.29500000000019 0.0019840793134389139 6677930.0000000009 669.5150000000001 668.00000000000011 662.67500000000007 0.0031396764770410539 662.41500000000008 660.16500000000008
decision_type=2 2 2 2 2 2 2 2 2 2 2 2
left_child=1 3 4 6 5 -3 7 8 10 -10 11 -1
right_child=-2 2 -4 -5 -6 -7 -8 -9 9 -11 -12 -13
leaf_value=0.00061473396693371453 0.012567102950626761 0.0070120729262635609 0.010230774952947767 0.020318136671041015 -0.03062298397649349 -0.017802727554959014 -0.015029314419343721 0.02229816487023176 -0.021074241313280558 0.0066335955162170656 0.020204574543089545 -0.01842318932845215
leaf_weight=191.1856000944972 4.1955933123826972 4.5449967086315173 6.3702449649572364 4.9357652738690367 4.1425274051725856 6.9339939467608929 5.2983560264110556 3.9155204817652693 6.9107355400919896 5.6445725709199905 4.0480781942605963 5.3113440424203864
leaf_count=980 20 21 32 26 21 37 29 20 38 31 20 27
internal_value=0 -0.000208725 -0.00696889 0.000445479 -0.0139827 -0.00797754 4.27165e-06 0.000371311 -3.15749e-05 -0.00861745 0.000505952 0.000100136
internal_weight=0 249.242 21.9918 227.25 15.6215 11.479 222.314 217.016 213.1 12.5553 200.545 196.497
internal_count=1302 1282 111 1171 79 58 1145 1116 1096 69 1027 1007
is_linear=0
shrinkage=0.03


Tree=145
num_leaves=18
num_cat=0
split_feature=12 17 13 13 23 14 7 4 22 27 17 1 14 5 23 12 10
split_gain=0.727154 1.05975 3.00031 2.47097 4.98314 3.57548 1.7384 3.1903 1.39532 1.31318 1.64669 3.67074 3.58094 2.94941 2.53574 2.48467 1.10243
threshold=-0.021798065938094243 21.23499965667725 0.013366043591300171 -0.0018097822297675756 -1.9392841139083428 0.27648153814562831 25892.279163089555 17045940.000000004 19.199164118304136 0.0068845923370218403 17.940000534057621 470.49000000000007 0.47827362245326593 891.56612882190632 -0.7001545686031817 -0.0081440578132775925 0.002373977346650125
decision_type=2 2 2 2 2 2 2 2 2 2 2 2 2 2 2 2 2
left_child=-1 6 3 4 -3 -5 8 16 -2 10 14 13 -13 -12 -10 -16 -8
right_child=1 2 -4 5 -6 -7 7 -9 9 -11 11 12 -14 -15 15 -17 -18
leaf_value=0.015316793812866981 0.018118183405487737 -0.026978255801906208 -0.033806185446447631 0.031453856027772675 0.013223903358271501 -0.0099224954220793471 0.0085957099151828271 -0.0089880711437716251 0.018828982715683545 0.014132710393736626 -0.0042972412218809288 -0.0029454360027058083 -0.024919623745338421 0.026965194112927925 -0.017146035093086289 0.00046767403500793916 0.030501185787710605
leaf_weight=2.7601072881370774 3.6746468022465697 6.8581352829933202 3.0992215536534777 3.8766095414757737 4.660660021007061 3.6488154269754887 3.43557610362768 4.6771653667092314 6.4460972398519507 5.359154161065816 7.0561827644705755 15.345066096633674 11.812207102775572 4.4156675115227699 7.56332854181528 153.38961207866669 5.1932680904865265
leaf_count=20 21 37 21 21 28 27 17 29 35 32 39 84 62 22 36 740 31
internal_value=0 -0.000166058 -0.00643226 -0.00197747 -0.0107119 0.0113919 0.000441537 0.0109645 -0.000209523 -0.000528122 -0.000909476 -0.00649268 -0.0125032 0.00773609 0.000378907 -0.000360011 0.0217795
internal_weight=0 250.511 22.1434 19.0442 11.5188 7.52542 228.368 13.306 215.062 211.387 206.028 38.6291 27.1573 11.4719 167.399 160.953 8.62884
internal_count=1302 1282 134 113 65 48 1148 77 1071 1050 1018 207 146 61 811 776 48
is_linear=0
shrinkage=0.03


Tree=146
num_leaves=27
num_cat=0
split_feature=7 6 12 22 26 14 24 9 23 28 10 6 6 18 23 23 11 5 7 0 4 28 13 24 14 27
split_gain=0.747957 2.35157 2.15222 4.52564 2.27615 3.05545 3.91442 3.162 2.96223 1.88239 1.73159 1.63418 2.54741 1.59961 5.18889 4.62476 2.9806 1.63727 2.63369 4.53027 2.56616 5.36511 3.78242 1.93496 1.38281 1.28895
threshold=-3044.6393152037813 3725.4220497034526 0.0064910733408134478 62.472740041578824 3.5239285714285806 0.07942722437433207 -0.94961236409531391 0.85636860028560802 -1.9392841139083428 1.4866619739974298 -0.0008650424254311172 2149.6341789419171 2540.7301408782764 0.098376838585432572 -1.4889096800106925 -0.45092575533917051 -0.0067515083994033045 1941.0187268090642 -66.816868175493155 462.93500000000006 6411208.5000000009 0.87484472671431879 -0.00010480918763711154 1.9106567547699513 0.23580424633220756 0.0026677351298753588
decision_type=2 2 2 2 2 2 2 2 2 2 2 2 2 2 2 2 2 2 2 2 2 2 2 2 2 2
left_child=1 -1 3 4 5 -3 -7 -8 24 11 -4 13 -13 16 -15 -16 -2 18 19 -18 21 -19 -22 -20 -6 -5
right_child=9 2 10 25 8 6 7 -9 -10 -11 -12 12 -14 14 15 -17 17 20 23 -21 22 -23 -24 -25 -26 -27
leaf_value=0.024792361634581185 0.02450541746672226 0.015902088736074689 0.0010051244977980812 0.012236496808521772 0.013674112522850923 -0.04199296322510189 -0.01906054072202373 0.0043407585955045581 0.029173485360286584 -0.018556865769863731 -0.024784528432093809 -0.032400622725209736 0.00092887036072229442 -0.039109072183028351 0.022690588460171211 -0.024150121208616846 0.020298534655822632 -0.0085114062363382346 -0.0050980255675921278 -0.0028793573829977112 -0.014669772785155815 0.016899084080187143 0.0054589632787045185 -0.024187440473452816 -0.011380413661107355 0.035999495901559007
leaf_weight=4.0941691473126403 4.6953400373458853 5.3268352001905468 4.6767421364784241 4.1087261587381345 3.4662238489836437 2.8845119699835768 8.5320954024791771 13.293099030852316 4.7555002048611632 5.3124786540865889 4.695795997977255 3.609500437974928 4.8198038786649704 3.8409501686692238 4.6193704642355442 3.2190812565386278 10.32246032357215 10.665794305503367 42.218252547085292 28.667133346199989 13.405368328094481 25.02184197306633 22.51075292751193 5.3889202624559394 4.6319537237286568 4.108724869787693
leaf_count=22 28 33 24 20 20 16 41 75 27 31 26 18 25 27 27 25 49 52 201 138 62 127 119 24 25 20
internal_value=0 0.00278877 0.00129925 0.00372275 -0.000184823 -0.00470579 -0.00914837 -0.00480748 0.0103798 -0.00095278 -0.0119159 -0.000441748 -0.0133431 0.00018119 -0.0105434 0.00345413 0.00095013 0.000251017 -0.00252418 0.00325697 0.00360731 0.00930477 -0.00205391 -0.00725886 -0.000656446 0.024118
internal_weight=0 64.5744 60.4802 51.1077 42.8902 30.0365 24.7097 21.8252 12.8537 188.317 9.37254 183.005 8.4293 174.575 11.6794 7.83845 162.896 158.201 86.5968 38.9896 71.6038 35.6876 35.9161 47.6072 8.09818 8.21745
internal_count=1302 349 327 277 237 165 132 116 72 953 50 922 43 879 79 52 800 772 412 187 360 179 181 225 45 40
is_linear=0
shrinkage=0.03


Tree=147
num_leaves=11
num_cat=0
split_feature=1 3 3 2 3 7 11 1 1 3
split_gain=0.727306 1.14374 0.763543 1.45199 2.08627 1.79299 1.98663 1.23332 2.00453 0.984015
threshold=685.0200000000001 682.8850000000001 679.77500000000009 670.48000000000013 670.29500000000019 -7675.6758099564622 0.0036229662708645587 669.5150000000001 668.00000000000011 662.67500000000007
decision_type=2 2 2 2 2 2 2 2 2 2
left_child=1 2 3 4 7 -5 -7 8 9 -1
right_child=-2 -3 -4 5 -6 6 -8 -9 -10 -11
leaf_value=0.00045690275100125291 0.012407065316612656 -0.015399956273077959 0.012939702749816083 0.0084309725941983348 0.019820643477476481 -0.029745271347464151 -0.0027435080806893167 -0.014368595492132151 0.02173361017236481 -0.008233015946671635
leaf_weight=199.80903548374772 4.1834384948015204 4.3805613964796057 4.0772639811038962 3.5764415860176078 4.8787286169826976 4.955158516764639 4.8550853803753853 5.2576675638556472 3.8700434677302828 12.458970993757246
leaf_count=1027 20 21 19 20 26 26 25 29 20 69
internal_value=0 -0.00020667 6.63893e-05 -0.00015262 0.000415348 -0.00975295 -0.0163821 -1.22717e-05 0.000336953 -5.31479e-05
internal_weight=0 248.119 243.738 239.661 226.274 13.3867 9.81024 221.396 216.138 212.268
internal_count=1302 1282 1261 1242 1171 71 51 1145 1116 1096
is_linear=0
shrinkage=0.03


Tree=148
num_leaves=23
num_cat=0
split_feature=26 26 11 3 14 12 9 9 27 26 22 12 15 15 12 22 4 4 9 11 25 6
split_gain=0.722055 2.76196 2.87289 2.32703 2.19187 3.22342 2.25379 2.71796 1.57789 3.34821 1.5363 5.37383 6.21574 5.32729 3.65384 5.45278 4.30046 3.33878 3.20567 2.60099 2.58035 1.37215
threshold=1.2749999999999957 1.3317857142857132 0.0028079839397343602 659.92500000000007 0.88899735345930997 0.0039560586656824945 0.63353968785102077 0.90920621007458313 0.0020752809010757688 1.4110714285714285 63.866398260458467 0.0072550328315199595 1.6390756604603998e-05 0.0014149812338612503 0.010390619725994978 60.50487076523158 7240581.0000000009 1089840.5000000002 0.49035557276852332 0.0095632471762294741 0.39107895019829886 651.17841188121417
decision_type=2 2 2 2 2 2 2 2 2 2 2 2 2 2 2 2 2 2 2 2 2 2
left_child=3 2 -2 4 5 6 -1 -8 -3 21 14 18 17 -14 15 19 -17 -13 -12 -11 -20 -10
right_child=1 8 -4 -5 -6 -7 7 -9 9 10 11 12 13 -15 -16 16 -18 -19 20 -21 -22 -23
leaf_value=-0.019078194247122014 0.026544857758446345 0.020130604944944726 -0.0043794867105764997 -0.025106366933345014 -0.01566840123410947 0.026656388911097346 0.016108254371619488 -0.0092395931820235012 -0.0076970049656499024 0.0002210105737121188 -0.010948231914131601 0.014000598348980207 0.024139158026941988 -0.017213765471146145 0.01979605786948407 -0.04345917338756216 -0.0023081934903700667 -0.01628521958196406 0.014716154692267039 -0.020243647798270488 0.040802911630816299 -0.030022770513679929
leaf_weight=5.1435351371765234 7.2061512321233732 3.3964242264628401 4.3273014612495899 4.1335537731647483 7.2672143429517737 4.3072406947612754 7.8962346762418729 7.3519256338477135 5.7476174384355527 107.68688660487533 3.3474380671978023 3.888179928064349 10.649318091571329 3.8056857399642459 6.8980714008212081 5.0473669283092004 4.1770823746919632 20.809585593640804 14.37232192233205 5.8955042883753768 4.475149653851985 4.3547906577587128
leaf_count=24 34 19 22 22 33 20 38 36 27 580 17 20 55 25 39 26 23 97 71 32 21 21
internal_value=0 0.00065852 0.0149422 -0.00392503 -0.00118606 0.00307511 -0.00190585 0.00388675 -0.000146851 -0.000489228 0.000400788 0.00431246 -0.00237267 0.0132518 -0.00144935 -0.00264271 -0.0248249 -0.0115173 0.0161053 -0.000841209 0.0209102 -0.0173209
internal_weight=0 216.085 11.5335 36.0997 31.9662 24.6989 20.3917 15.2482 204.551 201.155 191.053 61.3477 39.1528 14.455 129.705 122.807 9.22445 24.6978 22.1949 113.582 18.8475 10.1024
internal_count=1302 1129 56 173 151 118 98 74 1073 1054 1006 306 197 80 700 661 49 117 109 612 92 48
is_linear=0
shrinkage=0.03


Tree=149
num_leaves=31
num_cat=0
split_feature=24 17 13 13 9 11 27 25 15 15 1 4 23 24 1 0 1 11 15 25 3 13 11 4 18 25 11 10 0 25
split_gain=0.739641 1.98608 2.64003 4.10916 2.66845 2.12807 1.83419 1.18429 3.09925 5.09983 3.10553 2.81871 3.30043 2.80432 2.43034 2.2915 4.08753 4.05221 3.76651 3.62016 3.40512 2.92534 2.41402 3.40862 3.05092 2.06169 1.76436 1.56008 1.51533 0.914074
threshold=2.0308086384241943 16.634999275207523 0.0027719235537095881 -0.0023109338015003806 0.92879475470461326 -0.00042964424030822451 0.0018381802914473209 0.12178463890113185 0.0015289890706160231 4.8717721419334936e-05 463.29500000000002 14138881.000000002 -3.0106150290744149 1.8264742364640052 598.33500000000015 605.21500000000015 664.68000000000018 0.00050748415115309264 1.5114987287192063e-05 0.84246050389384164 668.69500000000005 0.0014084525713074505 0.010855519608374832 5592399.0000000009 -0.052931193152289939 -0.79299462754712813 0.007877587992168868 0.00031999105289570734 475.84500000000008 0.32185353265253741
decision_type=2 2 2 2 2 2 2 2 2 2 2 2 2 2 2 2 2 2 2 2 2 2 2 2 2 2 2 2 2 2
left_child=6 2 3 4 -2 -3 -1 8 9 11 -11 13 -13 14 -8 19 18 -18 27 22 -19 -20 23 24 -9 -14 -22 -17 -12 -25
right_child=1 5 -4 -5 -6 -7 7 15 -10 10 28 12 25 -15 -16 16 17 20 21 -21 26 -23 -24 29 -26 -27 -28 -29 -30 -31
leaf_value=-0.023797946512853989 0.034734899439022603 0.0061152415751645831 0.028901285991898288 -0.012252090924104954 0.00024995793555841311 -0.019411931247095105 0.0013288873805443679 0.011371352198793752 0.025362663814909824 0.0013202918376966899 -0.035740496951816768 0.014127607934508821 0.0029430970682732638 -0.01876366567096388 0.011721043648282133 -0.01689814199998509 0.029902444918567153 0.014982261880155766 0.01716073518263482 0.030486722247595556 -0.021045233270654867 -0.016072806849551979 -0.021964200847557354 0.029293758147259475 -0.0085418418261824381 -0.027297143669455331 0.0033851711196330068 -0.037165938707662424 -0.013506088466158736 0.0089325866980233086
leaf_weight=3.031008042395114 4.3121075630187971 6.4308728538453579 4.9736507683992377 7.4724802374839809 3.7984029948711395 5.4132224693894369 39.564633086323738 9.8514407947659439 4.7676895651966325 7.3594058305025127 5.1429124101996404 3.8998037353157988 2.8629051670432082 4.106201007962226 41.494947444647551 7.2019673362374323 3.7847741693258312 5.6492108367383507 4.1009762808680517 3.6313748136162749 8.2757712081074697 5.6928969696164131 4.3236235007643691 4.0263586640357962 23.30697546154261 6.9665219858288756 3.9211071021854869 6.5055487751960754 5.9504991993308067 3.9126704074442387
leaf_count=17 21 34 23 34 20 28 193 55 33 37 30 23 18 20 213 35 18 31 21 22 39 31 24 20 112 40 21 30 38 21
internal_value=0 0.00423344 0.00987133 0.00379751 0.0185845 -0.00555169 -0.000622495 -0.000297739 0.00165178 0.000688437 -0.0137899 0.00338994 -0.00922451 0.00542347 0.0066487 -0.00282539 -0.0077038 0.00170682 -0.0163654 0.00166314 -0.00427287 -0.00215697 -0.000641284 0.00160198 -0.00262559 -0.0184894 -0.0131912 -0.0265172 -0.023814 0.019259
internal_weight=0 32.4007 20.5566 15.583 8.11051 11.8441 219.331 216.3 122.116 117.348 18.4528 98.895 13.7292 85.1658 81.0596 94.1847 45.1323 21.6309 23.5014 49.0524 17.8461 9.79387 45.4211 41.0974 33.1584 9.82943 12.1969 13.7075 11.0934 7.93903
internal_count=1302 160 98 75 41 62 1142 1125 645 612 105 507 81 426 406 480 226 109 117 254 91 52 232 208 167 58 60 65 68 41
is_linear=0
shrinkage=0.03


Tree=150
num_leaves=19
num_cat=0
split_feature=28 14 22 3 9 22 28 28 4 28 7 18 27 26 26 26 28 12
split_gain=0.716988 1.74413 2.05709 1.70596 1.40268 1.34522 1.1362 2.06061 3.31909 2.00477 2.07224 1.81308 1.75657 1.70317 5.6739 1.76542 1.13668 1.09396
threshold=1.3768311805203199 0.73306728764965878 26.969830192700176 601.62000000000012 0.75118776114119079 19.199164118304136 1.183707226031405 1.2249773852520944 1699571.0000000002 1.1678889974488229 -78267.199758170857 0.11161691503002037 0.0069975839770834228 3.0446428571428497 3.4174999999999942 1.6100000000000019 1.0982336456575224 -0.0012526094005765873
decision_type=2 2 2 2 2 2 2 2 2 2 2 2 2 2 2 2 2 2
left_child=5 2 -2 -4 -5 -1 9 -8 -9 10 -7 17 13 15 -15 -12 -14 -10
right_child=1 -3 3 4 -6 6 7 8 11 -11 12 -13 16 14 -16 -17 -18 -19
leaf_value=0.018046275930936623 -0.020228307198150566 -0.023164984533456855 0.020504078737682653 -0.014546798360239381 0.0083402026190546631 -0.02375699555543272 0.021553744646988567 -0.023380678854116321 0.030472096833734731 -0.01943040109158645 -0.0023367891633686538 -0.0071228747975656728 0.026541609021825775 -0.034608640930685684 0.0019522163012883685 0.0037865462851738212 0.0038784817665176168 0.0074792120500933043
leaf_weight=3.8642729967832556 3.9624952375888887 3.9766450747847548 4.1046288087964049 4.6102889925241453 5.0498514696955681 3.2586832493543616 6.0736394859850433 3.8094433397054663 3.3261617571115494 4.9123005494475356 85.035212550312281 4.1286755055189133 3.6255790218710882 5.4378536194562939 12.842380777001379 84.468889407813549 4.4199644178152084 4.2316912412643415
leaf_count=25 24 24 22 24 26 19 37 18 20 28 418 23 21 29 67 429 25 23
internal_value=0 -0.0052092 -0.00118129 0.00430181 -0.00258259 0.000495532 0.000194868 0.00674278 0.000937626 -0.000497462 -3.03116e-05 0.00886463 0.000364509 -0.000223606 -0.00892361 0.000714649 0.0140912 0.0175982
internal_weight=0 21.7039 17.7273 13.7648 9.66014 229.435 225.57 21.5696 15.496 204.001 199.089 11.6865 195.83 187.784 18.2802 169.504 8.04554 7.55785
internal_count=1302 120 96 72 50 1182 1157 121 84 1036 1008 66 989 943 96 847 46 43
is_linear=0
shrinkage=0.03


Tree=151
num_leaves=28
num_cat=0
split_feature=7 6 12 22 26 14 26 26 23 17 26 1 13 12 13 10 28 14 17 10 16 12 14 24 14 14 27
split_gain=0.721215 2.24738 1.98038 4.16057 2.12119 2.87892 3.7632 3.04217 2.75816 1.80561 2.26293 2.55424 2.18458 1.72464 1.94046 1.63032 1.49661 2.34722 1.88991 3.68162 2.84333 1.44198 2.17657 1.46659 1.3624 1.26612 1.14033
threshold=-3044.6393152037813 3725.4220497034526 0.0064910733408134478 62.472740041578824 3.5239285714285806 0.07942722437433207 2.3089285714285732 1.5692857142857124 -1.9392841139083428 19.664999961853031 2.179642857142857 464.90000000000003 -0.014006788909484145 -0.012600691790328798 -0.011792015376300312 -0.0008650424254311172 1.4032526504384497 0.49602341357358792 16.110000610351566 0.00174090741141697 1.0000000180025095e-35 0.012396246463269091 0.3537704527012735 -0.79079118690216554 0.31003325942153975 0.23580424633220756 0.0026677351298753588
decision_type=2 2 2 2 2 2 2 2 2 2 2 2 2 2 2 2 2 2 2 2 2 2 2 2 2 2 2
left_child=1 -1 3 4 5 -3 7 -7 25 12 -11 -12 -2 -14 -15 -4 18 -18 20 -20 -16 22 -13 -24 -8 -6 -5
right_child=9 2 15 26 8 6 24 -9 -10 10 11 21 13 14 16 -17 17 -19 19 -21 -22 -23 23 -25 -26 -27 -28
leaf_value=0.02439582573168679 0.023094173775003678 0.015602968491990978 0.0011230782734669078 0.012096597752877376 0.013295755186030938 -0.013805073631961621 -0.032962409383545853 0.014465452594412471 0.028444728582924631 -0.029552536871542901 0.01127482500081842 0.002030887350073137 0.021812736658591673 -0.020767630902264279 0.015695510336804209 -0.024020531648943782 0.00085044873499329893 -0.032577595951326595 -0.0062245205558185855 0.0062379725252658278 0.00014620762982295763 0.0062151636024651152 -0.035911231744500248 -0.011340790889748599 -0.011535783518648949 -0.010758235451319004 0.034602718323862774
leaf_weight=4.0449033081531516 3.6875044256448737 5.2682184800505665 4.6430662274360657 4.0607705637812597 3.4287890680134279 6.3256405293941516 5.3228031173348409 7.4728048704564571 4.6761743687093249 3.809022173285487 6.5422555655241039 4.2978433221578625 3.1201400533318511 4.2243361175060263 16.096235536038876 4.6405957415699941 4.5824794694781295 3.2181243076920509 61.41202649474144 32.69024833291769 30.905728951096535 3.5063214413821688 4.5240738913416916 4.2312293909490037 5.3604748100042343 4.6272712498903275 4.0438511967658997
leaf_count=22 19 33 24 20 20 34 30 41 27 27 33 26 21 21 80 26 22 21 293 169 147 21 30 23 27 25 20
internal_value=0 0.00275325 0.00129105 0.00362844 -0.000129435 -0.00451491 -0.00884407 0.00150536 0.0101176 -0.000938561 -0.0081281 -0.00459563 0.000271141 -0.000267486 -0.00071739 -0.0114454 -0.000148577 -0.0129402 0.000558578 -0.00189517 0.0054712 -0.0108657 -0.0154539 -0.0240369 -0.0222113 -0.000520469 0.0233262
internal_weight=0 63.9154 59.8705 50.5868 42.4822 29.7499 24.4817 13.7984 12.7322 186.848 26.9107 23.1017 159.937 156.249 153.129 9.28366 148.905 7.8006 141.104 94.1023 47.002 16.5595 13.0531 8.7553 10.6833 8.05606 8.10462
internal_count=1302 349 327 277 237 165 132 75 72 953 160 133 793 774 753 50 732 43 689 462 227 100 79 53 57 45 40
is_linear=0
shrinkage=0.03


Tree=152
num_leaves=19
num_cat=0
split_feature=0 2 15 24 15 15 25 18 9 13 11 11 4 4 10 15 28 25
split_gain=0.700061 2.02903 1.17821 1.78096 1.20011 3.17726 3.2891 2.77952 4.65182 2.18427 2.79847 1.6887 1.67559 2.034 1.96392 3.12071 2.66159 0.996604
threshold=455.07500000000005 456.69000000000005 -0.00032021798377526782 0.22583623617700055 4.9914680884098943e-05 8.6177185122609338e-05 0.31386024291503462 0.0056872936242777792 1.5364288851873293 0.012131628506729332 0.0016084153905119305 -0.0027174494502651965 438101.00000000006 517114.00000000006 -0.0014668774702039087 3.3279809324197528e-05 0.77694517972067312 -0.20870770409790865
decision_type=2 2 2 2 2 2 2 2 2 2 2 2 2 2 2 2 2 2
left_child=-1 -2 3 -3 12 6 17 9 11 10 -7 -9 -4 -14 16 -16 -15 -6
right_child=1 2 4 -5 5 7 -8 8 -10 -11 -12 -13 13 14 15 -17 -18 -19
leaf_value=-0.010789940798853757 0.017705245567146498 -0.022870439633909993 -0.013075624546536805 0.0040333996392396621 -0.018213896700241684 0.00068182563530588141 0.0036251398170883469 -0.013641526413817717 -0.037493840162880203 -0.013060925679017947 0.028096731645483486 0.013030930426097253 0.021365454202290232 -0.024453490855319612 -0.0019215582988737049 0.015093524420116834 0.0083989968182736543 -0.040043478747909596
leaf_weight=5.2950779646635047 5.8408587053418151 4.9619095101952535 7.0876422375440589 3.999328151345253 3.6494898647069931 6.7628725934773737 4.212740421295166 3.6021298170089713 3.8031487353146067 3.2756550014019004 6.6426947973668575 5.2499124482274047 4.6560313403606406 2.3412249311804763 121.65421863645315 10.541913956403731 42.673844005912542 3.8869400024414045
leaf_count=24 30 32 33 24 20 40 22 20 32 21 41 26 23 13 601 51 228 21
internal_value=0 0.000235579 -0.000191355 -0.0108635 0.000224378 -0.00442253 -0.0176052 0.000857094 -0.00974477 0.00890019 0.0142664 0.0021772 0.00123478 0.00179248 0.00127822 -0.000564699 0.00669035 -0.0294726
internal_weight=0 244.843 239.002 8.96124 230.04 41.0856 11.7492 29.3364 12.6552 16.6812 13.4056 8.85204 188.955 181.867 177.211 132.196 45.0151 7.53643
internal_count=1302 1278 1248 56 1192 243 63 180 78 102 81 46 949 916 893 652 241 41
is_linear=0
shrinkage=0.03


Tree=153
num_leaves=31
num_cat=0
split_feature=24 17 15 13 13 13 24 9 26 25 10 15 15 4 12 3 24 4 0 1 3 26 1 12 9 25 15 23 1 4
split_gain=0.710749 1.82581 2.5878 2.26726 4.99232 2.05312 1.37751 1.86592 1.30458 1.27352 3.41512 2.78764 4.94546 2.89095 2.6799 2.68211 2.61999 2.61391 2.61181 3.26706 3.01404 2.87218 3.75188 3.10206 3.40236 2.59196 2.37317 1.95113 1.89796 2.60728
threshold=2.0308086384241943 16.634999275207523 -1.0000000180025095e-35 0.002380463485261775 -0.0019580274342859689 -0.0029163616087382045 1.866387283507587 0.8416101178433143 1.6714285714285742 0.11843606234697336 -0.0085245257782327038 2.1637547741073899e-05 0.0017612161661105196 14138881.000000002 -0.0048831905241691889 461.76000000000005 1.7259633287435021 2289540.5000000005 605.21500000000015 664.68000000000018 668.69500000000005 1.6160714285714206 462.10500000000008 0.012396246463269091 0.50006020998520628 -0.36381653658421736 1.5464084437774392e-05 1.2982625738214326 672.38000000000011 3241889.5000000005
decision_type=2 2 2 2 2 2 2 2 2 2 2 2 2 2 2 2 2 2 2 2 2 2 2 2 2 2 2 2 2 2
left_child=6 2 -2 4 -4 8 9 -8 -3 10 -1 13 14 28 15 -13 18 -16 21 26 -21 22 -11 24 -23 -15 27 -20 29 -12
right_child=1 5 3 -5 -6 -7 7 -9 -10 16 11 12 -14 25 17 -17 -18 -19 19 20 -22 23 -24 -25 -26 -27 -28 -29 -30 -31
leaf_value=-0.02066594333837897 0.027056104152760063 -0.0095076396504720183 0.016757916955053798 0.020953875993999466 -0.024837823805141917 -0.02348497442098595 -0.022476783133826107 0.0035755177411599592 0.014816894627690392 0.012089708474403405 0.0038470457629299687 0.021128196624546854 0.0275188424404334 0.0045479235729972553 -0.025452774044266935 -0.0085576198385432598 0.020418505099134145 -0.00024949038237134634 -0.017217982988979971 0.013752072585275069 -0.010517035214041135 -0.018831522576637071 -0.018904235807376754 0.025493782025662874 0.0081155512230409281 -0.024728720202772447 -0.0045225298177604331 -0.041636198194645133 -0.0068777953894933628 0.016101545144176849
leaf_weight=5.7124652266502371 5.5551910996437064 3.746623694896698 5.0527043342590314 4.4577413648366919 5.3427925407886541 3.7747237980365735 5.8281489387154561 4.2995455265045166 4.2188913822174072 5.1430560648441341 31.119903832674026 4.2717156633734721 3.8514057993888846 6.2895898744463921 10.584981195628645 7.6350446566939354 4.1757593825459471 5.6967831663787356 8.793452978134157 7.8484817594289806 11.146400004625319 5.5726611912250581 11.104916252195833 6.1910644099116316 17.333952017128468 4.7976795583963376 7.7903732210397711 4.4282151609659186 6.6326881498098365 31.384036932140589
leaf_count=36 27 20 26 21 24 22 28 22 20 24 152 24 25 37 52 45 19 34 43 43 55 27 54 39 94 26 43 21 34 165
internal_value=0 0.00416559 0.00958811 0.00305498 -0.00462032 -0.00526054 -0.000613173 -0.0114167 0.00337572 -8.58844e-05 0.00196147 0.00311285 -0.00436756 0.00610039 -0.00872421 0.00209258 -0.0027838 -0.0166345 -0.00391894 -0.009506 -0.0004893 0.00101034 -0.00909356 0.0066523 0.00155994 -0.00812066 -0.0176571 -0.0253962 0.00838098 0.0100002
internal_weight=0 32.1487 20.4084 14.8532 10.3955 11.7402 217.632 10.1277 7.96552 207.505 117.976 112.264 32.0399 80.2239 28.1885 11.9068 89.5283 16.2818 85.3526 40.0069 18.9949 45.3456 16.248 29.0977 22.9066 11.0873 21.012 13.2217 69.1366 62.5039
internal_count=1302 160 98 71 50 62 1142 50 40 1092 630 594 180 414 155 69 462 86 443 205 98 238 78 160 121 63 107 64 351 317
is_linear=0
shrinkage=0.03


Tree=154
num_leaves=31
num_cat=0
split_feature=7 0 22 12 23 26 25 28 23 14 11 24 17 26 1 13 13 13 25 22 4 4 11 10 17 24 22 10 12 27
split_gain=0.695268 2.16252 1.93701 3.17396 2.91106 3.54837 2.84861 2.49882 2.28061 4.00516 1.90846 2.27829 1.73872 2.15807 2.3925 2.05119 1.66449 3.95779 4.15713 6.73646 6.71285 2.67856 3.39901 3.05129 4.0947 4.89224 3.70657 3.1783 2.96281 2.62826
threshold=-3044.6393152037813 465.16000000000003 40.353833582139764 0.0066725382720910229 2.1023172612920011 1.5692857142857124 -0.47824680196513264 1.1161283175503629 -1.9392841139083428 0.63393140827349159 -0.010776581545342443 -0.31661797482998771 19.664999961853031 2.179642857142857 464.90000000000003 -0.014006788909484145 0.0052946184980776642 0.0062336411257460375 0.11384244291048219 67.108565401253017 946580.50000000012 517114.00000000006 -0.0027497287347590378 0.0014744199195104726 16.529999732971195 -0.031036483587916563 74.299468993643401 0.00095380010579404495 -0.00077286680111721118 0.0027902643007762635
decision_type=2 2 2 2 2 2 2 2 2 2 2 2 2 2 2 2 2 2 2 2 2 2 2 2 2 2 2 2 2 2
left_child=1 -1 6 4 5 -4 10 -8 -7 -10 -3 -12 15 -14 -15 -2 21 -18 20 -20 -19 22 -17 27 26 -26 -25 28 -23 -29
right_child=12 2 3 -5 -6 8 7 -9 9 -11 11 -13 13 14 -16 16 17 18 19 -21 -22 23 -24 24 25 -27 -28 29 -30 -31
leaf_value=0.029625205439151234 0.022461265926517173 0.016287829301568291 -0.013636102287378446 -0.009052189536416174 0.03190387023635511 -0.0063816684650332368 -0.035588246951727444 -0.0027955505896771204 0.037818276881457662 0.0045496619245702597 -0.023051727144376075 0.0073120795111082035 -0.029100308959404606 0.010812762315634019 -0.010670426539638492 -0.014449892575721586 0.024047163494253777 -0.018009279370175098 -0.026988031495266761 0.010518651471953761 0.022594754324168541 0.00380710105334844 0.015990305364539728 0.025858650108536028 0.019909194007796636 -0.019722645687347901 -0.0021275823430915927 -0.0087146123616656697 -0.010630151165079108 -0.040716384338688086
leaf_weight=2.5783108323812476 3.6606764867901793 5.6877947561442843 5.9055446088314119 9.6731308847665769 4.8920754939317694 4.0499198734760347 4.1971211880445463 4.1682962961494923 5.8689593784511036 7.3173798397183418 3.934446081519126 5.1158468574285534 3.7529056258499649 6.5203570872545269 16.400440506637096 4.3782867193222073 7.8347865566611281 5.1825259923934963 9.4900880753994006 7.8953711390495291 12.510229133069513 20.554372608661652 13.422762155532835 9.4896627813577705 3.8970685005187997 9.9874641746282542 7.7274219244718543 4.7730238139629346 33.880727782845497 4.4754999876022339
leaf_count=17 19 37 32 52 24 21 23 25 34 37 20 27 27 33 100 20 39 24 45 42 72 103 65 49 24 48 39 22 162 20
internal_value=0 0.002715 0.00157403 0.0057651 0.0108778 0.00643302 -0.00526619 -0.0192484 0.0133092 0.0193568 0.00267019 -0.00588802 -0.000923503 -0.00801191 -0.00455903 0.000264448 -0.000258097 0.00476933 0.000463588 -0.00995488 0.0107011 -0.00217433 0.00850334 -0.00417964 0.00352256 -0.0085989 0.0132978 -0.00794122 -0.00517873 -0.0242008
internal_weight=0 63.3888 60.8105 37.707 28.0339 23.1418 23.1035 8.36542 17.2363 13.1863 14.7381 9.05029 185.834 26.6737 22.9208 159.16 155.499 42.913 35.0782 17.3855 17.6928 112.586 17.801 94.7852 31.1016 13.8845 17.2171 63.6836 54.4351 9.24852
internal_count=1302 349 332 200 148 124 132 48 92 71 84 47 953 160 133 793 774 222 183 87 96 552 85 467 160 72 88 307 265 42
is_linear=0
shrinkage=0.03


Tree=155
num_leaves=18
num_cat=0
split_feature=28 14 22 3 9 22 28 15 12 15 28 9 10 27 24 9 28
split_gain=0.689914 1.59315 1.95268 1.60977 1.32943 1.31782 1.04127 1.99104 2.16738 2.06777 1.93077 1.74858 1.62704 1.32842 2.00528 1.60685 1.33308
threshold=1.3768311805203199 0.73306728764965878 26.969830192700176 601.62000000000012 0.75118776114119079 19.199164118304136 1.183707226031405 -4.2565442024229614e-05 -0.0099660653399295512 1.4628759428870124e-05 1.1678889974488229 2.1041232108583827 0.00095380010579404495 0.0069975839770834228 -1.6805374491672944 0.48182805023417646 1.0982336456575224
decision_type=2 2 2 2 2 2 2 2 2 2 2 2 2 2 2 2 2
left_child=5 2 -2 -4 -5 -1 10 -8 -9 -10 11 13 -13 14 -7 -16 -15
right_child=1 -3 3 4 -6 6 7 8 9 -11 -12 12 -14 16 15 -17 -18
leaf_value=0.017980004387658403 -0.019981203298209488 -0.022515569224894481 0.019928518720771362 -0.014341880709909344 0.0080551869512101512 -0.018427827813103172 -0.011570804637063057 -0.01179543963711247 0.028257802978801868 0.0050761677225470503 -0.019211812724623103 0.0010642832033170219 -0.025570762576974371 0.026214190242424419 -0.0071604109084252238 0.0016478506583236746 0.001670346693957652
leaf_weight=3.8110615089535704 3.9081862270832124 3.8891598135232917 4.050100862979888 4.5645398646593076 4.9956919476389885 5.1386960409581652 4.3614074066281345 3.0364117547869727 6.6504399180412257 7.2255239263176918 4.831736132502555 3.7822754569351655 4.5438667871057987 3.5581907480955106 21.19773605465889 154.45722584426403 4.5238051190972328
leaf_count=25 24 24 22 24 26 31 26 20 36 39 28 23 26 21 104 777 26
internal_value=0 -0.00514616 -0.0012901 0.00407702 -0.00263831 0.000487544 0.000189009 0.00650209 0.0111628 0.0161866 -0.000475747 -1.66853e-05 -0.0134714 0.000576434 4.44868e-05 0.000584885 0.0124761
internal_weight=0 21.4077 17.5185 13.6103 9.56023 227.118 223.307 21.2738 16.9124 13.876 202.034 197.202 8.32614 188.876 180.794 175.655 8.082
internal_count=1302 120 96 72 50 1182 1157 121 95 75 1036 1008 49 959 912 881 47
is_linear=0
shrinkage=0.03


Tree=156
num_leaves=18
num_cat=0
split_feature=26 26 5 14 12 18 23 6 27 26 22 14 27 27 14 6 10
split_gain=0.688793 2.68075 2.71392 2.27707 3.52495 1.85988 3.93333 3.10345 1.51168 3.01067 1.51065 1.77795 1.47 2.2907 1.44232 1.26905 0.772057
threshold=1.2749999999999957 1.3317857142857132 560.65043855246358 0.88899735345930997 0.0039560586656824945 -0.0062379015830295583 0.72912413894474082 81.498992586922625 0.0020752809010757688 1.4110714285714285 85.305083052326935 0.97989343676948548 0.0023065171618634286 0.002472258064986362 0.07942722437433207 651.17841188121417 0.0014009861326437225
decision_type=2 2 2 2 2 2 2 2 2 2 2 2 2 2 2 2 2
left_child=3 2 -2 4 5 -1 7 -7 -3 15 12 -12 -11 -14 -15 -10 -5
right_child=1 8 -4 16 -6 6 -8 -9 9 10 11 -13 13 14 -16 -17 -18
leaf_value=-0.019330330122591149 0.02993418839251755 0.019911484120996855 0.00063456581718592312 -0.026189689591978243 0.025533483212974772 -0.0016536972522893292 -0.017095441214019628 0.031448627065324933 -0.0073033498231333338 -0.017829243310713758 0.019202705039617837 -0.0037990801610183061 0.024203623830754455 0.012606369951304406 -0.0010250496882881367 -0.028937427842954701 -0.0080493234032150886
leaf_weight=5.5822425335645702 5.5104850828647596 3.3237870298326007 5.882526058703661 4.3837747275829297 4.2310530692338935 6.1229308508336597 6.8540732637047759 4.3670028299093246 5.7068344205617887 4.2320600003004065 7.8381758332252485 4.9245699867606163 3.4676539301872245 7.304446278139948 160.17569405585527 4.2633694782853127 4.0737558901309967
leaf_count=27 26 19 30 20 20 29 36 21 27 20 39 24 17 48 858 21 20
internal_value=0 0.000648976 0.014806 -0.00385896 0.000374275 -0.00426887 0.000578722 0.0121269 -0.000152523 -0.000489482 0.000362745 0.0103273 -0.000363227 6.91691e-05 -0.000430532 -0.0165543 -0.017452
internal_weight=0 212.63 11.393 35.6148 27.1573 22.9262 17.344 10.4899 201.237 197.913 187.943 12.7627 175.18 170.948 167.48 9.9702 8.45753
internal_count=1302 1129 56 173 133 113 86 50 1073 1054 1006 63 943 923 906 48 40
is_linear=0
shrinkage=0.03


Tree=157
num_leaves=28
num_cat=0
split_feature=24 17 15 13 13 13 27 15 24 15 5 4 4 26 27 22 9 9 15 24 26 24 13 12 11 10 0
split_gain=0.692485 1.7422 2.46228 2.06029 4.69496 1.97915 1.29307 2.1989 2.64414 4.22294 4.4757 1.63109 1.61031 1.22467 1.10668 2.3708 3.38813 3.19575 2.33243 1.83237 2.12128 1.83912 3.80558 3.01126 1.82927 1.33052 0.770283
threshold=2.0308086384241943 16.634999275207523 -1.0000000180025095e-35 0.002380463485261775 -0.0019580274342859689 -0.0029163616087382045 0.0025545559761151189 1.5080113101691884e-05 1.3521203293272388 -3.1306898963853005e-05 1404.8311220013841 6677930.0000000009 294218.00000000006 1.6714285714285742 0.0029063943875788714 73.484875429810117 0.63353968785102077 0.7421813702924962 2.1424747793923518e-05 1.7933264194844423 1.6160714285714206 0.49457983681712964 0.0074380600677465556 0.010390619725994978 0.0014476063252795159 0.00066820306226367265 667.92000000000007
decision_type=2 2 2 2 2 2 2 2 2 2 2 2 2 2 2 2 2 2 2 2 2 2 2 2 2 2 2
left_child=6 2 -2 4 -4 13 7 8 9 -1 -11 -9 -8 -3 15 16 -14 -18 -19 20 24 23 -23 -22 -16 -26 -10
right_child=1 5 3 -5 -6 -7 12 11 26 10 -12 -13 14 -15 19 -17 17 18 -20 -21 21 22 -24 -25 25 -27 -28
leaf_value=-0.014562481441091948 0.026600035077645766 -0.0091525220298890285 0.016519217251816116 0.020198788366972555 -0.023919734838032388 -0.023171820027633676 0.029335402747534597 -0.02686261570952022 -0.024293143401282531 0.034055379357806441 -0.0057192038735946454 -0.0028412704413665738 -0.0096818111686759068 0.014506909167228228 -0.020898006835421968 -0.010718611300281474 0.040521761312865438 0.01940433088030907 -0.0044654217304930556 -0.019314249241918952 -0.0035893135905816181 0.002556296940502978 0.029597166497849079 0.012317031755683204 0.011799492445155949 -0.012718059617220567 -0.0059704340615597123
leaf_weight=5.7434770613908794 5.488141447305682 3.7216695733368397 5.0279838442802447 4.4245182275772086 5.3155952095985413 3.7201363891363126 1.716384433209895 6.3796444423496705 3.9570502117276174 6.0985552519559878 4.3712256699800491 4.2314643897116184 6.2907998561859193 4.1811475902795792 7.9159063398838025 6.662275217473506 3.7521903961896923 8.9809406474232656 6.2470873147249213 4.7373500913381568 77.142523301765323 31.639541923999786 5.4979968369007102 12.438659347593783 3.9591703563928604 4.009524293243885 4.3186261728405952
leaf_count=26 27 20 26 21 24 22 9 33 20 30 23 25 29 20 39 32 18 45 31 23 433 163 30 73 19 21 20
internal_value=0 0.00412984 0.0094423 0.00306611 -0.00426248 -0.0051286 -0.000606626 -0.00587636 -0.00093364 0.00610916 0.0174491 -0.0172835 0.000415351 0.00336499 0.000138467 0.00520153 0.0093986 0.0157226 0.0096121 -0.000958855 -0.00034908 0.000946378 0.00655954 -0.00138066 -0.0106835 -0.000536746 -0.0147315
internal_weight=0 31.8792 20.2562 14.7681 10.3436 11.623 216.09 35.1 24.4889 16.2133 10.4698 10.6111 180.99 7.90282 179.274 31.9333 25.271 18.9802 15.228 147.341 142.603 126.719 37.1375 89.5812 15.8846 7.96869 8.27568
internal_count=1302 160 98 71 50 62 1142 177 119 79 53 58 965 40 956 155 123 94 76 801 778 699 193 506 79 40 40
is_linear=0
shrinkage=0.03


Tree=158
num_leaves=31
num_cat=0
split_feature=7 2 23 26 11 3 15 15 26 23 23 12 28 22 17 13 28 10 23 11 15 24 26 23 4 27 15 23 14 15
split_gain=0.695773 3.96946 3.94653 4.81321 3.96606 3.27237 3.13108 3.40061 2.62051 2.60561 2.64066 2.4354 2.25221 2.51455 2.84319 4.48481 3.84646 3.91868 3.81341 2.85046 2.72783 2.16411 2.04388 3.65869 2.47037 5.68882 3.01473 3.27009 3.04255 2.96479
threshold=-66.816868175493155 462.22000000000008 2.2537716876033191 3.4174999999999942 -0.0018438253801473235 461.29000000000008 -6.4835171590972766e-05 1.4784920146509775e-05 1.1753571428571379 0.43172158140225753 1.2517179749558809 -0.0085735381455822584 0.93778273112204258 40.817539364992136 16.110000610351566 0.0051311451087983082 0.87009040204412835 0.0006867790342357517 1.0689578874327028 0.0028079839397343602 -1.0000000180025095e-35 1.3029661280812863 1.4646428571428529 0.58863388145908868 6411208.5000000009 0.0033238715482432003 1.5114987287192063e-05 -3.1021352665506465 0.56749694315301291 -6.4835171590972766e-05
decision_type=2 2 2 2 2 2 2 2 2 2 2 2 2 2 2 2 2 2 2 2 2 2 2 2 2 2 2 2 2 2
left_child=1 5 3 4 6 -1 -3 11 -2 -6 -11 -8 13 -10 19 16 20 -18 -17 -15 -16 -12 23 -14 25 -24 27 -26 -28 -27
right_child=8 2 -4 -5 9 -7 7 -9 12 10 21 -13 22 14 15 18 17 -19 -20 -21 -22 -23 24 -25 26 29 28 -29 -30 -31
leaf_value=0.0071533530571973054 -0.019272043613488405 -0.020767109171978874 0.01455680071278536 0.011022524939972765 -0.025296756144664749 0.03741432268819006 -0.0018997412743280047 -0.0064474004685660963 0.02260160149766181 0.0067686035008110304 -0.031373196296782931 0.024134914516931828 -0.0024187700807990799 0.028322885687487379 -0.0051491042930762879 -0.0060238741837924112 -0.018200605844348586 0.021921571681773385 0.037108272653139054 0.00072676967997198729 -0.032204223942156572 -0.0079240505396694222 0.029318523348502976 -0.033585813303592123 0.017013050285838223 0.019659894122871353 0.026964612487721362 -0.021142797204754996 -0.0070185941076823626 -0.0065001160057374116
leaf_weight=11.584078207612039 7.0546315237879744 4.8570374809205559 13.48045928031206 17.715507034212351 11.154067207127808 4.452301822602748 4.9075649678707149 11.848345659673212 6.054986596107482 7.7013638764619854 4.8408013284206417 9.4813689589500409 9.269902613013981 6.2136689499020559 6.1288025528192529 3.448093354701995 3.7367030158638936 5.2958425171673298 3.9675718769431114 7.3575192913413048 7.4080175906419798 13.203686282038687 6.5080839544534674 5.3440255671739569 2.347356483340266 4.7254259735345832 3.602128714323042 14.563702140003445 6.9382152296602726 22.296124529093508
leaf_count=62 33 31 68 100 58 22 27 67 34 39 24 47 46 31 28 20 19 28 20 36 37 69 34 25 16 24 19 78 41 119
internal_value=0 0.00170677 -0.0005321 -0.00290529 -0.0065341 0.0155549 0.00135881 0.00545475 -0.00148212 -0.0131852 -0.007938 0.0152554 -0.00047976 0.00448695 0.00196874 -0.00318777 -0.00983831 0.0053233 0.0170529 0.0133619 -0.019955 -0.0142148 -0.0037393 -0.0138159 -0.00132446 0.00413907 -0.0079977 -0.0158465 0.00459506 -0.00192535
internal_weight=0 115.227 99.1902 85.7097 67.9942 16.0364 31.0943 26.2373 132.261 36.8999 25.7459 14.3889 125.206 49.6112 43.5562 29.985 22.5694 9.03255 7.41567 13.5712 13.5368 18.0445 75.595 14.6139 60.981 33.5296 27.4514 16.9111 10.5403 27.0216
internal_count=1302 614 530 462 362 84 172 141 688 190 132 74 655 253 219 152 112 47 40 67 65 93 402 71 331 177 154 94 60 143
is_linear=0
shrinkage=0.03


Tree=159
num_leaves=22
num_cat=0
split_feature=28 14 14 28 5 14 22 24 23 2 9 11 9 27 13 14 26 16 15 12 24
split_gain=0.663047 2.14004 2.2489 1.95133 1.74465 3.78683 1.3247 0.906703 2.72757 2.57547 2.27491 4.15 2.68669 2.62163 2.09945 3.34323 2.00491 2.39681 1.89974 1.63461 1.40115
threshold=1.3116755706591714 0.73306728764965878 0.19895414623836513 1.2721673909026054 102.43173168014373 0.41693348877857811 19.199164118304136 -0.17774971413621235 -0.4134928235120014 662.47500000000002 0.57469235337167623 0.0091511363991567691 0.26777697298533165 0.0036322634347289899 0.0099137534954869561 0.9469062991310796 1.8603571428571402 1.0000000180025095e-35 1.5080113101691884e-05 -0.004247125359802483 -1.2667014871019908
decision_type=2 2 2 2 2 2 2 2 2 2 2 2 2 2 2 2 2 2 2 2 2
left_child=3 2 -2 6 -4 -6 -1 9 -9 10 12 13 -8 -12 16 -16 18 -18 -10 -14 -11
right_child=1 -3 4 -5 5 -7 7 8 14 20 11 -13 19 -15 15 -17 17 -19 -20 -21 -22
leaf_value=0.020070188644660373 -0.018737534841699648 -0.021843767480452907 0.015847175013892351 0.020695609998078832 0.016954802889797702 -0.01994891698652744 0.0097486528493607345 -0.028225322561205038 0.0015531329010223659 -0.0023296725555178297 -0.0088554670166269677 -0.027843345206520143 -0.004039811701897416 0.011095312475296099 0.038852384346013256 -0.00069264405552544694 -0.0038691127010083309 0.010913070372294949 -0.0071731297812296733 -0.029297928319573736 -0.026910593750252884
leaf_weight=2.9641357585787764 4.7124547958374086 5.1419342011213294 7.2625060304999378 4.2437802851200095 4.5319263786077482 5.5884634181857109 3.9639956951141349 2.8019862174987784 62.110273025929928 3.2710115388035774 7.7024181745946398 3.4983198009431353 3.7549436986446372 25.728789513930678 3.4508120045065871 4.3489656895399094 14.684941384941338 30.119501397013664 35.16600850969553 5.9758809953927985 5.7660081423819047
leaf_count=20 30 30 39 24 23 30 22 15 303 22 41 21 20 150 21 22 75 150 182 31 31
internal_value=0 -0.00441214 -0.000355525 0.000550426 0.00462779 -0.00342337 0.000153359 -0.000124663 0.00110076 -0.00326071 -0.000627189 0.00324552 -0.0110704 0.00649873 0.00164901 0.016803 0.000817097 0.00606812 -0.00160147 -0.0195513 -0.0180134
internal_weight=0 27.2373 22.0954 219.552 17.3829 10.1204 215.308 212.344 152.682 59.6614 50.6243 36.9295 13.6948 33.4312 149.881 7.79978 142.081 44.8044 97.2763 9.73082 9.03702
internal_count=1302 152 122 1150 92 53 1126 1106 768 338 285 212 73 191 753 43 710 225 485 51 53
is_linear=0
shrinkage=0.03


Tree=160
num_leaves=31
num_cat=0
split_feature=7 2 23 26 15 11 3 17 11 11 5 14 28 10 5 5 23 23 15 26 18 14 0 6 13 13 13 23 10 9
split_gain=0.656838 3.7555 3.72041 4.44617 3.73049 4.46693 3.06768 2.87926 2.56624 4.44055 3.00518 3.1321 5.19008 3.35639 2.61373 2.95648 2.51575 2.67035 2.40175 2.20987 2.38865 3.78098 2.07556 1.82945 1.77032 1.76231 2.64563 1.8069 1.67719 1.30102
threshold=-66.816868175493155 462.22000000000008 2.2537716876033191 3.4174999999999942 -0.00017222074778238585 -0.0018438253801473235 461.29000000000008 16.634999275207523 -0.0014916898672827637 -0.0027497287347590378 1.0000000180025095e-35 0.4567156786099415 1.3116755706591714 -0.001054129801621839 326.54430485611016 452.80210280383898 0.43172158140225753 1.2517179749558809 -1.6279219390198995e-05 1.2567857142857164 -0.017499272167404541 0.33161927741949965 462.32500000000005 535.57046849909921 -0.0072348898049051638 -0.0090327783801582556 0.011266685766189001 -2.2585301630251133 -0.00072860313584993664 0.73194933931247452
decision_type=2 2 2 2 2 2 2 2 2 2 2 2 2 2 2 2 2 2 2 2 2 2 2 2 2 2 2 2 2 2
left_child=1 6 3 4 -3 7 23 -6 9 19 -10 22 13 -13 -15 -16 28 -18 -9 -2 -21 24 -12 -1 -22 -5 27 -27 -7 -23
right_child=8 2 -4 25 5 16 -8 18 10 -11 11 12 -14 14 15 -17 17 -19 -20 20 21 29 -24 -25 -26 26 -28 -29 -30 -31
leaf_value=-0.0067926636647347109 -0.028840731756810702 -0.040494030516712083 0.014145754213933329 -0.0062072306101305869 0.020138423573152785 -0.036265947869624775 0.036450482891560831 0.010375012543016071 -0.030984273588979282 -0.033561703552656814 -0.0014007543143126735 0.031019970576279348 -0.025475154168617495 -0.017109913238981932 0.035807433832465513 0.0011032611979290674 0.0082866542852969259 -0.013147396262133182 -0.0098600367790881629 0.022279872054593461 -0.0041865974208344535 -0.0043423249774720363 0.026247302074219655 0.017337662682252116 -0.032419335195270939 0.009448792848088099 -0.0036646211382949001 0.036445487698628834 -0.01256407855756405 0.020737996937608257
leaf_weight=4.9331638962030393 2.7197067290544572 2.7588199898600569 13.447692126035689 4.2657921761274364 7.3084944933652904 5.2410565465688705 4.4091583117842665 8.9114454910159164 2.6247975677251807 5.5529877170920363 3.7192596569657308 3.3840299248695365 6.813152387738227 6.9169847033917895 2.2799963951110831 71.24547478929162 7.449836581945422 17.565633907914162 12.951678715646262 3.5477753281593403 3.724617883563047 3.2224611043930063 7.1253729164600372 6.6254743561148643 4.3141910210251666 3.8687116280198097 4.234749771654605 5.2718388400971872 5.513638921082018 4.4075300358235836
leaf_count=23 13 18 68 23 40 26 22 47 13 28 19 16 37 35 12 366 38 91 72 22 20 18 38 39 25 22 26 29 30 26
internal_value=0 0.00166143 -0.000520461 -0.00283149 -0.00632691 -0.00487544 0.0151603 0.00383708 -0.00144396 -0.00959678 0.00070873 0.00152844 -0.000294567 0.00175203 0.000520797 0.00217942 -0.0119808 -0.00676414 -0.0016122 -0.00353025 5.19172e-05 -0.004981 0.0167652 0.00703897 -0.0193383 0.0105828 0.0159376 0.0250192 -0.0241146 0.0101455
internal_weight=0 114.757 98.7894 85.3417 67.7006 64.9418 15.9678 29.1716 131.598 27.4893 104.109 101.484 90.6396 83.8265 80.4425 73.5255 35.7702 25.0155 21.8631 21.9363 19.2166 15.6688 10.8446 11.5586 8.03881 17.6411 13.3753 9.14055 10.7547 7.62999
internal_count=1302 614 530 462 362 344 84 159 688 152 536 523 466 429 413 378 185 129 119 124 111 89 57 62 45 100 77 51 56 44
is_linear=0
shrinkage=0.03


Tree=161
num_leaves=27
num_cat=0
split_feature=17 26 26 26 25 11 26 26 26 3 17 27 15 22 12 15 18 24 11 13 13 9 11 22 10 7
split_gain=0.644961 2.71177 2.48206 1.86241 2.61248 3.52373 2.49108 2.34003 2.16337 2.83921 2.13832 1.96809 1.76264 7.86878 3.44022 2.67506 3.47274 2.96816 3.37472 2.8572 4.08025 2.77029 2.4177 2.3705 2.70734 1.39783
threshold=16.634999275207523 1.2364285714285679 1.3071428571428623 1.7942857142857067 0.64573175556100026 0.0022334767865858089 1.868214285714286 1.4271428571428506 2.076071428571431 460.63000000000005 17.47500038146973 0.0035026491190570147 -3.4295224840539039e-05 53.674630002361418 0.0072550328315199595 -1.5737004396020269e-05 -0.059372293652140133 0.42871034427829224 -0.0032109319143994726 -0.0068804795296815149 -0.0024212078903306784 0.63353968785102077 0.0026258736518663954 60.924967045670904 0.00010837533399343792 -3152.6516167204404
decision_type=2 2 2 2 2 2 2 2 2 2 2 2 2 2 2 2 2 2 2 2 2 2 2 2 2 2
left_child=12 -2 -3 4 5 7 -5 -4 10 -10 -8 -11 13 -1 -15 21 -17 23 -19 -20 -21 -14 -23 24 -18 -9
right_child=1 2 3 6 -6 -7 8 25 9 11 -12 -13 15 14 -16 16 17 18 19 20 -22 22 -24 -25 -26 -27
leaf_value=0.023329140562547312 -0.028924700272578867 0.022708156787383374 0.011248802286615574 0.022316368913888704 0.012826026415563128 -0.038343823659899079 -0.030751110822897301 0.0017704888407727927 0.029137010333980116 0.0204786827190305 -0.0015632428023510999 -0.0013024377414649943 -0.0021296402413863479 -0.0085456542689360104 -0.041540546155993806 0.02699459407956643 -0.016564448269689686 0.030307097056148438 -0.015863707445820441 0.02144937099737667 -0.00055716283287155269 0.040194953641092823 0.009252243060862685 -0.027343283402191262 0.011312657864515307 -0.021070511637314573
leaf_weight=5.3919705748558071 3.1507998518645755 3.933835729956626 4.5026536658406355 4.4240138083696356 4.1108316257596007 4.0715326815843573 4.0798432379960996 3.4365058243274751 3.0599955320358267 3.9167839884757987 5.0614410080015659 79.824945980682969 5.2573455125093451 8.1884825527667982 4.3574964404106131 4.4317094311118117 6.8281854242086428 3.7954771369695655 7.721673756837844 9.4584661051630956 38.236388806253672 4.6972100138664228 4.4028232246637344 5.5125907734036437 5.7974705919623375 8.083611983805886
leaf_count=27 19 19 23 26 20 24 20 19 19 23 29 449 24 37 21 29 33 23 37 46 192 22 22 26 28 45
internal_value=0 -0.0014282 -0.000754018 -0.00149492 -0.0089644 -0.0134222 0.000306461 -0.00708942 -0.000708434 0.000753472 -0.0145901 -0.000283687 0.00165357 -0.00697954 -0.0200055 0.00326436 0.00116761 -0.000312124 0.00294045 0.00106611 0.003807 0.0152078 0.0252241 -0.0109301 -0.00376379 -0.0142569
internal_weight=0 131.657 128.506 124.572 24.2051 20.0943 100.367 16.0228 95.943 86.8017 9.14128 83.7417 114.077 17.9379 12.546 96.1393 81.782 77.3503 59.212 55.4165 47.6949 14.3574 9.10003 18.1382 12.6257 11.5201
internal_count=1302 735 716 697 131 111 566 87 540 491 49 472 567 85 58 482 414 385 298 275 238 68 44 87 61 64
is_linear=0
shrinkage=0.03


Tree=162
num_leaves=24
num_cat=0
split_feature=26 26 11 9 13 28 28 23 27 26 22 12 15 15 12 22 4 9 4 10 25 6 27
split_gain=0.638372 2.42656 2.45847 2.19878 2.2662 1.68229 4.32819 2.16542 1.38373 2.70794 1.38472 4.82587 5.4986 4.85466 3.23795 5.02862 3.73833 2.88538 2.86223 2.29539 2.23304 1.23126 1.15537
threshold=1.2749999999999957 1.3317857142857132 0.0028079839397343602 1.2399951316733702 0.0018406342788922505 0.97102068993049551 0.90881080934450209 0.84968624296277551 0.0020752809010757688 1.4110714285714285 63.866398260458467 0.0072550328315199595 1.6390756604603998e-05 0.0014149812338612503 0.010390619725994978 60.50487076523158 7240581.0000000009 0.49035557276852332 1089840.5000000002 0.0057095415080091758 0.39107895019829886 651.17841188121417 0.0024274735905136947
decision_type=2 2 2 2 2 2 2 2 2 2 2 2 2 2 2 2 2 2 2 2 2 2 2
left_child=3 2 -2 4 5 6 7 -1 -3 21 14 17 18 -14 15 19 -17 -12 -13 -11 -19 -10 -6
right_child=1 8 -4 -5 22 -7 -8 -9 9 10 11 12 13 -15 -16 16 -18 20 -20 -21 -22 -23 -24
leaf_value=0.0039243813707074884 0.025140727698508728 0.019257519911001306 -0.0038967299540262671 -0.019338118238582194 0.023828910046373865 -0.022318874393932243 0.02011461591178593 -0.025161441131105251 -0.0066200333687169953 0.00049144950805373323 -0.010660489588628946 0.013115146855984788 0.023251406375451537 -0.016885894408145457 0.018910870735638831 -0.041886546027779983 -0.0029394893315193215 0.014203082061225935 -0.015379186601713815 -0.015136165558837058 0.038751982940012607 -0.028091461474424251 0.0023770508749572429
leaf_weight=3.8792126402258926 6.9801736176013929 3.2567620016634455 4.2050024308264256 6.6051345914602271 4.1768684685230237 4.3646854460239402 5.4715513139963141 5.6720530241727829 5.6125548481941205 101.23709828965366 3.2320581004023579 3.7563302069902447 10.30050019174814 3.6813947893679133 6.6705459877848616 4.8837096095085126 4.0636412091553211 13.91560421139002 20.420259259641171 9.2301234528422338 4.3859058618545523 4.2041024416685104 4.9227327108383179
leaf_count=20 34 19 22 37 20 21 25 28 27 557 17 20 55 25 39 26 23 71 97 55 21 21 22
internal_value=0 0.000628244 0.0142243 -0.00374297 -0.00012702 -0.00592393 -0.00116059 -0.0133483 -0.000136521 -0.000459444 0.000351983 0.00411624 -0.00229162 0.0126834 -0.00143012 -0.00256637 -0.0241979 0.0154713 -0.010952 -0.000814321 0.0200862 -0.0158154 0.0122238
internal_weight=0 210.036 11.1852 35.0922 28.4871 19.3875 15.0228 9.55127 198.851 195.594 185.777 59.6921 38.1585 13.9819 126.085 119.415 8.94735 21.5336 24.1766 110.467 18.3015 9.81666 9.0996
internal_count=1302 1129 56 173 136 94 73 48 1073 1054 1006 306 197 80 700 661 49 109 117 612 92 48 42
is_linear=0
shrinkage=0.03


Tree=163
num_leaves=31
num_cat=0
split_feature=7 2 23 26 22 15 3 13 15 18 26 10 5 24 28 17 10 9 10 17 15 11 12 11 13 13 23 5 28 9
split_gain=0.639655 3.48856 3.46437 4.19198 3.59683 3.74271 2.87277 2.77464 4.05463 2.75389 2.46487 2.18732 1.99365 3.05854 2.86021 4.17112 2.72776 5.85823 2.79751 2.21179 2.46212 2.20931 2.06082 1.72694 1.6634 2.4986 1.73393 1.59432 1.27559 1.71905
threshold=-66.816868175493155 462.22000000000008 2.2537716876033191 3.4174999999999942 21.69673779399832 -0.00017222074778238585 461.29000000000008 -0.0018835942938039694 1.5958762582939343e-05 0.011617853247749334 1.1753571428571379 -0.0040223687171361258 1941.0187268090642 1.866387283507587 0.93676246661187379 17.735000610351566 0.00053419239592122924 0.67454546619803923 0.0022056092013819088 21.23499965667725 -8.5945726266429122e-05 -0.0047863148967123839 -0.0029704790956354139 -0.0023995783516430609 -0.0090327783801582556 0.011266685766189001 -2.2585301630251133 639.85247384017669 0.84180952986794699 0.74821581624904809
decision_type=2 2 2 2 2 2 2 2 2 2 2 2 2 2 2 2 2 2 2 2 2 2 2 2 2 2 2 2 2 2
left_child=1 6 3 4 -3 -6 23 8 -7 -9 -2 -12 13 14 15 27 17 -16 -18 20 -14 -22 -23 -1 -5 26 -26 -13 -4 -30
right_child=10 2 28 24 5 7 -8 9 -10 -11 11 12 19 -15 16 -17 18 -19 -20 -21 21 22 -24 -25 25 -27 -28 -29 29 -31
leaf_value=-0.0044975807714627662 -0.018779414954546381 0.024628383668920423 0.002276793129689314 -0.0059590672985236322 -0.04293911374644472 0.0072603398712866186 0.035483109234515003 -0.005873614587689726 -0.015318379143837556 -0.025075416094628791 -0.021430365436297297 0.037025157733995021 0.023890383029782043 -0.027575997560852574 0.025570277535934303 -0.013834430633174898 -0.025526051218331031 -0.019436913580009162 -0.00055688389343126125 -0.017276221701934207 -0.019302286157145344 0.016909781746521937 0.0019184876622152633 0.018801829213868162 0.0092318994844885656 -0.0034474145463954972 0.035758298224016619 0.010031407418424582 0.0074419618699301587 0.035113605515446393
leaf_weight=5.8807291463017455 6.9763206988573065 3.2594139873981467 5.2897068411111823 4.2645889557898071 2.5992609523236743 21.772184528410428 4.3491234257817259 18.249604508280765 10.664088703691958 10.641994930803774 4.3168595544993869 3.7852459251880628 5.4661526978015891 4.7254902571439734 5.569430850446226 4.2676166370511055 9.608331039547922 4.886487253010273 6.9662799425423136 4.4413799159228793 3.789055608212947 9.8092381507158191 52.013897970318801 5.5794079899787894 3.8640513494610786 4.2373520508408538 5.2054234780371171 4.104504257440567 4.0561890825629217 4.0259867906570435
leaf_count=34 33 21 26 23 17 111 22 97 59 57 27 20 30 22 27 23 45 25 36 35 23 51 271 28 22 26 29 20 21 21
internal_value=0 0.00164559 -0.000461402 -0.00270032 -0.00611227 -0.00767963 0.0147239 -0.00618522 -0.000162876 -0.0129464 -0.00142953 -0.000451446 0.000306829 -0.00477611 -0.00202678 0.0100584 -0.00746225 0.00453654 -0.0150316 0.00326247 0.00454585 0.00293425 0.0042971 0.00684582 0.0103457 0.0155711 0.0244567 0.0229821 0.01373 0.0212261
internal_weight=0 113.939 98.1298 84.758 67.1865 63.9271 15.8093 61.3279 32.4363 28.8916 130.726 123.75 119.433 43.9134 39.1879 12.1574 27.0305 10.4559 16.5746 75.5197 71.0783 65.6122 61.8231 11.4601 17.5714 13.3068 9.06947 7.88975 13.3719 8.08218
internal_count=1302 614 530 462 362 341 84 324 170 154 688 655 628 218 196 63 133 52 81 410 375 345 322 62 100 77 51 40 68 42
is_linear=0
shrinkage=0.03


Tree=164
num_leaves=15
num_cat=0
split_feature=12 17 28 10 15 15 24 22 22 22 7 9 5 12
split_gain=0.669483 1.00806 2.20728 2.81161 2.35659 1.68008 1.55801 0.984351 1.24724 1.19635 1.34037 3.76804 2.00267 0.940966
threshold=-0.020973766397301249 21.23499965667725 1.1582175825317267 -0.00033836314181218125 -4.576928194777533e-05 -1.5117729628950864e-05 -2.0746045794256989 18.94391774693899 23.394626787984695 29.187239506322125 12945.367838922708 0.78223744559113018 10157.304584189294 -0.00044706105990865991
decision_type=2 2 2 2 2 2 2 2 2 2 2 2 2 2
left_child=-1 6 4 5 -3 -4 -2 -8 -9 -10 12 -12 -11 -6
right_child=1 2 3 -5 13 -7 7 8 9 10 11 -13 -14 -15
leaf_value=0.013028749991640961 0.015854024013027389 0.026737682477121615 -0.020048816288578099 -0.037265424782408497 0.0059289143642449645 0.006468372188549629 0.016210850704907492 -0.01591645124139978 0.015687788923644481 -0.00060799212847805438 0.028001472226107181 -0.00069210422804503742 -0.021889005475234081 -0.018248798238530404
leaf_weight=3.500103283673524 5.7280611395835868 2.971598744392395 3.9267132878303519 3.535146225243806 2.906681165099144 4.7535964027047148 3.3187988474965087 4.4794676154851905 4.3297137394547454 176.45064808428288 5.5976643487811115 15.592518411576746 4.0716859251260749 2.8882798217237013
leaf_count=25 35 15 24 25 18 29 19 25 24 903 32 86 20 22
internal_value=0 -0.000186871 -0.00646921 -0.0147122 0.00501673 -0.00552721 0.000413471 -1.29095e-07 -0.000255689 8.47839e-05 -0.000250131 0.00688768 -0.00108799 -0.00612155
internal_weight=0 240.551 20.982 12.2155 8.76656 8.68031 219.569 213.84 210.522 206.042 201.713 21.1902 180.522 5.79496
internal_count=1302 1277 133 78 55 53 1144 1109 1090 1065 1041 118 923 40
is_linear=0
shrinkage=0.03


Tree=165
num_leaves=17
num_cat=0
split_feature=28 14 22 3 9 22 28 28 4 28 18 9 11 27 24 5
split_gain=0.668327 1.47064 1.79889 1.42192 1.30917 1.12449 0.926476 1.92165 2.86165 1.81339 1.7238 1.57846 1.54473 1.1655 1.53873 1.43281
threshold=1.3768311805203199 0.73306728764965878 26.969830192700176 601.62000000000012 0.75118776114119079 19.199164118304136 1.183707226031405 1.2249773852520944 1699571.0000000002 1.1678889974488229 0.025661130654911605 2.1041232108583827 0.004419831948493603 0.0075858355920878926 -1.6805374491672944 13008.081617243422
decision_type=2 2 2 2 2 2 2 2 2 2 2 2 2 2 2 2
left_child=5 2 -2 -4 -5 -1 9 -8 -9 11 -10 13 -13 14 -7 -16
right_child=1 -3 3 4 -6 6 7 8 10 -11 -12 12 -14 -15 15 -17
leaf_value=0.016906229186457292 -0.019504594128102487 -0.022096776555900931 0.018888652865256105 -0.014297329701961823 0.0080998156497698263 -0.014883909771306566 0.02080333407446211 -0.022292046326245169 0.020928749854351256 -0.018815632138675726 -0.0026373959272164528 -0.0019046197341588851 -0.02842779030022765 0.014216592980850014 -0.0001184942229627875 0.0098893926908552154
leaf_weight=3.6906940042972556 3.838293753564364 3.7663452476263037 3.9557078331708899 4.4762048572301847 4.9421840012073517 5.9060241021215907 5.8524478413164642 3.717501923441886 5.1162756308913213 4.7105582430958739 6.1532323136925697 4.7647583074867708 3.3768762499094009 5.4826639443635932 160.05370106175542 14.001206815242766
leaf_count=25 24 24 22 24 26 36 37 18 32 28 34 30 19 33 810 80
internal_value=0 -0.00511649 -0.00140093 0.00379472 -0.0025447 0.000484494 0.000207918 0.00622514 0.000532329 -0.000424448 0.00806146 2.30693e-05 -0.0129055 0.000590681 0.000175556 0.000686553
internal_weight=0 20.9787 17.2124 13.3741 9.41839 222.826 219.135 20.8395 14.987 198.296 11.2695 193.585 8.14163 185.444 179.961 174.055
internal_count=1302 120 96 72 50 1182 1157 121 84 1036 66 1008 49 959 926 890
is_linear=0
shrinkage=0.03


Tree=166
num_leaves=27
num_cat=0
split_feature=17 26 26 26 5 26 3 15 22 25 18 24 15 4 4 11 26 28 26 25 12 7 26 17 27 12
split_gain=0.663398 2.49064 2.34801 1.94043 2.6195 2.31585 2.01907 1.6508 7.5295 2.96009 2.61752 4.51435 3.34435 3.9788 2.42646 2.3814 2.33279 3.41128 2.47812 1.62809 2.70693 4.59862 1.47546 2.24275 1.80309 1.42763
threshold=16.634999275207523 1.2364285714285679 1.3214285714285838 1.7942857142857067 3699.9131800903247 1.868214285714286 459.82500000000005 -3.5183604473185866e-05 53.674630002361418 0.24299734350278898 -0.049931475036830146 -0.24473866967651409 -1.5737004396020269e-05 4974138.0000000009 15006764.000000002 0.0067367424330488932 1.4582142857142752 0.81608376526774473 1.6599999999999968 0.5224834744568817 -0.0043596781129415221 -2750.3892088147627 2.076071428571431 17.47500038146973 0.0035026491190570147 0.0057588837761409781
decision_type=2 2 2 2 2 2 2 2 2 2 2 2 2 2 2 2 2 2 2 2 2 2 2 2 2 2
left_child=7 -2 -3 4 19 -5 -7 8 -1 -10 15 -12 13 -13 16 25 17 -14 -18 20 -4 -22 23 -8 -24 -9
right_child=1 2 3 5 -6 6 22 10 9 -11 11 12 14 -15 -16 -17 18 -19 -20 -21 21 -23 24 -25 -26 -27
leaf_value=0.022593287073018841 -0.028125804017460791 0.019695101489755798 0.0054714116739846925 0.021504369028262398 -0.0320882128390566 0.028535246179144769 -0.029606226377311008 0.021304532079918073 -0.0094351335326954989 -0.041237585100060092 -0.028600265260304528 0.005071684003530883 0.014290265643632932 0.041391319565719738 -0.020227551446271953 0.035093274967403679 0.020779575658729576 -0.0095976711988272189 0.0024061318790582148 0.012409548936396054 0.0048679471183409586 -0.038817835673122476 0.019804276106940546 0.00090237551642699402 -0.0011859534963877189 -0.0049103090935497971
leaf_weight=5.3220534473657635 3.077198449522256 4.8342359513044348 6.4279450774192837 4.3875689059495917 3.8401218727231017 2.0673058703541747 4.0286746621131879 3.3374707289040071 7.5715603679418546 4.0392974615097046 4.2945079281926146 7.9014648497104627 6.9983809962868717 4.135404035449028 4.7739991620182982 4.0564485564827919 9.0995455458760244 23.26951439678669 24.116156242787838 3.8813584148883811 3.7938546910882023 5.0624684654176226 3.8600628599524489 4.6969026029109955 80.38763621635735 4.2511819824576378
leaf_count=27 19 24 35 26 21 13 20 23 34 20 20 35 37 21 27 26 48 111 116 20 20 30 23 27 457 22
internal_value=0 -0.00145654 -0.000811708 -0.00162141 -0.00947296 0.000195289 -0.000788449 0.00168296 -0.00695491 -0.0204989 0.00320284 0.00136708 0.00296987 0.0175497 0.000398792 0.0165377 0.0019499 -0.00407443 0.00743959 -0.00494166 -0.0093479 -0.0201038 -0.00144048 -0.0131837 -0.000224223 0.00661891
internal_weight=0 130.345 127.268 122.434 23.0057 99.4282 95.0406 113.167 16.9329 11.6109 96.2341 84.589 80.2945 12.0369 68.2576 11.6451 63.4836 30.2679 33.2157 19.1656 15.2843 8.85632 92.9733 8.72558 84.2477 7.58865
internal_count=1302 735 716 692 126 566 540 567 81 54 486 415 395 56 339 71 312 148 164 105 85 50 527 47 480 45
is_linear=0
shrinkage=0.03


Tree=167
num_leaves=31
num_cat=0
split_feature=7 2 23 26 15 11 3 17 23 23 25 11 11 12 28 5 12 5 15 24 26 18 13 12 27 6 10 13 13 23
split_gain=0.648465 3.29711 3.24257 3.93578 3.43066 4.09582 2.77608 2.57903 2.40332 2.47117 2.35733 2.31387 4.22822 2.78589 3.15535 2.95263 2.95022 3.40024 3.91759 2.60907 2.01243 2.19457 3.45868 3.09335 1.75126 1.70479 1.67212 1.59098 2.38036 1.66109
threshold=-66.816868175493155 462.22000000000008 2.2537716876033191 3.4174999999999942 -0.00017222074778238585 -0.0018438253801473235 461.29000000000008 16.634999275207523 0.43172158140225753 1.2517179749558809 -0.40758570584971937 -0.0014916898672827637 -0.0027497287347590378 -0.0051611327306078083 1.3116755706591714 262.57932830260887 -0.0022824557872512248 452.80210280383898 -0.00013025360176064542 0.49457983681712964 1.2567857142857164 0.030896555804070917 -0.012210727167494105 -0.0038399055091526408 0.0049500420563872117 535.57046849909921 -0.00072860313584993664 -0.0090327783801582556 0.011266685766189001 -2.2585301630251133
decision_type=2 2 2 2 2 2 2 2 2 2 2 2 2 2 2 2 2 2 2 2 2 2 2 2 2 2 2 2 2 2
left_child=1 6 3 4 -3 7 25 -6 26 -10 -9 12 20 24 15 19 -17 -18 -19 -15 -2 23 -23 -22 -13 -1 -7 -5 29 -29
right_child=11 2 -4 27 5 8 -8 10 9 -11 -12 13 -14 14 -16 16 17 18 -20 -21 21 22 -24 -25 -26 -27 -28 28 -30 -31
leaf_value=-0.0067526443358667089 -0.027580513670565642 -0.039385815943726296 0.013385860272662083 -0.0058281758027878367 0.019424769585909614 -0.035594173479116073 0.034939380081482542 0.0052838139916312841 0.008308880584298739 -0.012436563400864274 -0.016192128336064981 0.028041826157084053 -0.032836853965204492 0.0023103566267615237 -0.020564325465551946 -0.021331890631399428 0.03392318965589966 0.039388914436159925 0.0011495668791108363 -0.030763701629467861 0.03178690078024831 0.015797585479488934 -0.021046796397056169 -0.0047486556541672578 0.0014633996137480417 0.016720810973771295 -0.011735301607071895 0.0090589943895694209 -0.0033245912017173039 0.035166102176582281
leaf_weight=4.8730307593941671 2.6859076321125093 2.6416668295860282 13.278357893228529 4.2516518272459534 7.2065577879548099 5.1395525559782982 4.3081006109714499 15.016414109617475 7.3739815875887897 17.272237300872803 6.6314202249050114 5.1280689761042577 5.4607481099665156 3.8817690424621087 6.8282737433910361 4.4251235425472251 3.2430558800697318 2.4999133124947539 67.977179674431682 4.8022218197584152 3.764740414917469 3.4031519144773537 7.0294848158955503 4.6762617975473422 3.9496152177453041 6.4973545372486115 5.4439703375101072 3.8280694931745529 4.2119805365800849 5.1364791318774206
leaf_count=23 13 18 68 23 40 26 22 82 38 91 37 28 28 22 38 23 17 13 350 22 24 19 45 23 23 39 30 22 26 29
internal_value=0 0.00166272 -0.00039192 -0.00256587 -0.00588159 -0.00450048 0.0144311 0.00387992 -0.0113643 -0.00622967 -0.00129495 -0.00144493 -0.00925658 0.000609599 -0.000928414 0.000615759 0.00245993 0.00388805 0.00250597 -0.0159795 -0.00328401 0.000173624 -0.00902807 0.0115464 0.0164778 0.00666074 -0.0233216 0.0101288 0.0152776 0.0240178
internal_weight=0 113.111 97.4323 84.154 66.7258 64.0841 15.6785 28.8544 35.2297 24.6462 21.6478 129.756 27.0203 102.735 93.6575 86.8293 78.1453 73.7201 70.4771 8.68399 21.5595 18.8736 10.4326 8.441 9.07768 11.3704 10.5835 17.4282 13.1765 8.96455
internal_count=1302 614 530 462 362 344 84 159 185 129 119 688 152 536 485 447 403 380 363 44 124 111 64 47 51 62 56 100 77 51
is_linear=0
shrinkage=0.03


Tree=168
num_leaves=18
num_cat=0
split_feature=11 25 14 11 25 25 18 27 17 14 17 2 10 25 15 4 28
split_gain=0.635888 0.985763 0.840827 3.23629 3.11779 3.73008 2.59815 2.52359 2.11873 1.83608 1.61747 3.79079 1.37925 3.03321 2.69471 1.28526 1.2066
threshold=0.013514223865444543 1.1655974193369094 0.967454977848063 0.0080486881804230376 0.73072662817730472 0.6090289932820524 -0.037275270779807794 0.0055488559761949436 17.735000610351566 0.95708049940578666 15.074999809265138 579.04000000000008 0.0021560591648173148 0.097742183658492757 2.1637547741073899e-05 6131237.5000000009 0.92520157403400993
decision_type=2 2 2 2 2 2 2 2 2 2 2 2 2 2 2 2 2
left_child=2 -2 4 6 5 9 -4 8 -6 10 11 -1 14 -14 -12 -8 -5
right_child=1 -3 3 16 7 -7 15 -9 -10 -11 12 -13 13 -15 -16 -17 -18
leaf_value=-0.0074719435575308175 -0.020763614272308085 0.0022505428742151091 -0.021559283723686228 0.033726983948075856 -0.0091567574339305978 0.025482978221334336 -0.0048907206237298398 0.0040946588813268771 -0.039520579061138941 -0.020017241626133223 0.00064658131981765155 0.029966994468393168 0.012178727994254722 -0.0054325201201158987 -0.0090107161837051017 0.016175532292678287 0.0097453486183848616
leaf_weight=4.6247801631689054 3.3079888820648184 3.3932545818388462 4.4385804757475862 3.7900640219449988 4.0970795974135381 5.2729655206203452 5.1144702881574631 4.1883138045668593 4.176738940179348 4.0735405161976805 111.23745414242148 5.1383324414491653 21.368218190968037 14.966379117220638 33.937924044206738 5.3154353052377701 3.7628419920802116
leaf_count=21 20 20 22 22 21 29 24 24 21 20 587 26 126 80 191 27 21
internal_value=0 -0.00911012 0.000261754 0.00578785 -0.000319726 0.000584717 -0.00233555 -0.0148797 -0.0244848 -8.73583e-05 0.000337088 0.0122322 -0.000302729 0.00492458 -0.00161102 0.00584536 0.0217794
internal_weight=0 6.70124 235.503 22.4214 213.082 200.62 14.8685 12.4621 8.27382 195.347 191.273 9.76311 181.51 36.3346 145.175 10.4299 7.55291
internal_count=1302 40 1262 116 1146 1080 73 66 42 1051 1031 47 984 206 778 51 43
is_linear=0
shrinkage=0.03


Tree=169
num_leaves=19
num_cat=0
split_feature=28 13 14 9 22 28 28 27 4 3 28 9 10 27 24 9 28 5
split_gain=0.638106 1.40353 2.12689 1.24595 1.03514 0.902033 0.849298 1.87318 2.24613 2.02876 1.71512 1.45966 1.48513 1.07532 1.81989 1.47396 1.28402 0.799556
threshold=1.3768311805203199 -0.010627547363221744 0.70934008374141155 1.3207805937573081 19.199164118304136 1.4615145131939025 1.183707226031405 0.007385887212732649 1226121.0000000002 661.2850000000002 1.1678889974488229 2.1041232108583827 0.00095380010579404495 0.0069975839770834228 -1.6805374491672944 0.48182805023417646 1.0982336456575224 1119.3350860046003
decision_type=2 2 2 2 2 2 2 2 2 2 2 2 2 2 2 2 2 2
left_child=4 -2 3 5 -1 -3 10 8 -8 17 11 13 -13 14 -6 -16 -15 -10
right_child=1 2 -4 -5 6 -7 7 -9 9 -11 -12 12 -14 16 15 -17 -18 -19
leaf_value=0.016371367247097236 -0.025760847611399865 -0.012790581474050081 -0.023299176975386693 0.015921293327712732 -0.017738176749525162 0.0051141755733096787 -0.0075552756254722029 -0.01398721316744073 0.037566496789064291 0.0017129544270182936 -0.018360893900762905 0.0016844591904394053 -0.024161016474127075 0.025189279571949739 -0.0068848577649416745 0.001655659367049973 0.00073016405083956687 0.017879342376666163
leaf_weight=3.6263613440096369 2.5733122453093555 4.6075475364923495 3.4508337229490271 4.5489259734749785 4.9993937313556662 5.622679091989994 4.7072518616914811 3.5027332454919806 3.3152116015553457 4.8805123567581177 4.6697742193937293 3.6601532846689206 4.4140828661620617 3.4399650096893302 20.684836469590664 150.60585210844874 4.4055623039603233 4.2199393287301064
leaf_count=25 17 25 22 28 31 28 24 21 21 28 28 23 26 21 104 777 26 27
internal_value=0 -0.00502061 -0.00209296 0.00285855 0.000475117 -0.00294987 0.000210086 0.00600188 0.0100909 0.0167813 -0.000396678 3.97658e-05 -0.0124449 0.000587212 0.000103578 0.000624318 0.0114546 0.026541
internal_weight=0 20.8033 18.23 14.7792 221.132 10.2302 217.505 20.6256 17.1229 12.4157 196.88 192.21 8.07424 184.136 176.29 171.291 7.84553 7.53515
internal_count=1302 120 103 81 1182 53 1157 121 100 76 1036 1008 49 959 912 881 47 48
is_linear=0
shrinkage=0.03


Tree=170
num_leaves=31
num_cat=0
split_feature=7 2 23 26 15 11 3 17 9 23 23 26 10 5 24 28 17 10 9 10 17 15 11 9 11 10 5 14 14 28
split_gain=0.636426 3.14676 3.04217 3.67209 3.30176 3.87592 2.67519 2.44315 2.29625 2.2887 2.34207 2.25013 2.04166 1.83322 2.78895 2.59554 3.92935 2.64573 5.37685 2.58997 1.92103 2.19675 2.07922 1.8823 1.62107 1.61905 1.55941 1.53134 1.80165 1.21437
threshold=-66.816868175493155 462.22000000000008 2.2537716876033191 3.4174999999999942 -0.00017222074778238585 -0.0018438253801473235 461.29000000000008 16.634999275207523 0.90920621007458313 0.43172158140225753 1.2517179749558809 1.1753571428571379 -0.0040223687171361258 1941.0187268090642 1.866387283507587 0.93676246661187379 17.735000610351566 0.00053419239592122924 0.67454546619803923 0.0022056092013819088 21.23499965667725 -8.5945726266429122e-05 -0.0047863148967123839 0.73194933931247452 -0.0023995783516430609 -0.00072860313584993664 639.85247384017669 0.38074231917384999 0.23580424633220756 0.84180952986794699
decision_type=2 2 2 2 2 2 2 2 2 2 2 2 2 2 2 2 2 2 2 2 2 2 2 2 2 2 2 2 2 2
left_child=1 6 3 4 -3 7 24 -6 -9 25 -11 -2 -13 14 15 16 26 18 -17 -19 21 -15 -23 -24 -1 -7 -14 28 -5 -4
right_child=11 2 29 27 5 9 -8 8 -10 10 -12 12 13 20 -16 17 -18 19 -20 -21 -22 22 23 -25 -26 -27 -28 -29 -30 -31
leaf_value=-0.004513967062405172 -0.018082116423335837 -0.038875794810748508 0.0018433234203884595 0.015818423713311359 0.01899682624165561 -0.034939608822732178 0.034394173851867958 -0.011075282720767462 0.0084966588640878749 0.0081473538943281961 -0.01207749932816213 -0.020932142915357138 0.036372259067160843 0.022779584375131952 -0.026492377948995591 0.02498039065899571 -0.013686636964888319 -0.024850655090031457 -0.018409900901228345 -0.00070495852601348461 -0.016412538374339529 -0.018985800989514544 0.0099999858479144482 -0.00059532163836487377 0.018178884224456803 -0.011361591223723318 0.0094396338216165328 0.019541837062219621 -0.010554222329617587 0.020414444160203601
leaf_weight=5.8202494531869879 6.9159976318478575 2.5916155017912379 5.2691197842359525 4.3335522972047347 7.1741525307297733 5.0721167325973511 4.2690864130854598 10.705008730292322 10.876496471464632 7.3572737649083164 17.200855001807213 4.2454599738121024 3.6958799138665182 5.3415163047611705 4.6954477354884139 5.4959225282073039 4.2243817895650864 9.5075347572565096 4.8284683749079704 6.8995652124285689 4.2811918556690207 3.7283015698194495 27.055046796798706 34.12357235699892 5.5202115550637236 5.4242055155336839 4.0606344044208527 7.9264743104577056 5.0459240898489952 7.950658492743969
leaf_count=34 33 18 26 26 40 26 22 54 65 38 91 27 20 30 22 27 23 45 25 36 35 23 143 179 28 30 20 46 28 42
internal_value=0 0.00165159 -0.000361564 -0.00247369 -0.00568146 -0.00433328 0.0141523 0.00383017 -0.00121155 -0.0110299 -0.00601841 -0.00143491 -0.000492622 0.000243151 -0.00465783 -0.00200951 0.00959368 -0.00720999 0.0046878 -0.0146968 0.0030976 0.00428662 0.00276474 0.00409025 0.00653226 -0.0227551 0.0222727 0.00983431 0.0016306 0.0130124
internal_weight=0 112.537 96.9275 83.7077 66.4017 63.8101 15.6095 28.7557 21.5815 35.0545 24.5581 129.099 122.183 117.937 43.4078 38.7124 11.9809 26.7315 10.3244 16.4071 74.5296 70.2484 64.9069 61.1786 11.3405 10.4963 7.75651 17.306 9.37948 13.2198
internal_count=1302 614 530 462 362 344 84 159 119 185 129 688 655 628 218 196 63 133 52 81 410 375 345 322 62 56 40 100 54 68
is_linear=0
shrinkage=0.03


Tree=171
num_leaves=18
num_cat=0
split_feature=28 14 14 28 13 10 9 14 23 28 28 28 27 24 26 22 0
split_gain=0.651661 1.78977 1.99873 1.69832 1.51893 1.71898 1.80685 1.04498 1.91536 1.83628 1.79231 3.02571 1.50913 1.89982 1.45918 2.31891 1.35807
threshold=1.3116755706591714 0.73306728764965878 0.19895414623836513 1.2721673909026054 -0.0059572099674354831 0.00017317212914547134 0.71248784250404784 0.17753347300885941 -3.1021352665506465 1.121683303957085 1.2249773852520944 1.1767391082969845 0.0069975839770834228 -0.79079118690216554 2.6482142857142734 33.494393333001391 605.03000000000009
decision_type=2 2 2 2 2 2 2 2 2 2 2 2 2 2 2 2 2
left_child=3 2 -2 7 -4 -6 -7 9 -9 14 11 12 13 -10 15 -1 -14
right_child=1 -3 4 -5 5 6 -8 8 10 -11 -12 -13 16 -15 -16 -17 -18
leaf_value=0.023605551768586624 -0.018197372672502991 -0.020754463993875826 0.022624265633240995 0.01965298761440357 -0.013783085949181225 -0.0065668574581410196 0.021197483380770422 -0.016628109057204063 -0.012199201812047495 0.021244141254821443 -0.020034065204797537 0.024062006363719791 0.027835501069222862 0.0002295825000576374 -0.014070343827122148 -0.0091550065170857009 -0.0005859357719431472
leaf_weight=4.1042962856590766 4.6201130226254525 4.9250879660248748 3.2150662317872127 4.1084908396005622 5.2442000135779319 4.0000432357192022 4.4635440111160278 6.3763079009950152 11.891957184299825 5.6638940647244445 3.8987900391221038 4.7856458090245715 3.243786744773387 159.89591247215867 4.0728890001773834 3.6954256594181061 2.8360143378376961
leaf_count=25 30 30 18 24 27 22 25 39 69 38 23 29 21 821 22 20 19
internal_value=0 -0.00443879 -0.000708745 0.000550392 0.00406583 -0.000286923 0.00807556 0.00017749 -0.000459832 0.00718901 9.27958e-05 0.00052241 -0.000110939 -0.000630796 0.000483936 0.00808395 0.0145779
internal_weight=0 26.4681 21.543 214.573 16.9229 13.7078 8.46359 210.465 192.928 17.5365 186.552 182.653 177.868 171.788 11.8726 7.79972 6.0798
internal_count=1302 152 122 1150 92 74 47 1126 1021 105 982 959 930 890 67 45 40
is_linear=0
shrinkage=0.03


Tree=172
num_leaves=17
num_cat=0
split_feature=11 14 14 9 25 25 27 17 9 9 14 17 2 10 25 15
split_gain=0.621597 1.00613 0.77903 3.14572 2.93102 3.50282 2.32507 2.0402 1.73202 1.87594 1.6881 1.51368 3.63678 1.28202 2.85486 2.56699
threshold=0.013514223865444543 0.81558839669907746 0.967454977848063 0.5569042364408241 0.73072662817730472 0.6090289932820524 0.0055488559761949436 17.735000610351566 1.0769191127834632 0.74821581624904809 0.95708049940578666 15.074999809265138 579.04000000000008 0.0021560591648173148 0.097742183658492757 2.1637547741073899e-05
decision_type=2 2 2 2 2 2 2 2 2 2 2 2 2 2 2 2
left_child=2 -2 4 -4 5 10 7 -6 9 -5 11 12 -1 15 -15 -13
right_child=1 -3 3 8 6 -7 -8 -9 -10 -11 -12 13 -14 14 -16 -17
leaf_value=-0.0073989607412044732 0.0019548311119518425 -0.021490504653122754 0.026182986525081945 0.002413276032990692 -0.0087124156638313625 0.024826760330879799 0.0037836656429923047 -0.03865200385257743 0.012547179949494336 -0.022669786941787035 -0.019185471875835317 0.00065845418531945818 0.029415685475098298 0.011831724728621552 -0.005295072138858126 -0.0087923169211933088
leaf_weight=4.6094489842653257 3.5039251595735541 3.1090486198663712 5.1387953907251385 6.7892058342695254 4.0767919272184354 5.2201121374964705 4.1597338989377013 4.1171631962060928 5.9252645373344413 4.4374101310968399 4.0732593461871138 110.61077120155096 5.0727560520172119 21.232914507389069 14.910633232444523 33.761139269918203
leaf_count=21 23 17 30 33 21 29 24 21 33 20 20 587 26 126 80 191
internal_value=0 -0.00906785 0.0002588 0.00559353 -0.000302529 0.000575601 -0.0144828 -0.023756 -0.000575188 -0.00750101 -7.60347e-05 0.000333212 0.0118892 -0.000286609 0.00476625 -0.00155159
internal_weight=0 6.61297 234.135 22.2907 211.845 199.491 12.3537 8.19396 17.1519 11.2266 194.271 190.198 9.68221 180.515 36.1435 144.372
internal_count=1302 40 1262 116 1146 1080 66 42 86 53 1051 1031 47 984 206 778
is_linear=0
shrinkage=0.03


Tree=173
num_leaves=31
num_cat=0
split_feature=7 2 23 26 22 15 15 13 14 7 6 11 11 12 28 12 5 22 0 23 1 27 28 27 13 13 23 13 25 18
split_gain=0.63002 2.97207 2.86442 3.42977 3.24731 2.86315 3.13838 4.6422 2.92897 2.59682 3.33576 2.10986 4.03497 2.53887 2.92 2.69918 2.9711 3.0621 3.62041 3.03988 1.93962 1.92204 2.45157 1.69042 1.53734 2.23989 1.49829 1.49514 1.48926 2.80227
threshold=-66.816868175493155 462.22000000000008 2.2537716876033191 3.4174999999999942 21.69673779399832 -6.3059702048284748e-05 -1.4756446577182845e-05 -0.00064735417798567052 0.90383106853559869 -211.39871180447605 740.35219380969772 -0.0014916898672827637 -0.0027497287347590378 -0.0051611327306078083 1.3116755706591714 -0.0022824557872512248 48.597259228103297 61.055527013258349 669.67000000000019 1.047528220238519 472.00000000000006 0.0025385441179264444 0.93918999251862934 0.0049500420563872117 -0.0090327783801582556 0.011266685766189001 -2.2585301630251133 -0.0016455913201340875 -0.23610625517942382 0.030896555804070917
decision_type=2 2 2 2 2 2 2 2 2 2 2 2 2 2 2 2 2 2 2 2 2 2 2 2 2 2 2 2 2 2
left_child=1 9 3 4 -3 20 7 -7 -8 10 -1 12 21 23 15 -15 -17 18 -18 -19 -6 -2 -23 -13 -5 26 -26 -12 29 -24
right_child=11 2 -4 24 5 6 8 -9 -10 -11 27 13 -14 14 -16 16 17 19 -20 -21 -22 22 28 -25 25 -27 -28 -29 -30 -31
leaf_value=-0.015923839909789871 -0.029503245542925684 0.024149238106651306 0.012687482776831703 -0.0061478120940883021 -0.0058565132188634099 0.018402701284037717 -0.0066531743166685555 -0.013511570549208896 -0.034684009423960542 0.035528174944458091 0.0069405067471328963 0.027262996105417599 -0.03208239963184447 -0.020613024457785397 -0.019956445411178914 -0.034846425973184582 0.015580279746710932 -0.013943961437407195 -0.016438704787911793 0.0027416903867929416 -0.036477882847390342 0.02251725157335184 0.018863639872848576 0.00096708567617039747 0.0089895830922603042 -0.0034067723573483416 0.034006687928118784 0.033389686258623465 -0.018704409910708288 -0.012306012953824032
leaf_weight=3.8696115612983686 2.2161138057708802 3.1702609658241263 13.170085437595842 4.2272816654294756 3.1292598396539679 10.574947647750379 34.177276857197285 6.7015271112322798 3.720116399228572 3.7615957260131827 4.5667084753513327 5.046936981379984 5.4064883254468432 5.1009305603802195 6.7353046238422385 1.934507057070731 22.765915505588058 13.070089349523185 3.6939215064048758 39.60086053609848 4.5960213169455528 3.5467019490897682 4.5896209292113834 3.9006923362612724 3.7734181210398674 4.1764883995056143 5.0222466103732568 3.3233611360192308 4.9517419338226238 5.9758695550262928
leaf_count=19 11 21 68 23 18 53 188 34 20 17 29 28 28 27 38 10 121 71 20 198 28 22 28 23 22 26 29 19 28 35
internal_value=0 0.00164789 -0.000313017 -0.00236922 -0.00547571 -0.00696887 -0.00457384 0.00602319 -0.00940476 0.0138316 0.00689153 -0.0014304 -0.00893916 0.000537054 -0.000932907 0.000554095 0.00188601 0.00278401 0.0111103 -0.00139879 -0.0240742 -0.0030593 1.47083e-05 0.0157994 0.00956395 0.014684 0.0232741 0.0180811 -0.00512859 0.001234
internal_weight=0 111.96 96.4389 83.2688 66.0694 62.8991 55.1739 17.2765 37.8974 15.5213 11.7597 128.536 26.6865 101.849 92.9015 86.1662 81.0653 79.1308 26.4598 52.6709 7.72528 21.28 19.0639 8.94763 17.1994 12.9722 8.79566 7.89007 15.5172 10.5655
internal_count=1302 614 530 462 362 341 295 87 208 84 67 688 152 536 485 447 420 410 141 269 46 124 113 51 100 77 51 48 91 63
is_linear=0
shrinkage=0.03


Tree=174
num_leaves=22
num_cat=0
split_feature=12 27 6 22 14 13 13 9 14 22 16 6 27 28 14 13 13 17 1 11 27
split_gain=0.678233 0.996259 0.782442 2.01814 3.04181 2.65489 2.53133 2.55422 2.3747 2.15494 1.85568 1.69879 1.80337 1.5842 1.57064 1.20196 1.18634 1.22234 3.22289 2.25918 0.528941
threshold=-0.020973766397301249 0.0089409740749043683 3020.52621961569 40.085088250600641 0.58277298881384576 -0.0088492283135553889 -0.00064735417798567052 1.429294406416064 0.09934137725488229 33.234314890286051 1.0000000180025095e-35 2112.3370991904849 0.0031650347338090952 1.4866619739974298 0.3441450859193676 0.0028360081134053976 -0.016186304620410649 19.289999961853031 461.53000000000003 -0.0054373510027150842 0.0039614350175829734
decision_type=2 2 2 2 2 2 2 2 2 2 2 2 2 2 2 2 2 2 2 2 2
left_child=-1 2 11 8 5 -5 7 10 -4 -10 -6 13 -13 16 -11 -8 -2 19 -19 -18 -7
right_child=1 -3 3 4 6 20 15 -9 9 14 -12 12 -14 -15 -16 -17 17 18 -20 -21 -22
leaf_value=0.013316303625327689 0.016330290036624923 -0.014553055860662785 0.012633231103347501 0.00098574443273445546 -0.00023579030205710466 0.022308196539145352 -0.024884456908719106 -0.0083890132825072457 0.0045354546003451342 -0.030858640660821963 0.025762066413635595 0.0020732961446691591 -0.025385312281648621 -0.018268819553441888 -0.006315867104356449 -0.0011650159532559186 0.016976989462237344 0.033622781120665829 -0.010488131430949892 -5.8883062511038391e-05 0.038897248451907389
leaf_weight=3.3950040712952605 4.0252258330583564 4.266949698328971 5.4206935130059746 3.9681890904903412 3.798634737730028 3.0642758607864362 3.7178066670894649 5.5162913128733626 5.3991727903485289 4.9569085687398893 7.0699330195784569 3.7385040000081045 5.0745777785778046 4.2680448293685904 4.4567620605230331 3.9823188483715057 7.3990354202687731 1.6186158508062387 18.865729967132211 131.86389105021954 3.9722538515925407
leaf_count=25 21 26 35 25 19 16 19 32 33 27 37 20 27 27 25 24 42 8 119 670 25
internal_value=0 -0.000188435 7.55583e-05 0.00318936 0.00754036 0.0206075 0.00156982 0.00823713 -0.00435629 -0.0105735 0.0166756 -0.000898499 -0.0137374 -0.000225149 -0.0192392 -0.0126173 0.000245084 -0.000160222 -0.00700261 0.000846232 0.031673
internal_weight=0 236.444 232.177 55.3232 35.0897 11.0047 24.085 16.3849 20.2335 14.8128 10.8686 176.854 8.81308 168.041 9.41367 7.70013 163.772 159.747 20.4843 139.263 7.03653
internal_count=1302 1277 1251 317 197 66 131 88 120 85 56 934 47 887 52 43 860 839 127 712 41
is_linear=0
shrinkage=0.03


Tree=175
num_leaves=24
num_cat=0
split_feature=12 17 28 10 15 15 24 9 28 22 18 10 7 7 5 9 15 3 28 24 26 23 15
split_gain=0.640753 0.96613 2.09785 2.54678 2.11999 1.53487 1.42253 0.829877 2.18217 3.15663 2.77309 1.94081 0.954651 4.1679 3.62395 2.65094 2.75733 2.64452 2.39871 2.74044 2.33532 2.44486 0.749831
threshold=-0.020973766397301249 21.23499965667725 1.1582175825317267 -0.00033836314181218125 -4.576928194777533e-05 -1.5117729628950864e-05 -2.0746045794256989 0.48182805023417646 0.82742547664149413 54.497882748853911 0.0023008673159440334 0.00048456601694646389 -66.816868175493155 -178.21846803080101 1733.6226911972856 0.71248784250404784 3.2983992029915211e-05 608.91500000000008 1.1018938997871897 1.9106567547699513 3.6646428571428542 2.3009393312427169 1.6204975881642734e-05
decision_type=2 2 2 2 2 2 2 2 2 2 2 2 2 2 2 2 2 2 2 2 2 2 2
left_child=-1 6 4 5 -3 -4 -2 8 -8 11 -11 -10 13 20 18 17 -17 -16 19 -14 21 -9 -6
right_child=1 2 3 -5 22 -7 7 12 9 10 -12 -13 14 -15 15 16 -18 -19 -20 -21 -22 -23 -24
leaf_value=0.012969414539832887 0.015397168124203877 0.025781081195189279 -0.020032924039065179 -0.036802475009883519 0.0060103540107942447 0.005661299342525454 -0.019400356467142495 -0.0020118763000598425 0.0022652607265041462 0.025599644930366088 -0.0063755003346490004 -0.025498546734330971 -0.0018650042266669122 0.028927544670774505 0.027963510644314477 -0.0055841382125721073 0.011923004181515725 0.0047350736325459533 -0.027334949373088835 -0.026880617603374363 0.024201279360530594 0.013572159391232887 -0.015977922724649582
leaf_weight=3.3814438488334408 5.5501651167869559 2.8927003741264343 3.7951819449663153 3.3410991318523875 2.5919617488980311 4.6635425612330428 6.9470642358064678 64.367565628141165 4.2514306455850619 5.6981525048613531 4.2705991491675377 4.8524173870682716 26.292433425784115 5.2617975026369086 6.3585778251290348 32.320841059088707 10.802723936736582 14.402689062058924 5.3707990124821654 4.6363107673823825 3.8292023427784434 10.544384531676767 3.0245623737573624
leaf_count=25 35 15 24 25 14 29 38 351 21 29 22 25 131 24 34 164 66 76 28 22 24 54 26
internal_value=0 -0.000182955 -0.00643842 -0.0146263 0.00491576 -0.00586695 0.000405867 1.00465e-05 -0.0050051 0.000238273 0.0119015 -0.0125331 0.000718523 0.00307719 -0.00125918 0.00304177 -0.00119849 0.0118493 -0.00882857 -0.00561492 0.00134977 0.000181686 -0.00583058
internal_weight=0 236.066 20.309 11.7998 8.50922 8.45872 215.757 210.207 26.0197 19.0726 9.96875 9.10385 184.187 84.003 100.184 63.8848 43.1236 20.7613 36.2995 30.9287 78.7412 74.912 5.61652
internal_count=1302 1277 133 78 55 53 1144 1109 135 97 51 46 974 453 521 340 230 110 181 153 429 405 40
is_linear=0
shrinkage=0.03


Tree=176
num_leaves=26
num_cat=0
split_feature=17 26 26 15 22 12 13 10 4 28 9 9 14 17 12 0 26 11 26 10 28 22 22 5 12
split_gain=0.619829 2.32611 2.24079 1.59869 6.45441 3.10061 2.43883 2.60522 2.59461 2.52235 2.05918 3.02354 1.57515 1.8355 1.66273 3.57247 2.31672 2.49945 2.32301 2.08197 2.1405 1.72276 1.52844 1.45145 1.03616
threshold=16.634999275207523 1.2364285714285679 1.3071428571428623 -3.4295224840539039e-05 53.674630002361418 0.0072550328315199595 -0.012607668724382791 0.0048000774220066109 13485834.000000002 0.7895141985017855 0.45444000416896529 0.49035557276852332 0.07942722437433207 21.23499965667725 0.013101624152918713 605.21500000000015 1.8010714285714169 0.0022334767865858089 1.4271428571428506 0.0057095415080091758 1.4866619739974298 44.388293789386147 63.969464953499674 6949.6497149766446 0.0042058577127233052
decision_type=2 2 2 2 2 2 2 2 2 2 2 2 2 2 2 2 2 2 2 2 2 2 2 2 2
left_child=3 -2 -3 4 -1 -6 -5 8 9 24 -11 -12 13 -4 16 -16 17 18 -14 20 -18 -21 -17 -9 -8
right_child=1 2 12 6 5 -7 7 23 -10 10 11 -13 14 -15 15 22 19 -19 -20 21 -22 -23 -24 -25 -26
leaf_value=0.021195102847463874 -0.027525432759576109 0.021756874449886412 0.027260213765971195 0.036359818162771729 -0.0078145610921004274 -0.039788186766883775 0.029166517581330507 0.033870632994593815 -0.018385056021771307 0.016754411794168717 -0.028531492050233646 0.00057839379603983568 0.011210331949916228 -0.0033109580494201816 0.024863362836943122 0.0098335790266633697 0.001616259417748202 -0.032679104191406849 -0.014772631873810603 0.0030533497739438603 -0.020411171447696889 -0.023639188562080447 -0.017559730287610056 0.0060829302846431817 0.0076385996255408529
leaf_weight=5.214951857924464 3.0007879324257365 3.8426222801208487 3.5936200357973567 1.9526260048151005 8.0159488841891271 4.1391214504837981 4.0184701755642873 3.4865741655230513 5.7606660872697821 6.5131642073392859 3.3878687247633925 61.60787171125412 4.391560502350333 3.4784787688404322 5.9643809422850591 3.132341057062149 66.901757191866636 4.4753238819539538 10.504007302224634 3.3048533052206022 4.2208529338240615 6.3717524223029613 4.4197852462530136 3.286409005522728 4.030246838927269
leaf_count=27 19 19 24 11 37 21 23 21 34 32 17 302 23 24 37 18 378 26 60 21 25 38 23 21 21
internal_value=0 -0.0014248 -0.000796212 0.00163767 -0.0067241 -0.0187024 0.0031821 0.00247863 0.00105695 0.00246472 0.0006726 -0.000938944 -0.00151387 0.0122235 -0.00236843 0.00750833 -0.00370115 -0.013019 -0.00711225 -0.00146727 0.000309016 -0.0145229 -0.006198 0.0203874 0.0183868
internal_weight=0 127.602 124.601 111.414 17.37 12.1551 94.0439 92.0913 85.3183 79.5576 71.5089 64.9957 120.759 7.0721 113.687 13.5165 100.17 19.3709 14.8956 80.7992 71.1226 9.67661 7.55213 6.77298 8.04872
internal_count=1302 735 716 567 85 58 482 471 429 395 351 319 697 48 649 78 571 109 83 462 403 59 41 42 44
is_linear=0
shrinkage=0.03


Tree=177
num_leaves=17
num_cat=0
split_feature=10 9 10 28 7 18 12 25 24 6 18 23 24 28 10 10
split_gain=0.591733 2.53867 1.47106 2.04037 1.6659 1.45364 1.39524 2.1793 1.97478 1.81579 3.53144 1.80907 2.0616 1.79624 1.66653 1.69235
threshold=-0.0085245257782327038 1.5091883961941743 -0.004833409244103192 1.1018938997871897 -59502.017927866058 0.13539872126750221 -0.0049650657009846491 -0.32165731143550563 1.5321282005180261 11299.352084364868 0.0056872936242777792 0.17131664760961487 -0.40163594043120737 1.3180105258469694 0.001010131436128048 -0.00045998859406010112
decision_type=2 2 2 2 2 2 2 2 2 2 2 2 2 2 2 2
left_child=1 -1 3 -2 -4 6 8 14 11 13 -11 12 -6 -9 15 -8
right_child=2 -3 4 -5 5 -7 7 9 -10 10 -12 -13 -14 -15 -16 -17
leaf_value=-0.024621635010977281 -0.0024121166755660013 0.010592949097105954 -0.018488965493290009 0.022719636999985107 0.011987519713111343 -0.018123281393867749 -0.013931452169931254 0.00031511957543197409 -0.014377235003154845 0.028744900097621887 -0.0071847080798659799 0.024842303088042382 -0.0041622877291104341 -0.014379547903437071 -0.026210150741844147 0.009958136845559502
leaf_weight=3.9852590933442107 5.5899788476526719 3.4267697129398584 4.4311549142003051 6.0585196167230606 16.765731330960989 3.8711268790066233 7.1492008790373811 139.10857154428959 3.9740124046802512 5.532182075083254 4.4363095313310623 4.8970691263675681 12.357479102909567 7.912488415837287 4.7192998602986327 4.2584708333015451
leaf_count=24 37 24 27 37 105 32 38 716 20 31 27 26 64 48 25 21
internal_value=0 -0.00834104 0.000270328 0.0106592 -0.000281211 9.40832e-05 0.000428134 -0.00071443 0.00563409 0.000364395 0.012755 0.00797168 0.00513488 -0.000475729 -0.0112164 -0.0050135
internal_weight=0 7.41203 231.062 11.6485 219.413 214.982 211.111 173.117 37.9943 156.99 9.96849 34.0203 29.1232 147.021 16.127 11.4077
internal_count=1302 48 1254 74 1180 1153 1121 906 215 822 58 195 169 764 84 59
is_linear=0
shrinkage=0.03


Tree=178
num_leaves=27
num_cat=0
split_feature=17 26 26 15 22 12 18 24 15 4 11 4 26 28 26 26 25 11 26 5 26 3 12 26 17 17
split_gain=0.59672 2.21376 2.1077 1.50249 6.12931 2.99466 2.39251 4.28187 3.37007 3.44361 2.13267 2.11278 2.19122 2.88098 2.25495 1.48629 2.17995 3.31041 2.04134 2.02741 2.68182 1.87255 1.34522 1.32497 1.94852 1.69771
threshold=16.634999275207523 1.2364285714285679 1.3071428571428623 -3.4295224840539039e-05 53.674630002361418 0.0072550328315199595 -0.049931475036830146 -0.24473866967651409 -1.5737004396020269e-05 4974138.0000000009 0.0067367424330488932 15006764.000000002 1.4582142857142752 0.81608376526774473 1.6599999999999968 1.7942857142857067 0.64573175556100026 0.0022334767865858089 1.868214285714286 419.63890734382682 1.430714285714288 459.82500000000005 0.0057588837761409781 2.076071428571431 17.47500038146973 18.800000190734867
decision_type=2 2 2 2 2 2 2 2 2 2 2 2 2 2 2 2 2 2 2 2 2 2 2 2 2 2
left_child=3 -2 -3 4 -1 -6 10 -8 9 -9 22 12 13 -10 -14 16 17 19 -17 20 -4 -20 -5 24 -23 -25
right_child=1 2 15 6 5 -7 7 8 11 -11 -12 -13 14 -15 -16 18 -18 -19 21 -21 -22 23 -24 25 -26 -27
leaf_value=0.020764213395719749 -0.027046005528204492 0.021144495046618444 0.02299542817912625 0.021181640953386031 -0.0075720716416094198 -0.03915138031202401 -0.027975913252834741 0.0057101900800050525 0.013078420327693553 0.040464996656669201 0.034347647491854441 -0.019141812071752133 0.020101378879057316 -0.009106555399336129 0.0023915056516852452 0.020356171139461456 0.012012237692511831 -0.037320823080822275 0.028064504420448347 -0.021997124284917999 -0.0093084603643153897 -0.028201595875275657 -0.0044625346249375026 0.0049129424468284597 0.00052421009472475191 -0.0038536073752338086
leaf_weight=5.1850631684064892 2.9590662606060496 3.8212638050317755 3.4302695840597206 3.2736555412411672 8.0114081203937513 4.0784820839762679 4.2547323182225218 7.1361532062292081 6.830400004982951 4.0062909126281738 3.804656133055687 4.6392948031425467 8.8891061395406705 23.034730188548565 23.783043183386326 4.2997213900089255 3.9549513235688201 3.8522398788481942 1.981054238975047 4.9924509450793257 7.1007637195289135 3.9259673058986646 4.2068232670426369 33.768428340554237 4.633331760764122 48.345095090568066
leaf_count=27 19 19 18 23 37 21 20 32 37 21 25 27 48 111 116 26 20 24 13 26 43 20 22 180 27 300
internal_value=0 -0.00140162 -0.00079018 0.0016082 -0.00652259 -0.0182252 0.00310469 0.001334 0.00292628 0.0182064 0.0160609 0.000391801 0.00184089 -0.00403267 0.00720983 -0.00148701 -0.00828511 -0.0124282 0.000148863 -0.00625093 0.00121387 -0.000788883 0.00676004 -0.00141928 -0.0126517 -0.000248445
internal_weight=0 127.065 124.106 111.134 17.275 12.0899 93.8589 82.5738 78.319 11.1424 11.2851 67.1766 62.5373 29.8651 32.6721 120.284 23.3307 19.3757 96.9536 15.5235 10.531 92.6539 7.48048 90.6728 8.5593 82.1135
internal_count=1302 735 716 567 85 58 482 412 392 53 70 339 312 148 164 697 131 111 566 87 61 540 45 527 47 480
is_linear=0
shrinkage=0.03


Tree=179
num_leaves=18
num_cat=0
split_feature=28 9 10 11 9 15 22 28 12 25 23 12 27 10 22 12 22
split_gain=0.583551 1.60345 0.871522 1.95365 1.69965 1.60361 1.24884 2.92978 2.80254 3.21007 2.61777 1.84248 3.41698 1.30844 3.02274 1.70756 1.165
threshold=1.4866619739974298 0.98750621701972363 -0.0085245257782327038 -0.010776581545342443 1.3133779462026849 -3.1824220421925028e-05 33.494393333001391 0.93778273112204258 -0.0048831905241691889 -0.49799027006098656 -3.4401578264286736 -0.0081440578132775925 0.00492927135818265 -0.0010176140459932646 36.140232374282746 -0.0052308041733565838 20.576233761302777
decision_type=2 2 2 2 2 2 2 2 2 2 2 2 2 2 2 2 2
left_child=2 -2 4 5 -1 -4 7 -5 9 16 -8 12 -12 14 -13 -15 -9
right_child=1 -3 3 6 -6 -7 10 8 -10 -11 11 13 -14 15 -16 -17 -18
leaf_value=-0.025163459588179955 -0.018927252979297364 0.0068658723807175611 0.00024888233362760798 0.032087061900365345 0.0053898881928835709 0.028189981085358438 -0.030074855587375771 0.011294793848093895 -0.018844562306635594 0.030438066865486845 -0.025651041924007238 -0.024350763303703171 0.0096311184585052469 0.015151268496719796 0.0075454486805976969 -0.001569276232107673 -0.011442210640370933
leaf_weight=3.409397415816783 4.9292881563305837 3.8738564103841782 3.3457993119955063 3.5110658630728748 3.1550297550857067 4.1313257701694956 2.6840079240500918 3.5498954206705111 4.3288870826363537 4.2256615385413179 6.5934156104922277 2.8811439871788016 3.9507017210125923 5.7296349331736556 37.1966452896595 135.32700024545193 4.7312516197562218
leaf_count=19 28 28 24 22 23 24 17 22 22 25 35 15 26 32 203 710 27
internal_value=0 -0.00757689 0.000294318 0.000612605 -0.0104787 0.0156871 8.76431e-05 0.00715908 0.00196038 0.00916144 -0.000652627 -0.000240638 -0.0124314 0.000469006 0.00525247 -0.000890098 -0.00169549
internal_weight=0 8.80314 228.751 222.186 6.56443 7.47713 214.709 20.3468 16.8357 12.5068 194.363 191.679 10.5441 181.134 40.0778 141.057 8.28115
internal_count=1302 56 1246 1204 42 48 1156 118 96 74 1038 1021 61 960 218 742 49
is_linear=0
shrinkage=0.03


Tree=180
num_leaves=31
num_cat=0
split_feature=18 5 23 23 28 11 11 28 9 14 24 12 28 17 22 13 13 13 4 14 18 9 10 25 14 10 10 13 17 14
split_gain=0.599624 2.07182 2.75992 3.5647 1.9788 2.65067 1.67156 3.41509 2.45632 2.05938 1.54124 1.57015 2.46018 4.07104 1.77667 1.33571 3.76465 2.85227 2.60264 3.31741 2.10566 3.57229 3.42653 2.09942 2.35939 2.04694 2.27066 2.0828 1.49488 1.23473
threshold=0.042386829971569846 2805.8985374590043 -1.0000000180025095e-35 -1.188898348858231 0.89397181391005887 0.0021940760124503638 -0.0050126126476886515 0.79996389081457331 0.68481703574629449 0.19895414623836513 1.3162657166926492 -0.0068647830099494147 1.2542914953459856 19.914999961853031 41.809565113831432 0.0052946184980776642 0.0063495299316655993 0.0046634370286257063 538706.50000000012 0.31003325942153975 -0.011990840482336172 0.879102697133746 -3.0698944813001276e-05 -0.35524297224226686 0.17849111158405098 -0.0041023910246462117 -0.0029039076371863422 -0.0057756643305220115 16.395000457763675 0.3441450859193676
decision_type=2 2 2 2 2 2 2 2 2 2 2 2 2 2 2 2 2 2 2 2 2 2 2 2 2 2 2 2 2 2
left_child=6 4 3 -3 -2 10 7 -1 -9 -10 11 12 13 -6 -13 17 28 23 -18 -20 22 -22 -21 24 -8 -25 -27 -28 -17 -26
right_child=1 2 -4 -5 5 -7 15 8 9 -11 -12 14 -14 -15 -16 16 18 -19 19 20 21 -23 -24 25 29 26 27 -29 -30 -31
leaf_value=-0.018966594646835758 0.015479360903218593 -0.02271565278745185 -0.037849595588686315 0.017226048701062997 -0.01385165079879179 -0.023917906750381107 0.0077905859922070657 -0.0016646222044439155 0.0057389199091796225 0.038047549006259757 -0.017070670847397103 -0.0041029454238344408 -0.025089858722636998 0.024493409499574112 0.019438248532941804 0.010098102201000733 -0.024119788510115557 -0.02614099737801534 0.031235260450618633 0.035599405570412981 -0.031820771574508105 0.0066735139121951717 0.00044221810743678524 -0.021496226986335683 -0.030122663866710048 0.024489169054355692 -0.0067126833462956871 0.0033246849409160743 0.035286292528172954 -0.0094728606179331955
leaf_weight=2.8611213937401763 6.5071014985442153 4.5141258276998988 3.1881812550127497 3.6266410276293746 5.3939661383628827 4.5402472876012316 4.0902570933103553 3.995776414871214 2.677031259983778 5.2729877792298794 3.8386062718927851 4.51057949662209 3.5862141624093065 4.631572213023901 8.0074855443090183 4.3888190686702711 3.5731100291013709 4.1706275492906562 3.3364400193095198 2.7868798077106467 4.4120924249291438 4.2689958661794662 23.821260243654251 3.619890868663787 4.8719320744276029 3.7123889029026023 25.661975979804993 67.666839264333248 4.1031344011425972 5.6033265590667725
leaf_count=16 35 34 20 23 29 27 21 22 22 33 24 25 25 29 44 23 18 23 20 16 22 23 137 18 24 22 130 345 22 30
internal_value=0 -0.002832 -0.0141884 -0.00492197 0.000304757 -0.00255663 0.000805103 0.0104728 0.0175238 0.0271682 0.000679625 0.00328724 -0.00376512 0.0038629 0.0109558 -3.65159e-05 0.00404361 -0.00176875 0.000376086 0.0026421 -6.12517e-05 -0.0128909 0.00412451 -0.000886601 -0.011532 0.000653773 0.00148003 0.00056478 0.0222685 -0.0190769
internal_weight=0 52.3447 11.3289 8.14077 41.0158 34.5087 184.895 14.8069 11.9458 7.95002 29.9684 26.1298 13.6118 10.0255 12.5181 170.088 50.6907 119.397 42.1988 38.6257 35.2892 8.68109 26.6081 115.227 14.5655 100.661 97.0412 93.3288 8.49195 10.4753
internal_count=1302 315 77 57 238 203 987 93 77 55 176 152 83 58 69 894 281 613 236 218 198 45 153 590 75 515 497 475 45 54
is_linear=0
shrinkage=0.03


Tree=181
num_leaves=31
num_cat=0
split_feature=17 26 26 14 17 2 9 7 12 28 12 25 26 25 15 22 12 13 10 15 5 22 17 4 26 18 18 9 18 27
split_gain=0.574806 2.14933 1.95295 1.49509 1.75828 1.54573 1.84067 3.17132 1.71061 2.81346 2.4589 2.30741 2.85014 2.83284 1.43408 5.75002 2.84911 2.3066 2.48362 2.55335 2.99602 3.54766 2.54644 2.53251 2.51867 2.8318 2.27071 1.83809 1.48166 1.41056
threshold=16.634999275207523 1.2364285714285679 1.3071428571428623 0.07942722437433207 21.23499965667725 670.48000000000013 0.7734916659188148 -7675.6758099564622 0.013101624152918713 0.83190032692452143 0.01811290417041567 -0.3964430458330736 1.9489285714285653 -0.50834659021779649 -3.4295224840539039e-05 53.674630002361418 0.0072550328315199595 -0.012607668724382791 0.0013640730719111096 1.5958762582939343e-05 92.663943007335504 64.897246875156668 15.144999980926515 8318191.0000000009 1.1999999999999929 0.041460897504214229 -0.0046220234074502145 0.57922764870290178 -1.0000000180025095e-35 0.0029377832295537525
decision_type=2 2 2 2 2 2 2 2 2 2 2 2 2 2 2 2 2 2 2 2 2 2 2 2 2 2 2 2 2 2
left_child=14 -2 -3 4 -4 8 -7 -8 11 -10 -11 13 -13 -5 15 -1 -17 -16 19 24 21 26 -20 28 -19 27 -21 -26 -24 -25
right_child=1 2 3 5 -6 6 7 -9 9 10 -12 12 -14 -15 17 16 -18 18 22 20 -22 -23 23 29 25 -27 -28 -29 -30 -31
leaf_value=0.020172430409353591 -0.026818978384258563 0.020448661180930614 0.026865297581798557 -0.00042166199748698037 -0.0033323805532470547 0.00014381952119009182 0.001316161869874929 -0.034596887478946486 -0.00818376495363775 0.038710529231492923 0.0030546295329280126 -0.016811791992551242 -0.0016032238600186253 0.022066495061584777 0.035661794061589418 -0.0074138569442138659 -0.038397880266905202 0.020950873922052807 -0.010278603671803818 -0.028472161143238812 -0.025453454847643275 0.017982266471962435 0.02575674616007732 -0.014537116485562053 0.01972018176895959 -0.018172439841164109 0.0021695935731253667 1.1515609398534934e-05 0.0093728794401273918 0.010033283294328578
leaf_weight=5.1376356184482601 2.9202956147491923 3.7810133993625632 3.539174646139144 23.949389055371288 3.4047615472227335 7.6878886893391636 3.7674829103052625 5.3633782863616917 4.6188471987843496 3.7120183482766151 3.2777127251029015 15.65607020258904 38.025554591789842 6.3856878876686016 1.9116067513823498 8.0083846896886808 4.0076910927891722 6.1134542077779761 5.2914780825376502 4.4009163305163383 7.1880140230059615 5.2087775915861121 10.779553130269052 3.9268708154559118 5.5110526680946412 6.2391286790370932 4.3064866662025469 18.744151175022125 9.2139173150062579 4.5272011831402779
leaf_count=27 19 19 24 142 24 39 21 30 25 24 19 90 222 37 11 37 21 30 24 22 33 26 61 23 29 29 25 96 43 30
internal_value=0 -0.00138165 -0.000778542 -0.00145081 0.0120587 -0.00228508 -0.0106721 -0.0197788 -0.000809954 0.00998458 0.0219903 -0.00230143 -0.00603875 0.00431221 0.0015821 -0.00639053 -0.0177479 0.00304693 0.00236518 -0.00141492 -0.00972576 -0.00160207 0.00883118 0.0123858 0.00337624 -0.000147089 -0.0133174 0.00448954 0.0182063 -0.00137953
internal_weight=0 126.089 123.169 119.388 6.94394 112.444 16.8187 9.13086 95.6253 11.6086 6.98973 84.0167 53.6816 30.3351 110.516 17.1537 12.0161 93.3626 91.451 57.712 21.1042 13.9162 33.739 28.4475 36.6078 30.4943 8.7074 24.2552 19.9935 8.45407
internal_count=1302 735 716 697 48 649 90 51 559 68 43 491 312 179 567 85 58 482 471 290 106 73 181 157 184 154 47 125 104 53
is_linear=0
shrinkage=0.03


Tree=182
num_leaves=20
num_cat=0
split_feature=26 9 13 26 6 28 22 6 27 27 26 25 9 22 14 23 3 24 26
split_gain=0.589062 1.91877 2.11699 1.91599 4.06372 1.9242 1.6364 2.45614 2.52006 1.30681 2.47544 2.45329 2.34462 1.51044 2.25774 1.31511 1.2436 1.41149 0.971712
threshold=1.268571428571428 1.2399951316733702 0.0018406342788922505 1.3317857142857132 81.498992586922625 0.94175159385582508 41.609728005225129 340.73463631921271 0.0025087223716525474 0.0020752809010757688 1.4646428571428529 0.23193103031143122 0.76423777279440808 85.305083052326935 0.97989343676948548 2.6665911539046196 682.8850000000001 0.49457983681712964 1.1532142857142846
decision_type=2 2 2 2 2 2 2 2 2 2 2 2 2 2 2 2 2 2 2
left_child=1 2 6 4 5 -2 -1 8 -8 -5 11 12 -11 15 -15 16 17 -12 -4
right_child=3 -3 18 9 -6 -7 7 -9 -10 10 13 -13 -14 14 -16 -17 -18 -19 -20
leaf_value=0.0080994849144112608 0.016146565776426897 -0.019219942271725618 0.022576116703664887 0.019052107275924775 0.03706928525992588 -0.013603901924917037 -0.018462463358822241 -0.03014130777262481 0.013925833229414746 -0.018534961349016645 -0.0016493223392979037 -0.029018701444169293 0.0094468364705560231 0.02247568233386503 -0.0046837726427115161 -0.01759942253170212 -0.016729065074512894 0.004230229789724628 0.0026121554007891004
leaf_weight=5.1669291034340921 3.5738450065255147 5.8993093594908705 4.0279850214719755 3.1472252123057833 3.9687548130750656 4.3238418623805046 4.4091267138719541 4.3849870339035979 4.2425105571746826 5.08696700632572 91.978209435939789 5.059274658560752 5.7315755039453506 6.6272128447890264 4.7142374143004417 3.7917757183313361 3.7753898948431006 61.198176709935069 4.8199058920145035
leaf_count=26 20 35 19 19 20 21 21 24 20 25 543 27 30 35 24 20 19 331 23
internal_value=0 -0.00371768 -0.000336988 0.000606813 0.0123039 -0.000141282 -0.00618795 -0.0118506 -0.00258019 -0.000119482 -0.000440489 -0.0117746 -0.00371043 0.00060528 0.0111865 -0.000141288 0.00028048 0.00069972 0.0117007
internal_weight=0 32.9508 27.0514 202.976 11.8664 7.89769 18.2036 13.0366 8.65164 191.11 187.963 15.8778 10.8185 172.085 11.3415 160.744 156.952 153.176 8.84789
internal_count=1302 168 133 1134 61 41 91 65 41 1073 1054 82 55 972 59 913 893 874 42
is_linear=0
shrinkage=0.03


Tree=183
num_leaves=23
num_cat=0
split_feature=6 9 9 14 23 26 4 6 6 6 15 28 18 23 23 11 12 18 10 25 14 15
split_gain=0.564616 2.2868 1.73152 1.68883 2.33504 1.69296 2.53201 2.07799 1.52766 1.69438 1.49711 1.41767 1.14714 4.65966 3.14392 2.27574 1.08694 2.06989 2.43398 1.78257 3.08173 2.04658
threshold=3020.52621961569 0.25367690752108896 0.30063061411029074 0.90878256683776049 2.1023172612920011 1.5528571428571476 7283827.5000000009 5875.9270159120706 2112.3370991904849 2540.7301408782764 -7.8487085975267713e-05 1.4866619739974298 0.098376838585432572 -1.4889096800106925 -0.60522966464685612 -0.0074960725816500253 0.014677062010174049 -0.018964699237889345 0.0019482711780837161 0.28203117888034041 0.8379764752577249 2.1637547741073899e-05
decision_type=2 2 2 2 2 2 2 2 2 2 2 2 2 2 2 2 2 2 2 2 2 2
left_child=8 -2 -3 4 5 6 -4 -7 11 -10 -9 12 15 -14 -15 -1 19 18 -18 21 -21 -17
right_child=1 2 3 -5 -6 7 -8 10 9 -11 -12 -13 13 14 -16 16 17 -19 -20 20 -22 -23
leaf_value=0.02737963912242038 0.041794166701824731 -0.034470621559059035 -0.028797063303308064 -0.017929918567310368 0.020927902384698494 0.020102572324190233 0.0054626774872788622 -0.01790563952955419 -0.028224166778237008 -0.0015536518267449076 0.0031331462449345681 -0.017455749975222139 -0.038233654028194508 0.021625074233485007 -0.018303501360733644 0.0043041322561571801 -0.014583992949678262 0.027357590941631756 0.014668737945169548 -0.01794476985462062 0.00010474192267637498 -0.0056227057182606259
leaf_weight=2.8648236095905295 1.3054068088531483 1.1707258522510517 3.8199319690465918 3.4601364508271208 6.2519452497363082 6.0590159595012656 3.9482354372739792 3.3842805810272649 3.7761982306838018 4.9593755900859833 30.280672749504451 4.184322014451026 3.4048645719885826 4.0978653207421303 3.1306859180331212 71.862452685832977 4.6929625570774061 3.7650844529271117 5.6321549490094185 12.780842863023279 25.497786089777946 25.262705449014902
leaf_count=20 7 6 22 19 32 37 24 23 21 27 181 27 27 25 27 360 22 20 36 68 132 139
internal_value=0 0.00252421 0.00164604 0.00238519 0.00369312 0.0014243 -0.0113843 0.00392906 -0.000852664 -0.0130827 0.00101815 -0.000213599 0.00022904 -0.0092977 0.00433201 0.00089393 0.000386372 0.00831628 0.00137281 -0.00043882 -0.00592181 0.00172212
internal_weight=0 59.6804 58.3749 57.2042 53.7441 47.4921 7.76817 39.724 175.912 8.73557 33.665 167.177 162.992 10.6334 7.22855 152.359 149.494 14.0902 10.3251 135.404 38.2786 97.1252
internal_count=1302 351 344 338 319 287 46 241 951 48 204 903 876 79 52 797 777 78 58 699 200 499
is_linear=0
shrinkage=0.03


Tree=184
num_leaves=31
num_cat=0
split_feature=26 14 12 26 18 18 23 6 9 18 15 10 6 13 15 9 10 22 7 5 24 28 28 24 12 25 14 25 28 27
split_gain=0.558903 2.05269 3.14909 2.04408 2.2525 1.64932 3.13951 2.72278 1.25738 2.444 2.55259 1.91591 4.33947 1.85619 1.57637 1.54954 3.11315 2.88953 2.86771 3.75025 3.10637 2.03745 1.87726 4.62053 3.00138 3.81185 2.20696 1.48459 1.36879 1.33407
threshold=1.2749999999999957 0.88899735345930997 0.0039560586656824945 1.3317857142857132 -1.0000000180025095e-35 -0.0062379015830295583 0.72912413894474082 14.258378206669809 1.0253876235029968 -0.016370155479517808 7.4135783592535023e-05 0.0023228716845662416 2540.7301408782764 0.0068523094138984173 -8.6396820637352551e-05 0.78223744559113018 -0.0027741641470874763 84.583306605028454 12945.367838922708 7495.6479279306977 -1.4181193490431847 0.88155526850534016 1.1161283175503629 -0.7692294828271814 0.0069788502934793337 -0.059197367453351135 0.93724258644019021 0.25491946988873931 1.3882924592489456 0.0029473420792865061
decision_type=2 2 2 2 2 2 2 2 2 2 2 2 2 2 2 2 2 2 2 2 2 2 2 2 2 2 2 2 2 2
left_child=1 2 5 4 -2 -1 7 -7 15 13 11 12 14 29 -11 17 -17 18 19 21 -20 -5 24 -24 25 -18 -26 -12 -14 -10
right_child=3 -3 -4 8 -6 6 -8 -9 9 10 27 -13 28 -15 -16 16 22 -19 20 -21 -22 -23 23 -25 26 -27 -28 -29 -30 -31
leaf_value=-0.018399990346015166 -0.0034729451279765021 -0.016706657301455086 0.024648479982393147 -0.010467657115438593 0.024561669106275105 -0.0034806127008326659 -0.015656574558937195 0.02806302427790653 0.0016381475674535331 0.00051666935805415619 -0.0059619448793867946 0.021219666997859328 0.01497614449363905 -0.000466722851551094 -0.022571777975699162 0.01442517442414731 -0.017876698984043302 0.018822523961447683 -0.0068514353545709164 -0.027095487092684358 0.032599107977192024 0.001386142026911172 -0.0025589789085028627 -0.040554888762815273 -0.0016351295955964211 0.020276935704862279 -0.032592027334185113 -0.03215004153181681 -0.0072088878688965508 0.025949204038071959
leaf_weight=5.3720823451876667 4.302423108369112 8.1274862214922887 4.1131507605314246 16.576894015073776 6.4407831355929357 5.2364131733775192 6.3664317503571501 4.6496813371777534 2.659203693270686 4.2992694526910782 5.7314110007137042 4.678364895284175 12.656127560883759 5.9824278280138961 6.9859991222620064 5.1504907682538024 3.7468396425247201 6.979869730770587 3.0194891579449177 5.3524912968277922 4.4345005825161925 61.33990540355444 6.1722311526536942 5.4009724110364896 3.8726579472422582 6.3520948514342352 4.4591709077358246 2.9515108652412891 3.1200473979115477 8.605860982090233
leaf_count=27 23 40 20 85 33 26 36 24 14 30 37 26 74 37 41 33 21 37 20 28 26 326 35 28 20 32 21 23 20 59
internal_value=0 -0.00356309 0.000587399 0.000602553 0.0133344 -0.00398919 0.000774137 0.0113552 -0.000115352 0.00358372 -0.000450375 0.00349265 0.000428019 0.0130384 -0.0137759 -0.00172103 -0.00712227 0.000222387 -0.00120863 -0.00280444 0.0166183 -0.00113577 -0.0108211 -0.0202909 -0.00487477 0.00612143 -0.0182032 -0.0148638 0.0105886 0.0202104
internal_weight=0 33.8652 25.7378 201.271 10.7432 21.6246 16.2525 9.88609 190.528 57.6702 40.4227 31.7398 27.0614 17.2475 11.2853 132.858 35.1545 97.7032 90.7233 83.2693 7.45399 77.9168 30.004 11.5732 18.4308 10.0989 8.33183 8.68292 15.7762 11.2651
internal_count=1302 173 133 1129 56 113 86 50 1073 361 251 191 165 110 71 712 190 522 485 439 46 411 157 63 94 53 41 60 94 73
is_linear=0
shrinkage=0.03


Tree=185
num_leaves=28
num_cat=0
split_feature=18 5 23 23 28 10 0 6 27 28 13 11 27 26 4 6 6 14 14 11 28 5 4 24 15 9 7
split_gain=0.563076 1.848 2.56879 3.20431 1.8377 2.5547 1.72068 1.71364 2.08175 2.34561 2.07521 1.56279 2.32866 2.96493 1.55549 1.31611 3.68144 1.86534 1.66449 4.42016 2.59606 1.96054 1.70737 1.55197 1.22793 1.18787 0.789084
threshold=0.042386829971569846 2805.8985374590043 -1.0000000180025095e-35 -1.188898348858231 0.89397181391005887 0.0004721079281507779 463.09500000000008 307.20476168058309 0.0046222197922807075 0.99196345542162101 -0.0096569664192572274 -0.0050126126476886515 0.0027155538660284576 1.9489285714285653 7701517.0000000009 38592.361696635264 16663.053837959513 0.28045139578356687 0.42712592606333444 0.00031602110125805721 1.3116755706591714 2756.4898232811402 8032360.5000000009 -0.39066326887215047 1.0000000180025095e-35 0.99720811296204648 -99.658105854738352
decision_type=2 2 2 2 2 2 2 2 2 2 2 2 2 2 2 2 2 2 2 2 2 2 2 2 2 2 2
left_child=11 4 3 -3 -2 7 -7 -6 9 -9 -10 12 -1 -14 -15 16 17 23 19 -19 21 -20 -22 -13 -18 -12 -25
right_child=1 2 -4 -5 5 6 -8 8 10 -11 25 15 13 14 -16 -17 24 18 20 -21 22 -23 -24 26 -26 -27 -28
leaf_value=-0.010984047768039084 0.014881526590378818 -0.021869862232232088 -0.036886385390541954 0.016488248820733922 0.018046130076590242 -0.0030816806721376145 -0.032433516117863201 0.0018370910842797781 -0.009523230425351999 -0.026072585465835154 0.0043610737365143348 0.0041255065798954434 0.038746314106551827 -0.007301488120082399 0.020474998039729506 -0.016873060959133337 0.034431443366513326 -0.0059176340503299552 -0.0021379580870907618 0.029404102794909331 -0.0049201707654880304 0.0058747575016142584 -0.028243712248105304 -0.0098086500011815084 0.0096317531063035474 0.028932462603414519 -0.028707065201118008
leaf_weight=3.5302034839987746 6.4467538334429255 4.3588634748011827 3.0861312933266145 3.561531949788332 4.7356456890702274 3.4334734827280036 3.7725109253078699 5.8048628121614474 4.1988423019647598 5.0834429338574409 3.4186656028032285 3.6192087382078171 3.7345156632363778 3.8279821500182152 3.4496464245021343 4.0751300156116477 3.4060306921601287 6.7867599576711637 78.585073828697205 6.0141568705439568 7.2213020622730237 42.262741561979055 4.639639638364315 3.8507470414042473 3.8034615218639374 3.6733839511871338 4.1116091907024366
leaf_count=20 35 34 20 23 26 16 27 33 25 35 20 20 24 22 27 24 18 36 397 34 43 232 26 20 24 21 20
internal_value=0 -0.00276595 -0.0136683 -0.00462153 0.000192002 -0.00258342 -0.0184481 0.00166407 -0.00183379 -0.0111931 0.00719186 0.0007832 0.0102187 0.0170158 0.00586476 -3.17311e-05 0.000385982 -0.000576044 0.000346234 0.0106773 -0.000650288 0.000664238 -0.0140436 -0.0121635 0.021348 0.017088 -0.0195674
internal_weight=0 51.5741 11.0065 7.9204 40.5676 34.1208 7.20598 26.9148 22.1792 10.8883 11.2909 182.918 14.5423 11.0121 7.27763 168.376 164.301 157.091 145.51 12.8009 132.709 120.848 11.8609 11.5816 7.20949 7.09205 7.96236
internal_count=1302 315 77 57 238 203 43 160 134 68 66 987 93 73 49 894 870 828 768 70 698 629 69 60 42 41 40
is_linear=0
shrinkage=0.03


Tree=186
num_leaves=28
num_cat=0
split_feature=17 26 26 26 5 26 3 14 28 24 15 13 13 25 9 10 13 23 15 11 15 10 15 4 2 2 2
split_gain=0.547801 1.95927 1.77024 1.42883 2.07762 1.82808 1.72652 1.60644 2.77453 1.41123 2.62044 1.98133 3.98629 1.54413 3.69529 2.03917 3.39251 2.73392 2.38927 2.69833 2.90082 2.28835 2.73469 2.26845 1.40842 1.76904 0.501082
threshold=16.634999275207523 1.2364285714285679 1.3071428571428623 1.7942857142857067 1303.1104259514279 1.868214285714286 459.82500000000005 0.19503242748339325 0.87753493482110401 2.0216131546278362 -1.0000000180025095e-35 0.002380463485261775 -0.0019580274342859689 0.45547187638880882 0.72353132338736192 0.0023519601910019232 0.0033240789709416689 0.33941120810115427 2.1637547741073899e-05 0.0010893509748121091 0.00013012517843019966 -0.0026563650748411822 1.5242392694332654e-05 517114.00000000006 459.62500000000006 461.77500000000003 473.43500000000006
decision_type=2 2 2 2 2 2 2 2 2 2 2 2 2 2 2 2 2 2 2 2 2 2 2 2 2 2 2
left_child=9 -2 -3 4 7 -5 -7 -4 -9 13 -11 12 -12 15 -15 18 -17 -18 21 20 -20 -1 23 -23 -8 -26 -10
right_child=1 2 3 5 -6 6 24 8 26 10 11 -13 -14 14 -16 16 17 -19 19 -21 -22 22 -24 -25 25 -27 -28
leaf_value=0.027015993024581495 -0.026067700618816927 0.019622708604045941 0.015897070143403861 0.019567303901212401 -0.023959382403492845 0.027578846317974796 -0.023129460311933685 0.005636567045408966 -0.028557085118849867 0.026670945917983968 0.014159280129635078 0.019268847872121839 -0.023591153038378668 0.0058287606270477641 -0.02679061024482713 0.03398939572870039 0.023968166711407335 -0.0085277075158574044 -0.028848179915889713 0.007397325110177576 0.0035090576886770458 0.013032251181369884 0.021535894554996222 -0.0056041436033390027 0.020245284892066888 -0.0015346404536047116 -0.012128391337011834
leaf_weight=3.2422554120421401 2.8225128650665274 3.7090163826942435 3.2820531502366128 4.1886069551110259 5.64484186656773 1.9021277949213971 2.5843719914555541 7.1121610030531865 3.7347245365381241 5.3805737346410778 4.9257355481386185 4.2606103941798201 5.149171054363249 6.5165741965174657 6.0067677199840546 4.3024948239326468 3.5016709193587285 6.9642052240669727 7.8879677578806895 5.2078188359737387 3.6462126895785332 7.3134414851665488 5.0704730302095404 29.954512625932693 3.4976913854479781 83.056650649756193 3.0236212313175201
leaf_count=18 19 19 19 26 32 13 14 36 23 28 27 21 24 35 33 24 20 39 39 27 22 35 24 151 21 492 21
internal_value=0 -0.00135768 -0.000784769 -0.00142608 -0.00817234 0.000188941 -0.000702618 -0.00297689 -0.00744287 0.00155223 0.00881879 0.00211831 -0.00513454 -4.64877e-05 -0.00981698 0.00154072 0.0115638 0.00234476 -0.000834426 -0.0105265 -0.0186193 0.00272552 0.00086537 -0.00194695 -0.00130612 -0.000654506 -0.021207
internal_weight=0 124.558 121.736 118.027 22.7974 95.2294 91.0408 17.1526 13.8705 109.33 19.7161 14.3355 10.0749 89.6144 12.5233 77.0911 14.7684 10.4659 62.3227 16.742 11.5342 45.5807 42.3384 37.268 89.1387 86.5543 6.75835
internal_count=1302 735 716 697 131 566 540 99 80 567 100 72 51 467 68 399 83 59 316 88 61 228 210 186 527 513 44
is_linear=0
shrinkage=0.03


Tree=187
num_leaves=18
num_cat=0
split_feature=10 9 10 28 6 25 6 18 28 14 5 5 17 17 17 2 12
split_gain=0.534487 2.31716 1.25889 1.94891 1.58393 2.77539 1.86469 3.36834 1.4958 2.15911 1.63453 1.57796 2.02235 1.52699 1.00448 2.59947 1.59409
threshold=-0.0085245257782327038 1.5091883961941743 -0.004833409244103192 1.1018938997871897 38592.361696635264 -0.3380498307476591 16663.053837959513 0.011617853247749334 1.3116755706591714 0.73306728764965878 12412.916120778818 33052.724219132811 20.710000038146976 16.82499980926514 19.289999961853031 462.09000000000009 -0.0052308041733565838
decision_type=2 2 2 2 2 2 2 2 2 2 2 2 2 2 2 2 2
left_child=1 -1 3 -2 6 -6 8 -8 11 10 13 14 -13 -10 16 -16 -4
right_child=2 -3 4 -5 5 -7 7 -9 9 -11 -12 12 -14 -15 15 -17 -18
leaf_value=-0.023818666638984996 -0.0028594627021331629 0.010244059477776081 0.0087660536349791693 0.022046106703374341 0.0075495506099879078 -0.031291270181615899 0.031513521723125278 -0.0055709302594302047 0.0064734810967053457 -0.027241390469639491 0.012731576943936304 0.024516465059204958 -0.0051954351317501819 -0.017669291013561128 0.011057494020490985 -0.013243412855694938 -0.00051237735434743828
leaf_weight=3.8772259727120391 5.4730648696422559 3.3506581373512745 19.056727804243565 5.8505467884242535 2.9093738049268723 3.8425034768879405 4.5887857154011709 4.2420958131551743 3.598623603582384 4.2497515752911559 4.2466313280165187 5.2921201102435571 3.377655066549778 6.8380153626203537 5.4740004166960743 14.339967245236037 132.78446640074253
leaf_count=24 37 24 105 37 19 25 29 25 18 28 24 36 22 40 32 94 683
internal_value=0 -0.00802808 0.000259265 0.0100084 -0.000254585 -0.0145548 0.000209416 0.0136992 -0.000388437 -0.00841018 -0.0029599 0.000453797 0.012941 -0.0093447 -0.000176894 -0.00652981 0.000652106
internal_weight=0 7.22788 226.164 11.3236 214.841 6.75188 208.089 8.83088 199.258 18.933 14.6833 180.325 8.66978 10.4366 171.655 19.814 151.841
internal_count=1302 48 1254 74 1180 44 1136 54 1082 110 82 972 58 58 914 126 788
is_linear=0
shrinkage=0.03


Tree=188
num_leaves=31
num_cat=0
split_feature=18 5 23 23 28 10 4 6 24 11 27 26 4 13 28 13 13 13 4 25 25 27 13 15 25 14 10 10 13 12
split_gain=0.531157 1.76061 2.45465 2.99632 1.74487 2.60597 2.72498 2.1412 1.69549 1.48232 2.18304 2.81617 1.46592 1.39949 1.35433 1.22859 3.42315 2.61094 2.46126 2.93645 3.05813 2.32846 3.20161 2.10114 1.86469 2.06542 1.94285 2.08324 1.88359 1.64154
threshold=0.042386829971569846 2805.8985374590043 -1.0000000180025095e-35 -1.188898348858231 0.87097320560306335 0.0004721079281507779 742981.00000000012 307.20476168058309 -0.70414753579170752 -0.0050126126476886515 0.0027155538660284576 1.9489285714285653 7701517.0000000009 -0.0064021054976998162 0.99196345542162101 0.0052946184980776642 0.0062336411257460375 0.0046634370286257063 538706.50000000012 0.11384244291048219 0.25841742952299002 0.0051075298403916126 0.0091070139118023547 1.5958762582939343e-05 -0.35524297224226686 0.17849111158405098 -0.0041023910246462117 -0.0029039076371863422 -0.0057756643305220115 -0.006289978945962559
decision_type=2 2 2 2 2 2 2 2 2 2 2 2 2 2 2 2 2 2 2 2 2 2 2 2 2 2 2 2 2 2
left_child=9 4 3 -3 -2 7 -7 -6 13 10 -1 -12 -13 -9 -10 17 -17 24 -18 21 -21 22 -20 -22 25 -11 -26 -28 -29 -23
right_child=1 2 -4 -5 5 6 -8 8 14 15 11 12 -14 -15 -16 16 18 -19 19 20 23 29 -24 -25 26 -27 27 28 -30 -31
leaf_value=-0.010586048819074999 0.019042902316396028 -0.021344597568821899 -0.036324940017321235 0.015932134128400985 0.019812643599231131 0.0014612687453145795 -0.034733208697794109 -0.0031088923451934336 -0.00019199412813767066 0.0072358096805409311 0.038129314022766411 -0.0069934019216314975 0.020077684029754878 0.018955844009267277 -0.019554596518030456 0.022542768402776268 -0.023366491028425949 -0.025225275898074259 0.00031874106456744155 -0.026455571006111178 0.012662317679508539 0.012737979954701264 0.031145887662415824 -0.010378486307016713 -0.021056640930912147 -0.018095467207657402 0.023838651739659447 -0.0064219211796183364 0.0031891881735382228 -0.015734003110050094
leaf_weight=3.5039425864815703 3.9830010496079913 4.3058973215520382 3.0336936041712743 3.5330426692962646 5.1262213010340956 3.5529998391866675 3.957007247954607 5.3813246786594391 7.3858403228223324 4.0302898138761512 3.6479808799922449 3.811666339635849 3.4116175249218941 4.9824484139680862 5.8076380118727684 7.5345142036676398 3.5351515188813201 4.1001673080027095 5.0963287726044673 4.7665176838636425 7.2253804802894575 3.3814575895667076 7.485912311822176 7.0256957784295082 3.5916448831558219 10.301548331975935 3.5898979976773253 25.321933314204216 66.673017576336861 3.9529125392436972
leaf_count=20 23 34 20 23 28 18 27 32 41 21 24 22 27 29 40 41 18 23 26 24 43 20 49 39 18 54 22 130 345 21
internal_value=0 -0.00270173 -0.0134114 -0.00454382 0.000196551 -0.00187744 -0.0176095 0.00224159 -0.001582 0.000761092 0.0100063 0.0166435 0.0057925 0.00749887 -0.00871522 -3.18219e-05 0.0039072 -0.00170659 0.000601058 0.00277727 -0.00565408 0.010828 0.0186596 0.00130334 -0.00085704 -0.010972 0.000604656 0.00141859 0.000543697 -0.0026072
internal_weight=0 51.0491 10.8726 7.83894 40.1765 36.1935 7.51001 28.6835 23.5573 181.988 14.3752 10.8713 7.22328 10.3638 13.1935 167.612 50.0039 117.608 42.4694 38.9342 19.0176 19.9166 12.5822 14.2511 113.508 14.3318 99.1765 95.5848 91.995 7.33437
internal_count=1302 315 77 57 238 215 45 170 142 987 93 73 49 61 81 894 281 613 240 222 106 116 75 82 590 75 515 497 475 41
is_linear=0
shrinkage=0.03


Tree=189
num_leaves=24
num_cat=0
split_feature=26 14 12 26 5 18 23 6 27 26 22 12 15 15 9 12 22 4 4 13 11 6 10
split_gain=0.535116 1.92159 2.90889 1.88255 2.21379 1.50565 2.92773 2.60616 1.21568 2.32275 1.21878 4.19267 5.25037 4.08747 2.59924 2.56986 4.27377 3.34897 2.50104 2.00761 1.83726 1.09056 0.643139
threshold=1.2749999999999957 0.88899735345930997 0.0039560586656824945 1.3317857142857132 560.65043855246358 -0.0062379015830295583 0.72912413894474082 14.258378206669809 0.0020752809010757688 1.4110714285714285 63.866398260458467 0.0072550328315199595 1.6390756604603998e-05 0.0014149812338612503 0.49035557276852332 0.010390619725994978 60.50487076523158 7240581.0000000009 1089840.5000000002 -0.004221380749407754 0.0095632471762294741 651.17841188121417 0.0014009861326437225
decision_type=2 2 2 2 2 2 2 2 2 2 2 2 2 2 2 2 2 2 2 2 2 2 2
left_child=1 2 5 4 -2 -1 7 -7 -5 21 15 14 18 -14 -12 16 20 -18 -13 -16 -11 -10 -3
right_child=3 22 -4 8 -6 6 -8 -9 9 10 11 12 13 -15 19 -17 17 -19 -20 -21 -22 -23 -24
leaf_value=-0.017728408636073729 0.027153702384744311 -0.024451279538708022 0.0238056827698882 0.01856309495148865 -0.00025136985942751427 -0.003586084769606479 -0.015292411140413282 0.027481332868385333 -0.0060586064606517488 0.00020819959923449685 -0.010397355893705999 0.012440005990940025 0.02267900382519716 -0.015658281486309728 0.037283589022173137 0.017325562865464991 -0.04003606705693271 -0.002330960799268159 -0.014968458225717639 0.013545865023683832 -0.01759797521857949 -0.0267799352769682 -0.0074846361547263318
leaf_weight=5.3136248514056232 5.0919203013181669 4.1734339445829374 4.0631251484155646 3.0895443558692923 5.5383129119873047 5.1842740140855366 6.2726810276508322 4.5744524076581001 5.2915881574153882 98.720620196312666 3.1271410807967213 3.5375626161694553 9.8485638499259931 3.3558254092931739 4.2331837806850716 6.2719116732478133 4.6387212239205819 3.9046801719814539 19.585618279874325 13.222403727471825 5.5060972906649104 4.0244028344750404 3.880191758275032
leaf_count=27 26 20 20 19 30 26 36 24 27 580 17 20 55 25 23 39 26 23 97 69 32 21 20
internal_value=0 -0.00350752 0.000539974 0.00059284 0.0128758 -0.00388876 0.000698403 0.0109769 -0.000100363 -0.000411596 0.000361332 0.00397245 -0.00215677 0.0129358 0.0147902 -0.00136503 -0.00240454 -0.0228033 -0.0107753 0.0193025 -0.000732466 -0.01501 -0.0162768
internal_weight=0 33.4618 25.4082 198.988 10.6302 21.345 16.0314 9.75873 188.358 185.268 175.952 56.9103 36.3276 13.2044 20.5827 119.042 112.77 8.5434 23.1232 17.4556 104.227 9.31599 8.05363
internal_count=1302 173 133 1129 56 113 86 50 1073 1054 1006 306 197 80 109 700 661 49 117 92 612 48 40
is_linear=0
shrinkage=0.03


Tree=190
num_leaves=25
num_cat=0
split_feature=17 27 27 27 15 22 12 10 4 24 15 11 7 11 5 6 14 22 2 13 12 28 25 17
split_gain=0.524556 1.64972 4.30323 1.88216 1.43752 5.25849 2.61541 2.23722 2.41867 2.22903 2.23806 2.04536 1.71944 2.53861 1.28426 1.25124 1.15077 2.11353 1.30014 1.96695 1.69693 3.6086 2.0937 1.64692
threshold=16.634999275207523 0.002690123628902153 0.0027819222335030034 0.0029661047862296667 -3.4295224840539039e-05 53.674630002361418 0.0072550328315199595 0.0048000774220066109 13485834.000000002 -0.24473866967651409 -1.6683628471668871e-05 0.0020774509907162124 -7122.7420337567119 0.0037871061531075116 6949.6497149766446 2946.6737862789782 0.07942722437433207 23.394626787984695 670.48000000000013 0.0054357656261055385 0.012396246463269091 0.83190032692452143 -0.3964430458330736 17.369999885559086
decision_type=2 2 2 2 2 2 2 2 2 2 2 2 2 2 2 2 2 2 2 2 2 2 2 2
left_child=4 15 -3 -4 5 -1 -7 8 9 -6 11 -11 -12 -14 -9 -2 17 -5 20 23 22 -22 -18 -20
right_child=1 2 3 16 7 6 -8 14 -10 10 12 -13 13 -15 -16 -17 18 -19 19 -21 21 -23 -24 -25
leaf_value=0.01922877191513923 -0.022018394327157735 0.032204935497060869 -0.023018718611413767 -0.011125198954547763 -0.016227284988088363 -0.0075778363148993957 -0.03765131564508644 0.032908919941969296 -0.017487288940444337 0.030057877648880977 0.018784020863061891 0.0026133127865748704 -0.003404915983461221 0.0098654424388467023 0.0062445958861799423 -0.0016371677001353196 0.0047747551422071353 0.023835046334962206 -0.0031671524170838999 0.0069272069564345019 -0.0097952425114747211 0.023455907112909385 -0.0056926703377610062 -0.029403725020775876
leaf_weight=5.0001475512981441 5.7952705267816764 3.5593752115964881 3.4813428185880175 2.4202130734920493 5.0608759671449652 7.8959248736500722 3.8823250830173492 3.3467503264546385 5.5247970893979064 5.4082830846309644 5.2444646656513134 4.4589954316616058 40.324104920029647 19.128363564610481 3.1612263806164265 5.093786396086216 27.350454699248068 4.3601730465888977 3.7400553151965124 4.0769326835870734 4.8741021826863271 7.3927475046366453 46.330855013802655 5.0753507986664772
leaf_count=27 36 19 22 18 27 37 21 21 34 26 30 23 204 96 21 27 166 30 19 22 26 47 275 28
internal_value=0 -0.00133371 -0.000255977 -0.00131499 0.00152545 -0.00654782 -0.0174906 0.0030033 0.00170755 0.00303939 0.00434707 0.0176558 0.00231729 0.000864717 0.0199568 -0.0124843 -0.000599618 0.0113562 -0.00141978 -0.0103036 -8.71918e-05 0.0102439 -0.00180717 -0.0182725
internal_weight=0 123.551 112.662 109.102 108.436 16.7784 11.7782 91.6579 85.1499 79.6251 74.5642 9.86728 64.6969 59.4525 6.50798 10.8891 105.621 6.78039 98.8405 12.8923 85.9482 12.2668 73.6813 8.81541
internal_count=1302 735 672 653 567 85 58 482 440 406 379 49 330 300 42 63 631 48 583 69 514 73 441 47
is_linear=0
shrinkage=0.03


Tree=191
num_leaves=31
num_cat=0
split_feature=7 4 4 4 10 12 5 0 17 5 5 9 10 11 17 27 6 28 28 12 0 13 22 26 25 14 22 28 18 24
split_gain=0.531868 3.33175 2.3201 2.77974 2.96534 2.08883 1.4671 1.3216 1.10316 3.03533 3.54867 3.45363 3.00475 3.30771 2.22412 2.11641 1.71287 2.8393 2.95474 2.56118 2.61444 2.37494 2.19863 2.48488 3.05445 2.27821 2.17581 1.90318 1.80401 1.28805
threshold=12945.367838922708 17045940.000000004 13073736.000000002 9646933.0000000019 0.00087214232963239724 0.0042058577127233052 10157.304584189294 620.4000000000002 16.110000610351566 1303.1104259514279 78.790307659943849 1.429294406416064 -0.00016950430168150008 -0.0015392594868852136 15.144999980926515 0.0027039236978083831 2847.1269187150865 0.70043860910066191 0.74868490017512646 0.013743441152297422 612.24000000000012 0.018200193465444773 40.353833582139764 1.2949999999999997 0.68301673718733669 0.07942722437433207 33.234314890286051 1.1582175825317267 0.040374618715276707 1.2083887070366557
decision_type=2 2 2 2 2 2 2 2 2 2 2 2 2 2 2 2 2 2 2 2 2 2 2 2 2 2 2 2 2 2
left_child=6 2 3 4 -2 -6 8 -3 9 10 11 12 13 -1 -11 -12 17 -10 -19 21 -21 -20 25 -24 28 -18 -27 -28 -25 -14
right_child=1 7 -4 -5 5 -7 -8 -9 16 14 15 -13 29 -15 -16 -17 22 18 19 20 -22 -23 23 24 -26 26 27 -29 -30 -31
leaf_value=0.023193487121114319 0.038024083044225152 -0.0030948717937773164 0.027913245883997677 -0.013947833234220023 0.020498380050391153 -0.0098822943695148647 -0.017631969737759108 -0.030578666388987312 -0.027295148496838412 -0.0012238979720975952 -0.00078767480579146777 -0.017069242798955442 0.034139533431919715 -0.0096666169090187347 0.02406611906541806 -0.026824508115756235 0.012721260219774776 0.026738177817415571 -0.0041925108512232689 0.027074942522300412 -0.0044355493258661366 -0.028255005400802266 -0.019035242432019074 0.021207092320551513 -0.012482040207756043 0.00234907253610126 -0.032544998431284361 -0.0038818274411732659 0.002004467663557402 0.011219724564358567
leaf_weight=4.0833084583282462 3.0225424468517401 3.6131728515028945 4.8198778368532649 5.1802833937108508 3.6006464660167676 4.6896717995405197 4.4154307302087537 2.791058637201786 4.4066995754837981 4.7200663536787024 5.1953834742307645 5.0725374892354003 4.8827582523226756 8.4876646026968974 9.2886450439691526 6.1189455538988113 5.248874960467222 2.9801558032631865 77.509585486724973 4.6854205727577192 4.7950377985835075 3.8762095570564261 2.6741700619459179 15.650679148733621 4.0792016908526412 6.911102630198001 4.8818460553884488 3.6388665437698364 6.1267996318638316 4.0265095978975296
leaf_count=23 16 26 36 29 22 26 26 20 27 23 26 28 28 44 52 29 38 14 412 30 25 21 16 88 26 42 29 21 38 21
internal_value=0 0.00390182 0.00960337 0.00425258 0.0125867 0.00331262 -0.000527565 -0.0150727 -0.0001487 0.00361403 -0.000799738 0.00519517 0.0104529 0.00100702 0.015545 -0.0148688 -0.00147237 -0.0037606 -0.0026555 -0.00361953 0.0111375 -0.00533855 0.00309618 0.00849488 0.0113421 -0.0043518 -0.0101589 -0.0203041 0.0158047 0.023781
internal_weight=0 27.7173 21.313 16.4931 11.3129 8.29032 203.756 6.40423 199.34 51.8758 37.8671 26.5528 21.4802 12.571 14.0087 11.3143 147.465 98.2531 93.8464 90.8663 9.48046 81.3858 49.2115 28.5309 25.8567 20.6807 15.4318 8.52071 21.7775 8.90927
internal_count=1302 175 129 93 64 48 1127 46 1101 274 199 144 116 67 75 55 827 529 502 488 55 433 298 168 152 130 92 50 126 49
is_linear=0
shrinkage=0.03


Tree=192
num_leaves=18
num_cat=0
split_feature=10 9 10 28 6 25 6 18 28 14 5 5 17 17 28 9 28
split_gain=0.533215 2.17847 1.23696 1.77831 1.50541 2.60174 1.76609 3.11971 1.37087 2.05471 1.49671 1.48754 1.87762 1.40265 0.917138 2.67502 2.01184
threshold=-0.0085245257782327038 1.5091883961941743 -0.004833409244103192 1.1018938997871897 38592.361696635264 -0.3380498307476591 16663.053837959513 0.011617853247749334 1.3116755706591714 0.73306728764965878 12412.916120778818 33052.724219132811 20.710000038146976 16.82499980926514 1.1359317764382537 0.73961440964215253 1.0982336456575224
decision_type=2 2 2 2 2 2 2 2 2 2 2 2 2 2 2 2 2
left_child=1 -1 3 -2 6 -6 8 -8 11 10 13 14 -13 -10 16 -16 -4
right_child=2 -3 4 -5 5 -7 7 -9 9 -11 -12 12 -14 -15 15 -17 -18
leaf_value=-0.023456443824679117 -0.0023373524503057129 0.0097601623529788902 -0.00016155943822890168 0.02159561753505005 0.0072717990076381625 -0.030715869945162049 0.030814780776917822 -0.005154802026480566 0.0062948903743420374 -0.026591809501533906 0.01235945168742174 0.02397370348862948 -0.0048967133044791897 -0.016912798374206742 0.020009606239161013 -0.0037724612763733465 -0.01640588352902133
leaf_weight=3.8346389383077613 5.4273962751030904 3.3115922082215548 145.31523560732603 5.7592001855373383 2.852561179548502 3.7633704878389826 4.4919137060642225 4.1985029056668282 3.5832585170865077 4.1967696100473395 4.1922059766948214 5.1777649559080583 3.3321856409311295 6.7762711271643639 7.404557257890704 10.012646831572054 7.2017743214964858
leaf_count=24 37 24 772 37 19 25 29 25 18 28 24 36 22 40 44 59 39
internal_value=0 -0.00806374 0.000260856 0.00998407 -0.000251004 -0.0143369 0.000201638 0.0134372 -0.000381662 -0.00809856 -0.00276504 0.000429125 0.0126691 -0.00888549 -0.000183827 0.00633798 -0.000928608
internal_weight=0 7.14623 223.686 11.1866 212.499 6.61593 205.883 8.69042 197.193 18.7485 14.5517 178.444 8.50995 10.3595 169.934 17.4172 152.517
internal_count=1302 48 1254 74 1180 44 1136 54 1082 110 82 972 58 58 914 103 811
is_linear=0
shrinkage=0.03


Tree=193
num_leaves=19
num_cat=0
split_feature=26 9 13 26 18 28 28 15 27 26 25 9 22 14 23 3 24 27
split_gain=0.521303 1.89865 1.84979 1.79034 2.13861 1.63962 3.94813 1.68632 1.14077 2.22434 2.24098 2.10377 1.26426 2.12252 1.00366 1.07203 1.22048 0.889072
threshold=1.2749999999999957 1.2399951316733702 0.0018406342788922505 1.3317857142857132 -1.0000000180025095e-35 0.97102068993049551 0.90881080934450209 1.4952041629110136e-05 0.0020752809010757688 1.4646428571428529 0.23193103031143122 0.76423777279440808 85.305083052326935 0.97989343676948548 2.6456271743012967 682.8850000000001 0.49457983681712964 0.0024274735905136947
decision_type=2 2 2 2 2 2 2 2 2 2 2 2 2 2 2 2 2 2
left_child=1 2 5 4 -2 6 7 -1 -5 10 11 -10 14 -14 15 16 -11 -4
right_child=3 -3 17 8 -6 -7 -8 -9 9 12 -12 -13 13 -15 -16 -17 -18 -19
leaf_value=-0.0017997361180886074 -0.0038607678461418334 -0.018493812553187741 0.021818806366685387 0.018107857573777725 0.023667727063073487 -0.022066260475195099 0.02012783974797994 -0.028265323206736883 -0.017648191994297686 -0.0015182703426582487 -0.028090877307175771 0.0090888500355672478 0.021577511027257714 -0.0050716348635626738 -0.015258770464158317 -0.015682814529470776 0.0040135156184277643 0.0025849327477834821
leaf_weight=5.2561618834734016 4.2469803616404533 6.1680807396769515 3.9622579813003522 3.0491754561662665 6.3186721056699735 4.1430377811193457 5.2179996967315665 3.6865296810865402 5.0179703980684263 89.852400446310639 4.8815410733222953 5.6092525124549866 6.4228084683418256 4.6280570551753044 3.8255995139479628 3.687117636203765 59.776268793269992 4.7630219012498856
leaf_count=27 23 37 20 19 33 21 25 21 25 543 27 30 35 24 21 19 330 22
internal_value=0 -0.00347508 -4.77678e-05 0.000588263 0.0126023 -0.00546637 -0.000609687 -0.0127099 -9.14503e-05 -0.000393533 -0.0112648 -0.00353587 0.000608891 0.010417 -8.08544e-05 0.000297871 0.000691664 0.0113193
internal_weight=0 33.1971 27.029 197.316 10.5657 18.3037 14.1607 8.94269 186.75 183.701 15.5088 10.6272 168.192 11.0509 157.141 153.316 149.629 8.72528
internal_count=1302 173 136 1129 56 94 73 48 1073 1054 82 55 972 59 913 892 873 42
is_linear=0
shrinkage=0.03


Tree=194
num_leaves=16
num_cat=0
split_feature=12 25 25 14 25 2 28 12 22 26 9 22 10 9 4
split_gain=0.7786 1.95862 1.32218 6.67593 2.28337 1.88575 1.68297 1.27489 1.21294 3.83062 3.5645 3.31104 1.73261 1.6323 1.42299
threshold=0.023940279265406431 1.135895664559482 0.73072662817730472 0.96851595750855857 0.6090289932820524 573.73000000000013 0.83983962424500735 0.012297954538120661 64.509976512340572 1.8192857142857204 0.60388888109096073 61.055527013258349 -0.001054129801621839 0.6301368347754106 4502050.5000000009
decision_type=2 2 2 2 2 2 2 2 2 2 2 2 2 2 2
left_child=1 2 4 6 7 -6 -4 8 11 10 -10 13 -13 -1 -11
right_child=-2 -3 3 -5 5 -7 -8 -9 9 14 -12 12 -14 -15 -16
leaf_value=-0.0051323717440139461 -0.013901182876673088 0.017013276744647268 -0.041248351821160989 0.017533050335934372 0.035358971176817931 0.0037635783550109803 -0.014457161477433388 -0.013892202361042816 0.015361365029660868 0.0046461311080829735 -0.0053099007113701991 0.0003507853726831357 -0.025662155299844138 0.0022398035513141877 0.026111580780054332
leaf_weight=38.445668257772923 3.5684758424758902 6.0841790884733191 3.5073373615741712 5.2812447249889365 2.9701979868113986 3.9758676812052727 5.297706576064229 5.9577125981450072 9.8778129294514638 4.2386062964797011 31.289345549419522 3.3815447390079498 7.2347485199570638 91.035380678251386 8.0740759149193746
leaf_count=203 20 36 17 30 17 23 32 36 53 24 164 17 41 545 44
internal_value=0 0.00022189 -0.000241288 -0.00913408 0.000365385 0.017274 -0.025129 -0.000223227 0.000197463 0.00404103 -0.000349954 -0.00126975 -0.0173764 5.08484e-05 0.0187222
internal_weight=0 226.651 220.567 14.0863 206.481 6.94607 8.80504 199.535 193.577 53.4798 41.1672 140.097 10.6163 129.481 12.3127
internal_count=1302 1282 1246 79 1167 40 49 1127 1091 285 217 806 58 748 68
is_linear=0
shrinkage=0.03


Tree=195
num_leaves=19
num_cat=0
split_feature=10 9 10 28 7 18 12 25 25 17 17 12 14 24 6 18 7 25
split_gain=0.506761 2.05062 1.16647 1.67787 1.44555 1.21309 1.21804 1.72229 1.70101 1.61438 3.01746 1.91813 1.81418 1.78234 1.5663 2.92587 1.54783 1.32434
threshold=-0.0085245257782327038 1.5091883961941743 -0.004833409244103192 1.1018938997871897 -59502.017927866058 0.13539872126750221 -0.0049650657009846491 -0.32165731143550563 -0.402399172754421 17.045000076293949 18.579999923706058 -0.0073813944780672927 0.17849111158405098 -0.0095554221564493422 11299.352084364868 0.0056872936242777792 -9092.5023198853869 -0.5162783535911053
decision_type=2 2 2 2 2 2 2 2 2 2 2 2 2 2 2 2 2 2
left_child=1 -1 3 -2 -4 6 9 8 17 11 -11 13 -12 -6 16 -16 -9 -8
right_child=2 -3 4 -5 5 -7 7 14 -10 10 12 -13 -14 -15 15 -17 -18 -19
leaf_value=-0.022874139441624614 -0.0022466641173141963 0.00940397552377557 -0.017704423929423004 0.021040772052713309 0.0018333116479997481 -0.017109745767170122 -0.014367260954012976 -0.022516266201255079 -0.024269842306659649 0.030875336900595116 0.021466703915203156 0.010914089822027847 -0.0013984107982847971 -0.024843789554751469 0.026986528345314609 -0.0065370860161674989 -4.2033729385709988e-05 0.0071622366868186339
leaf_weight=3.8120283707976332 5.4216789975762349 3.3090131022036076 4.1827887408435336 5.7248456217348576 4.7173114120960227 3.6183656360954037 4.9431532248854628 2.8136346265673629 5.1596646383404723 5.0705559290945557 4.1866907291114357 6.0498388782143584 12.292658496648071 4.3165324330329886 5.2767291218042356 4.21462532132864 139.49009624682367 5.3593332394957534
leaf_count=24 37 24 27 37 22 32 25 15 30 31 25 32 82 23 31 27 749 29
internal_value=0 -0.00787511 0.000254726 0.00971374 -0.000243333 0.000108632 0.0004142 -0.000670976 -0.0102094 0.00536877 0.0106376 -0.00215877 0.00441063 -0.0109135 0.000300625 0.0121004 -0.000486395 -0.00316766
internal_weight=0 7.12104 222.839 11.1465 211.692 207.509 203.891 167.257 15.4622 36.6336 21.5499 15.0837 16.4793 9.03384 151.795 9.49135 142.304 10.3025
internal_count=1302 48 1254 74 1180 1153 1121 906 84 215 138 77 107 45 822 58 764 54
is_linear=0
shrinkage=0.03


Tree=196
num_leaves=16
num_cat=0
split_feature=12 25 25 14 25 2 28 12 17 12 10 26 10 15 14
split_gain=0.730618 1.85124 1.2576 6.33016 2.14671 1.80825 1.635 1.19229 1.17797 2.14303 2.61957 2.08222 1.435 3.12951 2.2741
threshold=0.023940279265406431 1.135895664559482 0.73072662817730472 0.96851595750855857 0.6090289932820524 573.73000000000013 0.83983962424500735 0.012297954538120661 16.634999275207523 0.0052793940906957779 -0.00079785618357225408 1.2196428571428566 0.0021560591648173148 2.1637547741073899e-05 0.78127755730651816
decision_type=2 2 2 2 2 2 2 2 2 2 2 2 2 2 2
left_child=1 2 4 6 7 -6 -4 8 12 11 -11 -10 13 -1 -14
right_child=-2 -3 3 -5 5 -7 -8 -9 9 10 -12 -13 14 -15 -16
leaf_value=0.004217755844265615 -0.013452139233119938 0.016579685436469635 -0.040577681821085856 0.017107578374585392 0.034642972850115597 0.00359205847570232 -0.014063520485456031 -0.013446669390522609 -0.032392392370256429 0.005752996380726445 -0.027181427372795774 9.7576770298285551e-06 0.02828822735778223 -0.0097945528786638342 0.0040956610592419234
leaf_weight=57.429423771798611 3.5755262300372115 6.0553975775837889 3.463792219758032 5.2510650828480712 2.9375123046338549 3.9679133072495461 5.2897896897047758 5.9447325766086569 1.8227345794439305 3.3478060513734818 6.1969095803797227 86.052782086655498 4.5985201299190548 19.121092356741428 14.59791264310479
leaf_count=294 20 36 17 30 17 23 32 36 13 18 36 521 26 102 81
internal_value=0 0.000215824 -0.000234538 -0.00893366 0.00035681 0.0168009 -0.0245552 -0.000213488 0.000193764 -0.00212876 -0.0156297 -0.000662335 0.00255687 0.000717706 0.00989101
internal_weight=0 226.077 220.022 14.0046 206.017 6.90543 8.75358 199.112 193.167 97.4202 9.54472 87.8755 95.7469 76.5505 19.1964
internal_count=1302 1282 1246 79 1167 40 49 1127 1091 588 54 534 503 396 107
is_linear=0
shrinkage=0.03


Tree=197
num_leaves=16
num_cat=0
split_feature=12 25 25 14 25 2 28 12 22 26 9 22 10 9 4
split_gain=0.686109 1.74913 1.1902 5.99056 2.02973 1.73192 1.58536 1.12335 1.14556 3.56772 3.35016 3.11033 1.64076 1.54261 1.34964
threshold=0.023940279265406431 1.135895664559482 0.73072662817730472 0.96851595750855857 0.6090289932820524 573.73000000000013 0.83983962424500735 0.012297954538120661 64.509976512340572 1.8192857142857204 0.60388888109096073 61.055527013258349 -0.001054129801621839 0.6301368347754106 4502050.5000000009
decision_type=2 2 2 2 2 2 2 2 2 2 2 2 2 2 2
left_child=1 2 4 6 7 -6 -4 8 11 10 -10 13 -13 -1 -11
right_child=-2 -3 3 -5 5 -7 -8 -9 9 14 -12 12 -14 -15 -16
leaf_value=-0.0050047940290076521 -0.013023143660528667 0.016148575605342746 -0.039867361648926257 0.016690283904863264 0.0339669214939246 0.0034847637253339124 -0.01365423559652316 -0.013060857011893617 0.014954116667763001 0.0044419489766702536 -0.0051193594118443377 0.00036385167202474358 -0.024987350502174131 0.0021721781738634569 0.025380891553286648
leaf_weight=38.338778845965862 3.5824017301201811 6.0309201665222636 3.4204005077481252 5.221339374780654 2.9065709970891467 3.9673900306224823 5.2849744353443384 5.936848856508731 9.841140076518057 4.2348188012838355 31.224737998098135 3.3764981254935265 7.1913848835974914 90.76435450091958 8.0119839608669263
leaf_count=203 20 36 17 30 17 23 32 36 53 24 164 17 41 545 44
internal_value=0 0.000209587 -0.000227907 -0.00871555 0.000346476 0.0163738 -0.0239535 -0.000207368 0.00018805 0.00392922 -0.000308896 -0.00123996 -0.0168875 4.08871e-05 0.0181404
internal_weight=0 225.752 219.721 13.9267 205.795 6.87396 8.70537 198.921 192.984 53.3127 41.0659 139.671 10.5679 129.103 12.2468
internal_count=1302 1282 1246 79 1167 40 49 1127 1091 285 217 806 58 748 68
is_linear=0
shrinkage=0.03


Tree=198
num_leaves=17
num_cat=0
split_feature=12 25 25 14 25 2 28 12 22 22 22 18 27 6 27 9
split_gain=0.644384 1.65252 1.12649 5.66955 1.9191 1.65889 1.53812 1.05971 3.53046 1.39418 3.96137 3.45367 3.48542 3.28344 1.82066 1.45168
threshold=0.023940279265406431 1.135895664559482 0.73072662817730472 0.96851595750855857 0.6090289932820524 573.73000000000013 0.83983962424500735 0.011217577682409387 70.571674213807682 63.866398260458467 61.055527013258349 -0.0046220234074502145 0.0031650347338090952 2946.6737862789782 0.0029282320434827996 0.6301368347754106
decision_type=2 2 2 2 2 2 2 2 2 2 2 2 2 2 2 2
left_child=1 2 4 6 7 -6 -4 9 -9 10 15 12 -11 -13 -12 -1
right_child=-2 -3 3 -5 5 -7 -8 8 -10 11 14 13 -14 -15 -16 -17
leaf_value=-0.0048555184018051409 -0.012609036790208325 0.015727708824097578 -0.039182852547193385 0.016282001803342019 0.033306085781810213 0.0033806655338800289 -0.013256764425859215 0.013744706872235293 -0.024772332144353065 0.0084141595751209691 -0.0071367421253010236 -0.0066891035560665566 0.04123755697956389 0.014495502233072536 -0.034265476897304768 0.0021072471713369802
leaf_weight=38.332026995718479 3.5889518931508055 6.0069052428007117 3.3764169812202436 5.1921482756733885 2.8757837750017634 3.9668758660554886 5.2802018448710442 3.4454109445214254 5.6603315845131874 14.042051985859873 4.4707053974270803 25.040945531800389 3.6732228621840468 8.9338100999593717 4.4352139364928007 90.754415016621351
leaf_count=203 20 36 17 30 17 23 32 21 33 76 24 129 21 49 26 545
internal_value=0 0.000203605 -0.000221272 -0.0085031 0.000336491 0.0159575 -0.0233689 -0.000201214 -0.0101983 0.0002787 -0.00129544 0.00448105 0.01522 -0.00111852 -0.0206471 3.96643e-05
internal_weight=0 225.486 219.48 13.8488 205.631 6.84266 8.65662 198.788 9.10574 189.682 137.992 51.69 17.7153 33.9748 8.90592 129.086
internal_count=1302 1282 1246 79 1167 40 49 1127 54 1073 798 275 97 178 50 748
is_linear=0
shrinkage=0.03


Tree=199
num_leaves=13
num_cat=0
split_feature=12 25 25 14 25 2 28 27 12 6 25 17
split_gain=0.605257 1.56115 1.06624 5.36603 1.81447 1.58898 1.49303 1.02818 1.06898 1.05023 2.70096 1.78934
threshold=0.023940279265406431 1.135895664559482 0.73072662817730472 0.96851595750855857 0.6090289932820524 573.73000000000013 0.83983962424500735 0.0089409740749043683 0.012297954538120661 2847.1269187150865 0.13670360636257353 16.110000610351566
decision_type=2 2 2 2 2 2 2 2 2 2 2 2
left_child=1 2 4 6 7 -6 -4 8 9 11 -11 -1
right_child=-2 -3 3 -5 5 -7 -8 -9 -10 10 -12 -13
leaf_value=0.0043050188681200445 -0.012209199070125831 0.015316844546368225 -0.03852215519129544 0.015882531740965402 0.032659596223804897 0.0032796697772816924 -0.012870755401112453 -0.016002841640914787 -0.012476142260835887 0.00027453545631611869 0.01633222298764898 -0.0031371790169708036
leaf_weight=41.756917640566826 3.5951944962143889 5.9833575747907153 3.3319715932011587 5.1634967029094687 2.8451949954032889 3.966371089220047 5.2754772398620844 3.6354631241410962 5.8993750661611548 39.12039091065526 12.420639529824255 95.742375414818525
leaf_count=223 20 36 17 30 17 23 32 23 36 238 72 535
internal_value=0 0.000197892 -0.00021488 -0.00829607 0.000326954 0.0155517 -0.0228005 -0.000195288 9.95102e-05 0.000491958 0.0041442 -0.000877071
internal_weight=0 225.141 219.158 13.7709 205.387 6.81157 8.60745 198.575 194.94 189.04 51.541 137.499
internal_count=1302 1282 1246 79 1167 40 49 1127 1104 1068 310 758
is_linear=0
shrinkage=0.03


end of trees

feature_importances:
volatility_surge=342
gap_size=292
momentum_2d=284
atr=253
volume_surge=244
momentum_5d=242
relative_strength=242
momentum_10d=240
vix_change=239
vix_level=229
momentum_acceleration=204
atr_pct=191
rsi=182
macd_histogram=166
buy_pressure=165
volume=164
sell_pressure=162
macd=155
macd_signal=141
close=100
net_pressure=90
open=67
low=63
high=60
gap_filled=21
pc_ratio_change=2

parameters:
[boosting: gbdt]
[objective: binary]
[metric: binary_logloss]
[tree_learner: serial]
[device_type: cpu]
[data: ]
[valid: ]
[num_iterations: 200]
[learning_rate: 0.03]
[num_leaves: 31]
[num_threads: 0]
[deterministic: 0]
[force_col_wise: 1]
[force_row_wise: 0]
[histogram_pool_size: -1]
[max_depth: 8]
[min_data_in_leaf: 20]
[min_sum_hessian_in_leaf: 0.001]
[bagging_fraction: 1]
[pos_bagging_fraction: 1]
[neg_bagging_fraction: 1]
[bagging_freq: 0]
[bagging_seed: 3]
[feature_fraction: 1]
[feature_fraction_bynode: 1]
[feature_fraction_seed: 2]
[extra_trees: 0]
[extra_seed: 6]
[early_stopping_round: 0]
[first_metric_only: 0]
[max_delta_step: 0]
[lambda_l1: 0]
[lambda_l2: 0]
[linear_lambda: 0]
[min_gain_to_split: 0]
[drop_rate: 0.1]
[max_drop: 50]
[skip_drop: 0.5]
[xgboost_dart_mode: 0]
[uniform_drop: 0]
[drop_seed: 4]
[top_rate: 0.2]
[other_rate: 0.1]
[min_data_per_group: 100]
[max_cat_threshold: 32]
[cat_l2: 10]
[cat_smooth: 10]
[max_cat_to_onehot: 4]
[top_k: 20]
[monotone_constraints: ]
[monotone_constraints_method: basic]
[monotone_penalty: 0]
[feature_contri: ]
[forcedsplits_filename: ]
[refit_decay_rate: 0.9]
[cegb_tradeoff: 1]
[cegb_penalty_split: 0]
[cegb_penalty_feature_lazy: ]
[cegb_penalty_feature_coupled: ]
[path_smooth: 0]
[interaction_constraints: ]
[verbosity: -1]
[saved_feature_importance_type: 0]
[linear_tree: 0]
[max_bin: 255]
[max_bin_by_feature: ]
[min_data_in_bin: 3]
[bin_construct_sample_cnt: 200000]
[data_random_seed: 1]
[is_enable_sparse: 1]
[enable_bundle: 1]
[use_missing: 1]
[zero_as_missing: 0]
[feature_pre_filter: 1]
[pre_partition: 0]
[two_round: 0]
[header: 0]
[label_column: ]
[weight_column: ]
[group_column: ]
[ignore_column: ]
[categorical_feature: ]
[forcedbins_filename: ]
[precise_float_parser: 0]
[parser_config_file: ]
[objective_seed: 5]
[num_class: 1]
[is_unbalance: 0]
[scale_pos_weight: 1]
[sigmoid: 1]
[boost_from_average: 1]
[reg_sqrt: 0]
[alpha: 0.9]
[fair_c: 1]
[poisson_max_delta_step: 0.7]
[tweedie_variance_power: 1.5]
[lambdarank_truncation_level: 30]
[lambdarank_norm: 1]
[label_gain: ]
[eval_at: ]
[multi_error_top_k: 1]
[auc_mu_weights: ]
[num_machines: 1]
[local_listen_port: 12400]
[time_out: 120]
[machine_list_filename: ]
[machines: ]
[gpu_platform_id: -1]
[gpu_device_id: -1]
[gpu_use_dp: 0]
[num_gpu: 1]

end of parameters

pandas_categorical:[]
