tree
version=v4
num_class=1
num_tree_per_iteration=1
label_index=0
max_feature_idx=14
objective=binary sigmoid:1
feature_names=vix_change vix_level gap_size rsi momentum_2d momentum_acceleration volume_surge relative_strength volatility_surge momentum_10d pc_ratio_change momentum_5d volume atr macd_signal
feature_infos=[-0.35753873962348437:0.74039073966007019] [11.859999656677246:82.69000244140625] [-0.1103356167334454:0.063834802696713933] [10.408921932633959:96.715878272509954] [-0.15315207410069065:0.13931123408370505] [-0.20412644158753035:0.30064693679833066] [0.26788922731362563:3.9193122410682388] [0:0.99999999999797318] [0.49608295076415732:2.5495897246369226] [-0.26394477463176935:0.21705259764680607] [-0.83955683127486491:5.5076312667872998] [-0.18874780081083142:0.19862461720303015] [611600:392220700] [1.430000000000015:24.366428571428553] [-19.845168798588404:12.208521641771931]
tree_sizes=3208 2907 3016 2821 3015 3014 2895 2363 3011 2579 3427 3325 3428 2600 3448 3428 3443 3420 3437 3449 2154 2045 2896 2164 3419 2152 3442 2267 3438 3445 3332 3446 3332 3434 3436 3425 3414 3447 3425 3434 3430 2588 2795 2465 2792 3243 1532 1538 3013 3231 3107 3098 2810 3322 2266 3017 3010 2897 2996 2922 2786 1613 1615 2255 2580 2797 3116 2803 3454 2802 2052 1845 1622 1846 1422 3428 3456 2481 3106 1509 1846 1410 3444 1956 3428 3133 1941 1415 2702 3456 3430 3436 2588 2790 2695 3431 2053 1731 3304 1613 2810 2799 2908 3229 2794 3446 3443 3453 3453 3016 1520 1950 1418 1415 2266 3119 3225 1739 1737 2918 3448 3025 3217 3467 2264 3021 2798 3462 3463 3433 2162 2389 2383 1525 1739 2061 1416 1516 1520 1511 3418 2166 1416 3126 2597 3425 3432 3445 2913 2797 3442 3447 3432 3014 1217 3439 3423 2055 3437 2159 2912 2913 3449 3434 3015 3437 3009 2583 3109 2794 3437 2904 2908 3440 2257 2481 2484 3447 2068 1742 2688 1523 2264 1626 1420 3449 3456 3436 3430 3434 3132 3450 3439 3012 3445 2059 1744 3432 1833 1950 2367 2566 2920 2471 3216 3418 3448 3001 3437 3006 1514 1615 2149 2602 2610 2258 2365 2054 2498 1949 3447 3444 3347 2271 3444 1852 1848 1849 1957 1956 1842 2370 2598 1836 2594 3121 3451 3419 3458 3422 1622 3225 2605 3451 1200 1945 1950 1840 2270 1952 3430 3455 3344 3449 3453 3440 2385 3450 2165 2475 3137 3443 2910 3117 3339 2693 2163 1747 2794 2599 1934 2049 2046 1942 2059 2921 2811 2923 2795 2375 2474 2263 1212 1418 1954 3235 3241 1841 1954 2603 2602 1955 1954 2393 3438 3446 1522 2164 1319 2372

Tree=0
num_leaves=30
num_cat=0
split_feature=11 1 14 4 5 14 1 3 4 7 12 7 11 14 6 0 8 13 11 14 3 1 3 14 3 4 7 5 9
split_gain=8.0494 9.07388 15.1979 13.7503 14.315 8.00179 7.42665 6.90721 14.9273 11.6309 10.8512 10.5284 8.6209 8.53839 13.7976 9.26134 8.07922 7.59141 7.40133 7.21141 12.2372 12.1252 6.58769 6.33987 5.27128 4.23652 4.11393 2.92952 2.17761
threshold=0.047585706381605426 33.649999618530281 -0.78968295796798005 -0.017264988352319318 -0.0052802876873014873 -1.3815670401653486 22.020000457763675 66.366816012311503 0.022164141349841352 0.56424333336124544 2791800.0000000005 0.14494553206575914 -0.0017250332664696664 5.6576982643260418 0.89803379387493887 0.085589081342127962 1.136327080635682 5.6889285714285691 -0.037119394099171636 -0.71248707198737127 40.041364824278723 29.525000572204593 47.245910043835515 -0.04006784509533063 73.08649071693408 0.024204154297822082 0.075338735129045972 -0.046612931299682685 -0.03231086797137344
decision_type=2 2 2 2 2 2 2 2 2 2 2 2 2 2 2 2 2 2 2 2 2 2 2 2 2 2 2 2 2
left_child=1 3 27 4 5 -1 -2 9 10 11 24 18 -12 15 -15 16 -11 -14 -5 21 -21 -13 28 -6 -9 -8 -20 -3 -7
right_child=6 2 -4 7 23 22 25 8 -10 13 12 19 17 14 -16 -17 -18 -19 26 20 -22 -23 -24 -25 -26 -27 -28 -29 -30
leaf_value=0.18741754976235692 0.21354727518698169 0.19690011140839009 0.24520417679872966 0.23732893772782684 0.19210277603377135 0.21183796819185846 0.19607292314609984 0.17415048327969485 0.17247817333759913 0.21388629037639376 0.22667122970026291 0.21318971872220677 0.20918795886337885 0.17832776542411102 0.21496900501279309 0.19311666509507383 0.22661133514275264 0.19489097095235317 0.19953438787445293 0.18025294762979849 0.20302975119004454 0.18356678585270314 0.19652948809606524 0.1636482511057441 0.20046736078951688 0.17351480990989238 0.22134454159381617 0.2174474678436803 0.2284565482414346
leaf_weight=19.540512844920158 12.614761456847189 12.614761456847189 15.088244095444677 12.614761456847189 14.346199303865435 15.830288887023928 17.067030206322674 13.10945798456669 12.862109720706938 232.50736802816391 20.035209372639656 70.741603463888168 149.64569963514805 15.582940623164175 22.756040275096893 16.324985414743423 55.653359368443489 43.038597911596298 16.077637150883678 30.423836454749107 70.246906936168671 15.088244095444677 19.045816317200661 13.851502776145933 14.346199303865431 13.356806248426436 15.088244095444677 12.367413192987444 12.862109720706938
leaf_count=79 51 51 61 51 58 64 69 53 52 940 81 286 605 63 92 66 225 174 65 123 284 61 77 56 58 54 61 50 52
internal_value=0.206713 0.207455 0.22143 0.206847 0.196068 0.203589 0.194194 0.208093 0.203965 0.209916 0.205651 0.204701 0.207942 0.213419 0.200076 0.215099 0.216344 0.205995 0.217941 0.201593 0.196146 0.207982 0.210208 0.178125 0.187902 0.186169 0.210093 0.207072 0.219288
internal_weight=0 961.69 40.0704 921.62 95.4764 67.2787 43.0386 826.143 253.037 573.106 240.175 230.281 212.72 342.825 38.339 304.486 288.161 192.684 43.7806 186.501 100.671 85.8298 47.7382 28.1977 27.4557 30.4238 31.1659 24.9822 28.6924
internal_count=4062 3888 162 3726 386 272 174 3340 1023 2317 971 931 860 1386 155 1231 1165 779 177 754 407 347 193 114 111 123 126 101 116
is_linear=0
shrinkage=1


Tree=1
num_leaves=26
num_cat=0
split_feature=2 1 4 5 9 1 0 4 7 12 7 2 5 4 0 13 1 1 3 14 13 6 14 6 13
split_gain=13.4946 12.2367 13.0613 14.0953 11.1431 10.6597 10.5233 10.3036 7.99708 7.94701 8.65771 8.65815 7.38658 7.83416 7.01099 6.83334 6.62315 7.70926 6.16551 6.16176 5.97414 5.53707 5.41493 4.70436 2.89966
threshold=0.01279585406184318 33.649999618530281 -0.017264988352319318 -0.0052802876873014873 0.063910734737450361 41.274999618530281 -0.046062386926354663 0.020783568119243093 0.95022927288907599 3924654.0000000005 0.58170596773547889 0.0031424847538594129 -0.0014338211320198411 0.022164141349841352 -0.0073448186496602999 2.2885714285714345 24.729999542236332 28.184999465942386 54.430359361325664 -0.04006784509533063 6.3385714285714245 1.3597552516924669 8.4144457860761275 0.74145353595225016 4.3607142857142795
decision_type=2 2 2 2 2 2 2 2 2 2 2 2 2 2 2 2 2 2 2 2 2 2 2 2 2
left_child=1 2 3 16 8 -3 7 -2 9 10 11 -4 23 14 -14 -11 21 -18 -12 -5 -6 -1 -17 -10 -25
right_child=6 5 4 19 20 -7 -8 -9 12 15 18 -13 13 -15 -16 22 17 -19 -20 -21 -22 -23 -24 24 -26
leaf_value=-0.0033476346126544735 -0.047900835637535881 0.031528852500515785 -0.018532738189771917 -0.014151044721724286 -0.0018428238901666311 -0.00063344272267420478 0.0015172545427004228 -0.009562763403516604 -0.00078234865051626768 0.027456708814472579 0.018606742046161917 0.0084353461647536758 0.0091313984016015287 -0.021565279301444577 -0.0075080794815711571 0.0042853100142582236 -0.026270724236059195 0.0043093602545735896 -0.00060358061169816526 -0.042039895661254691 -0.028100523958309542 0.021162899622762219 0.022548690413328038 -0.013270053127538182 -0.032865537415949692
leaf_weight=21.276506647467613 12.612652927637102 21.467170983552933 42.311813592910767 14.367043703794481 14.355887889862062 16.329549759626389 17.564820438623428 12.623877137899397 14.105058774352072 12.354626089334486 18.536031320691109 14.347531482577322 61.073709338903427 13.372033357620237 36.356431022286415 464.40185248851776 17.076335608959202 13.120193436741827 79.639761134982109 14.154296800494192 17.072469830513 13.595406666398047 15.085364997386931 15.084740847349169 12.369377106428145
leaf_count=86 51 87 171 58 58 66 71 51 57 50 75 58 247 54 147 1878 69 53 322 57 69 55 61 61 50
internal_value=0 0.000902582 0.000218233 -0.0104064 0.00141558 0.0176336 -0.0163132 -0.0287233 0.00210477 0.00356156 -0.00236575 -0.0117038 -0.00407838 -3.29437e-05 0.00292231 0.00542751 -0.00269833 -0.0129839 0.00302341 -0.0279915 -0.0161065 0.00620821 0.0048599 -0.014864 -0.0220987
internal_weight=0 961.853 924.056 93.5898 830.467 37.7967 42.8014 25.2365 799.038 646.677 154.835 56.6593 152.361 110.802 97.4301 491.842 65.0684 30.1965 98.1758 28.5213 31.4284 34.8719 479.487 41.5592 27.4541
internal_count=4062 3889 3736 378 3358 153 173 102 3231 2615 626 229 616 448 394 1989 263 122 397 115 127 141 1939 168 111
is_linear=0
shrinkage=0.03


Tree=2
num_leaves=27
num_cat=0
split_feature=2 1 4 5 9 1 0 4 7 12 7 2 5 4 0 0 4 1 14 3 14 7 6 6 5 10
split_gain=12.6781 11.5408 12.2804 13.2195 10.4716 10.09 9.86038 9.61717 7.52562 7.4823 8.13717 8.12904 6.93688 7.35831 6.67872 6.52396 9.15479 6.66561 6.40744 5.81508 5.76464 4.75416 4.40994 3.71562 3.67443 3.37615
threshold=0.01279585406184318 33.649999618530281 -0.017264988352319318 -0.0052802876873014873 0.063910734737450361 41.274999618530281 -0.046062386926354663 0.020783568119243093 0.95022927288907599 3924654.0000000005 0.58170596773547889 0.0031424847538594129 -0.0014338211320198411 0.022164141349841352 0.010696427938552079 0.10454788605897782 -0.009983234510343773 12.625000000000002 -1.3815670401653486 54.430359361325664 -0.04006784509533063 0.19314358908474055 0.74145353595225016 1.2462035919683891 -0.018068959308590645 -1.0000000180025095e-35
decision_type=2 2 2 2 2 2 2 2 2 2 2 2 2 2 2 2 2 2 2 2 2 2 2 2 2 2
left_child=1 2 3 18 8 -3 7 -2 9 10 11 -4 22 14 -14 17 -17 -11 -1 -12 -5 -20 -10 -23 -6 -24
right_child=6 5 4 20 24 -7 -8 -9 12 15 19 -13 13 -15 -16 16 -18 -19 21 -21 -22 23 25 -25 -26 -27
leaf_value=-0.017497239625591045 -0.046257117329057372 0.030701928562473595 -0.017944150958559668 -0.013708323036039407 -0.0032881846304038701 -0.00061439904090030892 0.0014719681415834205 -0.0092671824959945238 -0.00075881816156011812 0.027752314477716027 0.018086543686417617 0.0081896014116290949 0.0066474511595760359 -0.020876485587715928 -0.013354737872678959 0.0099644222947182157 -0.020870514939599759 0.0056158067683059424 0.01368303521604829 -0.00058543586193842583 -0.04065437040476437 0.0061168446885240891 -0.03125651176248171 -0.017021244728737707 -0.02413316029783838 -0.010196450152924473
leaf_weight=18.599471032619476 12.668112695217134 21.385241284966469 42.38750447332859 14.385811269283296 12.886853709816934 16.330596581101418 17.562099888920784 12.635543286800383 14.106167107820509 12.589584052562712 18.497666448354721 14.334908738732336 78.837384805083275 13.398413494229315 18.560955390334129 15.573320925235747 19.537063807249069 443.85696801543236 21.4935262799263 79.644710496068001 14.196890428662298 12.376724123954775 14.622323498129845 12.610402464866636 18.589389771223068 12.890199065208435
leaf_count=75 51 87 171 58 52 66 71 51 57 51 75 58 319 54 75 63 79 1796 87 322 57 50 59 51 75 52
internal_value=0 0.000875896 0.000211919 -0.0100857 0.00137353 0.0171423 -0.015799 -0.027786 0.00204229 0.00345619 -0.00229412 -0.0113396 -0.00395434 -3.17772e-05 0.00283568 0.00526782 -0.00719358 0.00622637 -0.00261648 0.00293382 -0.0270923 0.00333813 -0.0143969 -0.00556039 -0.0155989 -0.0213894
internal_weight=0 961.692 923.976 93.6628 830.313 37.7158 42.8658 25.3037 798.837 646.422 154.865 56.7224 152.415 110.797 97.3983 491.557 35.1104 456.447 65.0801 98.1424 28.5827 46.4807 41.6187 24.9871 31.4762 27.5125
internal_count=4062 3889 3736 378 3358 153 173 102 3231 2615 626 229 616 448 394 1989 142 1847 263 397 115 188 168 101 127 111
is_linear=0
shrinkage=0.03


Tree=3
num_leaves=25
num_cat=0
split_feature=2 1 4 5 9 1 0 4 7 9 0 7 13 0 14 5 4 0 13 13 11 2 6 10
split_gain=11.9157 10.887 11.5486 12.4175 9.84218 9.55619 9.24847 8.99837 7.08231 7.21634 8.81722 11.5193 7.45105 6.98037 9.80054 6.5161 6.91315 6.35473 6.17518 5.6239 5.15673 4.68361 4.13603 3.15955
threshold=0.01279585406184318 33.649999618530281 -0.017264988352319318 -0.006649057841528693 0.063910734737450361 41.274999618530281 -0.046062386926354663 0.020783568119243093 0.95022927288907599 -0.0065832404063814179 -0.10208878064042463 0.14494553206575914 2.2885714285714345 0.023873156760909401 1.0000000180025095e-35 -0.0014338211320198411 0.022164141349841352 -0.0073448186496602999 3.5899999999999999 6.3385714285714245 -0.027078954419182507 -0.0067725264618599063 0.74145353595225016 1.0000000180025095e-35
decision_type=2 2 2 2 2 2 2 2 2 2 2 2 2 2 2 2 2 2 2 2 2 2 2 2
left_child=1 2 3 13 8 -3 7 -2 9 10 -4 -12 -11 -1 -15 22 17 -17 -14 -6 -16 -5 -10 -24
right_child=6 5 4 21 19 -7 -8 -9 15 12 11 -13 18 14 20 16 -18 -19 -20 -21 -22 -23 23 -25
leaf_value=0.011904098339487091 -0.044725741485473945 0.029907906173118268 0.020400897652193078 -0.039682642900086412 -0.0012762223507695801 -0.00059592944613298096 0.0014280287833293109 -0.0089813944957089983 -0.00073599724941900287 0.025988101761637034 0.010092200794053359 -0.0079351805389335384 -0.0025694925180807697 -0.029617942678436922 -0.011847341967424794 0.008673258834791293 -0.020215494960444828 -0.0071679497375431844 0.0064040061339048033 -0.026718337495264258 0.013823089819880612 -0.015727196709996092 -0.030237147417707999 -0.0098814397545102673
leaf_weight=21.041618525981903 12.708148121833803 21.295759469270706 15.075353324413298 12.4514087587595 14.380859509110453 16.331608831882477 17.559441760182381 12.646312370896338 14.107237935066221 15.267763540148733 42.237869769334793 130.35086764395237 85.520342320203781 14.141045644879339 14.083376511931418 60.969306856393814 13.421050563454626 36.396303594112396 357.70029303431511 17.137950465083122 14.088180229067804 17.912221640348434 14.661196306347849 12.901907920837401
leaf_count=85 51 87 61 50 58 66 71 51 57 62 171 527 346 57 57 247 54 147 1448 69 57 72 59 52
internal_value=0 0.000850043 0.000205786 -0.00977689 0.00133279 0.0166682 -0.0153071 -0.0268972 0.00198174 0.00335403 -0.00160145 -0.00352332 0.00538236 -0.00221699 -0.00923926 -0.00383441 -3.06668e-05 0.00275165 0.00467255 -0.01511 0.000990063 -0.0255508 -0.0139472 -0.0207089
internal_weight=0 961.474 923.846 93.7179 830.128 37.6274 42.9139 25.3545 798.609 646.152 187.664 172.589 458.488 63.3542 42.3126 152.457 110.787 97.3656 443.221 31.5188 28.1716 30.3636 41.6703 27.5631
internal_count=4062 3889 3736 378 3358 153 173 102 3231 2615 759 698 1856 256 171 616 448 394 1794 127 114 122 168 111
is_linear=0
shrinkage=0.03


Tree=4
num_leaves=27
num_cat=0
split_feature=2 1 4 5 9 14 0 4 7 7 12 7 2 1 2 8 5 4 0 1 7 14 6 6 5 10
split_gain=11.2032 10.2724 10.8611 11.6642 9.25233 9.12671 8.68246 8.43805 6.66523 6.9359 10.2782 12.8691 8.9599 9.0546 7.53969 6.75394 6.12252 6.49648 6.04536 5.90018 7.44777 5.36913 5.26838 3.88139 3.47414 2.96062
threshold=0.01279585406184318 33.649999618530281 -0.017264988352319318 -0.0052802876873014873 0.063910734737450361 -1.2873525274397937 -0.046062386926354663 0.020783568119243093 0.95022927288907599 0.56424333336124544 4314455.0000000009 0.49911475529478305 0.0075648708933439661 25.835000038146976 0.0031424847538594129 0.971518642138813 -0.0014338211320198411 0.022164141349841352 0.010696427938552079 24.729999542236332 0.14494553206575914 -0.04006784509533063 1.3597552516924669 0.74145353595225016 -0.018068959308590645 -1.0000000180025095e-35
decision_type=2 2 2 2 2 2 2 2 2 2 2 2 2 2 2 2 2 2 2 2 2 2 2 2 2 2
left_child=1 2 3 19 8 -3 7 -2 9 10 14 -12 13 -11 -4 -14 23 18 -18 22 -21 -5 -1 -10 -6 -25
right_child=6 5 4 21 24 -7 -8 -9 16 12 11 -13 15 -15 -16 -17 17 -19 -20 20 -22 -23 -24 25 -26 -27
leaf_value=-0.0033533145112757904 -0.043294201690297927 0.0045611397222180281 -0.017186498899150252 -0.01252562901966264 -0.0026759586578416709 0.034997378129047491 0.0013853962578869706 -0.0087050092827288383 -0.00071386424588646162 0.0054978300227482273 0.0068193572873459403 -0.016095230819404834 0.0078678672784771655 -0.013717268878476366 0.0070144396600507718 0.037694045222974329 0.0063039257110375545 -0.019580600634078422 -0.012713567213894834 0.00047933186681362185 -0.029689402221926751 -0.038492232970054344 0.020574688297237593 -0.029267329312067832 -0.022922353868600861 -0.0095769131999790327
leaf_weight=21.272636979818344 12.734063163399698 23.167122259736061 47.635132372379303 14.428868666291239 12.908243104815485 14.365011528134344 17.556845292448997 12.656243890523909 14.108273133635519 372.71013033390045 132.94519299268723 26.445983424782753 14.317534267902376 23.460516691207886 15.309586405754088 13.070774331688879 78.732922226190567 13.440233156085013 18.597273081541061 17.597521707415584 12.665153130888937 14.2389849871397 13.560635671019552 14.692110955715179 18.645875543355942 12.912629529833794
leaf_count=86 51 94 192 58 52 59 71 51 57 1510 538 107 58 95 62 53 319 54 75 71 51 57 55 59 75 52
internal_value=0 0.00082497 0.000199826 -0.00947844 0.00129325 0.0162103 -0.0148359 -0.0260526 0.00192298 0.00325483 -0.00103603 0.0030174 0.00550719 0.00435995 -0.0113003 0.0221021 -0.00371852 -2.9602e-05 0.00267018 -0.00245659 -0.0121465 -0.0254229 0.00596189 -0.0135146 -0.0146399 -0.0200568
internal_weight=0 961.228 923.696 93.7638 829.932 37.5321 42.9472 25.3903 798.378 645.895 222.336 159.391 423.559 396.171 62.9447 27.3883 152.483 110.77 97.3302 65.0959 30.2627 28.6679 34.8333 41.713 31.5541 27.6047
internal_count=4062 3889 3736 378 3358 153 173 102 3231 2615 899 645 1716 1605 254 111 616 448 394 263 122 115 141 168 127 111
is_linear=0
shrinkage=0.03


Tree=5
num_leaves=27
num_cat=0
split_feature=2 12 1 3 4 5 0 14 7 0 11 0 2 14 4 3 1 5 0 4 8 5 2 12 1 10
split_gain=10.5269 9.39423 8.45006 10.2116 9.86934 13.0042 10.1311 13.3128 9.76457 8.57576 12.4451 11.9891 10.4894 7.79457 7.32354 7.31928 11.0942 6.74725 14.4986 6.48614 6.56598 14.7653 4.99007 3.81044 3.39491 3.19744
threshold=0.01279585406184318 2469604.5000000005 33.649999618530281 46.708920383858718 -0.014859775681617891 -0.0052802876873014873 -0.011803016829747435 -1.3815670401653486 0.94921767562978465 -0.06995146315138405 -0.0090271989173932848 -0.062067735558236962 0.0031917696410480377 0.84686688500609475 0.0094560379479491381 64.930031517637232 20.564999580383304 0.037805602818164204 -0.059388339175956421 0.02188378089295662 0.80002586299321699 0.0066696943026012265 -0.0010719209355960855 3869700.0000000005 15.694999694824221 -0.16908029163551461
decision_type=2 2 2 2 2 2 2 2 2 2 2 2 2 2 2 2 2 2 2 2 2 2 2 2 2 2
left_child=1 15 4 -4 5 6 -3 -8 9 10 25 -11 -13 -7 -12 16 24 18 -2 20 21 -10 -9 -22 -1 -6
right_child=17 2 3 -5 8 13 7 22 19 11 14 12 -14 -15 -16 -17 -18 -19 -20 -21 23 -23 -24 -25 -26 -27
leaf_value=-0.0035243993525320501 -0.025361457534006919 0.020242343450297309 0.0030314500415235027 0.036514646242085148 0.0065705516237619475 -0.011113248675145323 -0.030102797428443791 0.0081753214278516232 -0.0069070884314536962 -0.021362931592668447 0.0096834439341130993 0.00091569358480350009 0.011132618052586732 -0.040223614765848681 0.03159583165559942 -0.025354263255109481 0.020181609270546321 -0.030793278181540859 0.018375571555014954 -0.019931247006129051 0.0080836029615138812 0.032869412009854812 -0.012750515904914335 -0.0083747574830512345 -0.025755161351359697 -0.014599814297385036
leaf_weight=12.370311334729196 15.200574338436125 16.578900188207626 21.074644178152084 13.416040658950804 12.600012570619585 20.893578976392746 15.664905622601507 33.330412343144417 20.818982869386673 18.276432752609253 26.41006064414978 374.9168983399868 119.18957969546318 13.710534021258352 28.585072457790375 20.562855333089828 12.350754931569098 14.893313467502592 12.374379605054857 21.166664317250252 14.842394679784773 14.079103186726568 14.814809098839758 86.11455112695694 12.359576493501661 13.092552006244658
leaf_count=50 61 67 86 55 51 84 63 135 84 74 107 1518 483 55 116 83 50 60 50 85 60 57 60 348 50 53
internal_value=0 0.000741622 0.00149394 0.0160556 0.000913373 -0.00727047 -0.000651473 -0.00608002 0.002168 0.00392923 0.0130199 0.00249767 0.00338025 -0.0226471 0.0210729 -0.010999 -0.00303832 -0.0145223 -0.00573428 -0.00448418 -0.00207747 0.00914014 0.00173621 -0.0059551 -0.014635 -0.00421755
internal_weight=0 957.22 899.576 34.4907 865.085 114.993 80.389 63.8101 750.092 593.071 80.6877 512.383 494.106 34.6041 54.9951 57.6435 37.0806 42.4683 27.575 157.022 135.855 34.8981 48.1452 100.957 24.7299 25.6926
internal_count=4045 3874 3641 141 3500 464 325 258 3036 2402 327 2075 2001 139 223 233 150 171 111 634 549 141 195 408 100 104
is_linear=0
shrinkage=0.03


Tree=6
num_leaves=26
num_cat=0
split_feature=2 12 1 3 4 5 0 14 7 0 0 2 6 2 3 1 5 0 4 8 5 12 8 3 1
split_gain=9.89937 8.83233 7.97472 9.69623 9.32229 9.5849 12.3635 11.1815 8.95602 8.28738 11.1473 11.38 9.49025 6.91011 6.86264 10.4428 6.32246 13.7192 6.09383 6.18003 13.9505 4.74814 4.03178 3.68475 3.18025
threshold=0.01279585406184318 2469604.5000000005 33.649999618530281 46.708920383858718 -0.015967612973387998 -0.0052802876873014873 -0.011803016829747435 -1.1157570576563358 0.94921767562978465 -0.06995146315138405 -0.062067735558236962 0.0031917696410480377 1.2067187095623797 0.001951373876477686 64.930031517637232 20.564999580383304 0.037805602818164204 -0.06995146315138405 0.02188378089295662 0.80002586299321699 0.0066696943026012265 57543150.000000007 1.1035088487813252 79.634629697058315 15.694999694824221
decision_type=2 2 2 2 2 2 2 2 2 2 2 2 2 2 2 2 2 2 2 2 2 2 2 2 2
left_child=1 14 4 -4 5 6 -3 -8 9 12 -11 -12 13 -6 15 24 17 -2 19 20 -10 -7 -9 -21 -1
right_child=16 2 3 -5 8 21 7 22 18 10 11 -13 -14 -15 -16 -17 -18 -19 -20 23 -22 -23 -24 -25 -26
leaf_value=-0.0034174796638778838 -0.026820333268721106 0.021820236082858671 0.0029417465315549787 0.035630095789798144 0.033393467814841829 -0.035007301536649361 -0.030706878680057875 -0.0084769080599952709 -0.0066957168675320939 -0.020675707288755313 0.00062642353197598613 0.01118240774220701 -0.0054267552942207763 0.011643179588272408 -0.024538504303855693 0.019621360463220033 -0.029805568739440565 0.015507763530609451 -0.019311675470881383 -0.0033925455247808237 0.032006864056123123 -0.011146974252219197 0.010166338361084961 -0.01956400283765105 -0.024918536771565535
leaf_weight=12.374546498060228 13.722848430275915 15.800963893532751 21.065897345542908 13.337814971804617 19.219201952219009 13.471467822790148 14.704565122723578 23.957078278064728 20.831716924905777 18.316755667328835 384.76775301992893 120.76439779996872 19.733468234539032 41.602779805660248 20.60833215713501 12.322729930281637 14.924743965268133 13.843694224953653 21.190004110336304 86.143895030021667 14.025568559765814 16.950737178325653 18.503072589635849 14.869910851120947 12.390810430049894
leaf_count=50 55 64 86 55 78 54 59 97 84 74 1558 490 80 169 83 50 60 56 85 348 57 68 75 60 50
internal_value=0 0.000719856 0.00144989 0.0156145 0.000886427 -0.00756639 -0.00166824 -0.00816071 0.00203411 0.00369264 0.00231508 0.0031481 0.0126509 0.0185161 -0.0106585 -0.00294601 -0.0140783 -0.00556351 -0.00434828 -0.00201464 0.00887709 -0.0217127 -0.000352647 -0.00577309 -0.0141751
internal_weight=0 956.953 899.257 34.4037 864.853 103.388 72.9657 57.1647 761.465 604.404 523.849 505.532 80.5554 60.822 57.6964 37.0881 42.4913 27.5665 157.061 135.871 34.8573 30.4222 42.4602 101.014 24.7654
internal_count=4045 3874 3641 141 3500 417 295 231 3083 2449 2122 2048 327 247 233 150 171 111 634 549 141 122 172 408 100
is_linear=0
shrinkage=0.03


Tree=7
num_leaves=21
num_cat=0
split_feature=2 6 1 0 5 9 7 6 0 9 1 12 11 2 13 2 5 14 12 0
split_gain=9.31235 8.74288 6.88245 7.16837 19.5581 7.08167 10.0352 9.91222 8.34911 7.84593 6.3245 6.16999 7.2451 6.14212 10.8176 7.11998 5.97421 5.88646 5.31546 4.35749
threshold=0.01279585406184318 0.55347975686968043 33.649999618530281 -0.092486952719352575 -0.020691752621822376 -0.013443640786514553 0.94921767562978465 0.78148086776920567 0.14671221004283644 -0.015913127876136964 41.274999618530281 56440819.500000007 0.018182204933781202 0.0030782411129276874 7.5889285714285775 -0.010614183218576158 0.020277673156312962 1.0011235201792641 44803568.000000007 -0.11322563544808388
decision_type=2 2 2 2 2 2 2 2 2 2 2 2 2 2 2 2 2 2 2 2
left_child=1 17 3 4 -3 7 13 -5 9 -9 -4 18 -13 15 -15 -7 -2 -1 -8 -6
right_child=16 2 10 5 19 6 11 8 -10 -11 -12 12 -14 14 -16 -17 -18 -19 -20 -21
leaf_value=-0.0041622030718881826 -0.0036955908782172558 -0.02089905740732673 0.025731582124632533 -0.026598234563500366 0.011216314514510781 0.017849652341136425 -0.0047848000491933808 0.0016249656919672954 -0.022579566511062361 -0.02269589390581702 -0.0012983634736975778 -0.031059085532760357 -0.0049012170310439012 0.012511378387733994 -0.015661515320330319 0.00062255474089341985 -0.026358400477578481 -0.030728873885694407 0.011587170947802693 0.030908088091780816
leaf_weight=18.506163746118549 23.82751901447773 12.827803686261175 19.29204635322094 17.593072816729546 19.18307356536388 22.982842475175858 93.641318321228027 132.86117696762085 17.338911145925522 13.116474583745001 13.068006351590155 15.889827802777289 23.808911263942719 109.79736296832561 13.808923482894896 356.84881058335304 18.67277005314827 12.628426671028135 22.050392851233482 21.391904607415203
leaf_count=75 96 52 80 71 78 93 378 537 70 53 53 64 96 446 56 1445 75 51 89 87
internal_value=0 0.000698749 0.00122478 0.000732342 0.01139 5.45728e-05 0.00149822 -0.00520285 -0.00289805 -0.000560327 0.014816 -0.00516614 -0.0153712 0.00355524 0.00936399 0.00166493 -0.0136526 -0.0149378 -0.00166437 0.0215982
internal_weight=0 956.635 925.501 893.141 53.4028 839.738 658.828 180.91 163.317 145.978 32.3601 155.39 39.6987 503.438 123.606 379.832 42.5003 31.1346 115.692 40.575
internal_count=4045 3874 3748 3615 217 3398 2667 731 660 590 133 627 160 2040 502 1538 171 126 467 165
is_linear=0
shrinkage=0.03


Tree=8
num_leaves=27
num_cat=0
split_feature=2 6 1 4 5 0 9 7 0 0 2 11 9 6 5 8 10 13 11 1 5 0 6 9 2 1
split_gain=8.75684 8.21627 6.49774 8.23427 11.7875 9.91705 8.56944 8.13603 7.82922 11.8578 10.3656 10.2492 7.45656 6.8455 6.67165 7.85781 7.83822 6.2746 6.21725 5.99634 5.62661 12.9112 5.51315 5.09714 3.4094 2.45319
threshold=0.01279585406184318 0.55347975686968043 33.649999618530281 -0.014859775681617891 -0.0089215530406352977 0.013327299702617259 -0.033541885148871402 0.94921767562978465 -0.068891693483906544 -0.062067735558236962 0.0031917696410480377 -0.0090271989173932848 0.013620930265198063 1.0905924194633159 0.016108492940620559 0.82708442351891009 -0.015812776198047714 2.9035714285714298 -0.01957778005052185 41.274999618530281 0.037805602818164204 -0.06995146315138405 1.4299207521921631 0.035836324028923235 -0.0023052608009487079 17.920000076293949
decision_type=2 2 2 2 2 2 2 2 2 2 2 2 2 2 2 2 2 2 2 2 2 2 2 2 2 2
left_child=1 25 3 4 5 -3 -7 8 11 -10 -11 13 -13 -5 17 -16 -17 -9 -6 -4 21 -2 -8 -19 -20 -1
right_child=20 2 19 7 18 6 22 14 9 10 -12 12 -14 -15 15 16 -18 23 24 -21 -22 -23 -24 -25 -26 -27
leaf_value=-0.024832363773027021 -0.025799684771483412 0.016808109765861307 0.025085305679188954 0.012453348486288674 -0.0028016615493369262 -0.023969979998111148 -0.0080165007193365723 0.0081214069395861201 -0.024128708012716819 0.00044291334692155319 0.010411993752857784 0.025796814078341768 0.0019008452460517423 -0.018413246879776794 0.023689763380321877 -0.014543442041007042 0.010476425915849383 -0.019272865523822444 -0.017912552844646674 -0.0012592216178944687 -0.028044274012249442 0.01526534242434866 0.016445020108234475 -0.0046972351388635094 -0.039196829359101466 -0.007635741782987991
leaf_weight=12.38936683535576 13.732598125934599 22.682454973459244 19.196848660707474 12.329605683684351 12.945392876863478 17.632875502109528 20.820129036903381 16.595858126878738 15.128373116254805 394.2119704335928 123.20878341794014 41.178471684455872 16.446436867117882 13.598568335175512 13.805768296122549 22.80087012052536 22.281611815094948 43.390897005796432 14.197359889745712 13.069962307810782 14.964091017842291 13.830623328685762 13.781097605824469 42.983265832066536 12.953005433082581 18.787601664662361
leaf_count=50 55 92 80 50 52 71 84 67 61 1596 501 168 67 55 56 92 90 175 57 53 60 56 56 173 52 76
internal_value=0 0.000678168 0.00118858 0.000710687 -0.00678172 0.000244477 -0.00694822 0.00181835 0.00339085 0.00205131 0.00281676 0.0119288 0.0189768 -0.00373528 -0.00416725 0.00388675 -0.0021776 -0.00877331 -0.0199097 0.0144142 -0.0132344 -0.00519415 0.00172612 -0.0120194 -0.0280669 -0.0144695
internal_weight=0 956.417 925.24 892.973 115.012 74.9166 52.2341 777.96 616.102 532.549 517.421 83.5531 57.6249 25.9282 161.858 58.8883 45.0825 102.97 40.0958 32.2668 42.5273 27.5632 34.6012 86.3742 27.1504 31.177
internal_count=4045 3874 3748 3615 464 303 211 3151 2498 2158 2097 340 235 105 653 238 182 415 161 133 171 111 140 348 109 126
is_linear=0
shrinkage=0.03


Tree=9
num_leaves=23
num_cat=0
split_feature=2 12 1 3 4 5 0 14 9 1 1 0 1 0 9 3 1 5 13 12 1 1
split_gain=8.24138 7.98979 6.77365 9.22656 8.13568 8.50527 11.1952 10.1907 8.20887 8.33367 11.5359 10.6338 10.3402 14.1951 6.68438 6.35504 9.68808 5.33191 4.76411 4.41791 3.88341 3.00504
threshold=0.01279585406184318 2469604.5000000005 33.649999618530281 46.708920383858718 -0.015967612973387998 -0.0052802876873014873 -0.011803016829747435 -1.1157570576563358 0.063910734737450361 21.664999961853031 21.309999465942386 0.016570527850011122 25.32499980926514 -0.017113211502094435 -0.0006255175525161637 64.930031517637232 20.564999580383304 0.020277673156312962 6.3385714285714245 57543150.000000007 20.025000572204593 15.694999694824221
decision_type=2 2 2 2 2 2 2 2 2 2 2 2 2 2 2 2 2 2 2 2 2 2
left_child=1 15 4 -4 5 6 -3 -8 9 10 11 -6 13 -11 -14 16 21 -2 -10 -7 -9 -1
right_child=17 2 3 -5 8 19 7 20 18 12 -12 -13 14 -15 -16 -17 -18 -19 -20 -21 -22 -23
leaf_value=-0.0030657182063113862 -0.0034249305374743585 0.020907522576445729 0.0020988180957225624 0.034143817596621495 0.0041763413852076332 -0.033200451461032343 -0.02916442136858069 -0.013626675225725101 -0.00034819027156958942 0.0015117848292755137 -0.025666961883018015 -0.0051208796034799952 -0.0057613784134272665 0.025217249663861078 0.010240579722952857 -0.023494588233255159 0.01905198056117097 -0.024827751874771115 -0.024122636418886453 -0.010192691082262367 0.0059250508075464102 -0.023949173680291185
leaf_weight=12.384823232889177 23.813140854239464 15.736116826534269 20.958020940423012 13.166879639029501 368.3686493486166 13.479007855057718 14.732781052589415 13.32147867977619 13.908772125840189 39.649692833423615 14.583367213606833 158.29948455095291 55.054748505353928 53.289997845888138 40.98317264020443 20.655610874295235 12.287639781832693 18.703679576516151 16.686820685863495 16.965097516775131 29.148215219378471 12.420753031969069
leaf_count=50 96 64 86 55 1494 54 59 54 56 161 59 641 223 216 166 83 50 75 67 68 118 50
internal_value=0 0.000658305 0.00135364 0.0144632 0.000835985 -0.00706039 -0.00150116 -0.00766568 0.00190896 0.00254682 0.000653097 0.0013819 0.00797062 0.0151041 0.00106729 -0.0101582 -0.0027318 -0.0128403 -0.0133148 -0.0203793 -0.000207744 -0.0135226
internal_weight=0 956.081 898.332 34.1249 864.207 103.383 72.9386 57.2025 760.825 730.229 541.252 526.668 188.978 92.9397 96.0379 57.7488 37.0932 42.5168 30.5956 30.4441 42.4697 24.8056
internal_count=4045 3874 3641 141 3500 417 295 231 3083 2960 2194 2135 766 377 389 233 150 171 123 122 172 100
is_linear=0
shrinkage=0.03


Tree=10
num_leaves=31
num_cat=0
split_feature=2 7 4 5 5 13 2 10 0 3 2 12 1 0 0 2 0 1 1 14 8 10 9 4 1 9 0 1 1 8
split_gain=11.1766 8.90828 9.08639 11.4069 8.31063 9.6561 8.16621 10.5218 7.82845 7.76577 6.90387 7.78626 6.8428 7.35114 12.8769 14.8645 11.789 9.83584 8.96716 8.9806 10.1784 6.74654 6.36521 5.4635 8.94092 5.12811 5.12756 5.0047 4.57465 3.73788
threshold=0.013185002012259183 0.94767941174774861 -0.017264988352319318 -0.0071461180515003378 0.031130247917703417 5.7060714285714305 -0.0051240820312935418 0.23006745800625775 -0.06995146315138405 68.308112046037877 0.00028052841742199079 46718653.000000007 12.625000000000002 -0.06995146315138405 -0.062067735558236962 0.0031917696410480377 -0.001390218635627771 19.250000000000004 18.670000076293949 1.0544563106759439 1.0227130358160803 -0.2830598912590826 -0.014404899809971559 0.0071341349748911273 16.404999732971195 -0.0054123137091987008 -0.020868718486934276 21.144999504089359 28.184999465942386 1.0682671544650404
decision_type=2 2 2 2 2 2 2 2 2 2 2 2 2 2 2 2 2 2 2 2 2 2 2 2 2 2 2 2 2 2
left_child=1 2 3 6 5 10 22 29 -2 -7 26 23 -4 18 -15 17 -17 -16 19 -14 -21 -20 -1 -12 -25 -23 -3 -6 -5 -8
right_child=8 4 12 28 27 9 7 -9 -10 -11 11 -13 13 14 15 16 -18 -19 21 20 -22 25 -24 24 -26 -27 -28 -29 -30 -31
leaf_value=0.0017220198767952677 -0.031797607936855161 -0.0085155175675165045 0.021582336330737334 -0.027580102197993051 0.015626390137535806 -0.0078385880308010341 0.014101274065240572 -0.028810499823505167 -0.0040728723323611681 -0.03800694817040759 0.010226611869916436 -0.025276466369742994 0.043052755598386235 -0.023867428476211882 -0.0044563855406860838 0.0031844958489032921 0.021290600999884408 0.0048295825199445603 0.021515755547781058 0.031121370888137084 -0.0067904704449737608 -0.013737247712177872 0.027826592354739388 -0.02811416763868611 0.0053432135677050274 0.0089590037539257639 0.013318004187773361 -0.0077026360946232898 -0.0062389853373657862 -0.0077246562162755755
leaf_weight=23.167699232697487 16.229500204324722 15.584967136383055 17.945369139313698 23.181742623448372 23.219802066683769 14.633251056075098 13.323201537132265 14.605549678206442 21.060746967792511 16.159775719046593 16.607752561569214 21.836652725934982 12.238031923770903 17.377467676997185 235.37176428735256 73.409750625491142 57.884690493345261 182.07219102978706 12.490441158413885 12.499176517128946 13.004379302263258 20.925675496459007 13.194320872426031 14.377084374427797 14.377085551619528 15.668289393186567 25.553095623850822 12.85962602496147 14.818618699908255 15.026832327246664
leaf_count=94 65 63 73 93 94 59 54 59 85 65 67 88 50 70 953 299 236 738 51 51 53 85 54 58 58 64 103 52 60 61
internal_value=0 0.000599555 0.00195965 -0.00574299 -0.00551906 -0.00884627 0.000731894 -0.00812458 -0.0161393 -0.0236705 -0.00463269 -0.0105581 0.00330661 0.00280433 0.00155771 0.00236287 0.0111671 -0.000406221 0.0109324 0.0219272 0.01179 0.00247843 0.0111943 -0.00347293 -0.0113855 -0.00401949 0.00504647 0.00731133 -0.0192579 0.00253252
internal_weight=0 963.414 788.205 117.318 175.209 139.13 79.3176 42.9556 37.2902 30.793 108.337 67.1986 670.887 652.942 566.116 548.738 131.294 417.444 86.826 37.7416 25.5036 49.0844 36.362 45.3619 28.7542 36.594 41.1381 36.0794 38.0004 28.35
internal_count=4055 3905 3198 475 707 561 322 174 150 124 437 271 2723 2650 2296 2226 535 1691 354 154 104 200 148 183 116 149 166 146 153 115
is_linear=0
shrinkage=0.03


Tree=11
num_leaves=30
num_cat=0
split_feature=2 7 4 5 5 13 2 3 0 3 12 1 1 6 2 14 12 1 0 0 2 6 2 5 0 11 0 1 3
split_gain=10.5173 8.38167 8.5529 10.7327 7.81642 9.0669 7.68939 9.98352 7.37454 7.28193 6.66193 7.0909 6.61666 6.55771 6.49102 7.44788 7.51109 6.52279 6.00579 14.2889 11.393 9.94498 7.50545 5.799 5.36057 4.96778 4.82852 4.30934 3.41199
threshold=0.013185002012259183 0.94767941174774861 -0.017264988352319318 -0.0071461180515003378 0.031130247917703417 5.7060714285714305 -0.0051240820312935418 47.525805627611852 -0.06995146315138405 68.308112046037877 2293553.5000000005 12.625000000000002 24.729999542236332 0.89073160732884116 0.00028052841742199079 4.5231116449979689 42876824.000000007 15.085000038146974 -0.06995146315138405 -0.061118747411496192 0.0031917696410480377 1.3597552516924669 0.0024281508299204176 0.0011197949266646969 -0.022575888600263435 -0.040882787234255639 -0.020868718486934276 28.184999465942386 75.562927180108915
decision_type=2 2 2 2 2 2 2 2 2 2 2 2 2 2 2 2 2 2 2 2 2 2 2 2 2 2 2 2 2
left_child=1 2 3 6 5 14 25 12 -2 -7 23 -12 -8 -6 26 17 -17 -16 21 -20 -21 22 -13 -4 -19 -1 -3 -5 -28
right_child=8 4 10 27 13 9 7 -9 -10 -11 11 18 -14 -15 15 16 -18 24 19 20 -22 -23 -24 -25 -26 -27 28 -29 -30
leaf_value=-0.0016372568712234004 -0.030860651933697057 -0.0082535987506706567 -0.021484689345599897 -0.026760907378884161 -0.0035962383104288479 -0.0075988015382043583 0.018357413618336909 -0.029377986036558411 -0.0039494165931905053 -0.036794204369290429 0.024298848714703836 0.027968899283217892 -0.01033884623652611 0.022407123051119832 -0.017414253272591534 -0.0067693712723151354 -0.03974643466362434 0.019755185446854978 -0.022764602633247616 0.00063657500721883242 0.010966769042522783 -0.013550836790391483 0.0078299792493079778 0.0050795528427234077 -0.0075171432514117989 0.020717715725214556 0.024020752127280456 -0.0060492759268165504 0.002082541185943582
leaf_weight=15.982868999242781 16.220689967274666 15.596966430544851 17.871614873409275 23.174718767404556 21.222820490598679 14.642028197646143 12.568492874503137 13.382757529616354 21.067411184310913 16.191117540001869 14.923559218645094 26.100051999092102 17.030204504728317 14.825972855091093 16.380919933319092 12.424513697624208 12.440081566572188 13.607370942831041 19.862781152129173 393.1365474909544 127.1677920371294 12.826895177364348 46.024396181106567 12.617932006716726 12.395054012537001 20.322065651416779 12.624382793903353 14.824746266007422 12.900203391909598
leaf_count=65 65 63 72 93 86 59 51 54 85 65 61 107 69 60 66 50 50 55 80 1593 519 52 188 51 50 83 51 60 52
internal_value=0 0.000582094 0.0019021 -0.00557188 -0.0053518 -0.00857596 0.000710748 -0.00787563 -0.0156561 -0.0229299 0.00320941 0.00386206 0.00184644 0.0070983 -0.00449199 -0.0102334 -0.0232682 -0.00258641 0.00337417 0.00220804 0.00316138 0.0107891 0.0151178 -0.0104912 0.00675478 0.0108762 0.00489722 -0.0186807 0.0129331
internal_weight=0 963.069 787.817 117.286 175.251 139.203 79.2864 42.9815 37.2881 30.8331 670.532 640.042 29.5987 36.0488 108.369 67.2479 24.8646 42.3833 625.118 540.167 520.304 84.9513 72.1244 30.4895 26.0024 36.3049 41.1216 37.9995 25.5246
internal_count=4055 3905 3198 475 707 561 322 174 150 124 2723 2600 120 146 437 271 100 171 2539 2192 2112 347 295 123 105 148 166 153 103
is_linear=0
shrinkage=0.03


Tree=12
num_leaves=31
num_cat=0
split_feature=2 7 4 5 5 13 2 10 0 3 6 1 0 0 2 0 6 6 2 14 2 14 1 9 0 0 2 8 6 3
split_gain=9.89896 7.887 8.05115 10.101 7.35319 8.5187 7.24047 9.79124 6.95256 6.8385 6.18695 6.13289 6.5556 11.3882 13.2621 11.1583 11.1083 9.22122 8.03906 8.21687 6.1045 6.99388 6.13171 5.87698 5.05325 4.54764 4.07256 3.56789 3.23756 2.50105
threshold=0.013185002012259183 0.94767941174774861 -0.017264988352319318 -0.0071461180515003378 0.031130247917703417 5.7060714285714305 -0.0051240820312935418 0.23006745800625775 -0.06995146315138405 68.308112046037877 0.89073160732884116 12.625000000000002 -0.06995146315138405 -0.062067735558236962 0.0031917696410480377 -0.001390218635627771 1.1348172829790439 1.3597552516924669 0.0024281508299204176 3.302632684236078 0.00028052841742199079 4.5231116449979689 15.085000038146974 -0.014404899809971559 -0.022575888600263435 -0.020868718486934276 -0.006250606762707135 1.0682671544650404 0.83830941150761973 73.557326365028715
decision_type=2 2 2 2 2 2 2 2 2 2 2 2 2 2 2 2 2 2 2 2 2 2 2 2 2 2 2 2 2 2
left_child=1 2 3 6 5 20 23 27 -2 -7 -6 -4 17 -14 16 -16 -15 18 -13 -20 25 22 -22 -1 -24 -3 -5 -8 -27 -23
right_child=8 4 11 26 10 9 7 -9 -10 -11 -12 12 13 14 15 -17 -18 -19 19 -21 21 29 24 -25 -26 28 -28 -29 -30 -31
leaf_value=0.0014781294218644868 -0.029965463893152206 -0.0080002048766461692 0.020468413006197863 -0.029414492362303545 -0.0034870214639127605 -0.0073667046805989764 0.013966008110476276 -0.027555359166492776 -0.0038297713360912009 -0.035647111564317942 0.021785731747677516 0.027367753763760726 -0.022406491504752164 -0.0030936951553695059 0.0027876441186190553 0.020432114204541118 0.0084663172400075339 -0.013125537000302251 0.014792044031827177 -0.013166114285316541 -0.016870468588942998 -0.032050667647774325 0.019199800993829438 0.026621210767258537 -0.0072870568276089598 0.022943379263346331 -0.0095788992559784052 -0.0073573951484779123 0.0015517963281730118 -0.013032985265978778
leaf_weight=23.147603079676628 16.204341351985931 15.608072698116301 17.841110914945602 16.3676787763834 21.230791315436363 14.650116786360742 13.310581773519518 14.644620627164839 21.073710918426514 16.210442006587982 14.791902855038641 27.215443804860115 17.432939618825912 319.7943410128355 73.276897355914116 57.622840374708176 97.657983362674713 12.844960212707518 33.247961968183517 13.223783835768698 16.401334807276726 12.447761595249178 13.581350818276407 13.102912619709967 12.402711614966391 13.120156720280649 21.622303247451782 15.044243365526198 12.372098326683043 12.447127118706701
leaf_count=94 65 63 73 66 86 59 54 59 85 65 60 112 70 1295 299 236 396 52 136 54 66 50 55 54 50 53 87 61 50 50
internal_value=0 0.00056511 0.00184623 -0.00540654 -0.0051905 -0.00831598 0.000690247 -0.00763565 -0.0151907 -0.0222218 0.00689066 0.00311506 0.00264043 0.00146429 0.00222318 0.0105548 -0.000389368 0.0103306 0.0144194 0.0068364 -0.00435639 -0.00992119 -0.00250837 0.0105662 0.0065571 0.00475305 -0.0181249 0.00265243 0.0125615 -0.0225421
internal_weight=0 962.662 787.398 117.24 175.264 139.241 79.25 42.9994 37.2781 30.8606 36.0227 670.158 652.317 565.785 548.352 130.9 417.452 86.5321 73.6872 46.4717 108.381 67.2803 42.3854 36.2505 25.9841 41.1003 37.99 28.3548 25.4923 24.8949
internal_count=4055 3905 3198 475 707 561 322 174 150 124 146 2723 2650 2296 2226 535 1691 354 302 190 437 271 171 148 105 166 153 115 103 100
is_linear=0
shrinkage=0.03


Tree=13
num_leaves=23
num_cat=0
split_feature=2 9 1 4 5 14 0 0 14 2 2 4 0 6 0 11 4 6 10 1 0 2
split_gain=9.31889 7.51658 7.14506 10.3971 8.06614 7.68616 7.67294 6.55954 6.3718 5.66187 5.63853 12.5259 10.4779 9.15556 9.02531 8.82603 7.97952 6.91294 5.9552 5.84954 9.14159 3.10401
threshold=0.013185002012259183 0.08047647615758137 33.649999618530281 -0.017264988352319318 -0.0069168407750539443 -0.78968295796798005 -0.01061034104199504 -0.06995146315138405 -1.1950185821281323 -0.0010719209355960855 0.0031917696410480377 -0.0023625874469518911 -0.068891693483906544 0.98360516429531974 -0.04245355127096561 -0.018665376998543533 0.0018911356830040307 0.95526165375518002 -0.10893889206352834 18.144999504089359 -0.00071597997566119609 -0.006250606762707135
decision_type=2 2 2 2 2 2 2 2 2 2 2 2 2 2 2 2 2 2 2 2 2 2
left_child=1 2 3 4 6 -4 -1 -2 -8 -10 12 19 18 17 -15 -13 -17 -14 -5 -12 -21 -6
right_child=7 -3 5 10 21 -7 8 -9 9 -11 11 15 13 14 -16 16 -18 -19 -20 20 -22 -23
leaf_value=0.018655788867971083 -0.029108777248031122 -0.020640305856276284 0.0027973518137851977 0.025382418693672436 -0.031698755955517854 0.032373937329672087 -0.025262460993604532 -0.0037138118387614327 0.0063361833053560404 -0.018047850071270615 0.033964154382475999 -0.022243876494686073 -0.0029226620495428979 -0.014067931379958954 0.0063201206964994955 -0.013647080896667477 0.0061510234343372079 -0.019012561067767404 0.0030951779658461255 -0.007096802794922228 0.026959993182480976 -0.013048953467378728
leaf_weight=12.257989436388014 16.181145921349525 14.835224419832228 19.816513821482658 21.41015949845314 13.941817268729208 13.158874824643133 13.742185920476912 21.079666808247566 26.583800077438351 12.647582292556764 16.376909226179123 12.572070926427839 321.24230697751045 22.042328208684921 172.22187511622906 20.809656888246536 153.26377388834953 25.975772604346275 21.75301468372345 13.003352850675585 15.607411921024321 18.947541549801826
leaf_count=50 65 60 81 88 56 56 55 85 108 51 67 51 1299 89 698 85 624 105 89 53 64 76
internal_value=0 0.000548688 0.000880493 0.000385738 -0.00884098 0.0145999 -0.00273335 -0.014742 -0.00768276 -0.00152485 0.00149484 0.00545607 -7.45828e-05 -0.00120849 0.00400678 0.00203105 0.00378425 -0.00412637 0.0141503 0.0196659 0.0114815 -0.0209546
internal_weight=0 962.21 947.375 914.4 98.1209 32.9754 65.2316 37.2608 52.9736 39.2314 816.279 231.633 584.645 541.482 194.264 186.646 174.073 347.218 43.1632 44.9877 28.6108 32.8894
internal_count=4055 3905 3845 3708 396 137 264 150 214 159 3312 944 2368 2191 787 760 709 1404 177 184 117 132
is_linear=0
shrinkage=0.03


Tree=14
num_leaves=31
num_cat=0
split_feature=2 7 7 8 12 11 11 9 1 0 1 0 2 1 4 5 4 9 0 9 5 0 0 8 4 6 8 8 14 2
split_gain=8.77434 7.34929 7.25092 9.12756 9.3927 8.89195 8.18348 9.12499 9.01703 10.1786 7.8426 10.9418 12.7068 13.6137 7.85677 8.19547 7.66604 7.03015 6.87852 10.4065 6.86603 6.24165 6.19287 6.00588 6.64988 5.81558 5.77367 5.72267 5.41079 5.39872
threshold=0.013185002012259183 0.94767941174774861 0.56424333336124544 0.87211870387071777 2398501.0000000005 0.01362713609411881 0.023696470025221465 -0.0038660089191392406 20.610000610351566 -0.016284077904727075 28.184999465942386 -0.048087899882940648 -0.0034259807786639709 32.970001220703132 -0.031466120653603928 -0.040604004817749388 0.0094560379479491381 0.052316920413228336 0.073559273058729127 0.012588584408010141 0.031130247917703417 0.052634953363097765 -0.06995146315138405 0.66726332121445764 0.0020933335219698317 0.89073160732884116 0.8217801414046112 0.80002586299321699 -4.6922334487514847 -0.0014309440274360326
decision_type=2 2 2 2 2 2 2 2 2 2 2 2 2 2 2 2 2 2 2 2 2 2 2 2 2 2 2 2 2 2
left_child=1 2 5 6 -5 10 7 -4 9 -9 14 -12 13 -13 -1 29 -17 18 21 -20 23 -6 -2 -3 -25 -22 -10 -26 -7 -16
right_child=22 20 3 4 17 28 -8 8 26 -11 11 12 -14 -15 15 16 -18 -19 19 -21 25 -23 -24 24 27 -27 -28 -29 -30 -31
leaf_value=-0.023745569285890351 -0.028287673140706633 -0.027546774963847633 -0.021829576238514652 -0.014890226686352339 0.0099538203183420354 -0.027913824366783462 -0.021914748869309011 -0.018566344924725895 0.0061490038309365818 0.0048096527198716313 -0.014050631886638788 -0.01501687336815587 0.031966285817539304 0.021870442490205391 0.025976712447917688 -0.0061874090073731304 0.011025544337597325 -0.010163916613338068 -0.022611790376925484 0.014105476632577855 -0.0033921483765411257 0.028361620675313958 -0.0036014207607157045 0.014353761402249927 0.0054635513534234039 0.021130022336668029 0.028529277094862193 -0.011653585742956506 -0.0047509974344631476 -0.0005818261629378348
leaf_weight=14.892382159829138 16.151746273040771 12.892422154545782 14.525581747293471 16.321031391620636 223.43832476437092 17.041276052594185 16.208347707986832 25.338646367192268 30.567315146327019 49.542870953679085 15.273796230554579 18.083029583096504 22.812673002481461 17.936034709215164 15.233530998229982 151.36471949517727 27.520232364535332 17.065650179982185 14.038161143660547 13.753472298383711 21.236706867814064 17.906860336661339 21.085298180580139 12.905529901385306 21.746508404612541 14.748866468667982 15.704429328441618 91.712712779641151 19.420043438673019 12.574693500995634
leaf_count=60 65 52 59 66 911 69 66 103 125 201 62 73 93 74 62 613 112 69 57 56 86 73 85 52 88 60 64 369 79 51
internal_value=0 0.00053269 0.0017705 0.00423311 0.0072458 -0.00159855 -0.00176747 0.000639342 0.00333324 -0.00310039 0.000125101 0.00857356 0.0144472 0.00335152 -0.00270034 -0.00118402 -0.00353931 0.00850814 0.00969211 -0.00444122 -0.00502312 0.0113196 -0.0143092 -0.00804174 -0.00605173 0.00665839 0.0137448 -0.00837278 -0.0155768 0.0139671
internal_weight=0 961.806 786.563 454.411 302.524 332.152 151.887 135.679 121.153 74.8815 295.691 74.1055 58.8317 36.0191 221.586 206.693 178.885 286.202 269.137 27.7916 175.243 241.345 37.237 139.257 126.365 35.9856 46.2717 113.459 36.4613 27.8082
internal_count=4055 3905 3198 1850 1232 1348 618 552 493 304 1200 302 240 147 898 838 725 1166 1097 113 707 984 150 561 509 146 189 457 148 113
is_linear=0
shrinkage=0.03


Tree=15
num_leaves=31
num_cat=0
split_feature=3 11 0 14 1 8 14 4 3 6 1 0 13 8 10 9 3 8 4 3 0 11 13 1 1 1 9 8 5 0
split_gain=6.58906 12.2551 8.53328 11.5349 11.2371 11.4962 9.0037 17.9178 12.2785 10.6283 9.84621 11.0644 7.85821 6.78665 8.88394 8.25269 9.96392 7.53615 9.26051 8.38878 6.68539 6.61401 8.18225 7.25267 7.016 6.46763 6.21023 6.20382 5.70222 9.30421
threshold=44.325218772607066 0.01438827282572608 0.036152336246047863 0.14034721733117037 16.48499965667725 0.95650344250445862 1.0011235201792641 0.0071341349748911273 67.127952472034465 0.55347975686968043 18.85000038146973 -0.037532890410319812 6.5385714285714167 0.90419273789070032 0.27406757380083097 -0.024223960934413365 28.869934137595219 1.0475022741693072 -0.00036493514793684007 37.29985065059217 0.0068960420278251231 0.0080188055248701113 4.1153571428571469 22.175000190734867 19.489999771118168 22.265000343322757 -0.02590820145624145 1.2096751744833647 0.0037556856239701068 0.015930434781081141
decision_type=2 2 2 2 2 2 2 2 2 2 2 2 2 2 2 2 2 2 2 2 2 2 2 2 2 2 2 2 2 2
left_child=1 13 6 -4 5 -5 7 -2 10 -8 -9 -12 28 -1 17 16 -16 26 19 20 -19 22 -6 -23 -24 -26 -15 -3 -11 -30
right_child=2 27 3 4 21 -7 9 8 -10 12 11 -13 -14 14 15 -17 -18 18 -20 -21 -22 23 24 -25 25 -27 -28 -29 29 -31
leaf_value=-0.023440405374022717 0.02161514308260392 -0.039348139559871521 -0.02354597032097723 -0.032331674079799352 -0.0044537549863514544 0.00051268709201941038 -0.026228495632108179 0.020004951973436613 -0.020692880258138712 9.5828615051829025e-05 -0.016488080449174537 0.014679314644544359 -0.0085767624989328186 0.023615986730337202 0.020637307800396926 0.028607794699306268 -0.013041019704704667 -0.016393415480371109 0.0033573950982956286 -0.029084229899845389 0.0033973618906580723 -0.023468898576486302 0.034469628477263495 0.0076061741079271666 -0.0047109591702776945 0.022787754698004509 -0.004350100642029002 -0.0094056678730117752 0.010611286805394271 -0.010443896212326532
leaf_weight=12.604317128658293 62.556389376521111 12.359990298748018 24.92746813595295 18.268989771604538 26.123094245791435 20.192097961902618 12.683440208435057 28.648418441414833 19.036988079547882 216.31245605647564 23.41709965467453 18.232443019747734 58.581132799386978 14.491007491946222 14.234608814120291 15.484993994235991 17.783920302987099 34.279295295476913 47.954226240515709 21.993439331650734 27.836418300867081 14.084534198045732 13.794903457164763 12.997219175100325 15.752676814794542 15.054119154810904 14.099902495741842 12.552234396338461 133.37249805033207 22.005259528756142
leaf_count=51 254 50 101 74 106 82 51 117 77 878 95 74 238 59 58 63 72 139 195 89 113 57 56 53 64 62 57 51 542 89
internal_value=0 -0.00431539 0.00133987 -0.00478269 -0.00135032 -0.0150884 0.00299899 0.00930193 0.000679654 0.000837688 0.00646743 -0.00284429 0.00163554 -0.00206456 -0.000770217 0.0106273 0.00193149 -0.00414033 -0.00716357 -0.013162 -0.00752441 0.00405197 0.00887947 -0.00855518 0.0166887 0.00872663 0.00982422 -0.0242614 0.00324507 0.00762936
internal_weight=0 245.674 756.041 161.195 136.268 38.4611 594.846 151.891 89.3349 442.955 70.298 41.6495 430.271 220.762 208.158 47.5035 32.0185 160.654 132.063 84.1092 62.1157 97.8065 70.7248 27.0818 44.6017 30.8068 28.5909 24.9122 371.69 155.378
internal_count=4067 997 3070 655 554 156 2415 617 363 1798 286 169 1747 896 845 193 130 652 536 341 252 398 288 110 182 126 116 101 1509 631
is_linear=0
shrinkage=0.03


Tree=16
num_leaves=31
num_cat=0
split_feature=3 11 0 7 14 1 7 14 13 12 10 4 2 0 5 5 0 7 5 7 8 10 7 8 4 0 11 0 8 4
split_gain=6.19925 11.5007 8.02971 16.3551 13.449 9.71954 8.93647 13.3892 10.5407 8.18114 8.15262 8.00536 8.7817 7.26067 9.2861 6.90651 10.156 8.85492 8.14394 6.88088 6.37073 8.36753 7.64952 7.09158 8.98904 9.67347 7.44792 5.98186 5.80408 5.55928
threshold=44.325218772607066 0.01438827282572608 0.036152336246047863 0.90887543445728203 1.0000000180025095e-35 16.085000038146976 0.96449279163957591 1.2569840496865208 6.5385714285714167 2469604.5000000005 -0.10341728281921746 0.0039722337732925892 -0.0036008374210969884 0.082777995482000835 -0.0020909873622870774 0.031499030773043342 -0.059388339175956421 0.97595567337450817 0.049811321523696557 0.5701118914164921 0.90419273789070032 0.27406757380083097 0.20682088133833201 1.0475022741693072 -0.017711120213660555 0.055010568079163609 -0.028613261870253977 -0.083218548059739703 1.2096751744833647 0.013331380041675668
decision_type=2 2 2 2 2 2 2 2 2 2 2 2 2 2 2 2 2 2 2 2 2 2 2 2 2 2 2 2 2 2
left_child=1 20 6 4 -4 -6 7 11 9 -9 -10 -2 -13 -7 -15 16 -8 -18 -17 -14 -1 23 -23 -22 26 27 -25 -26 -3 -21
right_child=2 28 3 -5 5 13 15 8 10 -11 -12 12 19 14 -16 18 17 -19 -20 29 21 22 -24 24 25 -27 -28 -29 -30 -31
leaf_value=-0.022690724717187197 0.022273797127863513 -0.038048500706892266 -0.023306224337758617 -0.024953024350007465 -0.014356708219534629 0.015640289601753194 -0.03128941331197635 -0.012863538690207673 0.00059847210769530749 0.0051425911121313443 -0.024936655996498778 -0.016265623662880174 -0.0054822305143205213 0.0082364011651839784 -0.02282450796830492 0.023140889376065031 -0.020187784798496117 0.0023941875042108817 -0.0095123189559994138 0.0058977351613485303 0.009540691363202394 0.0027223312771335411 0.029416778041023276 -0.0084711391228005223 0.0097354469832702777 0.02112201156086109 -0.035284319324166064 -0.01028621310696241 -0.0091154405348847414 0.024493918734841639
leaf_weight=12.629727303981779 49.617861270904541 12.398095428943636 19.268027067184448 29.205227881669998 21.451047495007515 50.787153527140617 14.672384366393088 24.813916683197021 22.850034907460213 267.83502478897572 22.171680554747581 12.335609823465346 17.475004434585571 27.954768389463425 12.552261203527449 15.483855754137041 21.863334730267525 54.797409132122993 12.362937271594999 26.685815587639809 28.558766052126884 33.922857061028481 13.508535340428351 23.693092450499535 17.149908244609833 13.987265914678572 15.373014032840727 61.918011903762817 12.563158810138701 31.601408287882805
leaf_count=51 202 50 78 118 87 207 59 100 93 1090 90 50 71 114 51 63 88 221 50 109 116 138 55 96 70 57 62 251 51 129
internal_value=0 -0.00418499 0.00130043 -0.00463791 -0.000143608 0.00381486 0.00291062 0.00475217 0.00153688 0.00361584 -0.0119767 0.0126359 0.00720767 0.00808456 -0.00138871 -0.00443495 -0.00842265 -0.0040461 0.00864408 0.0110296 -0.00200241 -0.000746894 0.010325 -0.00401521 -0.00694539 -0.00187524 -0.0190225 -0.0059435 -0.0234863 0.01598
internal_weight=0 245.702 755.785 161.218 132.013 112.745 594.566 475.386 337.671 292.649 45.0217 137.716 88.0978 91.2942 40.507 119.18 91.3331 76.6607 27.8468 75.7622 220.741 208.111 47.4314 160.68 132.121 93.0552 39.0661 79.0679 24.9613 58.2872
internal_count=4067 997 3070 655 537 459 2415 1934 1373 1190 183 561 359 372 165 481 368 309 113 309 896 845 193 652 536 378 158 321 101 238
is_linear=0
shrinkage=0.03


Tree=17
num_leaves=31
num_cat=0
split_feature=3 11 1 3 4 14 7 5 14 10 8 7 10 1 1 1 9 9 8 12 10 2 1 6 11 5 9 14 7 3
split_gain=5.83359 10.7987 7.35024 6.07324 7.70284 9.10924 7.59045 6.72899 7.67512 7.1179 5.82546 12.5109 10.4744 9.01249 8.75467 14.2172 11.0515 8.83951 7.53171 8.40424 8.15258 6.96269 9.06527 6.87713 7.7417 6.65515 6.22763 6.90945 6.20247 5.85865
threshold=44.325218772607066 0.01438827282572608 34.739999771118171 28.372727999299027 -0.011620317068397666 -4.6922334487514847 0.13730203229530211 -0.008667013729244109 1.2185107673401838 -0.0083113574571462828 0.87211870387071777 0.95832819421345683 0.26018712999464894 12.88000011444092 25.960000038146976 22.494999885559086 0.018632889840309089 0.0025671569843157553 0.94510355125351608 3228800.0000000005 0.42233751496607258 -0.001337032529689769 19.585000038146976 0.9583789105612226 0.03154530169256687 0.0040284101500844835 0.052316920413228336 -2.5772568062433021 0.99099656321308094 58.193252593609834
decision_type=2 2 2 2 2 2 2 2 2 2 2 2 2 2 2 2 2 2 2 2 2 2 2 2 2 2 2 2 2 2
left_child=1 3 10 6 7 -6 -1 8 -5 -9 14 13 23 -12 15 17 -17 -2 19 -15 -21 22 -19 24 25 -13 27 -20 -23 -16
right_child=2 -3 -4 4 5 -7 -8 9 -10 -11 11 12 -14 18 29 16 -18 21 26 20 -22 28 -24 -25 -26 -27 -28 -29 -30 -31
leaf_value=0.014912321607392085 -0.019410796566751976 -0.022746340001907239 0.020860132078549674 -0.01554162614169387 0.019456096447865417 -0.003685900409845747 -0.010153328528852843 -0.0405907561275516 0.010251570187105305 -0.010250921542388505 0.023964593658504337 -0.010745583914170687 0.012894109057227194 -0.0078647342273060333 -0.0032668958982227077 0.033654308262942204 0.0010873005080308867 -0.020794831532626921 0.01684893105077841 0.018798940872039371 -0.0074184944601662882 3.3510123446746019e-05 0.0078434320264977805 -0.027424760033852951 -0.024772413206201497 0.017521009875936102 -0.019052376155299106 0.00071429056202556185 0.02256661194533913 -0.030982077176917054
leaf_weight=35.115316778421402 29.41015437245369 24.999277919530869 16.839769661426544 24.672806486487389 18.928214058279991 80.041848063468933 15.749816477298735 12.403441533446314 17.926926463842392 15.855658531188963 21.187539830803871 16.690651506185535 17.324013441801071 17.764576748013496 12.286773294210436 17.155289843678474 20.68604488670826 30.419766440987587 26.512159168720245 71.00289161503315 12.563577041029928 99.641896888613701 14.781808599829672 21.133454620838165 14.391832813620566 13.608516171574591 12.870143070816992 241.2720380872488 12.357769817113875 15.554508209228514
leaf_count=143 119 101 70 100 77 325 64 50 73 64 87 67 70 72 50 70 84 123 108 289 51 404 60 85 58 55 52 983 50 63
internal_value=0 -0.00405928 0.00126226 -0.00194249 -0.00466607 0.000740051 0.00715102 -0.0122169 -0.00468727 -0.0235676 0.000815448 0.00273442 -0.0078611 0.00491959 -0.00288356 -0.00091536 0.0158515 -0.00431537 0.00386323 0.0108739 0.0148574 -0.00149122 -0.0114296 -0.0133236 -0.0066554 0.00195003 0.00133201 0.00231171 0.00251976 -0.018751
internal_weight=0 245.693 755.455 220.694 169.829 98.9701 50.8651 70.8588 42.5997 28.2591 738.615 486.321 83.1485 403.173 252.294 224.453 37.8413 186.611 381.985 101.331 83.5665 157.201 45.2016 65.8245 44.691 30.2992 280.654 267.784 112 27.8413
internal_count=4067 997 3070 896 689 402 207 287 173 114 3000 1977 335 1642 1023 910 154 756 1555 412 340 637 183 265 180 122 1143 1091 454 113
is_linear=0
shrinkage=0.03


Tree=18
num_leaves=31
num_cat=0
split_feature=3 11 0 5 6 1 3 7 0 2 4 13 12 14 3 3 8 10 7 8 4 3 0 1 2 0 4 5 8 14
split_gain=5.48997 10.1408 7.60612 13.5812 9.44775 9.12312 7.74545 8.33691 13.4677 13.6489 8.25422 8.31088 10.0646 8.75061 8.73504 6.33044 5.94682 7.69605 7.29538 6.65446 8.20447 7.66316 6.04331 5.85797 5.77137 5.71537 7.753 5.71228 5.43886 5.30475
threshold=44.325218772607066 0.01438827282572608 0.085589081342127962 -0.0020909873622870774 1.0905924194633159 34.069999694824226 55.721021437709688 0.62521500186919476 0.037142264963949019 -0.00042552625322151187 0.02371931850552789 6.5385714285714167 2828250.0000000005 0.77904452745592345 79.319249679139816 65.861025529946332 0.90419273789070032 0.27406757380083097 0.20682088133833201 1.0475022741693072 -0.00036493514793684007 37.29985065059217 0.0068960420278251231 21.954999923706058 0.0077329468497428925 -0.011298954547856009 0.009212490059530511 -0.010784771534524727 1.2096751744833647 0.037600607447065483
decision_type=2 2 2 2 2 2 2 2 2 2 2 2 2 2 2 2 2 2 2 2 2 2 2 2 2 2 2 2 2 2
left_child=1 16 5 4 -4 6 7 8 9 23 11 12 13 -8 -14 -12 -1 19 29 -18 21 22 -21 -2 -11 26 -9 -22 -3 -19
right_child=2 28 3 -5 -6 -7 10 25 -10 24 15 -13 14 -15 -16 -17 17 18 -20 20 27 -23 -24 -25 -26 -27 -28 -29 -30 -31
leaf_value=-0.021853210525102685 0.0093004366835543091 -0.036103661913542126 -0.018949539720998387 -0.030666111538341669 0.012472760790404134 0.024424694878124403 0.013116221842840442 -0.0053262756981054763 -0.025108029178719973 0.0021260229630687246 -0.0017956175444062054 -0.0090421967210601289 0.0060668740053523729 -0.015342953811154863 -0.0075425100440602204 -0.029451881912978269 0.0093380349395829221 -0.0092681701780553787 0.028648282080403101 -0.015312908081876702 -0.011670654609622246 -0.027489654028793335 0.0034993299186667354 0.036121714173527796 -0.021997433078718476 0.022594918527065279 0.018115695509592571 0.01044695435745158 -0.0081368879932102057 0.014470728848095547
leaf_weight=12.652646914124487 16.019232124090198 12.438528925180437 13.601270928978918 18.252771854400635 23.47587014734745 16.056006267666817 12.338794216513632 24.058574885129929 15.312504410743712 30.739437699317932 14.869046464562418 68.576446771621704 302.15681086480618 45.881582126021385 49.382328659296036 14.926496490836142 28.52424219250679 17.032840758562088 13.456548765301703 34.34231635928154 15.560589522123335 22.019126653671265 27.817346885800362 13.50920496881008 12.577894538640974 36.530911892652512 26.889396905899048 32.374593302607536 12.596205338835714 16.856103673577309
leaf_count=51 65 50 55 74 96 67 50 98 62 125 60 278 1230 185 200 60 116 69 55 139 63 89 113 55 51 149 110 132 51 69
internal_value=0 -0.00393766 0.0012252 -0.00948258 0.000945895 0.00207178 0.0015469 0.00697777 0.000466956 0.00584293 -0.000330297 0.000623993 0.00224171 -0.00931153 0.0041551 -0.0156504 -0.00188455 -0.000669759 0.00996006 -0.00380272 -0.0066399 -0.0122814 -0.00689416 0.0215711 -0.00487862 0.0135392 0.00704596 0.0032672 -0.0220322 0.00253938
internal_weight=0 245.671 755.155 55.3299 37.0771 699.825 683.769 175.637 88.1583 72.8458 508.132 478.336 409.76 58.2204 351.539 29.7955 220.636 207.984 47.3455 160.638 132.114 84.1788 62.1597 29.5284 43.3173 87.4789 50.948 47.9352 25.0347 33.8889
internal_count=4067 997 3070 225 151 2845 2778 715 358 296 2063 1943 1665 235 1430 120 896 845 193 652 536 341 252 120 176 357 208 195 101 138
is_linear=0
shrinkage=0.03


Tree=19
num_leaves=31
num_cat=0
split_feature=3 11 0 5 1 3 7 0 2 4 13 12 14 3 14 3 3 7 4 14 0 5 7 1 11 14 2 0 4 9
split_gain=5.1667 9.53044 7.15586 12.7446 8.62426 7.29804 7.86496 12.6527 12.8785 7.76437 7.81578 9.46907 8.22723 8.2219 6.25627 5.95253 5.65574 7.15889 7.03486 8.53357 8.10393 8.37998 8.86527 5.56024 5.55402 7.75182 5.42176 5.41118 7.31341 5.18211
threshold=44.325218772607066 0.01438827282572608 0.085589081342127962 -0.0020909873622870774 34.069999694824226 55.721021437709688 0.62521500186919476 0.037142264963949019 -0.00042552625322151187 0.02371931850552789 6.5385714285714167 2828250.0000000005 0.77904452745592345 79.319249679139816 2.6389418260412634 65.861025529946332 28.372727999299027 0.13730203229530211 -0.011620317068397666 -4.6922334487514847 -0.039568606403770572 -0.0071461180515003378 0.070687867760529363 21.954999923706058 -0.0045820625517459237 -0.86543543530046241 0.0077329468497428925 -0.011298954547856009 0.009212490059530511 0.013321925680854553
decision_type=2 2 2 2 2 2 2 2 2 2 2 2 2 2 2 2 2 2 2 2 2 2 2 2 2 2 2 2 2 2
left_child=1 16 4 14 5 6 7 8 23 10 11 12 -7 -13 -4 -11 17 -1 20 -20 -18 22 -22 -2 -21 -26 -10 28 -8 -12
right_child=2 -3 3 -5 -6 9 27 -9 26 15 29 13 -14 -15 -16 -17 18 -19 19 24 21 -23 -24 -25 25 -27 -28 -29 -30 -31
leaf_value=0.01450314425443739 0.0090308529758442325 -0.021353172176583245 -0.016527811361041547 -0.029687324709465546 0.023788599734252278 0.012740883802976371 -0.0051629582971130282 -0.024302590308620763 0.0020627646004138804 -0.0017415523554803079 0.0054821649762057806 0.0058892583715425091 -0.014866171498426617 -0.0073110952717108284 0.0096277691861683477 -0.028556038710418709 -0.033205842779966098 -0.0098406048875230544 0.018857758708489342 -0.0097225567875606871 -0.014717202632524722 -0.022142807627550151 0.01476197289664956 0.035200059270653547 0.021223768524448079 -0.0091803067291063838 -0.021308294083392788 0.02198718795527984 0.017612990714389123 -0.013533994576975282
leaf_weight=35.051621332764626 16.002758473157886 25.055499166250229 12.339394897222517 18.288353636860847 15.991754963994024 12.321483209729193 24.074768677353859 15.344879165291784 30.731780707836151 14.870698750019075 17.216074347496033 301.93496052920818 45.931696876883507 49.416508838534355 24.717524811625481 14.932805240154265 12.87212562561035 15.760616928339003 18.873778939247131 49.818665400147438 16.547128722071648 20.793483778834343 20.625516757369041 13.447954848408697 15.667141437530519 14.561838209629057 12.594869658350943 36.416161507368088 26.828095823526382 51.415207058191299
leaf_count=143 65 101 50 74 67 50 98 62 125 60 70 1230 185 200 101 60 52 64 77 202 67 84 84 55 64 59 51 149 110 208
internal_value=0 -0.00381991 0.00118925 -0.00919502 0.0020109 0.00150136 0.00677662 0.000453737 0.00567353 -0.000320348 0.000605497 0.00217537 -0.00902684 0.00403267 0.000918356 -0.0151767 -0.00182824 0.00695235 -0.00445644 0.000711535 -0.0116732 -0.00689161 0.00163954 0.0209804 -0.00356702 0.00657758 -0.0047311 0.0131577 0.00684099 -0.00876381
internal_weight=0 245.627 754.818 55.3453 699.472 683.481 175.441 88.1222 72.7774 508.039 478.236 409.605 58.2532 351.351 37.0569 29.8035 220.572 50.8122 169.76 98.9214 70.8383 57.9661 37.1726 29.4507 80.0476 30.229 43.3267 87.319 50.9029 68.6313
internal_count=4067 997 3070 225 2845 2778 715 358 296 2063 1943 1665 235 1430 151 120 896 207 689 402 287 235 151 120 325 123 176 357 208 278
is_linear=0
shrinkage=0.03


Tree=20
num_leaves=19
num_cat=0
split_feature=2 1 3 4 2 14 2 6 10 0 5 3 9 7 6 4 0 0
split_gain=5.56739 7.0888 8.19206 6.89329 7.0353 9.54355 8.59139 8.27411 7.6656 6.23875 20.2411 6.52832 5.72854 5.66097 5.44437 4.8095 3.53703 3.40185
threshold=0.01279585406184318 33.649999618530281 48.410056236758798 -0.028286978358775191 -0.010614183218576158 -3.0216706528670136 -0.0064206710317118313 1.3674720691906455 0.44983498430403174 -0.092486952719352575 -0.01358601669372672 28.372727999299027 0.01810335938039476 0.71271779403196822 1.3822534425704343 -0.0091583638335366851 0.039515120527512278 0.037142264963949019
decision_type=2 2 2 2 2 2 2 2 2 2 2 2 2 2 2 2 2 2
left_child=1 3 -3 14 5 -5 8 9 13 10 -8 -11 -2 17 -1 -9 -17 -6
right_child=12 2 -4 4 6 -7 7 15 -10 11 -12 -13 -14 -15 -16 16 -18 -19
leaf_value=-0.025820749036694478 -0.021694781965008566 0.0027705038894652104 0.033215338781500799 -0.0076708548047872043 0.00072110631130137368 0.024898434753138333 -0.017278181098852666 0.0013307359689978876 0.008124745580083588 0.019347286552314723 0.026547804735800543 0.00022771094347257115 0.0012003538102463296 -0.033093475524864392 -0.0019278247249516888 -0.010255671813931245 -0.029480871408197239 -0.021028763167616104
leaf_weight=16.578487128019333 21.540793403983116 22.53128020465374 12.295038431882857 12.546071007847784 13.312141984701158 22.834699437022209 14.000041812658308 22.184213757514954 13.023878037929533 16.466770276427269 29.405595332384109 671.53878645598888 18.100166484713554 14.834095925092695 17.797705680131912 28.812356114387512 12.284992024302481 12.596032589673994
leaf_count=67 87 93 53 51 54 93 57 90 53 67 122 2727 73 60 72 117 50 51
internal_value=0 0.000233444 0.0135187 -0.000270442 0.000242188 0.0133493 -0.00030438 0.000480842 -0.0119104 0.00138125 0.0124122 0.00068532 -0.0112408 -0.0183149 -0.0134506 -0.00992613 -0.0160025 -0.00985324
internal_weight=0 953.042 34.8263 918.216 883.84 35.3808 848.459 794.693 53.7661 731.411 43.4056 688.006 39.641 40.7423 34.3762 63.2816 41.0973 25.9082
internal_count=4037 3877 146 3731 3592 144 3448 3230 218 2973 179 2794 160 165 139 257 167 105
is_linear=0
shrinkage=0.03


Tree=21
num_leaves=18
num_cat=0
split_feature=2 1 3 4 2 14 2 6 10 9 7 6 3 11 4 10 3
split_gain=5.24033 6.69379 7.81312 6.48682 6.6291 9.00845 8.07659 7.7778 7.19995 5.39444 5.30402 5.12594 5.07205 5.32487 4.51269 3.23543 2.50384
threshold=0.01279585406184318 33.649999618530281 48.410056236758798 -0.028286978358775191 -0.010614183218576158 -3.0216706528670136 -0.0064206710317118313 1.3674720691906455 0.44983498430403174 0.01810335938039476 0.71271779403196822 1.3822534425704343 28.372727999299027 -0.012741913529794589 -0.0091583638335366851 0.37073633567635672 43.410507986040862
decision_type=2 2 2 2 2 2 2 2 2 2 2 2 2 2 2 2 2
left_child=1 3 -3 11 5 -5 8 12 10 -2 16 -1 -8 -14 -9 -16 -6
right_child=9 2 -4 4 6 -7 7 14 -10 -11 -12 -13 13 -15 15 -17 -18
leaf_value=-0.025054906271546336 -0.021056131149156505 0.0026885865863142773 0.032508172307794771 -0.0074347300981932336 -0.018942529643005742 0.02421467264765588 0.017336708842337498 0.0012909694425850861 0.0078883788781460556 0.0011643733131923863 -0.032024868008744177 -0.0018697757896198378 -0.0061789111710887244 0.0018917300856271008 -0.0081732232302641605 -0.025155109578627682 -0.00029736081889722768
leaf_weight=16.57275253534317 21.528498098254204 22.521394848823547 12.187262162566183 12.55603878200054 12.86677795648575 22.775997996330261 17.414445400238037 22.181586772203445 13.011884108185766 18.099704340100288 14.868652403354643 17.799713581800461 83.295465975999832 630.53206393122673 23.421159192919731 17.749173790216446 13.06317402422428
leaf_count=67 87 93 53 51 52 93 71 90 53 73 60 72 338 2564 95 72 53
internal_value=0 0.000226705 0.0131591 -0.0002622 0.000235118 0.0129673 -0.000295119 0.0004666 -0.0115431 -0.0109072 -0.0177403 -0.0130485 0.00134023 0.000949979 -0.00961728 -0.0154944 -0.00954934
internal_weight=0 952.818 34.7087 918.109 883.736 35.332 848.404 794.594 53.8105 39.6282 40.7986 34.3725 731.242 713.828 63.3519 41.1703 25.93
internal_count=4037 3877 146 3731 3592 144 3448 3230 218 160 165 139 2973 2902 257 167 105
is_linear=0
shrinkage=0.03


Tree=22
num_leaves=26
num_cat=0
split_feature=2 9 7 0 7 13 13 13 12 0 14 0 8 2 13 14 3 6 3 3 8 4 6 10 5
split_gain=4.93299 5.08132 5.04445 8.29381 7.30534 6.50439 5.67758 7.68544 5.33324 6.49588 10.3807 17.7848 9.98684 8.20142 11.0791 8.03533 11.0109 13.179 9.84272 11.0982 7.39672 6.08091 4.8982 4.30415 3.98051
threshold=0.01279585406184318 0.01810335938039476 0.96918821254155618 -0.062842821894403419 0.97804151582860499 2.1739285714285699 4.5757142857142785 5.348571428571435 2469604.5000000005 0.036152336246047863 -1.1157570576563358 0.069248847446099285 1.146083648849592 0.0034794291098306312 4.8121428571428568 5.3505427974654172 77.664863294884555 0.90695647437197402 44.551279350480428 31.157654839526099 0.67944378261627092 0.0031622856916436741 0.8356354577365871 -0.21762666077871448 0.016108492940620559
decision_type=2 2 2 2 2 2 2 2 2 2 2 2 2 2 2 2 2 2 2 2 2 2 2 2 2
left_child=2 -2 5 -4 22 -1 24 -8 21 15 11 -11 -13 14 -12 18 17 -17 19 -10 -20 23 -5 -7 -6
right_child=1 -3 3 4 6 8 7 -9 9 10 13 12 -14 -15 -16 16 -18 -19 20 -21 -22 -23 -24 -25 -26
leaf_value=0.021193798259305986 -0.020440470246098106 0.0011294712295361572 -0.027959239279894316 -0.028692095575552537 0.0034269521954080006 -0.0059995837282986915 -0.024684756110009039 0.0045835063206439864 0.012352342567445308 -0.037667814920902688 -0.010297288573390646 -0.020732081968335321 0.013965545091175811 0.017143044821310859 0.0058945651417163514 -0.014852686559709246 -0.03025810885098569 0.0095611335837172615 0.029469905411507982 -0.0067225162503422526 0.0066066249688298152 0.0031893154671911246 -0.0027721724669275949 -0.030390525767505103 0.024529445396688589
leaf_weight=14.125722765922545 21.511866807937622 18.099243596196175 13.38368237018585 13.661636754870417 23.327590867877007 12.419242158532144 12.907881319522856 21.563762903213501 36.809905245900154 19.312171071767807 75.441709697246552 13.04611758887768 17.453664928674698 22.844642862677574 76.697975233197212 34.670494168996811 13.325538903474806 46.711258918046951 13.290058001875876 107.98422400653362 305.01975572109222 20.020640254020691 12.625717267394064 13.687882721424101 12.279499933123587
leaf_count=58 87 73 54 55 94 50 52 87 150 78 306 53 71 94 313 141 54 191 55 438 1246 81 51 55 50
internal_value=0 -0.0105847 0.00022009 -0.00582979 -0.00275636 0.00100785 0.00230258 -0.00637597 0.000663783 0.00124806 -0.00305738 -0.0151404 -0.000876178 0.000382222 -0.00213451 0.00298314 -0.00497895 -0.000839714 0.00461143 -0.00187326 0.00756121 -0.0092491 -0.0162429 -0.0187877 0.0107044
internal_weight=0 39.6111 952.611 109.75 96.3661 842.861 70.0787 34.4716 828.735 782.608 224.796 49.812 30.4998 174.984 152.14 557.811 94.7073 81.3818 463.104 144.794 318.31 46.1278 26.2874 26.1071 35.6071
internal_count=4037 160 3877 443 389 3434 283 139 3376 3190 915 202 124 713 619 2275 386 332 1889 588 1301 186 106 105 144
is_linear=0
shrinkage=0.03


Tree=23
num_leaves=19
num_cat=0
split_feature=2 1 3 4 2 14 2 6 10 0 11 11 7 9 6 4 0 0
split_gain=4.64427 6.21384 7.37988 6.07718 6.26382 8.43342 7.4843 7.40249 6.77131 5.89313 9.03369 6.36981 4.9745 4.78767 4.73694 4.24059 3.24609 3.07193
threshold=0.01279585406184318 33.649999618530281 48.410056236758798 -0.028286978358775191 -0.010614183218576158 -3.0216706528670136 -0.0064206710317118313 1.3674720691906455 0.44983498430403174 -0.092486952719352575 0.013191385339896946 0.047585706381605426 0.71271779403196822 0.01810335938039476 1.3822534425704343 -0.0091583638335366851 0.039515120527512278 0.037142264963949019
decision_type=2 2 2 2 2 2 2 2 2 2 2 2 2 2 2 2 2 2
left_child=1 3 -3 14 5 -5 8 9 12 10 -8 -11 17 -2 -1 -9 -17 -6
right_child=13 2 -4 4 6 -7 7 15 -10 11 -12 -13 -14 -15 -16 16 -18 -19
leaf_value=-0.024188572116408253 -0.019846504743205207 0.0025584472419199734 0.031656459326591883 -0.0071081137093123468 0.00086987285147584051 0.02352379097661033 0.0028421895620773579 0.0011892040636431117 0.0077412455862280001 0.0011751902222576665 0.032473978155641528 -0.01441631070404914 -0.030936436324605774 0.0010956152766629379 -0.0018918023176456389 -0.0095767250116890676 -0.027957339522219446 -0.019781903843617221
leaf_weight=16.552383154630661 21.491309031844139 22.495406374335289 12.044657766818998 12.564902842044829 13.314873546361925 22.708200380206108 29.847249358892441 22.170655265450478 13.002052903175352 663.17374642193317 13.424240186810492 24.452226907014847 14.893647655844687 18.09878534078598 17.794274747371674 28.873496517539024 12.344369307160376 12.632812187075613
leaf_count=67 87 93 53 51 54 93 123 90 53 2695 56 99 60 73 72 117 50 51
internal_value=0 0.000213801 0.0127054 -0.000256327 0.000225036 0.0126122 -0.000290136 0.000443607 -0.0111141 0.00129651 0.0120349 0.000620751 -0.0171169 -0.0102727 -0.0126371 -0.00939072 -0.0150815 -0.00918459
internal_weight=0 952.289 34.5401 917.749 883.402 35.2731 848.129 794.286 53.8434 730.897 43.2715 687.626 40.8413 39.5901 34.3467 63.3885 41.2179 25.9477
internal_count=4037 3877 146 3731 3592 144 3448 3230 218 2973 179 2794 165 160 139 257 167 105
is_linear=0
shrinkage=0.03


Tree=24
num_leaves=31
num_cat=0
split_feature=7 5 13 6 7 11 14 7 14 0 3 7 1 1 13 7 12 7 4 5 13 3 11 7 14 6 6 2 2 10
split_gain=4.62691 7.92463 9.03305 7.9928 6.64536 9.57775 8.50853 12.7251 6.84104 5.97426 6.6629 10.0539 9.67207 9.56299 8.80733 6.50835 5.95669 5.70286 6.52572 8.7797 8.58225 9.87342 7.70696 7.60054 8.87151 6.40444 5.30457 5.5741 5.18762 8.0633
threshold=0.96918821254155618 0.02882833189284623 4.5964285714285724 0.89073160732884116 0.56424333336124544 0.01362713609411881 5.2153992671695795 0.86494811472568622 5.8790251924747396 0.091738005227369426 65.861025529946332 0.89162009606788606 13.84500026702881 20.685000419616703 3.3567857142857132 0.87345023574787606 18972529.500000004 0.46778857199869706 -0.014463788082760496 -0.008667013729244109 3.8739285714285709 45.017162723504811 -0.022947964165670517 0.18654846888307722 1.3716966491685822 1.1472670898736672 1.1158609706330911 -4.940725630184405e-05 0.0032721484786855984 0.025381143805024878
decision_type=2 2 2 2 2 2 2 2 2 2 2 2 2 2 2 2 2 2 2 2 2 2 2 2 2 2 2 2 2 2
left_child=4 2 -2 -3 5 17 9 26 -9 10 11 15 16 14 -13 -6 -12 18 19 23 -20 22 -22 24 -1 -21 27 -8 29 -19
right_child=1 3 -4 -5 6 -7 7 8 -10 -11 12 13 -14 -15 -16 -17 -18 28 20 25 21 -23 -24 -25 -26 -27 -28 -29 -30 -31
leaf_value=-0.00051320483642549263 -0.0012029648163601871 -0.0064736912915963332 -0.020848903580021037 0.024809693932216284 0.006142500227431502 -0.016386002047571978 -0.01278229722725664 -0.028505005884903459 -0.0070566015156119221 -0.010543357367724099 0.0017878801187084189 0.030757389895825247 -0.0043665905007528958 0.03502373175612257 0.0029309594292341139 -0.016238565689746524 0.030946663954316493 0.011937860008107905 -0.012246114791646031 -0.034296343119850477 -0.006219730386891967 0.025389256951364764 0.010417472039277001 -0.0127730898757082 0.028522101552593455 -0.0070960915663031161 0.016446641946163087 0.0091141922490474876 -0.027334345622227942 -0.017534244155481552
leaf_weight=30.972711831331253 44.173094630241394 16.537988886237148 40.262212708592415 13.231146812438963 182.39993673563004 40.788971975445747 20.133267089724541 19.944588243961334 40.684887856245041 21.932789906859398 12.557827994227411 14.291132375597952 99.70173354446888 20.751992151141167 36.08596071600914 12.494733914732931 12.663985565304754 14.943163603544233 22.537922367453575 12.865128278732298 41.237198516726494 23.529195129871368 63.874226287007332 23.306239187717438 13.642373844981192 19.751774474978447 23.321779161691666 21.784990951418877 12.227712303400038 18.94933345913887
leaf_count=126 178 67 162 54 747 165 82 81 165 89 51 59 405 85 147 51 52 61 91 52 168 96 260 95 56 80 96 89 50 77
internal_value=0 -0.0058786 -0.010571 0.00743048 0.000540826 -0.0027524 0.00261075 -0.00421746 -0.0141122 0.00469238 0.00554713 0.00823096 -0.000168076 0.0178849 0.0108248 0.00470765 0.0164286 -0.000885266 0.000891655 -0.00503158 0.00483078 0.00782267 0.00389038 0.00111189 0.00836519 -0.0178247 0.00497805 -0.00140265 -0.0105834 -0.00454003
internal_weight=0 114.204 84.4353 29.7691 877.376 338.626 538.75 125.87 60.6295 412.88 390.947 266.024 124.924 71.1291 50.3771 194.895 25.2218 297.837 251.717 100.538 151.179 128.641 105.111 67.9213 44.6151 32.6169 65.24 41.9183 46.1202 33.8925
internal_count=4037 461 340 121 3576 1377 2199 513 246 1686 1597 1089 508 291 206 798 103 1212 1024 409 615 524 428 277 182 132 267 171 188 138
is_linear=0
shrinkage=0.03


Tree=25
num_leaves=19
num_cat=0
split_feature=12 5 1 9 1 0 1 1 5 8 1 14 5 5 3 9 3 7
split_gain=6.50944 7.49198 6.0867 4.68444 5.23201 6.98189 6.49152 12.4474 8.54339 10.2516 10.3955 7.13314 10.9182 10.1502 4.40093 7.84588 3.08674 1.47893
threshold=2293553.5000000005 0.0052975740869810614 13.070000171661379 0.08047647615758137 34.069999694824226 -0.023827839520322188 25.32499980926514 24.244999885559086 0.07526325910461025 0.81612834086053121 26.284999847412113 -0.92404039433394314 -0.0048956760779308986 -0.021878064619151313 79.319249679139816 0.01810335938039476 58.193252593609834 0.85614875500323995
decision_type=2 2 2 2 2 2 2 2 2 2 2 2 2 2 2 2 2 2
left_child=1 17 14 4 6 -6 7 11 9 -8 -11 12 -4 -13 15 -2 -9 -1
right_child=2 -3 3 -5 5 -7 8 16 -10 10 -12 13 -14 -15 -16 -17 -18 -19
leaf_value=-0.029632878068831602 0.0015332705889285114 0.0054002483633110478 -0.0083077720828679414 -0.015700290098701709 -0.0074927733914440442 0.020635258461322307 -0.027269444724878186 0.028779425141628477 -0.02696332182925508 -0.019163277103627394 0.0026486105114983589 0.0059576041631768731 0.013777309819118714 -0.0037513930156235558 -0.0055676181575490015 0.026831244353829119 0.0089654817036760367 -0.014993696690610743
leaf_weight=12.42597244679928 22.211842700839043 13.573363333940504 28.575509876012802 17.961896941065788 12.031313538551329 23.367552980780602 15.07737413048744 15.891430184245111 15.842060551047323 23.868681862950325 111.67159609496593 125.15286509692669 68.297064214944839 429.44547235965729 13.333297371864317 21.923966392874718 12.75643579661846 12.417816773056982
leaf_count=50 91 55 116 73 50 99 61 65 64 97 454 510 279 1746 54 90 52 50
internal_value=0 -0.0125232 7.106e-05 -0.000533409 -0.000224528 0.0110751 -0.000697013 0.000602626 -0.00600706 -0.00380287 -0.00119247 -0.000248448 0.00726264 -0.00156042 0.00953676 0.0140998 0.0199566 -0.0223157
internal_weight=0 38.4172 957.408 899.939 881.977 35.3989 846.578 680.119 166.46 150.618 135.54 651.471 96.8726 554.598 57.4691 44.1358 28.6479 24.8438
internal_count=4056 155 3901 3666 3593 149 3444 2768 676 612 551 2651 395 2256 235 181 117 100
is_linear=0
shrinkage=0.03


Tree=26
num_leaves=31
num_cat=0
split_feature=12 5 13 10 10 0 0 5 8 6 14 13 5 0 5 1 5 6 0 13 14 5 14 10 4 14 1 14 8 9
split_gain=6.12156 7.03971 5.98096 7.93472 12.7464 8.70805 9.27077 13.5997 9.02444 8.47001 8.27815 8.2089 7.34861 8.61931 10.354 8.79627 11.7085 11.1176 7.3807 8.06427 13.1859 7.74452 6.14964 6.07839 6.37168 6.0752 7.05421 6.05592 5.82391 5.60644
threshold=2293553.5000000005 0.0052975740869810614 6.5385714285714167 0.29985887886961843 -0.11397379639817194 -0.04245355127096561 -0.021492254610909308 0.0075614476030945186 1.1519719573143699 1.2252496739639325 -2.3083819363267954 7.0421428571428626 -0.039904685575107006 0.015930434781081141 -0.028446713749276927 18.765000343322757 -0.0011213576601517559 0.84190001738262732 1.0000000180025095e-35 3.2903571428571392 2.2503783444421281 0.05427366715628041 3.463804046496588 0.10765640549268997 -0.0060066738474309203 -2.7696304719404599 21.539999961853031 0.49907592260377764 1.1428927006360028 0.052316920413228336
decision_type=2 2 2 2 2 2 2 2 2 2 2 2 2 2 2 2 2 2 2 2 2 2 2 2 2 2 2 2 2 2
left_child=1 -1 12 4 11 8 -7 9 -6 -8 -9 -4 -2 14 -14 16 17 -15 21 -20 -21 27 29 -17 28 -5 -27 -16 -25 -13
right_child=2 -3 3 25 5 6 7 10 -10 -11 -12 22 13 15 18 23 -18 -19 19 20 -22 -23 -24 24 -26 26 -28 -29 -30 -31
leaf_value=-0.021624858737761401 0.012067502702557086 0.0052403949703663452 -0.016319544494112305 -0.0054238757404597351 -0.038475120621619806 0.011576492188381233 0.0084351708410025841 -0.0084396667937508482 -0.0074264874540609857 -0.020491484044123754 -0.039649382180844572 0.012877881912505319 -0.016116838222996838 0.022662524890946775 0.0099125682880538551 -0.0066432746896953523 -0.020244253812528486 -0.0078469492696427653 0.03533580666602739 -0.014643520420859807 0.019195439975627372 0.024889846296050139 -0.013823717053134739 -0.0084679884118167396 0.021192801123031599 0.0027717130050206157 0.032229433874628545 -0.0004633810677624974 0.017052554215150808 -0.0093450033690130902
leaf_weight=24.867896541953087 55.336657240986824 13.56786799430847 18.428612440824509 20.32664629817009 19.776254251599312 18.253214776515961 27.935454815626144 12.80748672783375 14.678579196333883 13.519040927290915 18.990017354488373 60.155883505940437 23.561128109693527 13.847360640764235 63.456384405493736 39.574869692325592 52.880986452102661 48.047817930579185 12.622110173106192 15.241982221603392 32.381712853908539 13.440364331007002 12.319102704524992 22.483567804098129 22.265280351042747 16.450937345623974 13.176273092627524 250.36649915575981 12.534389585256575 12.307475373148916
leaf_count=100 228 55 75 83 80 74 114 52 60 55 77 246 96 56 260 161 214 195 52 62 132 55 50 92 91 67 54 1019 51 50
internal_value=0 -0.0121414 6.91148e-05 -0.00362697 -0.00598849 -0.0123929 -0.00755268 -0.0123194 -0.0252477 -0.000998321 -0.0270786 0.00182756 0.00159066 0.000659633 0.00319215 -0.00425942 -0.00987791 -0.00102129 0.00436616 0.0140159 0.00836527 0.00258975 0.00577208 0.00239845 0.00864505 0.00720689 0.0158726 0.00163468 0.00066688 0.00910346
internal_weight=0 38.4358 957.166 279.125 229.171 125.96 91.5052 73.252 34.4548 41.4545 31.7975 103.211 678.041 622.704 411.07 211.634 114.776 61.8952 387.509 60.2458 47.6237 327.263 84.7825 96.8581 57.2832 49.9539 29.6272 313.823 35.018 72.4634
internal_count=4056 155 3901 1137 933 512 372 298 140 169 129 421 2764 2536 1676 860 465 251 1580 246 194 1334 346 395 234 204 121 1279 143 296
is_linear=0
shrinkage=0.03


Tree=27
num_leaves=20
num_cat=0
split_feature=12 5 1 12 1 11 1 1 1 8 4 0 14 5 5 3 9 0 7
split_gain=5.75801 6.61697 5.58635 4.65236 5.70425 7.91922 6.10634 14.0321 8.75198 11.6777 9.96667 7.15008 6.16272 9.51901 9.24894 4.18616 7.39002 3.1517 1.38688
threshold=2293553.5000000005 0.0052975740869810614 13.070000171661379 132537600.00000001 33.649999618530281 1.0000000180025095e-35 25.489999771118168 24.244999885559086 26.284999847412113 0.81612834086053121 0.022164141349841352 -0.0073448186496602999 -0.92404039433394314 -0.021878064619151313 -0.0048956760779308986 79.319249679139816 0.01810335938039476 0.01128649697633888 0.85614875500323995
decision_type=2 2 2 2 2 2 2 2 2 2 2 2 2 2 2 2 2 2 2
left_child=1 18 15 4 6 -6 7 12 11 -10 -11 -8 14 -14 -4 16 -2 -9 -1
right_child=2 -3 3 -5 5 -7 8 17 9 10 -12 -13 13 -15 -16 -17 -18 -19 -20
leaf_value=-0.028039034996384427 0.0014195480037444397 0.0050852819561161468 -0.0074845254238146818 -0.01354498533686898 0.022857448241085019 -0.0075568651051233582 -0.0053520016667083547 0.011307867087663199 -0.030092459450981116 0.0039490063299153881 -0.021389701177923968 -0.036331787031832471 0.0056150353767056918 -0.0037206352346792798 0.012569667526215262 -0.0055849404895552505 0.026008247888374147 0.030267284819396272 -0.013874648182768711
leaf_weight=12.450103610754015 22.192465409636497 13.562353476881979 29.586391791701317 23.990629747509956 21.541807413101196 11.995355591177939 12.784161269664766 17.130199745297435 12.644193843007086 97.090209022164345 16.319134011864662 14.100110113620756 127.29041123390198 431.56861883401871 68.894329562783241 13.3245432972908 21.813242956995964 14.630861222743986 12.435406371951101
leaf_count=50 91 55 120 98 92 50 52 70 51 395 66 57 519 1754 282 54 90 60 50
internal_value=0 -0.0117733 6.73677e-05 -0.000511298 -0.000154178 0.0119791 -0.000637426 0.000566117 -0.0060603 -0.00274603 0.000302871 -0.0216001 -0.000374891 -0.00159426 0.00654482 0.00914719 0.013608 0.0200416 -0.020961
internal_weight=0 38.4479 956.897 899.566 875.576 33.5372 842.039 689.101 152.938 126.054 113.409 26.8843 657.34 558.859 98.4807 57.3303 44.0057 31.7611 24.8855
internal_count=4056 155 3901 3666 3568 142 3426 2805 621 512 461 109 2675 2273 402 235 181 130 100
is_linear=0
shrinkage=0.03


Tree=28
num_leaves=31
num_cat=0
split_feature=12 5 13 10 10 0 0 5 8 6 13 14 5 0 5 0 5 1 7 2 5 14 9 14 14 0 14 0 14 7
split_gain=5.41694 6.22177 5.65415 7.4794 11.9122 8.19565 8.69868 12.7568 8.42029 7.91569 7.70072 7.68813 6.75789 8.08415 10.1479 10.0535 8.28901 8.93091 9.95647 12.652 7.22779 6.15476 5.8271 5.6846 5.30221 5.10709 8.75487 4.96021 5.61628 4.81558
threshold=2293553.5000000005 0.0052975740869810614 6.5385714285714167 0.29985887886961843 -0.11397379639817194 -0.04245355127096561 -0.021492254610909308 0.0075614476030945186 1.1519719573143699 1.2252496739639325 7.0421428571428626 -2.3083819363267954 -0.039904685575107006 0.010696427938552079 -0.027310350737242858 1.0000000180025095e-35 -0.025575317542829486 13.00500011444092 0.91853136810619451 0.0035653983934151963 0.05427366715628041 0.49907592260377764 0.052316920413228336 -1.7914721850318445 1.8220838143783269 0.0048728640195763182 4.3887655436005764 -0.04245355127096561 3.2339973669779618 0.45681037207935565
decision_type=2 2 2 2 2 2 2 2 2 2 2 2 2 2 2 2 2 2 2 2 2 2 2 2 2 2 2 2 2 2
left_child=1 -1 12 4 10 8 -7 9 -6 -8 -4 -9 27 14 -14 20 29 -18 19 -19 21 -16 -12 -5 -25 -17 -27 -2 -29 -15
right_child=2 -3 3 23 5 6 7 11 -10 -11 22 -13 13 16 15 25 17 18 -20 -21 -22 -23 -24 24 -26 26 -28 28 -30 -31
leaf_value=-0.020323138162938792 -0.005301118260955957 0.0049347634561947495 -0.015822669431202786 -0.0040571264818549686 -0.037248701198644429 0.011229626485505274 0.008178274613175501 -0.0082382883474458168 -0.0072636906070634262 -0.019775452066433878 0.0091120238389590224 -0.038302046819536646 -0.015219008729364008 0.02440038897943932 0.010080358369312014 0.030201903097223221 0.018707971266485612 -0.0079498255914116373 -0.021571997696405273 0.018156945307240643 0.024206192037252237 -0.0004346184623473117 -0.011898081923128445 0.030637066410685174 0.0040260529960481455 -0.0061521305069219883 0.027040781432191571 0.0065148989192716222 0.028289680635311596 0.0014262037434822311
leaf_weight=24.896401628851891 12.170999974012373 13.556831464171408 18.450679108500481 22.763608127832413 19.788906127214432 18.231610044836998 27.900277763605118 12.808013886213304 14.682417914271353 13.542195066809652 70.390953704714775 19.03021813929081 25.085177436470985 12.419705554842947 62.818503051996231 17.749674305319786 11.980400025844572 120.80645842850208 38.450931549072266 19.388198837637901 13.389768868684767 247.44912487268448 14.292989224195479 12.485095739364626 14.641092881560324 14.951770618557932 13.708442524075506 23.503060102462769 19.510183364152908 24.232730060815811
leaf_count=100 50 55 75 93 80 74 114 52 60 55 288 77 102 51 258 73 49 490 155 80 55 1007 58 51 60 61 56 97 81 99
internal_value=0 -0.0114184 6.55374e-05 -0.00352879 -0.00582083 -0.01201 -0.00731383 -0.0119273 -0.0244771 -0.00095619 0.00173953 -0.0262079 0.0015455 0.000653436 0.00324636 0.00449804 -0.00385469 -0.00636689 -0.00804847 -0.00433939 0.00262562 0.0016943 0.00556593 0.00699738 0.016274 0.0175561 0.00972434 0.0116072 0.0163916 0.00921102
internal_weight=0 38.4532 956.623 279.008 229.118 125.984 91.5123 73.2807 34.4713 41.4425 103.135 31.8382 677.615 622.431 395.152 370.067 227.278 190.626 178.646 140.195 323.657 310.268 84.6839 49.8898 27.1262 46.4099 28.6602 55.1842 43.0132 36.6524
internal_count=4056 155 3901 1137 933 512 372 298 140 169 421 129 2764 2536 1612 1510 924 774 725 570 1320 1265 346 204 111 190 117 228 178 150
is_linear=0
shrinkage=0.03


Tree=29
num_leaves=31
num_cat=0
split_feature=12 14 13 8 6 5 0 2 0 5 2 6 4 2 0 13 14 6 8 10 12 5 12 6 10 8 0 2 11 1
split_gain=5.09687 6.10173 5.47868 6.50722 12.8772 6.77108 6.41675 6.04365 6.55075 14.4741 5.98988 5.7976 5.24093 7.97067 5.08371 10.0893 14.3564 7.40055 6.68869 5.62799 5.03862 5.00989 4.94913 4.88952 7.20816 6.17518 5.31611 4.70951 3.93518 3.43124
threshold=2293553.5000000005 1.4362408019395692 5.5060714285714285 0.85020875702765042 0.77289923572014485 0.089411757922354354 -0.11785057199633607 -0.011368010251725623 0.016570527850011122 -0.0324654759827444 0.0034794291098306312 1.0100480059002457 -0.0068010642078817898 -0.0020172533446689437 1.0000000180025095e-35 3.2903571428571392 2.2035135711532026 1.2546656371629739 1.0025668385754614 0.28162210824126416 59526750.000000007 0.0050208760107005599 72481500.000000015 0.70013051888300615 -0.39337577858342704 0.92425354577675611 -0.032594119186969243 0.00068565628859187141 0.016009563541292241 21.309999465942386
decision_type=2 2 2 2 2 2 2 2 2 2 2 2 2 2 2 2 2 2 2 2 2 2 2 2 2 2 2 2 2 2
left_child=1 -1 7 4 28 6 -5 -2 14 -10 12 29 13 -11 17 -16 -17 19 -19 22 -14 -21 -9 26 -25 -26 -8 -28 -4 -6
right_child=2 -3 3 5 11 -7 23 8 9 10 -12 -13 20 -15 15 16 -18 18 -20 21 -22 -23 -24 24 25 -27 27 -29 -30 -31
leaf_value=0.00083826810854073465 0.022193472924358148 -0.023062411596091608 0.014734694263690853 -0.018997560196190404 -0.040097292903397933 -0.016306603697849646 0.0042292678664779945 0.0012535337458626024 0.019319513816838836 -0.0067354742516540647 0.0083341986578151228 -0.0061516807863897715 -0.0015087222679994504 -0.033088953827664677 0.035172070547964139 -0.020873927756910785 0.016378438123726916 -0.025752545322418975 0.00043313448661997744 0.0024868175656096846 -0.021744258105364581 0.025957666452504462 0.020715787975567092 0.024878298404975459 0.011808913534987017 -0.00042307885608310405 -0.0043644453873953213 -0.030489565394261654 -0.0074228730061247118 -0.01891092788680783
leaf_weight=19.285590395331383 13.214559599757193 19.168204769492149 15.925883337855341 14.880134150385855 13.59010285139084 23.679072290658951 17.644601672887802 191.16543917357922 22.410237103700638 25.119567573070526 20.879690796136856 14.92510014772415 71.026279047131538 17.54248471558094 13.239253759384153 13.223717540502546 31.463995814323425 14.791239276528357 21.599304765462875 14.481090039014815 13.120249956846235 18.825092926621437 12.53019432723522 12.438051730394362 44.212992206215858 232.34654246270657 12.536801397800447 12.305930972099302 13.186928808689116 13.933665454387663
leaf_count=78 55 77 66 61 55 96 72 779 92 102 86 61 287 71 55 54 129 60 88 59 53 78 51 51 180 948 51 50 54 57
internal_value=0 -0.0110756 6.38837e-05 -0.00238748 -0.0106686 -0.000786021 0.000275036 0.00216739 0.00163962 -0.00314602 -0.00655494 -0.0212076 -0.00900652 -0.0175719 0.00409656 0.0121697 0.00535494 0.00238601 -0.0102103 0.0043201 -0.00466388 0.0157529 0.00245074 0.00114017 0.0025372 0.00153242 -0.00836237 -0.0173056 0.00469821 -0.0293719
internal_weight=0 38.4538 956.238 441.606 71.5617 370.044 346.365 514.632 501.418 170.099 147.688 42.4489 126.809 42.6621 331.319 57.927 44.6877 273.392 36.3905 237.002 84.1465 33.3062 203.696 331.485 288.998 276.56 42.4873 24.8427 29.1128 27.5238
internal_count=4056 155 3901 1802 293 1509 1413 2099 2044 691 599 173 513 173 1353 238 183 1115 148 967 340 137 830 1352 1179 1128 173 101 120 112
is_linear=0
shrinkage=0.03


Tree=30
num_leaves=30
num_cat=0
split_feature=9 2 8 12 7 4 2 7 2 9 10 7 1 13 4 11 8 2 0 1 0 1 1 14 5 0 9 5 4
split_gain=6.04453 8.30813 7.05675 6.25938 7.24743 8.38049 8.64454 8.91379 8.77097 8.13955 7.34071 6.2154 7.59211 6.64385 6.18232 6.5992 5.95025 5.87975 6.69219 9.99319 9.32037 8.38651 11.68 7.48908 5.71159 4.81495 11.0227 10.1023 1.4592
threshold=-0.0065832404063814179 -0.012963658775312699 0.86446619489310861 113065700.00000001 0.93977149518577496 0.0030170456644188497 -0.0050034757817807021 0.5866673624181763 0.0024853201788979317 0.051497608535354573 0.58287547695781805 0.99313830801737479 16.614999771118168 5.5060714285714285 0.0015641582868628492 0.0066680576814511791 0.89148877528331483 0.01099093388115681 -0.10208878064042463 31.405000686645511 0.034598532642722286 29.525000572204593 27.900000572204593 -0.35723430585389326 0.03249231521440555 0.06810484490043868 0.011765667881252663 -0.014240869639667473 -0.011342562133068888
decision_type=2 2 2 2 2 2 2 2 2 2 2 2 2 2 2 2 2 2 2 2 2 2 2 2 2 2 2 2 2
left_child=2 -2 28 4 5 14 -7 8 -8 -9 11 12 24 -14 25 -16 -13 18 -4 21 -21 22 23 -20 -6 26 -3 -27 -1
right_child=1 3 17 -5 10 6 7 9 -10 -11 -12 16 13 -15 15 -17 -18 -19 19 20 -22 -23 -24 -25 -26 27 -28 -29 -30
leaf_value=-0.011166920861303125 0.025811025040665368 0.01266812295781599 0.018557219665373534 -0.019746575477912347 -0.0040439756789179184 -0.012883813637602215 0.014399199399896614 0.015460606001103274 -0.018297400203745123 -0.0093153057317901956 0.013916745975284662 0.021373740210787272 -0.0067367124885972345 -0.024966385505494695 -0.028142279332191166 -0.00017780396488282341 -0.005737214563530226 -0.017240463739066066 0.0034903178761212334 0.030245519071183127 -0.00030087793569076663 -0.02402421947947754 0.025268046370511714 -0.0094386669858183229 0.018247979172378297 0.0061250405693613168 -0.0018649055524386821 -0.02175578668108881 -0.025776995270624131
leaf_weight=12.24933145940304 12.921074807643889 81.271254494786263 15.580072075128554 12.222971215844153 68.15188404917717 15.504363745450972 12.80822202563286 141.00915576517582 17.435207352042198 13.037313088774679 21.263209000229836 14.789326563477518 45.691333323717117 29.6815025806427 13.203884974122049 17.878716826438904 14.3609152585268 20.378040581941605 65.079099267721176 15.592907905578612 21.229620218276978 17.799102202057838 12.727942332625387 105.99461789429188 12.195426836609839 26.000263527035713 111.28708174824715 21.260733246803284 12.361158221960066
leaf_count=50 54 332 64 50 275 63 52 580 71 53 87 60 185 120 54 73 58 83 265 64 88 72 52 431 50 106 454 86 50
internal_value=0 0.00197744 -0.00311613 0.00153051 0.00191476 0.00396912 0.00863035 0.0104403 -0.00445025 0.0133638 -0.00277629 -0.00469626 -0.00707623 -0.0139155 0.000531398 -0.0120571 0.00801748 -0.00173582 -0.000491921 -0.00173671 0.0126343 -0.00436159 -0.00245749 -0.00452028 -0.000660416 0.00216297 0.00426891 -0.00641737 -0.0185052
internal_weight=0 701.974 298.992 689.053 676.83 470.696 199.794 184.29 30.2434 154.046 206.134 184.87 155.72 75.3728 270.902 31.0826 29.1502 274.381 254.003 238.423 36.8225 201.601 183.802 171.074 80.3473 239.819 192.558 47.261 24.6105
internal_count=4082 2863 1219 2809 2759 1924 819 756 123 633 835 748 630 305 1105 127 118 1119 1036 972 152 820 748 696 325 978 786 192 100
is_linear=0
shrinkage=0.03


Tree=31
num_leaves=31
num_cat=0
split_feature=9 2 8 12 7 4 2 7 2 9 11 4 11 14 2 0 1 0 1 1 14 10 1 2 13 12 8 0 9 5
split_gain=5.68953 7.85995 6.62999 5.88257 6.82405 7.90294 8.14332 8.41091 8.24792 7.68078 7.01992 5.81036 6.17931 5.6967 5.53476 6.31148 9.41326 8.82271 7.88408 11.0091 7.04044 5.38482 5.32858 7.72137 4.89046 8.10582 7.09871 4.53158 10.3915 9.49444
threshold=-0.0065832404063814179 -0.012963658775312699 0.86446619489310861 113065700.00000001 0.93977149518577496 0.0030170456644188497 -0.0050034757817807021 0.5866673624181763 0.0024853201788979317 0.051497608535354573 0.018182204933781202 0.0015641582868628492 0.0066680576814511791 1.0011235201792641 0.01099093388115681 -0.10208878064042463 31.405000686645511 0.034598532642722286 29.525000572204593 27.900000572204593 -0.35723430585389326 0.25464517577188234 13.070000171661379 -0.0012821663673100094 5.5060714285714285 42498100.000000007 0.82708442351891009 0.06810484490043868 0.011765667881252663 -0.014240869639667473
decision_type=2 2 2 2 2 2 2 2 2 2 2 2 2 2 2 2 2 2 2 2 2 2 2 2 2 2 2 2 2 2
left_child=2 -2 -1 4 5 11 -7 8 -8 -9 13 27 -13 -6 15 -4 18 -18 19 20 -17 24 -15 -24 26 -26 -12 28 -3 -29
right_child=1 3 14 -5 10 6 7 9 -10 -11 21 12 -14 22 -16 16 17 -19 -20 -21 -22 -23 23 -25 25 -27 -28 29 -30 -31
leaf_value=-0.017930556137399595 0.025157195175702012 0.012308072605749209 0.018047552250893523 -0.019125397046251245 0.0093494190140281565 -0.012481595205437674 0.013990236193696002 0.015032535590806325 -0.017721101518855233 -0.0090279756249447961 0.022544691415637572 -0.027206962651820602 -0.00017246574283152587 0.0057314615613753813 -0.016729863727164743 0.0033867765663710332 0.029463677893924081 -0.00029183910351928354 -0.023287371287347817 0.024568260281741538 -0.0091484931758278147 0.016437177900563621 -0.03553608101089039 -0.010102774430718249 -0.025949521813491389 0.0021131769570535237 -0.0017299762975408507 0.005945267678647905 -0.0018085571225954077 -0.021079525819315267
leaf_weight=24.636688038706779 12.860112413763998 81.141229391098022 15.540066137909887 12.241078913211821 13.426968038082121 15.523570284247397 12.787470579147341 140.67888915538788 17.461724579334259 13.048504352569578 15.207945466041563 13.247384265065195 17.87911319732666 13.124208718538283 20.370099946856499 65.056994214653969 15.527467995882033 21.230491563677788 17.811223894357681 12.698211029171942 106.07463173568249 20.11255194246769 13.411016866564749 54.004173383116722 15.119150310754774 23.918898209929466 37.767877772450447 25.983128979802132 111.31138750910759 21.284148350358009
leaf_count=100 54 332 64 50 55 63 52 580 71 53 62 54 73 53 83 265 64 88 72 52 431 82 54 218 61 97 153 106 454 86
internal_value=0 0.00191959 -0.00302286 0.00148566 0.00185865 0.00385322 0.00838425 0.0101449 -0.00431553 0.0129903 -0.00269338 0.000515759 -0.0116783 -0.00874155 -0.00168395 -0.000477014 -0.00168454 0.0122776 -0.00422976 -0.00238327 -0.00438311 0.00237522 -0.0117576 -0.0151623 -0.00069847 -0.0087553 0.00523863 0.0020991 0.00414325 -0.00622382
internal_weight=0 701.541 298.946 688.68 676.439 470.347 199.5 183.977 30.2492 153.727 206.093 270.846 31.1265 93.9664 274.309 253.939 238.399 36.758 201.641 183.83 171.132 112.126 80.5394 67.4152 92.0139 39.038 52.9758 239.72 192.453 47.2673
internal_count=4082 2863 1219 2809 2759 1924 819 756 123 633 835 1105 127 380 1119 1036 972 152 820 748 696 455 325 272 373 158 215 978 786 192
is_linear=0
shrinkage=0.03


Tree=32
num_leaves=30
num_cat=0
split_feature=9 2 6 10 12 3 4 1 0 5 10 12 1 0 10 14 5 1 11 3 0 0 5 1 0 0 2 1 13
split_gain=5.3558 7.43745 6.43039 10.7828 5.52955 5.60543 13.6323 8.53599 11.5779 11.0742 8.62922 8.52963 8.51806 8.15267 11.575 7.333 5.5974 9.0027 6.47036 5.14341 4.89997 5.52787 4.0623 6.89126 6.62122 5.59888 6.18199 4.59351 4.02148
threshold=-0.0065832404063814179 -0.012963658775312699 0.78148086776920567 -0.11173993830769129 113065700.00000001 65.861025529946332 0.022164141349841352 20.360000610351566 0.016570527850011122 -0.033564865896439415 -0.082274221349344465 2791800.0000000005 26.545000076293949 0.027477201497012164 0.31749575815720382 -1.2873525274397937 0.027263353933561444 17.894999504089359 -0.0015496985932613725 74.311380398078725 0.06810484490043868 0.0026908806376190202 -0.068113525236928915 33.649999618530281 0.15317171947823541 0.11254440950268819 0.0099189919442340679 21.954999923706058 6.6010714285714265
decision_type=2 2 2 2 2 2 2 2 2 2 2 2 2 2 2 2 2 2 2 2 2 2 2 2 2 2 2 2 2
left_child=2 -2 3 -1 5 7 11 8 9 -3 12 19 28 -10 -15 -11 18 -18 -13 -7 21 -12 -4 24 25 26 27 -24 -9
right_child=1 4 22 -5 -6 6 -8 10 13 15 20 16 -14 14 -16 -17 17 -19 -20 -21 -22 -23 23 -25 -26 -27 -28 -29 -30
leaf_value=-0.0010034811610295875 0.024524405538930483 -0.021309402063299669 -0.014482261648040503 -0.034724320774211753 -0.018527955779831674 -0.026466156521020068 -0.025778065941225895 0.032971586300428381 -0.02852494072352239 0.023955094645389099 -0.00036289527133202294 0.014911262573571201 0.0029952635874108497 0.0070439824756497712 -0.020187156912757839 0.0046677338970849752 0.029697428214648391 -0.003247023699909311 -0.0015559861751140282 -0.0008483604037774784 -0.012064055431466072 0.018787439082522558 -0.0042474832378020747 0.017568421930936048 -0.018198590748097355 0.018910721669854812 -0.021354272782955763 0.0053899654263479839 0.014274064801357981
leaf_weight=20.586236864328384 12.797136873006819 13.48753549158573 19.555601313710213 14.578194007277487 12.256479904055594 15.906776994466783 19.313614472746849 26.576538175344467 15.496859043836592 20.086692944169044 35.32026994228363 24.468056097626686 22.623041734099388 34.515970855951309 23.691455259919167 151.92251218855381 16.029566705226902 13.972845911979674 175.54156312346458 12.673367276787756 15.406189918518065 22.025467902421951 99.627594411373138 18.046103104948997 19.950445994734764 13.060934320092199 13.011677294969557 80.455633044242859 16.959350153803825
leaf_count=84 54 55 80 59 50 64 78 109 63 83 144 101 93 140 96 623 66 57 713 51 63 91 405 76 81 53 53 328 69
internal_value=0 0.00186354 -0.00293266 -0.0149832 0.00144221 0.00180427 -0.00146537 0.00408668 0.000870834 0.00486748 0.0100873 0.000350487 0.0179282 -0.0091878 -0.00403957 0.00692005 0.00227108 0.0143544 0.000458525 -0.0151064 0.00295694 0.0069924 -0.00132576 -0.000271982 -0.00169587 -9.88411e-05 -0.00138465 5.82316e-05 0.025688
internal_weight=0 701.071 298.872 35.1644 688.274 676.018 277.906 398.112 259.201 185.497 138.911 258.592 66.1589 73.7043 58.2074 172.009 230.012 30.0024 200.01 28.5801 72.7519 57.3457 263.708 244.152 226.106 206.156 193.095 180.083 43.5359
internal_count=4082 2863 1219 143 2809 2759 1130 1629 1060 761 569 1052 271 299 236 706 937 123 814 115 298 235 1076 996 920 839 786 733 178
is_linear=0
shrinkage=0.03


Tree=33
num_leaves=31
num_cat=0
split_feature=9 2 8 7 7 4 9 5 4 12 4 11 3 11 2 14 0 2 13 2 0 1 0 1 1 14 0 1 13 1
split_gain=5.04151 7.03896 6.15593 5.27317 6.29408 8.98009 8.83365 8.7053 9.5428 12.0135 8.03175 7.33191 6.36682 6.25527 6.20877 5.81062 5.29701 8.7669 5.13676 4.99192 5.93017 8.6534 8.39765 7.40612 10.3746 6.56869 4.46858 8.8878 6.58706 9.8112
threshold=-0.0065832404063814179 -0.012963658775312699 0.86446619489310861 0.93977149518577496 0.56424333336124544 0.0031622856916436741 0.051497608535354573 0.01645477675405688 -0.011620317068397666 3924654.0000000005 0.0015641582868628492 0.0066680576814511791 54.83251963656982 0.018182204933781202 0.0017678231173633137 1.0011235201792641 0.085589081342127962 -0.0028497293215441716 3.2653571428571517 0.01099093388115681 -0.10208878064042463 31.405000686645511 0.034598532642722286 29.525000572204593 27.900000572204593 -0.35723430585389326 -0.03910726371480721 21.309999465942386 4.5757142857142785 16.724999427795414
decision_type=2 2 2 2 2 2 2 2 2 2 2 2 2 2 2 2 2 2 2 2 2 2 2 2 2 2 2 2 2 2
left_child=2 -2 -1 4 7 10 12 8 -3 -10 16 -12 -7 15 -11 -5 17 -6 -17 20 -4 23 -23 24 25 -22 27 -15 -28 -30
right_child=1 3 19 13 5 6 -8 -9 9 14 11 -13 -14 26 -16 18 -18 -19 -20 -21 21 22 -24 -25 -26 -27 28 -29 29 -31
leaf_value=-0.017204964032665158 0.023911415054892294 -0.017201212314940265 0.017573171899762239 0.009798450130635919 0.015814675946591777 0.022543175990434237 -0.010970543929731014 -0.023318574915010215 -0.012682768655758177 0.036100818860946099 -0.031099778254929659 -0.0014224098207045476 0.0085297905473853946 0.026225653994650752 0.0062859075567413183 0.0021115588920275169 -0.011041093151510807 0.00076668246912492974 -0.015629557943316108 -0.015850838034617856 0.0033454469513682578 0.028654388249886371 -0.00042577934508665287 -0.022483917645527429 0.023977191868490805 -0.0087613484228636091 0.0084709330718856831 -0.0046178055729703552 0.0053050885616789528 -0.022223530590877071
leaf_weight=24.650751903653145 12.732434049248694 18.195604220032692 15.499739825725554 13.641336187720297 46.968749195337296 39.213301688432693 16.525669068098068 17.573683798313141 14.530272603034971 12.90550145506859 12.545719385147097 18.599842712283134 114.03820389509201 17.392714947462082 12.255655050277708 19.323169037699699 21.665070593357086 134.98254443705082 61.235794976353645 20.348349615931511 65.038493081927299 15.449857443571089 21.20215006172657 17.813029661774635 12.663752779364584 106.18007272481918 33.346315413713455 16.277591541409492 22.442643135786057 24.233581930398941
leaf_count=100 54 74 64 56 192 163 67 71 59 53 51 76 470 71 50 78 88 552 247 83 265 64 88 72 52 431 136 66 91 98
internal_value=0 0.00180913 -0.0028448 0.00140003 0.00312864 0.00461234 0.00986834 -0.00482538 0.000788891 0.00903603 0.000811258 -0.0133767 0.0121155 -0.00259111 0.0215784 -0.00830807 0.00298148 0.00465116 -0.0113741 -0.00155379 -0.000407745 -0.00157704 0.0118323 -0.00401379 -0.00222456 -0.0041625 0.00214567 0.0113147 -0.00171228 -0.00898735
internal_weight=0 700.625 298.846 687.893 480 404.539 169.777 75.4607 57.887 39.6914 234.762 31.1456 153.252 207.893 25.1612 94.2003 203.616 181.951 80.559 274.195 253.847 238.347 36.652 201.695 183.882 171.219 113.693 33.6703 80.0225 46.6762
internal_count=4082 2863 1219 2809 1966 1659 700 307 236 162 959 127 633 843 103 381 832 744 325 1119 1036 972 152 820 748 696 462 137 325 189
is_linear=0
shrinkage=0.03


Tree=34
num_leaves=31
num_cat=0
split_feature=3 8 10 0 2 11 6 5 14 13 5 13 1 4 7 10 8 0 8 7 1 13 8 6 2 1 4 0 5 0
split_gain=4.82305 8.3825 6.25373 6.3455 6.54668 6.15516 5.97511 8.50672 6.10082 6.59033 6.57346 5.84877 5.70232 5.10249 5.08238 7.43535 5.97101 11.0053 8.62609 5.82275 6.88782 6.59413 5.58164 4.97449 10.7203 6.67036 8.55915 7.92907 4.87855 4.41977
threshold=44.325218772607066 0.89950516316564799 0.27406757380083097 0.15317171947823541 -0.0067725264618599063 0.0080188055248701113 1.3534926944847174 -0.006071236509653132 1.1050977733918106 5.4828571428571538 -0.0080272654406218207 7.5410714285714286 34.739999771118171 -0.026133621563631634 0.93977149518577496 0.58287547695781805 0.8320350620013971 -0.016862044087486924 0.76947062916986519 0.99313830801737479 16.614999771118168 5.5060714285714285 0.89148877528331483 1.3822534425704343 -0.0036773137751762511 21.704999923706058 0.006699035081033867 0.016570527850011122 0.03249231521440555 0.0057538908351847393
decision_type=2 2 2 2 2 2 2 2 2 2 2 2 2 2 2 2 2 2 2 2 2 2 2 2 2 2 2 2 2 2
left_child=1 -1 5 4 -4 6 8 -8 10 -10 11 -3 13 -2 16 19 17 18 -15 20 28 -22 -21 25 -25 27 -27 -18 -16 -19
right_child=12 2 3 -5 -6 -7 7 -9 9 -11 -12 -13 -14 14 15 -17 23 29 -20 22 21 -23 -24 24 -26 26 -28 -29 -30 -31
leaf_value=-0.026760704998577627 -0.017418420884745767 -0.017516203313104817 0.030902847616661119 -0.0098005044563910203 0.0047931731143723063 -0.017621354293933647 -0.0013607928115315937 -0.031300978437028323 0.0059149913925563725 -0.022796841079899648 0.012229789761231302 0.005750709557065985 0.019633768030138287 -0.0038123672797712844 -0.0037524012902595515 0.013989211712024068 0.0070192746085349228 0.017797894355533229 -0.03535841905091059 0.020865248644024174 -0.0062601944565790603 -0.024658100785351866 -0.0054150775069197431 0.015977103728233046 -0.018158946255192716 0.020175071191731501 0.0016937018005898086 -0.00345618032341389 0.016922732892158225 -0.00079957365358476523
leaf_weight=12.898859217762945 12.97521038353443 16.939889416098595 12.849496588110922 14.642801135778425 26.400864720344543 27.630367383360863 22.051868602633476 13.939586415886877 12.353788405656816 17.229670628905296 49.351452872157097 22.825965940952301 15.467315614223478 17.177798464894298 68.152238577604294 22.161634176969528 191.11532162129879 14.93475131690502 14.292008787393568 14.746236681938173 45.696634620428085 28.448750823736191 14.353053182363508 12.887966513633726 23.157179564237595 55.538143530488014 37.973305121064186 98.571829915046692 12.094377428293226 50.021684199571609
leaf_count=52 53 69 53 60 108 112 90 57 50 70 202 93 67 70 275 91 787 61 58 60 185 115 58 53 94 228 156 401 50 204
internal_value=0 -0.0032109 -0.00192494 0.00705327 0.0133408 -0.00457883 -0.00224924 -0.0129567 0.000997393 -0.010807 0.004916 -0.00416078 0.0016072 0.00122749 0.00156289 -0.00242468 0.00315317 -0.00357807 -0.018139 -0.00440711 -0.0067272 -0.0133193 0.00790263 0.00470135 -0.00595358 0.0057036 0.0126701 0.00345479 -0.000636346 0.00347635
internal_weight=0 249.115 236.216 53.8932 39.2504 182.323 154.692 35.9915 118.701 29.5835 89.1173 39.7659 749.765 734.298 721.323 205.653 515.67 96.4262 31.4698 183.491 154.392 74.1454 29.0993 419.244 36.0451 383.199 93.5114 289.687 80.2466 64.9564
internal_count=4082 1016 964 221 161 743 631 147 484 120 364 162 3066 2999 2946 834 2112 393 128 743 625 300 118 1719 147 1572 384 1188 325 265
is_linear=0
shrinkage=0.03


Tree=35
num_leaves=31
num_cat=0
split_feature=3 6 10 3 1 1 1 0 0 14 10 7 1 11 0 9 0 14 6 13 5 11 10 9 1 1 9 0 7 6
split_gain=4.74782 7.48613 7.94072 6.62185 7.45274 6.3801 9.38428 8.66229 8.07819 6.27914 7.12963 6.91324 6.51276 5.55719 4.36926 11.3909 9.63327 5.71713 8.93103 8.86042 7.0671 12.0111 6.06143 5.87294 8.4489 4.66493 4.42467 4.27251 4.56796 3.76868
threshold=28.372727999299027 1.3534926944847174 0.21583702679876074 44.325218772607066 34.739999771118171 29.525000572204593 31.405000686645511 -0.036402596487612009 -0.092486952719352575 -0.86543543530046241 -0.22493271007515239 0.14494553206575914 22.545000076293949 -0.013082872181214509 0.085589081342127962 0.018632889840309089 0.1219111188443356 0.74634310384372893 0.55347975686968043 4.7732142857142899 0.031130247917703417 0.022625659565311377 0.15762128057272576 0.052316920413228336 22.494999885559086 14.614999771118166 0.062257653153967592 0.052634953363097765 0.32713288065259333 1.1312976097236813
decision_type=2 2 2 2 2 2 2 2 2 2 2 2 2 2 2 2 2 2 2 2 2 2 2 2 2 2 2 2 2 2
left_child=1 29 -3 5 14 8 -7 -8 -2 10 -10 12 -11 -12 17 16 -16 19 -19 25 21 -21 -22 24 -20 -5 -25 28 -13 -1
right_child=3 2 -4 4 -6 6 7 -9 9 11 13 27 -14 -15 15 -17 -18 18 23 20 22 -23 -24 26 -26 -27 -28 -29 -30 -31
leaf_value=0.0085409843564125155 0.018931767591090051 -0.018472536772286677 0.0145095468446428 0.0079799772541895575 0.021067549128011495 -0.034013659074087994 -0.025143058252058662 0.0072562783622766875 -0.017289471590138213 0.013661131104599263 -0.0075932033292189713 -0.032727023124203419 -0.015314594638092437 0.015543976313168114 -0.033963585851379534 0.013977794241352648 -0.0036856903521151063 -0.025247545574059744 -0.0009657131366413948 0.0029044563929540115 0.0041254249675795711 -0.025695926885456681 0.029034417894429704 -0.022397344535330935 0.010181993603691597 0.029430338852932541 -0.0023339049592678907 -0.0026178654531032312 -0.011362599516891047 0.031681970854589854
leaf_weight=12.655891641974451 14.028911054134367 13.756048917770388 12.575694456696509 18.329996064305305 15.411403611302374 16.068603307008743 12.407419726252558 18.501329556107521 12.547912955284117 16.278481617569927 13.543037340044974 19.08862167596817 12.223724409937857 30.124492362141609 16.793789744377136 14.91049639880657 21.648217514157295 13.147157877683638 405.59251102805138 54.073333233594894 30.408261775970459 17.489979684352875 12.368684053421019 17.790136829018593 72.059868916869164 18.16952583193779 22.284514904022217 13.04625655710697 17.054095342755318 12.679545566439627
leaf_count=52 58 56 52 76 67 65 51 76 51 66 55 77 50 123 68 61 88 53 1655 222 125 71 51 72 297 75 90 53 69 52
internal_value=0 0.00848053 -0.00272073 -0.000858792 0.000420755 -0.00578547 -0.0154173 -0.00574949 -0.00272686 -0.00499596 0.00264114 -0.010522 0.00123433 0.00836822 -1.21255e-05 -0.00827984 -0.0169129 0.000634925 -0.000829515 0.00578896 0.00168092 -0.00408544 0.0113277 -0.000209444 0.000716059 0.018658 -0.0112406 -0.0173341 -0.0226461 0.0201223
internal_weight=0 51.6672 26.3317 945.391 750.478 194.913 46.9774 30.9087 147.936 133.907 56.2154 77.6912 28.5022 43.6675 735.066 53.3525 38.442 681.714 530.874 150.84 114.34 71.5633 42.7769 517.727 477.652 36.4995 40.0747 49.189 36.1427 25.3354
internal_count=4077 212 108 3865 3071 794 192 127 602 544 229 315 116 178 3004 217 156 2787 2167 620 469 293 176 2114 1952 151 162 199 146 104
is_linear=0
shrinkage=0.03


Tree=36
num_leaves=31
num_cat=0
split_feature=3 6 10 3 1 1 1 14 10 7 1 5 1 14 3 8 6 3 3 4 10 3 14 14 6 6 1 3 3 10
split_gain=4.47402 7.06892 7.47005 6.23365 7.0469 6.01165 8.851 6.35894 6.71119 4.72914 5.18183 4.10339 4.04297 5.77346 8.52961 8.63189 7.84774 5.90572 6.97758 9.12286 7.03308 5.74263 4.90324 4.36294 3.92684 3.57827 3.26804 5.97856 2.70739 2.79269
threshold=28.372727999299027 1.3534926944847174 0.21583702679876074 44.325218772607066 34.739999771118171 29.525000572204593 31.405000686645511 -0.92404039433394314 -0.25240769918598566 0.14494553206575914 22.545000076293949 -0.024632541903620905 13.414999961853029 5.3505427974654172 78.485642225319182 1.1793820221740121 0.90695647437197402 82.616309176812734 66.366816012311503 0.021105583587785807 -0.077611855176037123 81.891532136643875 3.8489051589088739 1.5202017672125641 0.86467196155370918 1.1312976097236813 19.875000000000004 36.797525048239017 34.494409581947664 0.025381143805024878
decision_type=2 2 2 2 2 2 2 2 2 2 2 2 2 2 2 2 2 2 2 2 2 2 2 2 2 2 2 2 2 2
left_child=1 25 -3 5 12 7 -7 8 -2 10 -9 -8 21 17 15 16 -15 18 20 -20 -14 22 23 -5 -24 -1 -10 -28 -11 -30
right_child=3 2 -4 4 -6 6 11 9 26 28 -12 -13 13 14 -16 -17 -18 -19 19 -21 -22 -23 24 -25 -26 -27 27 -29 29 -31
leaf_value=0.0082941552856806589 -0.015079939125325343 -0.017890851923770181 0.014105647119391244 0.012107357225354857 0.020533452586327498 -0.033047041404925273 -0.017962705716063058 0.013266232922919731 0.021671969164386035 -0.024778577174735458 -0.012301897443945185 0.0040749039786278632 0.0066824132453765272 -0.011562301385281585 -0.025672307547449268 -0.02681762991704674 0.0064151530151425598 0.016474027013116992 -0.0033960590535387137 -0.030208068725079258 -0.0015913746932057053 -0.012002937400851831 0.0051807706114375797 -0.010905583617846328 0.02514798224136186 0.030875184976706136 0.017181624970184186 -0.0079462440486536071 -0.0031099628955521836 -0.01834850337431668
leaf_weight=12.641765207052233 12.22650298476219 13.776871874928476 12.548133954405783 15.129277363419535 15.339009732007979 16.042822793126106 13.533751353621485 16.26042960584164 14.574793860316275 13.124535664916037 12.710286170244215 17.356303140521049 165.32029174268246 34.720330625772476 18.054119691252708 12.467918217182158 58.973819777369499 20.226354628801346 123.17847026884556 12.588500335812567 209.82010760903358 12.82938167452812 14.725581526756285 14.540119439363478 22.271090447902679 12.621422886848448 17.154296949505806 16.934026882052422 26.692965149879456 18.206191852688789
leaf_count=52 50 56 52 63 67 65 56 66 60 53 52 71 678 141 73 51 242 82 500 51 859 52 60 60 92 52 70 69 108 74
internal_value=0 0.0082395 -0.00263933 -0.000833207 0.00040846 -0.00561452 -0.0149692 -0.0026457 0.00479008 -0.0078502 0.00204876 -0.00558036 -1.16244e-05 -0.000786636 -0.00660922 -0.00336731 -0.000246769 0.000575091 -5.43338e-05 -0.00588211 0.00205479 0.00637747 0.00991464 0.000829376 0.0172005 0.0195756 0.00978238 0.00469888 -0.0127927 -0.00928905
internal_weight=0 51.5882 26.325 945.001 750.184 194.817 46.9329 147.884 60.8896 86.9944 28.9707 30.8901 734.845 655.35 124.216 106.162 93.6942 531.134 510.907 135.767 375.14 79.4955 66.6661 29.6694 36.9967 25.2632 48.6631 34.0883 58.0237 44.8992
internal_count=4077 212 108 3865 3071 794 192 602 249 353 118 127 3004 2677 507 434 383 2170 2088 551 1537 327 275 123 152 104 199 139 235 182
is_linear=0
shrinkage=0.03


Tree=37
num_leaves=31
num_cat=0
split_feature=3 6 10 13 2 2 13 10 10 11 5 4 5 4 0 11 0 1 13 5 10 9 3 4 2 1 13 6 4 0
split_gain=4.21652 6.67625 7.02835 5.91918 7.24627 6.79083 6.60712 6.87592 6.63798 7.19906 6.63457 11.6855 7.6177 7.58021 6.51924 6.45417 6.22957 11.4853 5.0814 4.89125 4.66032 4.38045 7.6206 9.54321 9.23269 5.97023 6.54158 5.09291 8.49251 5.18003
threshold=28.372727999299027 1.3534926944847174 0.21583702679876074 6.5385714285714167 0.014479924970281652 -0.011368010251725623 9.0539285714285818 -0.11397379639817194 0.22027451181162208 0.027411517850251092 0.03318662027188219 0.0084475378735723323 0.07526325910461025 -0.011342562133068888 -0.029883265784418574 -0.0058001606444502132 0.10454788605897782 18.765000343322757 7.4085714285714248 -0.019900401247601115 0.10765640549268997 -0.0016373112236089391 66.140984998799766 0.02188378089295662 0.0032721484786855984 20.360000610351566 2.721071428571427 0.93480585841124386 -0.014859775681617891 -0.048538397830247486
decision_type=2 2 2 2 2 2 2 2 2 2 2 2 2 2 2 2 2 2 2 2 2 2 2 2 2 2 2 2 2 2
left_child=1 -1 -3 5 6 -2 7 14 9 20 11 13 -12 -8 -5 -10 21 -18 -16 -19 -9 27 25 24 -24 26 -23 -7 -29 -30
right_child=3 2 -4 4 -6 16 10 8 15 -11 12 -13 -14 -15 18 -17 17 19 -20 -21 -22 22 23 -25 -26 -27 -28 28 29 -31
leaf_value=0.019047059237729307 0.019654762713187026 -0.017331085534688703 0.013713471877128968 0.012007538024073139 -0.021569390476066898 -0.011210038228038829 -0.005243515010664038 -0.0069783700557101078 -0.013520869419952376 -0.036217714537449833 0.029319667261283527 -0.026706560541306382 -9.4599673843906299e-05 0.024904348630677878 -0.019710532035657702 0.012709537745126469 -0.034642559111943291 -0.013525036314101792 0.0044449085080464313 0.011791505717246126 -0.027868211607040214 0.021628951684582797 -0.0035170858711826777 -0.024969071728376424 0.01100282149036933 0.013125860187064723 0.0012640107695358501 -0.018019379714333757 -0.0053761118023280784 0.011898178764225444
leaf_weight=25.186849966645241 16.509445801377296 13.794902920722963 12.520201891660689 27.916186660528183 21.008786246180534 52.184879198670387 18.983968690037727 40.950683727860451 17.081300973892212 13.751070857048033 15.803261443972589 13.492103710770605 15.893419101834295 12.414633974432947 16.061211168766025 16.693309113383293 12.864953756332396 13.154113560914993 15.308202490210531 14.373353540897369 12.55915120244026 15.478418156504629 168.21955122053623 14.843633800745009 51.473402306437492 71.883517310023308 171.30703642964363 17.321960225701332 24.723624035716057 42.445557534694672
leaf_count=104 69 56 52 115 86 212 78 167 70 56 65 55 65 51 65 69 52 54 63 58 51 65 684 60 211 297 702 71 101 173
internal_value=0 0.0080065 -0.0025607 -0.000808317 -0.00468334 0.000646925 -0.00318591 -0.00664865 -0.0114078 -0.0168568 0.00406269 -0.00335686 0.0145707 0.00667659 0.00146196 -0.000556329 0.000178745 -0.0112422 -0.00792273 -0.000306108 -0.0118814 0.000911139 0.00222813 -0.0016881 -0.000115115 0.005779 0.0029516 -0.00384133 0.00070986 0.00553986
internal_weight=0 51.502 26.3151 944.701 257.917 686.783 236.909 160.321 101.036 67.2609 76.5874 44.8907 31.6967 31.3986 59.2856 33.7746 670.274 40.3924 31.3694 27.5275 53.5098 629.882 493.206 234.537 219.693 258.669 186.785 136.676 84.4911 67.1692
internal_count=4077 212 108 3865 1056 2809 970 656 413 274 314 184 130 129 243 139 2740 164 128 112 218 2576 2019 955 895 1064 767 557 345 274
is_linear=0
shrinkage=0.03


Tree=38
num_leaves=31
num_cat=0
split_feature=3 6 10 3 1 1 1 14 10 5 10 6 5 1 14 3 8 6 3 3 4 10 3 14 14 6 2 2 6 7
split_gain=3.97381 6.30469 6.61367 5.68816 6.72161 5.58614 8.36125 5.91702 9.17907 6.13332 5.78594 5.22578 3.79811 3.78846 5.36923 7.94804 8.04709 7.35146 5.61837 6.3203 8.23987 6.57923 5.36627 4.67049 4.08152 3.69558 3.60878 3.63661 3.41366 3.40436
threshold=28.372727999299027 1.3534926944847174 0.21583702679876074 44.325218772607066 34.739999771118171 29.525000572204593 31.405000686645511 -0.63582384478283904 -0.26302730218914738 0.0026137715249805464 -0.0083113574571462828 0.94869446040968064 -0.0252221914176699 13.414999961853029 5.3505427974654172 78.485642225319182 1.1793820221740121 0.90695647437197402 82.616309176812734 66.366816012311503 0.021105583587785807 -0.077611855176037123 81.891532136643875 3.8489051589088739 1.5202017672125641 0.86467196155370918 -0.0029583594938358423 0.0050146105189929503 1.1312976097236813 0.18654846888307722
decision_type=2 2 2 2 2 2 2 2 2 2 2 2 2 2 2 2 2 2 2 2 2 2 2 2 2 2 2 2 2 2
left_child=1 28 -3 5 13 7 -7 8 -2 11 -11 -9 -8 22 18 16 17 -16 19 21 -21 -15 23 24 -5 -25 -10 -28 -1 -13
right_child=3 2 -4 4 -6 6 12 9 26 10 -12 29 -14 14 15 -17 -18 -19 -20 20 -22 -23 -24 25 -26 -27 27 -29 -30 -31
leaf_value=0.0075039829506267598 -0.019117808733516765 -0.016792046488020268 0.01333258196783252 0.011681235121678379 0.020109213227622057 -0.031982021767884207 -0.017553854022450788 -0.018898013653499302 0.021517582173410016 -0.0058474697604205643 -0.033089350664244649 0.011122483212736749 0.0037419764522639578 0.0064315030807515668 -0.011167720378958254 -0.024771432914785733 -0.025857083861018766 0.0062303565877081541 0.016074127858436288 -0.0032439174173977633 -0.028755969308656114 -0.0015747458321263763 -0.011571292196659587 0.0050806048573443646 -0.010589922311863795 0.02447027137432109 -0.0031826022315800174 0.016141242975167006 0.029625953933603205 -0.005972548401698188
leaf_weight=12.593704327940943 12.244703665375708 13.810354784131052 12.491979926824568 15.076207876205446 15.25986625254154 15.994377329945562 13.055679559707643 12.615291953086851 16.167316094040871 14.306879475712778 13.770775973796843 22.379358813166618 17.832675397396088 165.08919043838978 34.753763616085052 18.057834163308144 12.494127511978148 58.907922834157944 20.200730368494987 123.19780631363392 12.555039495229719 209.73214823007584 12.842688113451002 14.719523593783377 14.556606739759443 22.17364938557148 22.049848169088364 14.54793059825897 12.518133655190466 19.725008681416512
leaf_count=52 50 56 52 63 67 65 54 51 66 58 56 91 73 678 141 73 51 242 82 500 51 859 52 60 60 92 90 60 52 80
internal_value=0 0.00778017 -0.00248471 -0.000784204 0.000402391 -0.00535297 -0.0143759 -0.002491 0.00428298 -0.00780972 -0.0192083 -0.00196088 -0.0052592 -7.11478e-06 -0.000757193 -0.00637195 -0.00324207 -0.00022531 0.00055679 -5.71494e-05 -0.00560339 0.00195159 0.0061829 0.0096103 0.000740915 0.0167342 0.00971338 0.00449879 0.0185317 0.00311382
internal_weight=0 51.4142 26.3023 944.307 749.617 194.69 46.8827 147.807 65.0098 82.7973 28.0777 54.7197 30.8884 734.357 654.989 124.214 106.156 93.6617 530.775 510.574 135.753 374.821 79.3687 66.526 29.6328 36.8932 52.7651 36.5978 25.1118 42.1044
internal_count=4077 212 108 3865 3071 794 192 602 266 336 114 222 127 3004 2677 507 434 383 2170 2088 551 1537 327 275 123 152 216 150 104 171
is_linear=0
shrinkage=0.03


Tree=39
num_leaves=31
num_cat=0
split_feature=3 2 1 13 2 2 13 0 1 0 1 10 4 4 10 3 1 4 5 12 1 1 12 10 8 1 5 4 10 4
split_gain=3.7459 6.31581 7.58653 5.48576 6.82811 6.39039 6.27099 7.08122 10.8879 5.81797 10.7356 5.23527 7.23846 7.58329 7.2852 5.58467 6.56384 5.45436 4.6372 4.19267 6.05204 6.08569 5.42646 6.08918 8.28374 5.62345 4.50449 3.48499 3.37992 2.72278
threshold=28.372727999299027 -0.0093761445435462058 27.505000114440922 6.5385714285714167 0.014479924970281652 -0.011368010251725623 10.616785714285728 -0.0053123495432092485 28.410000801086429 0.10454788605897782 18.765000343322757 -0.12843866662318995 -0.0041400226465883585 -0.028286978358775191 0.24892637278233834 41.535682148614548 24.729999542236332 0.0029038397387973762 -0.019900401247601115 6668360.0000000009 25.685000419616703 23.480000495910648 26041020.500000004 0.065509764346371249 1.1456826069427575 15.775000095367433 0.040087443057630796 -0.01092216557523895 -0.25240769918598566 0.0018911356830040307
decision_type=2 2 2 2 2 2 2 2 2 2 2 2 2 2 2 2 2 2 2 2 2 2 2 2 2 2 2 2 2 2
left_child=1 -1 -3 5 6 -2 11 8 -8 19 -11 15 13 -13 17 -5 28 -14 -12 20 21 26 29 25 -25 -24 -7 -15 -17 -21
right_child=3 2 -4 4 -6 9 7 -9 -10 10 18 12 14 27 -16 16 -18 -19 -20 22 -22 -23 23 24 -26 -27 -28 -29 -30 -31
leaf_value=-0.011434359721260053 0.019113331323011289 0.0045071074886929565 0.032962909232411582 -0.013521517559824078 -0.020908940769154637 -0.0030076185287505348 0.01739447665859022 0.025178688767459174 -0.021836200805231628 -0.033460741344679093 -0.013132245109472071 -0.018279361262064395 -0.036273850667847954 0.00046663727268505682 0.0021390480665115855 -0.0086699724539835935 0.02325474742729915 -0.014707391108577121 0.011514878671934676 0.023865566846570447 -0.016637334195968391 0.019803144536770984 0.005128248697111518 0.003908664673052095 0.02697154623699435 -0.0050258756933966656 0.015226875612625618 0.019866899306290906 0.009414117933846361 0.0075651361582000053
leaf_weight=12.052493914961813 16.449827909469604 27.003557235002518 12.26091745495796 16.966018155217171 20.950994253158569 194.036984115839 13.235659107565882 13.834383845329283 12.269051283597944 12.875010848045347 13.168640524148941 14.859898239374159 13.818994447588919 24.426482945680615 17.752609193325043 20.291419401764866 14.734161898493765 44.674564480781555 14.363811776041985 14.062833368778227 23.572750374674797 12.366020336747168 75.496621772646904 113.79526121914387 15.985579788684843 140.31861458718777 13.010242104530333 12.648935332894327 17.174184665083889 26.796037942171097
leaf_count=50 69 111 51 69 86 790 55 57 50 52 54 61 56 100 73 83 62 182 58 58 96 51 309 467 67 574 54 52 70 110
internal_value=0 0.00756184 0.0133929 -0.000760861 -0.00449354 0.000640392 -0.00304048 0.00789671 -0.00147746 0.000186742 -0.0108481 -0.0052207 -0.00880998 -0.00017206 -0.0146937 0.00143115 0.00629108 -0.0198024 -0.000273723 0.000895132 -0.00219266 -0.00064079 0.0028366 0.00161427 0.0067494 -0.00147375 -0.00186182 0.00708538 -0.000380249 0.0131754
internal_weight=0 51.317 39.2645 943.936 257.637 686.298 236.686 39.3391 25.5047 669.848 40.4075 197.347 128.181 51.9353 76.2462 69.1658 52.1998 58.4936 27.5325 629.441 242.986 219.413 386.455 345.596 129.781 215.815 207.047 37.0754 37.4656 40.8589
internal_count=4077 212 162 3865 1056 2809 970 162 105 2740 164 808 524 213 311 284 215 238 112 2576 991 895 1585 1417 534 883 844 152 153 168
is_linear=0
shrinkage=0.03


Tree=40
num_leaves=31
num_cat=0
split_feature=7 7 7 3 11 0 1 0 1 0 4 14 1 3 14 14 5 6 8 6 1 0 1 13 14 8 8 12 5 11
split_gain=4.19295 6.29682 9.88561 8.4238 7.26399 5.11564 10.665 8.62931 7.33719 8.10222 5.24198 4.35078 4.31108 4.42365 4.69766 5.49293 4.21421 5.63062 5.22131 8.26006 5.44227 4.79822 4.01697 5.91473 4.11633 3.93957 5.14284 3.87157 3.35107 3.12405
threshold=0.94921767562978465 0.56424333336124544 0.46778857199869706 51.946728769510699 0.01362713609411881 -0.048538397830247486 28.184999465942386 0.025276442841954298 27.900000572204593 -0.072289923064765657 -0.014859775681617891 -3.1117206663103887 12.625000000000002 50.503555189470426 8.4144457860761275 6.3756051687361817 0.02882833189284623 0.89073160732884116 0.66726332121445764 0.74145353595225016 16.125000000000004 0.010696427938552079 15.434999942779543 4.5757142857142785 3.376491001977477 0.63949193731170662 0.87211870387071777 61847450.000000007 0.0011197949266646969 0.0033390574930922683
decision_type=2 2 2 2 2 2 2 2 2 2 2 2 2 2 2 2 2 2 2 2 2 2 2 2 2 2 2 2 2 2
left_child=1 2 3 4 5 8 10 -8 9 -1 -7 -4 -3 27 15 25 18 -18 -2 20 -20 22 24 -24 -21 -15 -27 28 -14 -17
right_child=16 12 11 -5 -6 6 7 -9 -10 -11 -12 -13 13 14 -16 29 17 -19 19 21 -22 -23 23 -25 -26 26 -28 -29 -30 -31
leaf_value=0.012126296056298932 -0.023778834914261322 0.01823946874776532 -0.027428060598679548 0.021876593910704841 -0.01791349062296297 -0.0089245589844021284 0.029601812063758701 0.0048198834900244712 -0.025948957285149371 -0.01698675362175571 0.0028161757729434204 -0.008717849430247825 0.0052422469128137221 0.017678499758157881 0.018523032194350354 -0.0011063778004525497 -0.0059578756373884932 0.016053504116363783 0.023917148496249995 -0.024735521839637203 -0.0020485975499336742 -0.021939749668202915 0.013400903173169944 -0.0095882479441015533 -0.0033933769124394105 -0.0037369991099599699 0.0039283620397256424 -0.0026155006491174757 0.024764534417819777 -0.02030395512996782
leaf_weight=19.412309899926182 14.57131317257881 16.232339233160019 14.706930518150328 15.102615520358084 21.409990310668945 56.897171959280968 19.683609753847122 35.368682816624641 14.864397555589674 15.451393589377405 85.891618505120277 46.713867545127869 13.332408905029295 13.765985384583471 14.116193026304243 14.379591494798662 23.031292453408241 19.161051362752914 12.638630852103235 15.30819535255432 17.085736811161041 20.615115940570831 18.270950198173523 22.446769148111343 17.353869438171387 119.45586359500885 231.30313727259636 12.815560385584829 19.469599038362503 16.250719845294952
leaf_count=80 59 69 60 62 87 232 82 146 61 63 350 191 55 58 58 59 94 79 51 62 69 83 74 91 70 488 953 53 81 66
internal_value=0 0.000791684 -0.0022845 7.50773e-05 -0.00114903 0.000300772 0.00246282 0.0136805 -0.00830084 -0.000776441 -0.00186216 -0.0131979 0.00304764 0.00250553 0.00151784 0.000910363 -0.00426101 0.00403828 -0.00679311 -0.00479258 0.00899189 -0.0091517 -0.00555906 0.000727498 -0.0133961 0.00193566 0.00131782 0.0113669 0.0168297 -0.0112915
internal_weight=0 816.624 345.503 284.082 268.979 247.569 197.841 55.0523 49.7281 34.8637 142.789 61.4208 471.121 454.889 409.271 395.155 180.483 42.1923 138.291 123.719 29.7244 93.9949 73.3798 40.7177 32.6621 364.525 350.759 45.6176 32.802 30.6303
internal_count=4086 3354 1414 1163 1101 1014 810 228 204 143 582 251 1940 1871 1682 1624 732 173 559 500 120 380 297 165 132 1499 1441 189 136 125
is_linear=0
shrinkage=0.03


Tree=41
num_leaves=23
num_cat=0
split_feature=2 3 14 0 0 6 3 7 7 11 6 12 10 7 7 8 5 0 10 8 6 14
split_gain=4.77694 4.70964 10.6189 9.51892 4.90825 9.94545 4.14316 4.50667 5.4867 6.14084 7.49822 4.43933 6.1251 4.60661 5.43893 4.79703 4.06537 5.37227 3.83456 7.08732 6.37284 2.86594
threshold=0.012250054156559465 79.319249679139816 5.3505427974654172 -0.0053123495432092485 0.10454788605897782 1.0853099965068924 77.346432029755718 0.96449279163957591 0.97705925381774017 0.032348873044018352 0.73285251679901375 2293553.5000000005 -0.20290963454370778 0.56424333336124544 0.46778857199869706 0.84878520393539658 0.037805602818164204 -0.075702670253601653 0.54870607106951175 1.1874868656064601 1.7391635980222369 3.2767484161095761
decision_type=2 2 2 2 2 2 2 2 2 2 2 2 2 2 2 2 2 2 2 2 2 2
left_child=1 4 3 -3 6 -6 7 11 21 10 -10 12 -1 14 -13 -15 17 -2 19 -7 -20 -9
right_child=16 2 -4 -5 5 18 -8 8 9 -11 -12 13 -14 15 -16 -17 -18 -19 20 -21 -22 -23
leaf_value=0.0035084632430172139 -0.016382823963159928 -0.012393028894494918 -0.023848735945445617 0.016067498523711032 -0.024195919847402485 -0.021162830292526729 0.015780303595538447 -0.0063207637801536579 0.025744847978777474 -0.015701224206788628 -0.0021515457778077778 0.0015486344391583595 -0.023620173010993402 -0.0011942501154280022 -0.0095898415170870138 0.0064012840174432397 -0.022830360124279185 0.0091390365037172221 0.016943094824982699 0.0080482495638731551 -0.0099896822365332892 -0.025934203890278722
leaf_weight=16.006989955902103 14.615722984075544 21.711655527353287 23.009875729680061 20.622587010264397 20.44596004486084 16.493620023131374 18.184307366609573 12.988582894206049 12.272558242082594 16.242545664310455 29.555284082889557 211.35861513018608 14.077958509325979 98.517253965139389 48.510924592614174 311.29008983075619 14.431693747639654 15.083358436822893 21.000962942838669 13.671623036265371 12.681831672787665 13.859938353300093
leaf_count=65 60 88 93 84 83 67 74 53 50 66 120 866 57 406 198 1285 59 61 86 56 53 56
internal_value=0 0.000327999 -0.00744484 0.00147115 0.000900511 -0.00598612 0.00162355 0.00129548 -0.00523095 -4.58453e-05 0.00603344 0.00208749 -0.00918612 0.00259395 -0.000530631 0.00457533 -0.00976824 -0.00342096 -0.000154824 -0.00792366 0.0068027 -0.0164458
internal_weight=0 952.503 65.3441 42.3342 887.159 84.294 802.865 784.681 84.9189 58.0704 41.8278 699.762 30.0849 669.677 259.87 409.807 44.1308 29.6991 63.848 30.1652 33.6828 26.8485
internal_count=4086 3906 265 172 3641 345 3296 3222 345 236 170 2877 122 2755 1064 1691 180 121 262 123 139 109
is_linear=0
shrinkage=0.03


Tree=42
num_leaves=25
num_cat=0
split_feature=2 1 3 0 0 3 14 0 8 0 0 5 1 0 7 8 12 2 10 13 13 5 0 14
split_gain=4.50129 5.08558 6.24937 5.90654 8.88281 4.50488 9.98727 8.96234 4.40784 8.35508 15.095 11.9713 7.68601 7.20281 5.37463 8.01448 7.48399 5.98737 5.78806 5.40894 5.33867 3.8354 5.06221 2.92113
threshold=0.012250054156559465 33.649999618530281 48.410056236758798 0.15797637088179853 0.20137960547918801 79.319249679139816 5.3505427974654172 -0.0053123495432092485 0.87211870387071777 -0.017113211502094435 0.0057538908351847393 0.0052975740869810614 25.960000038146976 -0.028959986313771165 0.96449279163957591 0.92425354577675611 3268701.5000000005 0.0043284165133879509 -0.024820069338550962 2.456428571428575 4.6264285714285771 0.037805602818164204 -0.075702670253601653 2.0354064202987385
decision_type=2 2 2 2 2 2 2 2 2 2 2 2 2 2 2 2 2 2 2 2 2 2 2 2
left_child=1 3 -3 5 -5 8 7 -7 9 11 20 13 -12 -1 15 16 -10 18 -16 -17 -11 22 -2 -13
right_child=21 2 -4 4 -6 6 -8 -9 14 10 12 23 -14 -15 17 19 -18 -19 -20 -21 -22 -23 -24 -25
leaf_value=-0.012658170291195007 -0.015918439833450697 0.0025335725023206386 0.029430509678108226 -0.027050351402855447 0.0039758417963817998 -0.012011603039337168 -0.023126836491987979 0.015610015378625738 -0.0073147972906639769 0.028037108552296228 -0.0013696809160130699 -0.005426149286956985 -0.026378957771004328 -0.038690142421399717 -0.022440836327982213 0.018658660307066584 0.016221543681658877 0.0095524058023185518 0.00070900199866138689 0.0010389014733472035 0.0058430099017921771 -0.022190928506938323 0.0088701338129825377 0.014325353354354
leaf_weight=35.647597119212151 14.591213554143904 23.152005448937416 11.705137699842451 17.712337166070938 15.636590883135794 21.728801384568214 23.016167044639587 20.590652197599411 14.925424560904501 20.245411828160286 74.344369649887085 12.498639896512033 12.992425367236136 13.074536621570585 23.294352874159813 16.227716416120529 65.600240588188171 14.804958313703535 16.680922314524651 464.85336120426655 18.823934063315392 14.40255732834339 15.074534356594087 14.623665899038313
leaf_count=145 60 97 54 72 64 88 93 84 61 83 303 51 53 53 94 69 270 60 68 1907 77 59 61 60
internal_value=0 0.000318373 0.0115656 -0.00010901 -0.0125028 0.000358561 -0.00722222 0.00142778 0.000963585 -0.00287941 0.00184371 -0.0107512 -0.00509012 -0.0196438 0.00222456 0.00309947 0.0118591 -0.00674504 -0.0127808 0.00163325 0.0173438 -0.00948896 -0.00332222 0.00522336
internal_weight=0 952.179 34.8571 917.322 33.3489 883.973 65.3356 42.3195 818.638 202.251 126.406 75.8444 87.3368 48.7221 616.387 561.607 80.5257 54.7802 39.9753 481.081 39.0693 44.0683 29.6657 27.1223
internal_count=4086 3906 151 3755 136 3619 265 172 3354 825 516 309 356 198 2529 2307 331 222 162 1976 160 180 121 111
is_linear=0
shrinkage=0.03


Tree=43
num_leaves=22
num_cat=0
split_feature=2 1 3 0 0 3 14 0 1 1 4 0 1 1 3 13 14 9 13 13 11
split_gain=4.24206 4.8045 5.97425 5.55683 8.35097 4.23988 9.39622 8.43904 4.2618 9.27342 13.4839 11.6048 10.4443 6.19907 5.44182 4.35256 5.24771 4.40648 3.62496 5.19911 3.54102
threshold=0.012250054156559465 33.649999618530281 48.410056236758798 0.15797637088179853 0.20137960547918801 79.319249679139816 5.3505427974654172 -0.0053123495432092485 13.614999771118166 14.715000152587892 0.0075554379936583213 0.0076006299067855618 15.484999656677248 21.664999961853031 65.363256836304416 4.2553571428571404 1.5202017672125641 0.015885775645127057 9.6010714285714318 6.3121428571428586 0.01625073836849256
decision_type=2 2 2 2 2 2 2 2 2 2 2 2 2 2 2 2 2 2 2 2 2
left_child=1 3 -3 5 -5 8 7 -7 15 10 11 -10 14 -14 -11 16 -1 -18 19 -2 -17
right_child=18 2 -4 4 -6 6 -8 -9 9 12 -12 -13 13 -15 -16 20 17 -19 -20 -21 -22
leaf_value=0.014908257385448355 -0.00067655618164777086 0.0024586516908797463 0.028849617341847683 -0.026224024323081244 0.0038579753489950998 -0.011643045615425816 -0.022432981547212839 0.015166711248244166 0.013335510198463969 0.0084744814892790225 -0.033220711996915363 -0.018251709482698605 -0.0023326008669500692 0.0037112706209863622 0.030837484308429034 0.024758195463426669 -0.019132820972223005 0.0047290890803879052 0.0036791738985416998 -0.025725108204118895 0.0054250125450627743
leaf_weight=16.282862678170204 13.071941673755648 23.141933426260948 11.584437340497969 17.722176134586334 15.63096861541271 21.743885040283203 23.016201913356781 20.557226076722145 21.71414640545845 37.501326143741608 17.535835295915604 20.211165070533752 369.17650635540485 260.51477217674255 13.25460436940193 18.039148420095444 13.17334131896496 14.779102027416227 13.565675735473631 17.364328682422638 16.168599545955658
leaf_count=68 53 97 54 72 64 88 93 84 89 154 72 82 1509 1069 54 75 54 61 56 71 67
internal_value=0 0.000309178 0.0112625 -0.000105608 -0.0121261 0.000348092 -0.00700735 0.00138579 0.000935172 0.000230259 -0.0111312 -0.00189191 0.00122308 0.000167859 0.0143144 0.00758422 0.00136989 -0.00651648 -0.00921852 -0.0149671 0.0156202
internal_weight=0 951.748 34.7264 917.022 33.3531 883.669 65.3173 42.3011 818.351 739.908 59.4611 41.9253 680.447 629.691 50.7559 78.4431 44.2353 27.9524 44.0019 30.4363 34.2077
internal_count=4086 3906 151 3755 136 3619 265 172 3354 3029 243 171 2786 2578 208 325 183 115 180 124 142
is_linear=0
shrinkage=0.03


Tree=44
num_leaves=25
num_cat=0
split_feature=2 1 3 0 14 3 14 0 8 0 0 5 1 0 7 8 12 2 7 13 13 5 0 14
split_gain=3.99465 4.53909 5.71236 5.22882 8.08414 3.99084 8.84277 7.94692 4.15492 7.85906 14.1223 11.135 7.30162 6.7738 5.08208 7.51956 7.08469 5.67822 5.68969 5.08826 5.07332 3.57703 4.79117 2.78098
threshold=0.012250054156559465 33.649999618530281 48.410056236758798 0.15797637088179853 1.6356264779032177 79.319249679139816 5.3505427974654172 -0.0053123495432092485 0.87211870387071777 -0.017113211502094435 0.0057538908351847393 0.0052975740869810614 25.960000038146976 -0.031541631182187051 0.96449279163957591 0.92425354577675611 3268701.5000000005 0.0043284165133879509 0.97595567337450817 2.456428571428575 4.6264285714285771 0.037805602818164204 -0.075702670253601653 2.0354064202987385
decision_type=2 2 2 2 2 2 2 2 2 2 2 2 2 2 2 2 2 2 2 2 2 2 2 2
left_child=1 3 -3 5 -5 8 7 -7 9 11 20 13 -12 -1 15 16 -10 18 -16 -17 -11 22 -2 -13
right_child=21 2 -4 4 -6 6 -8 -9 14 10 12 23 -14 -15 17 19 -18 -19 -20 -21 -22 -23 -24 -25
leaf_value=-0.011717528488768249 -0.015271764423419727 0.002385921651489634 0.028284519860436442 -0.028122148521696727 0.0015723467132044309 -0.011286807166655003 -0.021765426543431277 0.014736985806694341 -0.007171339367361587 0.0272345185426494 -0.0013127714154674305 -0.0054185372889037327 -0.025681879903638474 -0.036133309056022578 -0.029164690186512299 0.018117521585019704 0.015733594242605942 0.0092861295724055888 -0.0047957947442534097 0.0009887649527585043 0.0055715531134964665 -0.021244691536703109 0.0088614839060192768 0.013863494533183278
leaf_weight=34.195814788341522 14.553153604269026 23.132097527384758 11.463253781199453 14.977427065372465 18.373781710863113 21.757060348987579 23.010528519749641 20.522498041391373 14.926455050706862 20.158589720726013 74.343789801001549 12.498045042157175 13.000930190086363 14.589942798018454 12.584112375974653 16.150879949331284 65.424125358462334 14.798017725348471 27.394771814346313 464.74068550765514 18.807015225291252 14.345954582095144 15.070940360426905 14.591057762503622
leaf_count=139 60 97 54 61 75 88 93 84 61 83 303 51 53 59 51 69 270 60 111 1907 77 59 61 60
internal_value=0 0.000300202 0.0109675 -0.000102307 -0.0117629 0.000337872 -0.00679984 0.00134514 0.000907438 -0.00282416 0.00176002 -0.0104555 -0.00494002 -0.0190193 0.00213219 0.00298347 0.0114786 -0.00658992 -0.0124664 0.00156404 0.0167787 -0.00894875 -0.00299423 0.00496738
internal_weight=0 951.441 34.5954 916.846 33.3512 883.494 65.2901 42.2796 818.204 202.185 126.31 75.8749 87.3447 48.7858 616.019 561.242 80.3506 54.7769 39.9789 480.892 38.9656 43.97 29.6241 27.0891
internal_count=4086 3906 151 3755 136 3619 265 172 3354 825 516 309 356 198 2529 2307 331 222 162 1976 160 180 121 111
is_linear=0
shrinkage=0.03


Tree=45
num_leaves=29
num_cat=0
split_feature=7 7 3 14 9 2 4 7 5 4 5 2 13 1 11 6 12 5 1 11 11 14 0 0 14 0 3 6
split_gain=4.06365 8.23995 6.20913 7.06903 5.34439 8.48143 10.9324 7.60364 7.54043 7.04535 9.23475 7.53536 7.43249 7.36805 14.9334 8.09636 7.34995 6.63937 6.25458 5.92118 12.6531 5.27099 4.81926 7.5099 5.92707 5.91816 3.9871 3.33635
threshold=0.14494553206575914 0.095744182661236174 28.372727999299027 -2.6949354813847206 -0.017743458969326883 -0.0098877669284986487 -0.0046348470705437341 0.49911475529478305 -0.023830802001750914 -0.0071202806274955335 -0.038740242657564032 -0.0064206710317118313 5.8471428571428605 23.480000495910648 0.035946677643084353 1.5229042981157284 3538611.5000000005 -0.0014338211320198411 26.545000076293949 0.0025019242374155763 -0.0054831415175531353 1.0011235201792641 -0.054117275422985826 -0.031851726960493258 -0.63582384478283904 -0.085135606280602835 36.533557477208412 1.3597552516924669
decision_type=2 2 2 2 2 2 2 2 2 2 2 2 2 2 2 2 2 2 2 2 2 2 2 2 2 2 2 2
left_child=1 2 27 -4 7 6 -6 8 -2 10 12 -11 -7 15 17 21 -12 -15 -16 20 -18 -13 25 -24 -25 -10 -5 -1
right_child=4 -3 3 26 5 9 -8 -9 22 11 16 13 -14 14 18 -17 19 -19 -20 -21 -22 -23 23 24 -26 -27 -28 -29
leaf_value=0.022524290397598082 -0.019130963394739672 0.021544500680397451 -0.023657849230833767 0.011714717582789032 0.029764357055960023 0.024830032084801178 -0.0056378556196453869 -0.026805470491905355 0.0035158601050480544 -0.017879154935666632 -0.031940435920320788 0.0063648364758425819 -0.0068469061336011022 0.0092241577583608951 0.0052793396081558096 -0.023440839603014466 -0.014507553275418059 0.028630045946738132 -0.021150291019512296 -0.020255381879917753 0.018137171405165239 -0.0011432842927080742 0.026408418862980735 0.0098105566747029496 -0.013119397418241457 -0.025199495314216787 -0.010723037926290356 0.0019685041406945951
leaf_weight=13.485144570469858 22.507102951407433 22.715321853756905 14.237045645713804 16.693918809294704 19.055574148893356 12.432517319917681 13.350673004984854 14.827920794486998 13.661492809653284 18.996842235326767 14.33781687915325 107.23219667375088 14.373595893383024 39.637932077050209 16.144465804100037 13.076725110411642 27.684629857540127 26.458907783031464 16.089955404400826 24.393003806471825 17.403411597013477 391.00915777683258 12.172633320093153 22.734688937664028 18.321847349405292 12.253156363964079 12.438039496541021 15.02315893769264
leaf_count=56 92 94 58 68 81 52 56 61 57 77 58 444 59 165 66 53 113 109 66 99 72 1599 50 93 75 50 51 62
internal_value=0 0.00579411 0.000816524 -0.00633233 -0.000746637 0.000157494 0.0151794 -0.00673655 -0.00380907 -0.000500998 -0.00748247 0.000727556 0.00784467 0.00130735 0.00882803 -0.000138952 -0.0123842 0.0169924 -0.00791313 -0.00834871 -0.0019071 0.000472624 0.000548203 0.00571357 -0.000422141 -0.0100615 0.0021348 0.0116919
internal_weight=0 94.5926 71.8773 43.369 888.156 771.677 32.4062 116.479 101.651 739.271 110.625 628.646 26.8061 609.649 98.3313 511.318 83.8189 66.0968 32.2344 69.481 45.088 498.241 79.1438 53.2292 41.0565 25.9146 29.132 28.5083
internal_count=4036 389 295 177 3647 3169 137 478 417 3032 453 2579 111 2502 406 2096 342 274 132 284 185 2043 325 218 168 107 119 118
is_linear=0
shrinkage=0.03


Tree=46
num_leaves=13
num_cat=0
split_feature=2 11 5 7 11 8 0 0 1 2 7 6
split_gain=3.98973 5.02107 5.33488 5.19173 3.79942 3.88646 10.1817 10.7293 6.87776 5.68576 5.84932 2.47845
threshold=-0.025444331425393745 -0.062107094661673794 -0.077133815625686872 0.02181375845885879 0.054997022912856915 0.87211870387071777 -0.016862044087486924 0.032396355095536851 19.585000038146976 0.014479924970281652 0.95832819421345683 0.84190001738262732
decision_type=2 2 2 2 2 2 2 2 2 2 2 2
left_child=-1 -2 -3 -4 5 6 8 -8 -5 10 -7 -6
right_child=1 2 3 4 11 9 7 -9 -10 -11 -12 -13
leaf_value=0.017308584433657705 -0.018126177659438997 0.017094453065805645 0.01710065600789552 -0.018877313443806033 -0.021762353235807781 0.0024049721204045462 0.0076395530463424146 -0.0084963736070080495 -0.0029097379662111626 -0.017360858750878394 -0.0064679233249413087 -0.0027063726618532188
leaf_weight=11.689432039856909 14.051403060555456 16.039293274283409 15.090222045779226 49.815010085701942 12.341997966170313 557.35210400819778 94.181443989276886 61.179088518023491 47.358794435858727 14.977449536323546 75.983874589204788 12.22937063872814
leaf_count=49 58 68 62 202 51 2296 386 250 194 62 308 50
internal_value=0 -0.000323187 -6.16665e-05 -0.000354244 -0.00063887 -0.000321402 -0.00347862 0.00128542 -0.0110953 0.000908414 0.00134046 -0.012278
internal_weight=0 970.6 956.549 940.509 925.419 900.848 252.534 155.361 97.1738 648.313 633.336 24.5714
internal_count=4036 3987 3929 3861 3799 3698 1032 636 396 2666 2604 101
is_linear=0
shrinkage=0.03


Tree=47
num_leaves=13
num_cat=0
split_feature=2 11 5 7 11 8 0 0 5 3 2 2
split_gain=3.76381 4.72001 5.03403 4.89396 3.57249 3.65652 9.57186 10.0978 6.48846 5.47424 5.66765 2.47277
threshold=-0.025444331425393745 -0.062107094661673794 -0.077133815625686872 0.02181375845885879 0.054997022912856915 0.87211870387071777 -0.016862044087486924 0.032396355095536851 0.0052975740869810614 79.634629697058315 0.014479924970281652 0.0040000622467581369
decision_type=2 2 2 2 2 2 2 2 2 2 2 2
left_child=-1 -2 -3 -4 5 6 8 -8 -5 10 -7 -6
right_child=1 2 3 4 11 9 7 -9 -10 -11 -12 -13
leaf_value=0.016833955161826359 -0.017566859779419287 0.016629759867162901 0.016619629049006324 -0.016471583502537582 -0.0024428705478658267 0.0018237169304543108 0.0074166046417455762 -0.0082376062324252229 -0.00024944466184067973 -0.014410923324338671 -0.016872104510447076 -0.021471573562650136
leaf_weight=11.658909440040587 14.063632398843763 15.993562504649161 15.061609908938406 62.973100453615189 12.363421991467478 612.78479787707329 94.103425174951553 61.207431480288506 34.264848604798317 20.40455724298954 14.949407175183294 12.222245141863821
leaf_count=49 58 68 62 256 51 2521 386 250 140 83 62 50
internal_value=0 -0.000313501 -5.97752e-05 -0.000343637 -0.000619765 -0.000311783 -0.00337396 0.00124734 -0.0107552 0.0008814 0.00137848 -0.0119026
internal_weight=0 970.392 956.328 940.335 925.273 900.688 252.549 155.311 97.2379 648.139 627.734 24.5857
internal_count=4036 3987 3929 3861 3799 3698 1032 636 396 2666 2583 101
is_linear=0
shrinkage=0.03


Tree=48
num_leaves=27
num_cat=0
split_feature=7 0 4 0 7 0 1 0 0 8 0 1 0 5 0 1 3 12 8 2 2 5 14 2 4 7
split_gain=3.6011 6.76163 6.80445 8.07634 9.15326 4.48595 5.18534 6.78121 6.43662 6.41952 13.6291 16.5424 7.67483 9.14599 7.49288 5.52554 4.50171 5.41783 7.47842 5.27492 5.17151 5.06368 4.70388 3.3785 5.2718 3.30298
threshold=0.96918821254155618 -0.062842821894403419 0.02188378089295662 -0.037532890410319812 0.97595567337450817 -0.13048145015402632 33.305000305175788 -0.033034816830252549 0.13518549268873961 0.84878520393539658 -0.016862044087486924 25.960000038146976 0.032396355095536851 -0.0096723151378016441 -0.046062386926354663 19.875000000000004 78.979972210195896 2999360.0000000005 0.94090076849392024 -0.0023753196891327668 -0.0047965369133379449 -0.025575317542829486 1.489344528234041 0.0031917696410480377 0.0082531154097265098 0.91100587494305729
decision_type=2 2 2 2 2 2 2 2 2 2 2 2 2 2 2 2 2 2 2 2 2 2 2 2 2 2
left_child=5 -2 3 -3 -5 -1 9 -8 -9 10 14 12 15 -14 -7 -12 17 19 21 -11 -20 -19 -21 24 -6 -16
right_child=1 2 -4 4 23 6 7 8 -10 16 11 -13 13 -15 25 -17 -18 18 20 22 -22 -23 -24 -25 -26 -27
leaf_value=-0.012980251559473585 -0.024110900609957769 0.021762549328041832 -0.021035265760684145 -0.023796511602110298 0.010854062754439472 -0.0047454808986094965 -0.0086923668245771617 0.027402127459380993 9.1743175441280433e-05 -0.023370171335372166 0.0053142808015670144 -0.03077243810861412 0.0070745274406738825 -0.022769178077481037 -0.037349710582054087 0.025233445191955455 -0.012791750573291466 0.019584206204082154 -0.005556797090801445 0.0057638097477250893 0.0027650518222204538 0.0059286679435115331 -0.01143980050989154 0.016496391386183504 -0.011067786972460266 -0.016641827601797384
leaf_weight=21.532717004418373 14.746916890144346 14.079497992992399 14.768529698252676 15.099210023880003 17.524248346686363 21.383364170789719 11.964047551155089 21.626503512263298 12.119316682219504 12.590914204716681 33.48630964756012 12.969167813658713 23.265306711196899 15.333000406622885 15.858998492360117 20.03097215294838 18.898517221212387 32.682127937674522 83.379375159740448 31.930677935481071 346.52139918506145 96.902249291539192 25.911863029003143 12.261418923735617 22.612664073705673 12.315789461135862
leaf_count=90 60 57 60 61 71 87 50 95 52 51 137 53 95 62 64 83 77 135 342 131 1428 398 105 50 92 50
internal_value=0 -0.00519313 -0.00229753 0.00109471 -0.00321645 0.000542381 0.00088528 0.0107138 0.017594 0.000326121 -0.00516659 0.000949561 0.00541578 -0.00478075 -0.0181355 0.0127698 0.00163529 0.00206812 0.00305528 -0.00577334 0.00115103 0.00937269 -0.00194293 0.00271395 -0.00149645 -0.0282979
internal_weight=0 111.092 96.3456 81.577 67.4975 870.703 849.17 45.7099 33.7458 803.46 154.643 105.085 92.1156 38.5983 49.5582 53.5173 648.817 629.919 559.485 70.4335 429.901 129.584 57.8425 52.3983 40.1369 28.1748
internal_count=4036 451 391 331 274 3585 3495 197 147 3298 631 430 377 157 201 220 2667 2590 2303 287 1770 533 236 213 163 114
is_linear=0
shrinkage=0.03


Tree=49
num_leaves=29
num_cat=0
split_feature=7 7 3 9 2 4 7 5 4 13 11 11 2 1 11 6 5 13 1 7 0 0 0 0 6 8 6 6
split_gain=3.52821 7.90623 5.89445 5.20935 7.76286 10.4062 6.97014 7.08424 6.89407 8.69828 12.1252 11.7158 7.01223 7.06772 13.4988 7.48979 6.30622 5.91986 5.78306 4.6642 4.42042 7.22319 5.68725 5.53146 4.07108 3.93544 3.69951 3.15282
threshold=0.14494553206575914 0.095744182661236174 28.372727999299027 -0.017743458969326883 -0.0098877669284986487 -0.0046348470705437341 0.49911475529478305 -0.023830802001750914 -0.0071202806274955335 3.9257142857142866 0.0025019242374155763 -0.0051538697208497455 -0.0064206710317118313 23.480000495910648 0.035946677643084353 1.5229042981157284 -0.0014338211320198411 5.1946428571428642 26.545000076293949 0.93977149518577496 -0.054117275422985826 -0.017482175198466673 -0.085135606280602835 0.06559636676233839 0.93480585841124386 0.9464451632382952 1.292372313298132 1.3597552516924669
decision_type=2 2 2 2 2 2 2 2 2 2 2 2 2 2 2 2 2 2 2 2 2 2 2 2 2 2 2 2
left_child=1 2 27 6 5 -5 7 -2 9 25 11 17 -10 15 16 19 -15 -11 -16 -14 22 -22 -9 -23 -12 -6 -4 -1
right_child=3 -3 26 4 8 -7 -8 20 12 10 24 -13 13 14 18 -17 -18 -19 -20 -21 21 23 -24 -25 -26 -27 -28 -29
leaf_value=0.021722932777296866 -0.018670500821286379 0.020872240377191903 -0.014468747009756111 0.028945723033128375 -0.011192191590003358 -0.0056753846799483792 -0.02584336967151981 0.003589731267353792 -0.017160852528919805 0.012506062792053787 -0.02898191720416211 0.028335364793226188 0.0026141713819623513 0.0089334829127941714 0.0055024175475802024 -0.02247426248637955 0.027885501874222094 -0.01105056624087006 -0.019924453935450771 -0.0035087058038770031 0.020861901236038826 -0.012228706937710328 -0.024569953861966715 0.01206308662727569 -0.0061941032869908307 -0.034939810912133711 0.00313238842230203 0.0017029779260839051
leaf_weight=13.410408705472948 22.4627435952425 22.629967421293259 23.534377247095108 18.882405430078506 12.794204130768778 13.329448401927946 14.798355624079703 13.635043725371363 18.992921456694603 14.783795952796934 15.689847335219385 14.666655689477919 327.8214036077261 39.517235592007637 16.127201646566391 13.08065791428089 26.330105826258659 27.388616666197777 16.074249491095543 170.05698987841606 17.949169963598251 21.123177826404572 12.257793322205542 14.046742767095564 12.821884304285048 12.336204469203947 19.780734375119209 14.997033461928366
leaf_count=56 92 94 96 81 52 56 61 57 77 61 64 61 1351 165 66 53 109 113 66 692 74 86 50 58 52 50 81 62
internal_value=0 0.00541203 0.000534016 -0.000689979 0.000203034 0.0146193 -0.00660915 -0.00380416 -0.00042579 -0.00733654 -0.00276892 0.00523957 0.000789985 0.00134981 0.00872752 -6.59089e-05 0.0165117 -0.00279265 -0.00719011 0.000522821 0.000422271 0.00537644 -0.0097412 -0.00252665 -0.0187341 -0.0228496 -0.00643083 0.0111539
internal_weight=0 94.3525 71.7226 886.967 770.694 32.2119 116.273 101.475 738.482 110.481 85.3508 56.8391 628.001 609.008 98.0488 510.959 65.8473 42.1724 32.2015 497.878 79.0119 53.1191 25.8928 35.1699 28.5117 25.1304 43.3151 28.4074
internal_count=4036 389 295 3647 3169 137 478 417 3032 453 351 235 2579 2502 406 2096 274 174 132 2043 325 218 107 144 116 102 177 118
is_linear=0
shrinkage=0.03


Tree=50
num_leaves=28
num_cat=0
split_feature=14 13 2 4 0 1 1 1 10 1 1 4 3 11 1 1 13 1 10 0 0 1 10 8 10 13 10
split_gain=4.71403 6.20064 9.99044 9.1047 7.98065 8.63541 4.84243 7.70011 7.68689 7.09807 10.0858 6.99216 5.91995 5.8127 5.65465 10.2116 10.6614 8.41534 10.1136 6.44362 5.91474 5.09598 4.17285 3.90686 2.84127 2.69168 2.47133
threshold=-3.4485927640177794 10.616785714285728 -0.0047965369133379449 0.018776328780820365 -0.0040932791442906393 28.410000801086429 27.98499965667725 26.545000076293949 0.11574191961574222 23.480000495910648 25.489999771118168 -0.0027368943274328479 48.710624476079509 -0.033613653912972767 17.285000801086429 17.840000152587894 4.7732142857142899 16.954999923706058 -0.12471080858376397 0.016570527850011122 -0.027716390352376493 31.969999313354496 0.065509764346371249 0.9464451632382952 0.10206218051455275 5.7339285714285753 -0.10017059309159852
decision_type=2 2 2 2 2 2 2 2 2 2 2 2 2 2 2 2 2 2 2 2 2 2 2 2 2 2 2
left_child=1 2 24 26 5 -3 7 9 21 13 12 -12 -11 -2 17 20 -17 19 -19 -15 -16 -8 -14 -9 -1 -10 -4
right_child=6 4 3 -5 -6 -7 8 23 25 10 11 -13 22 14 15 16 -18 18 -20 -21 -22 -23 -24 -25 -26 -27 -28
leaf_value=-0.036208748737808098 0.018822457875692668 0.01210359578035655 0.012647837872779269 -0.024970839626172314 0.020150454979576106 -0.020573212793441261 0.010263675761657293 -0.027698345496042893 0.01184460461463469 0.0027971779698474212 -0.019470370485163958 0.010686289120800418 0.014490567087670556 0.0032692913312052955 -0.0028958609785400291 0.0053741168281290237 -0.0064418629896346629 -0.0039746371149047607 0.031175725538996984 -0.0061622993196802384 -0.029209655247854845 -0.011605493345113968 0.036159599211259802 -0.0050926958510599486 -0.015900138745646757 0.031616731531578589 -0.0026873616037403972
leaf_weight=12.436386883258821 14.630647227168081 13.220677241683008 17.767867222428322 12.56889934837818 16.559716016054153 16.194220021367073 22.098359629511833 12.225553482770922 11.91841943562031 15.106855466961859 13.976026922464373 13.705409690737723 15.626706898212431 254.93932624161243 12.439023450016974 119.62829525768757 161.5149277895689 12.210394516587259 18.572243422269821 87.592443406581879 20.128301486372948 16.941647559404373 16.384343534708023 15.738857567310331 12.364034399390219 12.907725811004637 20.222244575619698
leaf_count=51 60 55 74 52 69 67 91 50 51 62 57 56 65 1049 51 490 662 50 76 356 82 73 68 64 51 56 83
internal_value=0 -0.00519092 -0.010488 -0.00283778 0.00349185 -0.00588645 0.00112199 0.000490716 0.00907309 0.00104774 0.00983283 -0.00453945 0.0182764 0.000111213 -0.000287255 -0.00325626 -0.00141409 0.00220771 0.0172328 0.000857439 -0.0191592 0.000773417 0.0255815 -0.0149755 -0.0260841 0.0221246 0.00448487
internal_weight=0 121.334 75.3594 50.559 45.9746 29.4149 868.286 804.419 63.8662 776.455 74.7993 27.6814 47.1179 701.656 687.025 313.711 281.143 373.314 30.7826 342.532 32.5673 39.04 32.0111 27.9644 24.8004 24.8261 37.9901
internal_count=4071 502 311 209 191 122 3569 3298 271 3184 308 113 195 2876 2816 1285 1152 1531 126 1405 133 164 133 114 102 107 157
is_linear=0
shrinkage=0.03


Tree=51
num_leaves=28
num_cat=0
split_feature=14 2 13 3 11 6 1 10 1 1 1 4 3 11 1 1 13 1 10 2 14 1 10 5 13 10 8
split_gain=4.43801 5.85379 8.76439 8.11845 10.182 6.69309 4.56475 7.27709 7.24356 6.693 9.52384 6.57794 5.61277 5.48277 5.3207 9.59424 10.03 7.94021 9.57143 6.15567 4.8151 4.08713 3.97615 3.8838 3.80375 2.91821 2.62431
threshold=-3.4485927640177794 -0.0036773137751762511 10.616785714285728 45.806156470828505 0.014666126077947485 0.74460814938422748 27.98499965667725 0.11574191961574222 26.545000076293949 23.480000495910648 25.489999771118168 -0.0027368943274328479 48.710624476079509 -0.033613653912972767 17.285000801086429 17.840000152587894 4.7732142857142899 16.954999923706058 -0.12471080858376397 0.0087091584995322175 2.9315127786704775 29.69999980926514 0.065509764346371249 -0.003752978642800497 5.1599999999999957 -0.023287499245433437 1.0833812837963739
decision_type=2 2 2 2 2 2 2 2 2 2 2 2 2 2 2 2 2 2 2 2 2 2 2 2 2 2 2
left_child=1 2 21 4 25 -5 8 20 9 13 12 -12 -11 -2 17 24 -17 19 -19 -15 -8 -1 -14 -10 -16 -3 -9
right_child=6 3 -4 5 -6 -7 7 26 23 10 11 -13 22 14 15 16 -18 18 -20 -21 -22 -23 -24 -25 -26 -27 -28
leaf_value=-0.013753661055206118 0.018303125276762353 -0.0064455490428452509 0.0041314044923818436 -0.0012512238853046532 -0.029102893284477061 0.029185656471885174 -0.008789662600735243 0.011361734595711702 -0.025290060238897148 0.0027141428945140884 -0.018880523251137416 0.010370409790630863 0.014087379440641076 -1.1683775782665594e-05 -0.027036042038621193 0.0052160810788351017 -0.0062454243105294896 -0.0038538219211462659 0.030364703326202377 0.020008510186816979 0.012384511784008683 -0.036258971412625435 0.035281402782575487 -0.0029172644438847047 -0.0061706024888414871 0.010900092471346811 0.030925953576241973
leaf_weight=17.507211431860927 14.594948410987852 19.155365973711014 16.524998798966408 13.246702685952188 13.603279843926428 12.771312832832335 21.453237920999527 11.849364638328554 14.509299203753473 15.10203070938587 13.980201736092569 13.69927830994129 15.592259809374811 328.03497865796089 19.364329695701599 119.55629663169384 161.59596997499466 12.215310871601107 18.497378960251808 14.430380955338476 17.591653794050217 12.411132186651228 16.289833083748817 13.462948620319365 13.239183217287062 16.037860259413719 12.875969067215918
leaf_count=72 60 80 69 55 56 53 90 51 59 62 57 56 65 1345 79 490 662 50 76 60 74 51 68 55 54 66 56
internal_value=0 -0.00503814 -0.0134041 0.000155278 -0.0070609 0.0136892 0.00108899 0.0088149 0.000476324 0.00101683 0.00955599 -0.00440349 0.0177799 0.000108013 -0.00027857 -0.00315803 -0.00137157 0.00214238 0.016755 0.000831902 0.00075035 -0.0230896 0.0249163 -0.0145221 -0.0185633 0.00145901 0.02155
internal_weight=0 121.258 46.4433 74.8145 48.7965 26.018 867.935 63.7702 804.165 776.192 74.6636 27.6795 46.9841 701.529 686.934 313.756 281.152 373.178 30.7127 342.465 39.0449 29.9183 31.8821 27.9722 32.6035 35.1932 24.7253
internal_count=4071 502 192 310 202 108 3569 271 3298 3184 308 113 195 2876 2816 1285 1152 1531 126 1405 164 123 133 114 133 146 107
is_linear=0
shrinkage=0.03


Tree=52
num_leaves=25
num_cat=0
split_feature=14 10 0 13 0 2 13 11 2 7 5 0 9 2 2 0 2 0 7 9 3 10 10 7
split_gain=4.17802 5.79124 7.74066 7.89156 7.00953 5.48476 5.38993 4.59832 4.48837 4.03423 6.33576 6.30797 6.07163 7.25525 4.13189 4.15413 11.6984 6.29673 4.9313 5.08614 3.78204 7.53741 3.62153 2.99721
threshold=-3.4485927640177794 -0.24010534376316275 -0.041497584316919293 11.499285714285717 0.036152336246047863 0.001951373876477686 9.9485714285714284 0.0048713035500260746 -0.014274606885108338 0.13730203229530211 -0.026081448197914577 0.075578345495094471 -0.017743458969326883 0.0025486651615917095 -0.010614183218576158 0.085589081342127962 -0.00075819403410060983 0.11525177599858662 0.27370174290874133 0.012260354152565102 35.924406232808678 -0.043616996235785181 -0.10893889206352834 0.053527669716088612
decision_type=2 2 2 2 2 2 2 2 2 2 2 2 2 2 2 2 2 2 2 2 2 2 2 2
left_child=1 6 5 4 7 -3 -1 -4 -2 10 23 -12 13 20 -14 18 17 -17 -16 -20 -11 -22 -15 -10
right_child=8 2 3 -5 -6 -7 -8 -9 9 12 11 -13 14 22 15 16 -18 -19 19 -21 21 -23 -24 -25
leaf_value=-0.0056477199925838804 0.014871242855414239 -0.034942765135097968 0.01316744687684504 0.017202006910671936 -0.022500386168073865 -0.0098450904607694095 0.022526201077624791 -0.0099148172878326148 0.0093442704149849492 -0.026749721882880349 0.009251629816673497 -0.017325773154132681 0.018506211027148268 0.014373155709978495 -0.017725510075892899 -0.035661193910682489 0.010723824976966429 -0.0064122101574790209 0.0050375400787500213 -0.00044635389393712455 0.0060431842440595469 -0.024878902826246534 -0.0066879335162849897 0.030209140110287622
leaf_weight=12.475545868277552 20.663673147559166 13.296064019203184 14.501239418983461 14.628248631954191 18.496987730264664 19.0859634578228 11.979588717222212 16.727761447429657 12.319507420063021 16.911294668912888 23.290012449026108 12.272363275289534 11.931333526968954 14.388403132557871 12.033974274992941 13.042176872491838 17.640582829713821 13.46142068505287 246.94956927001476 396.77496998012066 14.74812424182892 13.671046704053877 15.017307773232458 12.466338083148001
leaf_count=52 89 54 60 61 76 80 50 69 51 69 96 50 50 59 49 53 72 55 1018 1628 60 56 62 52
internal_value=0 -0.00488954 -0.00818687 -0.00216711 -0.00786506 -0.0201502 0.00815355 0.000803471 0.00105699 0.00071994 0.00819505 7.99269e-05 0.000146425 -0.00798804 0.00100047 0.000702048 -0.0082059 -0.0208054 0.00130171 0.00165741 -0.0155164 -0.00883189 0.00361739 0.0198385
internal_weight=0 121.191 96.7363 64.3542 49.726 32.382 24.4551 31.229 867.582 846.918 60.3482 35.5624 786.57 74.7362 711.834 699.903 44.1442 26.5036 655.759 643.725 45.3305 28.4192 29.4057 24.7858
internal_count=4071 502 400 266 205 134 102 129 3569 3480 249 146 3231 306 2925 2875 180 108 2695 2646 185 116 121 103
is_linear=0
shrinkage=0.03


Tree=53
num_leaves=30
num_cat=0
split_feature=14 2 13 3 0 6 11 3 1 10 1 1 1 1 0 3 5 1 4 5 14 0 4 10 0 2 2 10 13
split_gain=3.9332 5.48019 9.46273 6.59593 10.4599 10.368 4.98766 4.36539 4.25369 6.91778 6.89655 4.73908 4.23317 11.8033 5.37051 5.30037 5.06941 8.67847 8.45313 8.06241 6.49596 7.5263 6.18162 5.26121 4.8126 4.39852 4.04792 3.80022 2.54937
threshold=-3.4485927640177794 -0.0047965369133379449 11.251071428571445 45.806156470828505 -0.0069696703351282965 0.78694860530778055 0.014666126077947485 38.835548019260848 27.98499965667725 0.11574191961574222 27.355000495910648 31.969999313354496 23.480000495910648 25.489999771118168 -0.0073448186496602999 48.710624476079509 -0.021878064619151313 21.590000152587894 -0.014859775681617891 -0.028446713749276927 -1.1950185821281323 -0.10660658524218429 0.0143572797993361 -0.063883300604864787 0.056773196092559493 -0.0041307133390127192 1.0000000180025095e-35 0.065509764346371249 5.7339285714285753
decision_type=2 2 2 2 2 2 2 2 2 2 2 2 2 2 2 2 2 2 2 2 2 2 2 2 2 2 2 2 2
left_child=1 2 7 4 6 -5 -3 -1 10 11 12 -10 16 15 -15 -14 17 19 25 24 22 -22 -20 -19 -2 -18 -21 -17 -11
right_child=8 3 -4 5 -6 -7 -8 -9 9 28 -12 -13 13 14 -16 27 18 23 20 26 21 -23 -24 -25 -26 -27 -28 -29 -30
leaf_value=-0.011637768083394005 -0.0081722556310418054 -0.008023372232252076 0.0082837535785571827 -0.0043589293417537799 0.011998626796848448 0.031395272098271566 -0.031894964492208105 -0.035763659816881108 0.0098121065230893766 0.010931918074492982 -0.018243422328466593 -0.011281145102652958 0.0026329283457599576 0.0092790484510186649 -0.013927265486134127 0.013639033858454015 -0.030534992845764768 0.033906787811426982 0.002679489097923541 0.023607166744642142 0.016267598800309629 -0.0022168904067287475 0.025367287462832806 0.006759454442598279 0.0084659100264842281 -0.0067945178442170217 0.0038621461758650963 0.034407838403512067 0.030267540392279399
leaf_weight=13.343128055334093 58.56172214448452 22.601215571165085 11.882773071527479 17.101432099938396 17.698007330298424 12.734996870160101 12.091613247990606 13.66031703352928 22.04559950530529 11.833781644701959 17.405889809131622 16.962005972862244 15.093294933438299 14.38851338624954 23.856218069791794 15.550130665302278 12.410442918539049 13.402127653360369 33.496485397219658 17.612979233264923 20.719142287969589 459.28766003251076 15.957338735461233 12.34160056710243 21.350691244006157 16.182195767760277 19.905411034822464 16.179014444351196 12.748446032404898
leaf_count=55 240 94 50 71 73 53 50 56 91 51 71 73 62 59 97 65 51 55 138 72 86 1880 67 51 88 66 82 68 56
internal_value=0 -0.00474568 -0.0140254 -0.000357217 -0.00676927 0.0109019 -0.0163434 -0.0238424 0.00102574 0.00849496 0.000434767 0.00063995 0.000848238 0.00716814 -0.00519654 0.0172676 8.15606e-05 0.00511744 -0.00121045 0.00165921 -0.000352419 -0.00141902 0.0100002 0.0208923 -0.00372693 -0.0170989 0.0131314 0.0242293 0.0209595
internal_weight=0 121.113 38.8862 82.2273 52.3908 29.8364 34.6928 27.0034 867.291 63.5898 803.701 39.0076 786.295 85.0672 38.2447 46.8224 701.228 143.175 558.053 117.431 529.461 480.007 49.4538 25.7437 79.9124 28.5926 37.5184 31.7291 24.5822
internal_count=4071 502 161 341 217 124 144 111 3569 271 3298 164 3227 351 156 195 2876 588 2288 482 2171 1966 205 106 328 117 154 133 107
is_linear=0
shrinkage=0.03


Tree=54
num_leaves=20
num_cat=0
split_feature=12 13 14 2 4 4 10 2 1 1 1 0 0 12 13 11 3 9 12
split_gain=3.81693 3.62668 4.59025 6.49027 7.7328 5.44036 5.37204 4.62272 3.78667 10.3929 15.4228 8.60317 7.0296 6.72595 6.19378 5.56493 3.26362 2.85263 1.97644
threshold=137858650.00000003 12.053214285714287 -3.4485927640177794 -0.0047965369133379449 0.013140389383088593 -0.00010346301737390594 0.076597876298645243 -0.012963658775312699 27.98499965667725 25.489999771118168 23.480000495910648 -0.020868718486934276 -0.043016989851802016 32847070.000000004 5.1267857142857096 -0.033613653912972767 47.02255419828608 -0.021678325815797036 65138900.000000007
decision_type=2 2 2 2 2 2 2 2 2 2 2 2 2 2 2 2 2 2 2
left_child=1 2 3 6 5 18 -1 17 9 10 15 -11 -10 -14 -13 -9 -12 -4 -5
right_child=-2 -3 7 4 -6 -7 -8 8 12 11 16 14 13 -15 -16 -17 -18 -19 -20
leaf_value=-0.03260180272869493 -0.012596077448857278 0.012173571291638381 0.0038864516095572371 -0.0089557219920257478 -0.014114431984652754 0.024308617058020891 -0.0055265859660703961 0.019048310005397914 -0.0059285008969154132 0.0046688650128865125 0.0050795977479357306 -0.0070314020643480572 0.0026025228602517365 0.029553966385236382 -0.033547975660216708 -0.00052614314036998741 0.023376817671565003 0.024888992625063614 0.0082304304543448573
leaf_weight=12.843325197696688 20.20394466817379 23.684609666466713 11.929477348923685 12.028984606266024 23.842409327626228 12.093881875276564 13.557376354932783 13.329133465886114 19.579139724373817 15.888670474290846 12.179469853639601 13.790388554334639 15.920639872550963 17.487147852778435 18.649389252066612 676.07791715860367 31.373004481196404 11.365303590893744 12.060636848211287
leaf_count=53 84 99 50 50 99 50 56 55 81 65 50 56 67 76 76 2772 132 50 50
internal_value=0 0.000578817 0.000287908 -0.00630179 -0.000849642 0.00789093 -0.018698 0.000952023 0.000583971 5.7621e-05 0.000946098 -0.0134172 0.00834495 0.0167101 -0.0222756 -0.000147687 0.01826 0.0141334 -0.000351355
internal_weight=0 967.681 943.996 86.4266 60.0259 36.1835 26.4007 857.57 834.275 781.288 732.96 48.3284 52.9869 33.4078 32.4398 689.407 43.5525 23.2948 24.0896
internal_count=4071 3987 3888 358 249 150 109 3530 3430 3206 3009 197 224 143 132 2827 182 100 100
is_linear=0
shrinkage=0.03


Tree=55
num_leaves=27
num_cat=0
split_feature=9 9 2 2 1 9 0 11 14 1 10 1 11 1 7 2 2 1 1 3 9 12 10 11 5 6
split_gain=4.10564 5.87256 3.34096 3.54934 5.00247 9.64811 8.8288 9.4562 6.57024 12.9867 5.75271 5.53298 6.18615 4.64276 7.47895 6.56385 5.18821 4.88901 18.6016 6.13326 5.89331 4.36379 4.07086 2.50983 2.21306 1.47608
threshold=-0.10735898783577512 -0.073426913010722614 -0.015107544875975409 -0.001337032529689769 18.765000343322757 0.0394961725641172 0.080671529739640549 -0.0015496985932613725 -1.6205223624787284 22.974999427795414 -0.10017059309159852 23.480000495910648 -0.0035336751470934065 13.614999771118166 0.95919059764078429 0.001524012365889389 0.0018109711294685988 15.034999847412111 15.484999656677248 69.786945390426112 0.01084601761944526 46972010.000000007 0.048239351423312267 0.011630002640971028 0.0073183710309784331 0.90456509488815195
decision_type=2 2 2 2 2 2 2 2 2 2 2 2 2 2 2 2 2 2 2 2 2 2 2 2 2 2
left_child=-1 -2 -3 4 5 6 7 -4 9 -6 -11 12 -10 14 16 -16 25 19 23 21 -20 -15 -13 -19 -18 -5
right_child=1 2 3 13 8 -7 -8 -9 11 10 -12 22 -14 17 15 -17 24 18 20 -21 -22 -23 -24 -25 -26 -27
leaf_value=0.018027970570924201 -0.015940783429405501 0.012957510626734637 0.0061712807948401116 -0.0013287846749925731 0.018845006661536545 0.017536754187780959 -0.031011697542378831 -0.013736500688798394 0.0078950230205171602 -0.0011443267552776035 -0.024306102216317665 0.022377709025411696 -0.0092132991839849916 -0.018915765855981002 0.0095466321493670129 -0.01986769193238375 0.031345935364496369 0.017154208103574146 0.0034374215877538816 0.0098651204561002789 -0.0032819653966670603 -0.00040744761239979832 0.0038486378572113946 0.036242339660634372 0.014105502199518581 0.013010275873535922
leaf_weight=11.70120884478092 19.991500750184059 18.955088287591934 33.565059214830399 14.234166458249094 12.59156312048435 12.744661405682562 15.508625254034994 59.612431243062019 40.655959874391556 15.136260479688643 26.631252229213715 21.955924168229103 35.746149018406868 31.910839453339577 14.259679198265077 13.100775092840193 15.499636679887773 12.203687608242037 243.48417070508003 14.566064685583113 226.99059738218784 17.893915861845016 20.762995094060898 12.600817337632177 11.804441645741461 11.831963419914244
leaf_count=49 83 82 137 59 52 52 63 243 167 63 109 92 146 131 58 53 65 50 1005 59 932 74 88 52 50 50
internal_value=0 0.000151216 0.000488344 0.000235638 -0.00248766 -0.00715779 -0.0100535 -0.00656518 0.000781286 -0.00786133 -0.0159124 0.00472521 -0.000109424 0.00148978 0.00821535 -0.00453758 0.0147532 0.000519606 0.00153047 -0.00725815 0.00019551 -0.0122661 0.0133719 0.0268511 0.0238923 0.00518002
internal_weight=0 974.238 954.247 935.292 294.911 121.431 108.686 93.1775 173.48 54.3591 41.7675 119.121 76.4021 640.381 80.7307 27.3605 53.3702 559.65 495.279 64.3708 470.475 49.8048 42.7189 24.8045 27.3041 26.0661
internal_count=4064 4015 3932 3850 1212 495 443 380 717 224 172 493 313 2638 335 111 224 2303 2039 264 1937 205 180 102 115 109
is_linear=0
shrinkage=0.03


Tree=56
num_leaves=27
num_cat=0
split_feature=9 9 2 2 1 0 9 11 14 1 0 1 11 10 4 6 9 1 1 9 3 3 10 5 10 12
split_gain=3.87054 5.52556 3.1513 3.34051 4.70423 9.0885 7.19173 9.44466 6.18533 12.2263 5.54234 5.21965 5.82088 4.38567 7.30247 6.59608 5.94902 8.96787 9.72985 8.60728 8.65004 7.24084 5.88849 5.87817 3.85227 3.4445
threshold=-0.10735898783577512 -0.073426913010722614 -0.015107544875975409 -0.001337032529689769 18.765000343322757 0.085589081342127962 0.03870663716732748 -0.0015496985932613725 -1.6205223624787284 22.974999427795414 0.036152336246047863 23.480000495910648 -0.0035336751470934065 0.13691509474349919 -0.017264988352319318 1.3456319819811859 0.013321925680854553 15.97499990463257 15.144999980926515 -0.0016373112236089391 56.935619421282105 74.836138787626012 0.019530367386465967 0.03372554188947164 0.048239351423312267 10642993.500000002
decision_type=2 2 2 2 2 2 2 2 2 2 2 2 2 2 2 2 2 2 2 2 2 2 2 2 2 2
left_child=-1 -2 -3 4 5 6 7 -4 9 -6 -11 12 -10 16 -15 23 19 18 -18 20 -5 -19 -21 -16 -13 -17
right_child=1 2 3 13 8 -7 -8 -9 11 10 -12 24 -14 14 15 25 17 21 -20 22 -22 -23 -24 -25 -26 -27
leaf_value=0.017520449196528797 -0.015462101842845395 0.01259845319651208 0.0057805181428085706 -0.0044577676543891154 0.018322161965343312 -0.029436761424995458 0.017688086394651206 -0.013888317345676039 0.0076646976613860256 -0.0078089004512487022 -0.03109528246239673 0.021777117684642539 -0.0089314651470818116 -0.016752127668589738 0.0071325825749416543 -0.015366627869321614 -0.00088518011438346251 -0.011347625346008233 0.024721910968535935 0.013655779960216774 0.021100914999584594 0.0062859376796616379 -0.0052087637687754235 0.024244327560316276 0.0037354938786514805 0.003900781315085566
leaf_weight=11.679291322827337 19.992078021168709 18.911126226186752 34.522942990064621 114.66957712173462 12.562790602445601 14.264626100659369 12.247997790575026 60.437564492225647 40.621871665120125 28.103066563606262 13.674946427345274 21.885673835873604 35.767567813396454 12.62870869040489 121.44038641452789 15.681152716279028 67.820049285888672 116.78437753021717 16.628940403461456 78.177243053913116 13.299684882164 25.541804477572441 18.396368756890297 21.225214436650276 20.750323846936226 17.863608837127686
leaf_count=49 83 82 141 471 52 58 50 246 167 116 56 92 146 52 503 64 278 480 68 324 55 104 76 90 88 73
internal_value=0 0.000146946 0.000474082 0.000228856 -0.00241339 -0.00694043 -0.00394719 -0.0067377 0.000758592 -0.00762784 -0.0154311 0.0045874 -0.000106067 0.0014458 0.00528457 0.0068639 -0.000160399 -0.00358772 0.00415714 0.00330099 -0.00180149 -0.00818311 0.0100623 0.0096784 0.0129965 -0.00510614
internal_weight=0 973.9 953.908 934.996 294.839 121.473 107.209 94.9605 173.366 54.3408 41.778 119.025 76.3894 640.157 188.839 176.21 451.318 226.775 84.449 224.543 127.969 142.326 96.5736 142.666 42.636 33.5448
internal_count=4064 4015 3932 3850 1212 495 437 387 717 224 172 493 313 2638 782 730 1856 930 346 926 526 584 400 593 180 137
is_linear=0
shrinkage=0.03


Tree=57
num_leaves=26
num_cat=0
split_feature=9 9 8 1 8 0 1 10 10 11 0 10 5 0 4 3 9 2 2 5 6 3 0 6 0
split_gain=3.64923 5.19964 3.32074 6.54335 8.42052 6.96227 8.93323 6.58317 11.6118 5.74607 4.30138 10.2067 5.40306 5.13453 4.16514 11.4408 7.93427 4.75621 7.09578 5.1474 4.03948 3.8801 3.70764 3.58719 2.62254
threshold=-0.10735898783577512 -0.073426913010722614 1.1945467829313035 20.685000419616703 1.2133666019923708 0.055010568079163609 25.32499980926514 -0.25575871171664433 1.0000000180025095e-35 -0.0077826512319121846 0.10454788605897782 0.54870607106951175 -0.014240869639667473 0.16364960499085326 0.02188378089295662 65.997844565376411 0.034944188668308847 -0.0091374690482158433 -0.0064206710317118313 -0.0252221914176699 1.3166479122609211 53.275432045174817 -0.051474636784154308 1.4158409118933968 0.035163329717171406
decision_type=2 2 2 2 2 2 2 2 2 2 2 2 2 2 2 2 2 2 2 2 2 2 2 2 2
left_child=-1 -2 10 4 -4 6 9 -6 -9 -5 14 12 -12 -13 17 16 21 19 24 -3 -20 -16 -8 -7 -19
right_child=1 2 3 5 7 23 22 8 -10 -11 11 13 -14 -15 15 -17 -18 18 20 -21 -22 -23 -24 -25 -26
leaf_value=0.017028697619034989 -0.014999465572043397 0.026308501640344147 0.013662635590166996 0.0019464751005046248 0.009995563211340007 0.034663387869504472 0.0057294974411235249 -0.033388174348045613 -0.00020586537683581216 0.02963654151889494 -0.033535791542432865 0.018793729846547071 -0.006689293608365521 -0.0082689341425451809 0.0030014655116460528 -0.025413460444188855 0.021911612655056079 -0.0053543605310226328 0.0017856053945273899 0.00072267861756142402 -0.0069819269380959684 -0.019613861490101948 -0.014393933988432098 0.01188260737336925 -0.023826026874232863
leaf_weight=11.656415954232214 19.990462496876717 13.559986904263498 21.210846543312073 12.149147078394892 12.592467218637465 12.58370551466942 14.414488866925238 17.126841560006142 21.289911210536957 15.162219136953352 14.889346554875376 12.480199903249742 12.337598800659178 12.7613478153944 15.623705223202707 20.650018602609634 12.489588111639021 14.034775733947756 574.48728261888027 14.801204010844229 51.537665724754333 12.127782911062239 19.237329989671707 12.30339530110359 13.641034871339796
leaf_count=49 83 59 89 50 52 53 60 70 88 63 61 51 50 54 65 85 51 58 2363 62 212 50 79 51 56
internal_value=0 0.000142796 0.000460262 0.00443175 -0.00222309 0.01003 0.00457146 -0.00882876 -0.0149991 0.0173189 -0.000328974 -0.0086305 -0.0213706 0.00511168 0.000257292 -0.0072605 0.00205483 0.000928443 0.000406633 0.0129557 0.00106382 -0.00688174 -0.00577422 0.0234013 -0.0144588
internal_weight=0 973.482 953.492 158.07 72.2201 85.8503 60.9632 51.0092 38.4168 27.3114 795.422 52.4685 27.2269 25.2415 742.953 60.8911 40.2411 682.062 653.701 28.3612 626.025 27.7515 33.6518 24.8871 27.6758
internal_count=4064 4015 3932 655 299 356 252 210 158 113 3277 216 111 105 3061 251 166 2810 2689 121 2575 115 139 104 114
is_linear=0
shrinkage=0.03


Tree=58
num_leaves=27
num_cat=0
split_feature=9 9 8 1 13 4 2 6 8 12 8 14 9 9 7 11 14 14 3 4 4 8 7 7 13 4
split_gain=3.44087 4.89339 3.1289 6.17018 9.28851 8.53882 5.61952 7.5477 6.79387 4.29502 4.2377 11.7444 4.36525 5.67078 8.56747 7.2262 4.30397 9.60242 3.97532 3.63066 3.6228 3.52413 3.08154 2.88178 2.80909 1.31589
threshold=-0.10735898783577512 -0.073426913010722614 1.1945467829313035 20.685000419616703 4.6264285714285771 0.013560423373581544 0.0088713733737102191 1.3759570051661469 1.2968589856767683 3606660.5000000005 1.1058880882549158 -1.6205223624787284 -0.047714602161587287 -0.017743458969326883 0.13730203229530211 -0.023503376052307897 2.7977927220949055 1.4624365105845241 66.140984998799766 0.0017842150421198968 -0.0041400226465883585 1.146083648849592 0.67949823458335701 0.47999780773595829 6.1950000000000003 0.0013862052771896896
decision_type=2 2 2 2 2 2 2 2 2 2 2 2 2 2 2 2 2 2 2 2 2 2 2 2 2 2
left_child=-1 -2 10 4 9 19 7 8 -5 -4 12 21 -3 14 -14 -15 17 25 -17 -6 -10 -12 -18 -16 -9 -13
right_child=1 2 3 6 5 -7 -8 24 20 -11 11 16 13 15 23 18 22 -19 -20 -21 -22 -23 -24 -25 -26 -27
leaf_value=0.016552017113681136 -0.014552149302282895 0.018013496898594671 -0.0038024881687977771 0.036457872925811048 -0.011152979062433725 0.0086135851900820733 -0.0066641675046949502 0.010083239567953029 0.0013098061161036663 0.018981511059378342 -0.030824440368400739 -0.0011803902169259855 0.0097403551182233036 0.020441154684900719 -0.010878525660446269 0.0026480089974598303 -0.0019100534333548265 -0.022375503982635818 -0.002299339902640089 -0.032890058601560315 0.022077950185508465 -0.011209001525690883 0.01645832458690278 -0.028228458812244984 -0.010343205510068978 0.012310812698523575
leaf_weight=11.632707133889197 19.986848458647728 12.661922141909598 12.178090468049051 15.751130148768423 15.431671261787416 12.896668493747709 15.401718094944952 12.028681099414827 14.458380386233328 19.165202632546425 16.066516131162643 12.126633167266847 16.198819845914841 16.869974493980408 29.258160412311554 341.64418008923531 14.260834991931914 18.071702808141708 255.48353213071823 12.531311497092245 15.842729300260546 16.928980559110641 19.404970407485962 12.212402179837225 12.209851056337355 14.040021330118178
leaf_count=49 83 53 50 66 63 54 64 50 60 81 66 50 67 72 120 1410 60 74 1046 51 66 70 80 50 50 59
internal_value=0 0.000138725 0.00044679 0.00430427 -0.00215643 -0.0115806 0.00974793 0.0133441 0.020476 0.010129 -0.000319125 -0.00575924 0.000562478 0.0002335 -0.00876099 0.0010783 0.00059433 -0.00555702 0.000531266 -0.0208942 0.0121683 -0.0207604 0.00867748 -0.0159878 -0.000206321 0.00605847
internal_weight=0 973.111 953.124 157.895 72.2029 40.8597 85.6925 70.2908 46.0522 31.3433 795.229 110.9 684.329 671.667 57.6694 613.998 77.9042 44.2384 597.128 27.963 30.3011 32.9955 33.6658 41.4706 24.2385 26.1667
internal_count=4064 4015 3932 655 299 168 356 292 192 131 3277 459 2818 2765 237 2528 323 183 2456 114 126 136 140 170 100 109
is_linear=0
shrinkage=0.03


Tree=59
num_leaves=26
num_cat=0
split_feature=9 0 14 0 10 5 14 13 2 4 13 2 5 0 1 1 1 2 0 5 0 2 14 5 12
split_gain=3.24462 4.68216 9.68856 8.6804 3.37489 6.15057 7.39737 8.50096 8.036 9.15782 6.48372 5.93046 4.9449 6.96499 6.02028 5.03445 11.3689 6.96359 5.61045 8.39433 8.29081 4.58145 3.57861 2.24455 2.22674
threshold=-0.10735898783577512 0.15317171947823541 0.037600607447065483 0.20137960547918801 0.27406757380083097 0.030667799412861744 -2.0621130168606432 6.9528571428571482 -0.0011610455185844823 0.0035579670243852672 3.8492857142857178 0.013185002012259183 -0.040604004817749388 0.0080920757496276714 20.360000610351566 17.285000801086429 17.615000724792484 -0.0040251201990072231 -0.034895651013681799 0.0073183710309784331 -0.023827839520322188 -0.0045224748982719996 1.0000000180025095e-35 0.0059165842234026331 55295018.000000007
decision_type=2 2 2 2 2 2 2 2 2 2 2 2 2 2 2 2 2 2 2 2 2 2 2 2 2
left_child=-1 4 -3 -4 11 6 -6 8 10 -10 -8 12 13 14 -2 18 -17 -18 19 -14 -20 -15 -16 -13 -7
right_child=1 2 3 -5 5 24 7 -9 9 -11 -12 23 15 21 22 16 17 -19 20 -21 -22 -23 -24 -25 -26
leaf_value=0.016089759734813375 -0.016142944899346184 -0.031686332931856645 -0.01827346975796872 0.016201617799524996 -0.016722127163200495 0.026183356404372804 -0.024163993853088823 0.026789140632324154 0.016769409659983293 -0.0031674324850821333 -0.00053518927266713327 -0.0060899590743126201 0.0011932649858250077 0.0069012679898674085 0.020619324400270308 -0.026775687339319027 -0.010033691831029135 0.0003462844842256023 -0.018254749473846046 0.02225058542059917 0.0019009326995178964 0.03271138488405511 -0.00061026183015104173 -0.024208030036491669 0.0094486721007625372
leaf_weight=11.608279913663862 13.394868329167364 12.605332687497137 12.217651546001436 14.227571725845335 17.269232600927353 12.806918248534204 15.27227461338043 13.425307512283323 44.03433932363987 39.190953552722931 33.111549183726311 12.764850318431856 42.207128331065178 11.747161060571672 12.123386681079866 17.170069366693497 73.184347301721573 283.48664583265781 20.39247453212738 28.572117552161217 184.94553263485432 13.083300545811651 17.406527325510979 11.882252186536787 16.218509912490845
leaf_count=49 55 52 50 61 71 54 62 56 183 163 137 53 173 50 51 70 302 1167 83 119 757 55 73 50 68
internal_value=0 0.000134808 -0.0100425 0.000274182 0.000560463 0.00411323 0.00183859 0.00404861 0.00172887 0.00738111 -0.00799358 -0.000355194 0.000141702 0.00785421 0.000538637 -0.000662292 -0.00293141 -0.00178355 0.00240992 0.00969367 -0.000100763 0.0205008 0.00810546 -0.0148246 0.0168325
internal_weight=0 972.74 39.0506 26.4452 933.69 191.329 162.304 145.034 131.609 83.2253 48.3838 742.361 717.714 67.7552 42.9248 649.958 373.841 356.671 276.117 70.7792 205.338 24.8305 29.5299 24.6471 29.0254
internal_count=4064 4015 163 111 3852 794 672 601 545 346 199 3058 2955 284 179 2671 1539 1469 1132 292 840 105 124 103 122
is_linear=0
shrinkage=0.03


Tree=60
num_leaves=25
num_cat=0
split_feature=1 3 13 6 6 4 9 2 14 1 14 10 2 6 4 11 3 5 7 1 13 9 3 10
split_gain=4.52322 5.39942 8.02343 4.64009 5.46306 6.3887 4.36962 4.29982 4.15056 5.95467 7.7797 7.90529 7.31411 6.93072 6.87655 4.7525 4.40681 7.61214 7.98274 6.12409 11.1592 6.35742 3.76842 3.4376
threshold=13.414999961853029 79.319249679139816 4.2553571428571404 2.0320352604408378 1.6291637224657205 -0.01092216557523895 0.015885775645127057 0.014479924970281652 0.74634310384372893 19.875000000000004 -1.1950185821281323 -0.3460556171497372 0.0026127625601204498 1.0753317827249544 0.014567088415883946 -0.0018523187419122731 40.663882186431699 -0.007411582164970342 0.15108138763856793 14.530000209808351 3.2421428571428623 0.052316920413228336 67.127952472034465 0.076597876298645243
decision_type=2 2 2 2 2 2 2 2 2 2 2 2 2 2 2 2 2 2 2 2 2 2 2 2
left_child=1 2 6 4 7 -6 -1 8 9 13 11 -11 -12 14 -2 -15 17 18 -10 20 -18 -21 -4 -9
right_child=3 -3 22 -5 5 -7 -8 23 16 10 12 -13 -14 15 -16 -17 19 -19 -20 21 -22 -23 -24 -25
leaf_value=-0.0080547518844792543 -0.0013765030778412838 -0.0074377564407032562 0.012748465766904242 -0.015447280825202633 0.020669846932852797 -0.005601333390621294 0.012449031178175668 -0.024926180738866065 0.016341329576799429 0.017973073317953545 0.023724737516913761 -0.0065217215548463801 -0.0028005500665369584 0.0087315323977437912 0.018478466495274525 0.035160743538789369 0.012471040808221217 -0.02637904900517795 -0.017669557572955321 0.0010577063395293741 -0.018004144207619331 -0.012238034505716972 0.035345334942204772 -0.0023720331187684338
leaf_weight=19.362245887517929 59.24479253590107 18.910829991102219 14.113468483090402 18.723774388432503 22.859460517764091 13.108147740364073 18.09817461669445 11.762978717684748 12.471530646085741 13.103098213672636 19.829212620854378 124.79509745538235 17.713484585285187 12.100511014461519 21.358916401863098 12.396853998303412 14.407396316528319 17.612247437238693 12.372685894370077 402.84079916775227 43.355568274855614 35.194434687495232 12.546971410512922 12.593230843544005
leaf_count=80 244 77 59 78 96 54 76 50 52 55 83 517 74 50 90 52 59 72 50 1659 177 144 53 52
internal_value=0 0.0066492 0.0108038 -0.00066943 -0.000354687 0.0110955 0.0018512 -0.000843134 -0.000473638 0.00248493 -0.000897969 -0.00419422 0.0112095 0.00813187 0.0038848 0.022106 -0.00201566 -0.0112919 -0.000596456 -0.00122132 -0.0104029 -1.05549e-05 0.023383 -0.0132647
internal_weight=0 83.0317 64.1209 897.844 879.12 35.9676 37.4604 843.153 818.797 280.542 175.441 137.898 37.5427 105.101 80.6037 24.4974 538.255 42.4565 24.8442 495.798 57.763 438.035 26.6604 24.3562
internal_count=4053 345 268 3708 3630 150 156 3480 3378 1165 729 572 157 436 334 102 2213 174 102 2039 236 1803 112 102
is_linear=0
shrinkage=0.03


Tree=61
num_leaves=14
num_cat=0
split_feature=1 3 13 6 0 0 9 8 13 1 2 9 3
split_gain=4.26343 5.09216 7.60786 4.35788 10.5335 10.0693 4.1162 3.7743 6.26406 5.14638 4.61012 4.22428 3.60588
threshold=13.414999961853029 79.319249679139816 4.2553571428571404 2.0320352604408378 0.20137960547918801 0.15797637088179853 0.015885775645127057 1.6495627476234116 12.431785714285722 33.305000305175788 0.014479924970281652 0.011959459268253482 67.127952472034465
decision_type=2 2 2 2 2 2 2 2 2 2 2 2 2
left_child=1 2 6 4 5 7 -1 8 9 10 -2 -11 -4
right_child=3 -3 12 -5 -6 -7 -8 -9 -10 11 -12 -13 -14
leaf_value=-0.0078051178373870506 -0.00053608107591167223 -0.0072117638677356511 0.012395914882297345 -0.01495869694820765 0.023458281652037217 -0.024410649706547962 0.012101107500633887 -0.016533605457272293 0.019176967459880553 0.024782988387946313 -0.016507899787203174 -0.00036159117166526629 0.034558345975234564
leaf_weight=19.381766572594643 777.91259098052979 18.918213188648224 14.079937532544138 18.754788726568222 16.420395821332932 15.952101543545721 18.060544162988663 12.777372762560843 14.893688455224035 13.025450035929682 16.61203844845295 11.169713765382765 12.449202954769133
leaf_count=80 3202 77 59 78 70 65 76 54 62 58 69 50 53
internal_value=0 0.0064616 0.0105052 -0.000649433 -0.000344041 -0.000797275 0.00179678 -0.000352229 -0.000104206 -0.000454958 -0.000870022 0.013175 0.022796
internal_weight=0 82.8897 63.9715 897.518 878.763 862.343 37.4423 846.391 833.613 818.72 794.525 24.1952 26.5291
internal_count=4053 345 268 3708 3630 3560 156 3495 3441 3379 3271 108 112
is_linear=0
shrinkage=0.03


Tree=62
num_leaves=14
num_cat=0
split_feature=1 0 4 7 2 6 0 0 8 13 1 2 9
split_gain=4.01888 4.49013 7.96271 7.96081 4.60611 4.09356 9.95 9.47934 3.5531 5.90298 4.8566 4.34545 4.0105
threshold=13.414999961853029 -0.017482175198466673 0.0017842150421198968 0.93977149518577496 0.000644868382888488 2.0320352604408378 0.20137960547918801 0.15797637088179853 1.6495627476234116 12.431785714285722 33.305000305175788 0.014479924970281652 0.011959459268253482
decision_type=2 2 2 2 2 2 2 2 2 2 2 2 2
left_child=1 3 -3 -1 -4 6 7 8 9 10 11 -2 -12
right_child=5 2 4 -5 -6 -7 -8 -9 -10 -11 12 -13 -14
leaf_value=0.010119660915378524 -0.00051997115931340723 -0.0026839250967470663 0.035698829198562529 -0.019474157828192565 0.011681503852210791 -0.014487873149116825 0.022847111858390015 -0.023690400366079847 -0.016045661660431938 0.01863086419914033 0.024181777258485679 -0.016038668643687078 -0.00035071441073686115
leaf_weight=19.732988834381104 777.95300063490868 19.690748825669289 12.579051524400713 13.974235609173773 16.764627799391747 18.782908722758293 16.354858860373497 15.94408632814884 12.771044746041296 14.870689645409582 12.94996525347233 16.585507079958916 11.170617759227751
leaf_count=83 3202 82 52 57 71 78 70 65 54 62 58 69 50
internal_value=0 0.00627978 0.0120741 -0.00214925 0.0219773 -0.000629985 -0.000333728 -0.000773417 -0.000341667 -0.000101056 -0.000441316 -0.000843915 0.0128204
internal_weight=0 82.7417 49.0344 33.7072 29.3437 897.383 878.6 862.245 846.301 833.53 818.659 794.539 24.1206
internal_count=4053 345 205 140 123 3708 3630 3560 3495 3441 3379 3271 108
is_linear=0
shrinkage=0.03


Tree=63
num_leaves=20
num_cat=0
split_feature=1 3 13 9 6 0 0 6 0 0 11 6 0 0 3 0 9 13 3
split_gain=3.78735 4.75921 6.52813 3.94814 3.84588 9.40005 8.92636 3.43359 9.64431 7.38224 14.9203 7.70362 6.6605 6.63654 6.12778 4.91951 10.2828 4.07783 2.61471
threshold=13.414999961853029 81.891532136643875 4.2553571428571404 0.015885775645127057 2.0320352604408378 0.20137960547918801 0.15797637088179853 1.0709742060818541 0.085589081342127962 -0.046486410494738332 -0.0048309090738847251 1.3092990978040722 0.075578345495094471 -0.095226239160924694 66.140984998799766 -0.014185094820599984 0.036249968717367194 4.8121428571428568 67.127952472034465
decision_type=2 2 2 2 2 2 2 2 2 2 2 2 2 2 2 2 2 2 2
left_child=1 2 3 -1 5 6 7 8 12 10 13 -12 14 -9 -2 17 -17 -11 -4
right_child=4 -3 18 -5 -6 -7 -8 9 -10 15 11 -13 -14 -15 -16 16 -18 -19 -20
leaf_value=-0.0077730284012692543 0.00064664605432659472 -0.0098182600236473832 0.011817147403970076 0.010749109926317354 -0.01403393929658605 0.022254785859341496 -0.022997358624181501 -0.0057125407729249752 -0.021528764389921358 0.001602397703791215 0.017821145636825398 -0.010046577045084331 0.019844673090836273 -0.033583128579867561 -0.0063659523567826662 0.0056023747763894963 -0.01939288823233053 0.021707641527183633 0.030473009037435047
leaf_weight=19.869355544447899 384.36117850244045 14.030570834875105 14.01583567261696 21.635624080896378 18.808338671922684 16.287478223443031 15.932011127471922 13.71882499754429 21.129780828952789 13.867130309343336 22.521708965301514 14.790580689907072 13.615471407771109 17.495747312903404 158.34927588701248 143.54072123765945 16.517285421490669 26.296780541539192 13.06322920322418
leaf_count=82 1591 57 59 91 78 70 65 57 87 57 94 61 56 72 647 596 68 109 56
internal_value=0 0.00610141 0.00935818 0.00188215 -0.000611132 -0.00032373 -0.000750283 -0.000331424 -0.00163511 0.00246978 -0.00602922 0.00677439 -0.000879527 -0.021334 -0.00139945 0.0053786 0.00302297 0.014766 0.0208169
internal_weight=0 82.6146 68.584 41.505 897.232 878.424 862.136 846.204 577.456 268.749 68.5269 37.3123 556.326 31.2146 542.71 200.222 160.058 40.1639 27.0791
internal_count=4053 345 288 173 3708 3630 3560 3495 2381 1114 284 155 2294 129 2238 830 664 166 115
is_linear=0
shrinkage=0.03


Tree=64
num_leaves=23
num_cat=0
split_feature=1 3 13 5 6 0 0 9 9 10 5 3 9 0 3 11 1 1 6 3 2 7
split_gain=3.56995 4.52652 6.829 3.88594 3.61371 8.88151 8.40775 3.44743 3.40516 3.30007 7.68171 7.63254 7.8862 6.90159 5.79603 4.74488 7.65687 8.87847 6.4538 5.80496 4.51214 4.35355
threshold=13.414999961853029 79.319249679139816 4.2553571428571404 -0.0033160452293963245 2.0320352604408378 0.20137960547918801 0.15797637088179853 0.018843160455770062 0.014718152972571953 0.26018712999464894 0.0084911651206574529 36.533557477208412 0.017400458065285344 -0.001390218635627771 52.99621481717724 0.001205885967637488 17.445000648498539 20.685000419616703 0.91746474193540672 70.729001168457685 -0.012963658775312699 0.83267279479394385
decision_type=2 2 2 2 2 2 2 2 2 2 2 2 2 2 2 2 2 2 2 2 2 2
left_child=1 2 3 -1 5 6 9 -4 -5 15 11 -11 -13 21 -15 19 18 -18 -17 20 -2 -12
right_child=4 -3 7 8 -6 -7 -8 -9 -10 10 13 12 -14 14 -16 16 17 -19 -20 -21 -22 -23
leaf_value=-0.012166971691296772 0.018598648519156675 -0.0069577174522794348 0.010042013845451865 -0.002886081019701156 -0.013596084859902628 0.021680319314089664 -0.022329851702067065 0.031833141738029203 0.01929684661565402 0.020388846879556641 0.010430726755836539 -0.011237795660107403 0.0055772864734876856 0.014830800781289011 -0.013412617079671276 -0.0029004224798850802 -0.015148791706922441 -0.0026098172128590441 0.0094794503742487921 0.021063499783983919 -0.00011519137782465454 0.03243529228895093
leaf_weight=12.440064460039137 12.139686673879622 18.906095162034035 12.423370137810709 12.280845940113069 18.831269770860672 16.218531399965286 15.916252598166464 13.783108264207838 12.635854735970495 13.140278950333593 16.121469527482986 57.542694717645645 44.526227355003357 13.121437922120096 13.036500364542006 108.47483968734741 79.053709611296654 142.31486718356609 58.250158935785294 13.245214864611624 258.80279971659184 16.247375696897507
leaf_count=51 53 77 53 51 78 70 65 59 54 56 68 238 184 55 54 443 323 589 240 55 1069 68
internal_value=0 0.00592951 0.00976265 0.00152665 -0.000592866 -0.000314022 -0.000727877 0.0215029 0.00836341 -0.000321476 0.00336426 -0.00113187 -0.00390244 0.0122148 0.000754947 -0.00127397 -0.00343069 -0.00708765 0.00142484 0.00167129 0.00072329 0.0214758
internal_weight=0 82.4693 63.5632 37.3568 896.983 878.152 861.934 26.2065 24.9167 846.017 173.736 115.209 102.069 58.5268 26.1579 672.281 388.094 221.369 166.725 284.188 270.942 32.3688
internal_count=4053 345 268 156 3708 3630 3560 112 105 3495 723 478 422 245 109 2772 1595 912 683 1177 1122 136
is_linear=0
shrinkage=0.03


Tree=65
num_leaves=25
num_cat=0
split_feature=0 0 7 4 4 7 0 1 4 5 8 8 2 6 3 4 0 13 9 2 0 11 6 8
split_gain=4.20833 9.97739 3.58165 5.13981 10.9998 9.22105 8.2661 7.97622 6.95226 7.13997 4.96888 6.23442 4.67077 5.28238 4.63438 4.65628 3.90808 3.59062 6.35244 4.00893 7.87782 5.70765 3.26026 1.90804
threshold=0.15317171947823541 0.20137960547918801 0.14494553206575914 -0.0071202806274955335 -0.0091583638335366851 0.54228885007509808 -0.039568606403770572 19.585000038146976 -0.0041400226465883585 -0.0057955378835579099 1.0492654324713098 1.347431009982474 -0.0055558863042650692 0.94437912420452774 29.868141181549394 -0.017711120213660555 0.020885966091917733 11.251071428571445 0.08047647615758137 0.0013901107560595444 -0.074471870428133899 -0.016319826566650372 1.2853841706584614 0.93890642301882188
decision_type=2 2 2 2 2 2 2 2 2 2 2 2 2 2 2 2 2 2 2 2 2 2 2 2
left_child=2 -2 10 4 5 6 -4 -8 9 16 -1 14 -7 -14 -12 -16 -5 18 19 20 -10 -21 -9 -6
right_child=1 -3 3 8 23 12 7 22 17 -11 11 -13 13 -15 15 -17 -18 -19 -20 21 -22 -23 -24 -25
leaf_value=0.023241845059297855 -0.024425877265828445 0.0047463742541379583 -0.030668355817103473 -0.0066486266320445065 -0.03137735181981964 0.021411277692558697 -0.019566476544977264 0.010428137745530506 0.022394896054402261 0.024399437903581806 0.0078898089405578953 0.016992597383098978 0.013988732521529598 -0.0082382001607232205 -0.024225645235918174 0.001686407993065275 0.013917202112554679 0.012432954830768977 -0.019992072222104734 -0.017894013369301902 0.0014797427229652649 -0.0011326224401067564 -0.0076286517056997826 -0.014787028068407419
leaf_weight=13.484695568680761 20.139987900853157 22.163288921117783 12.549159571528433 18.717072561383247 12.73282738029957 16.055456638336182 19.399965912103653 25.117908105254173 17.16138781607151 22.21264323592186 19.526443183422089 20.326569885015488 18.083536267280579 20.568419247865677 12.82756784558296 12.155859753489496 14.96488445997238 20.810147523880005 14.310590475797651 19.519786104559898 291.71516120433807 288.89464800059795 14.024043947458265 12.233446419239042
leaf_count=56 83 95 52 77 52 69 79 105 73 92 82 85 75 85 53 50 62 87 59 81 1197 1198 58 50
internal_value=0 -0.00914212 0.000531165 -2.87563e-05 -0.00505844 -0.00144847 -0.00857355 -0.00383726 0.00104182 0.0111961 0.00667271 0.00322665 0.0078104 0.0021608 -0.00305992 -0.011618 0.00248877 0.000171867 -0.000232114 0.000225979 0.0026418 -0.00219346 0.00395863 -0.0232481
internal_weight=0 42.3033 937.392 859.071 150.765 125.798 71.0911 58.5419 708.306 55.8946 78.3211 64.8364 54.7074 38.652 44.5099 24.9834 33.682 652.412 631.602 617.291 308.877 308.414 39.142 24.9663
internal_count=4055 178 3877 3551 625 523 294 242 2926 231 326 270 229 160 185 103 139 2695 2608 2549 1270 1279 163 102
is_linear=0
shrinkage=0.03


Tree=66
num_leaves=28
num_cat=0
split_feature=0 0 7 4 4 7 13 0 4 5 1 7 3 2 6 0 10 0 1 7 9 6 6 0 4 6 8
split_gain=3.96397 9.40119 3.37613 4.83752 10.3311 8.71733 8.04528 7.33465 6.55449 6.75807 5.81662 4.77751 8.49601 4.38899 4.84319 3.682 3.60335 5.05327 25.7491 5.0179 4.98608 4.88687 8.90852 5.46793 4.73026 2.97464 1.79215
threshold=0.15317171947823541 0.20137960547918801 0.14494553206575914 -0.0071202806274955335 -0.0091583638335366851 0.50917325691412052 4.302142857142857 -0.0053123495432092485 -0.0041400226465883585 -0.0057955378835579099 22.175000190734867 0.095744182661236174 28.372727999299027 -0.0029583594938358423 0.94437912420452774 0.020885966091917733 0.24892637278233834 0.032396355095536851 17.07499980926514 0.59264344304835326 0.08047647615758137 0.74827451078514473 0.87602529147408992 -0.025115816825805323 0.0045715705969173745 1.292372313298132 0.93890642301882188
decision_type=2 2 2 2 2 2 2 2 2 2 2 2 2 2 2 2 2 2 2 2 2 2 2 2 2 2 2
left_child=2 -2 11 4 5 7 -7 -4 9 15 -9 12 -1 -8 -15 -5 20 19 -19 -18 21 23 -23 -10 -21 -14 -6
right_child=1 -3 3 8 26 6 13 10 16 -11 -12 -13 25 14 -16 -17 17 18 -20 24 -22 22 -24 -25 -26 -27 -28
leaf_value=0.017385838274001041 -0.023724959286080326 0.0046079312627551562 -0.0233224238982877 -0.0064441236474301255 -0.030396023917527645 -0.014851143427097218 0.021668843486471117 -0.013795239487337073 0.010607685772246645 0.023757557769723357 0.0085789981220398426 0.018477421362768247 -0.013081132478011057 0.015883590881168527 -0.0098197929350047237 0.013524685826960054 -0.0073177145414016461 -0.038736497749040283 0.020843822295589672 0.020586487253753439 -0.017745514897406424 -0.0086980500121268053 0.0012280050954792661 -0.00076544769324532599 0.0056416330217156354 0.0050074701298251584 -0.014327103029806351
leaf_weight=20.389013186097145 20.113340780138969 22.144587129354477 21.770471841096878 18.73149961233139 12.749315977096559 12.536764368414877 22.922819718718529 19.61489924788475 65.259197756648064 22.129662603139877 22.398483589291573 21.624007880687714 23.674343004822731 13.961541101336481 12.509035214781759 14.937639921903608 16.887474313378334 12.299735248088838 13.912656754255293 28.422556474804878 15.424682185053824 128.19768090546131 222.80534979701042 91.23498472571373 57.870242550969124 12.503512620925902 12.247160419821737
leaf_count=86 83 95 90 77 52 51 98 80 270 92 94 91 97 58 52 62 70 50 58 119 64 527 921 374 242 52 50
internal_value=0 -0.00887756 0.000515578 -2.7777e-05 -0.00490823 -0.00140579 0.00661146 -0.00919003 0.00101095 0.0108795 -0.00186692 0.00648362 0.00189871 0.012059 0.0037371 0.00241523 0.000166792 0.00464918 -0.00711327 0.00763737 -0.000942338 -0.000431629 -0.00239731 0.00397723 0.0105641 -0.00682949 -0.022523
internal_weight=0 42.2579 937.015 858.824 150.71 125.714 61.9302 63.7839 708.113 55.7988 42.0134 78.1909 56.5669 49.3934 26.4706 33.6691 652.315 129.393 26.2124 103.18 522.922 507.497 351.003 156.494 86.2928 36.1779 24.9965
internal_count=4055 178 3877 3551 625 523 259 264 2926 231 174 326 235 208 110 139 2695 539 108 431 2156 2092 1448 644 361 149 102
is_linear=0
shrinkage=0.03


Tree=67
num_leaves=25
num_cat=0
split_feature=0 0 7 8 8 4 4 7 0 4 5 11 0 8 4 5 2 5 3 9 0 7 9 8
split_gain=3.73427 8.86063 3.18242 4.71966 5.81147 4.55382 9.70681 8.22165 7.48858 6.17994 6.39822 4.55831 6.42936 4.4774 4.20505 4.75558 3.98953 3.5144 3.45309 6.56561 9.80868 4.70735 5.62121 1.68551
threshold=0.15317171947823541 0.20137960547918801 0.14494553206575914 1.0492654324713098 1.347431009982474 -0.0071202806274955335 -0.0091583638335366851 0.54228885007509808 -0.039568606403770572 -0.0041400226465883585 -0.0057955378835579099 -0.0086518209702197129 0.036152336246047863 1.0181932559936211 -0.025224732730106 -0.028914249175663761 -0.0029583594938358423 -0.017715659249246115 32.386299522566858 -0.022569893513175784 -0.048538397830247486 0.28088644902129251 0.010192302589345005 0.93890642301882188
decision_type=2 2 2 2 2 2 2 2 2 2 2 2 2 2 2 2 2 2 2 2 2 2 2 2
left_child=2 -2 3 -1 14 6 7 8 -4 10 17 12 -10 16 -5 -16 -9 -7 -11 20 -20 -21 -23 -8
right_child=1 -3 5 4 -6 9 23 13 11 18 -12 -13 -14 -15 15 -17 -18 -19 19 21 -22 22 -24 -25
leaf_value=0.022485530407803912 -0.023049410524271549 0.0044734577753269295 -0.029152702217839371 -0.017101972532384067 0.016261420646578352 0.010006487129617207 -0.029459884397246183 0.011977004737745101 0.016959694565229368 0.013882095898240219 0.023136572117015412 -0.014461462706052966 -0.0083105691182520716 0.021340084869288598 0.018022108967251791 -0.0062342617013036649 -0.0070896021265321298 -0.0099211422775006171 -0.029329252705379422 -0.018531434142766468 0.0026083745074151764 0.0052424824196662554 -0.0010662245721074204 -0.013883373940662727
leaf_weight=13.42565008997917 20.082219377160072 22.126235768198967 12.51713953912258 13.501488193869585 20.238700464367867 20.714083775877953 12.7596402913332 19.062872126698494 16.239999070763588 16.101887375116348 22.043231159448624 21.779766753315926 20.498917147517204 15.014519721269606 11.720951691269873 19.174748882651336 20.496333181858063 12.940957069396971 16.807481274008751 11.419381245970724 17.841861844062805 185.33025248348713 404.66001006960869 12.259246513247488
leaf_count=56 83 95 52 56 85 86 52 82 67 67 92 90 85 62 50 79 85 53 70 47 73 770 1668 50
internal_value=0 -0.00862156 0.000500581 0.00629999 0.00293806 -2.67539e-05 -0.0047633 -0.00136448 -0.0080918 0.000981157 0.0105729 -0.00358688 0.00285985 0.00739214 -0.00313547 0.00296792 0.00209825 0.00234396 0.000161969 -0.000185357 -0.0128837 0.000546241 0.000915493 -0.0218274
internal_weight=0 42.2085 936.549 78.0615 64.6359 858.488 150.628 125.61 71.0358 707.859 55.6983 58.5187 36.7389 54.5737 44.3972 30.8957 39.5592 33.655 652.161 636.059 34.6493 601.41 589.99 25.0189
internal_count=4055 178 3877 326 270 3551 625 523 294 2926 231 242 152 229 185 129 167 139 2695 2628 143 2485 2438 102
is_linear=0
shrinkage=0.03


Tree=68
num_leaves=31
num_cat=0
split_feature=0 0 1 0 0 8 9 9 1 1 0 0 5 1 6 10 5 6 5 11 2 6 11 1 2 0 11 0 8 2
split_gain=3.51812 8.35317 3.02732 9.28613 9.5007 9.78312 12.9327 10.4554 8.28686 9.10319 8.43175 9.13529 8.59579 8.38731 8.95224 7.91257 7.28562 7.13248 7.26812 15.0195 13.7722 9.27306 7.32953 6.9252 10.8085 8.28154 6.61243 6.58576 6.52742 6.47973
threshold=0.15317171947823541 0.20137960547918801 21.664999961853031 0.018934443393513026 0.027477201497012164 1.2189567405100494 -0.051056108673602767 0.0060179696925893875 17.335000038146976 17.615000724792484 0.0099479946771213763 1.0000000180025095e-35 -0.00084002927780779657 14.715000152587892 1.0787800334051976 -0.085449508092039814 0.0042399119911419323 0.64629915918931735 -0.011361286980878347 0.004391028645456708 0.001212030700411726 0.99781594953919617 -0.0071536758668451763 14.715000152587892 0.00041327364748771814 -0.019099796569075341 0.02285072699507951 -0.0023991033821552095 0.89950516316564799 -0.0014309440274360326
decision_type=2 2 2 2 2 2 2 2 2 2 2 2 2 2 2 2 2 2 2 2 2 2 2 2 2 2 2 2 2 2
left_child=2 -2 8 15 -5 7 -7 -6 10 -10 11 16 13 -12 -15 -4 -1 -11 22 20 -20 -21 27 24 -18 -25 -9 -19 -24 -14
right_child=1 -3 3 4 5 6 -8 26 9 17 12 -13 29 14 -16 -17 23 18 19 21 -22 -23 28 25 -26 -27 -28 -29 -30 -31
leaf_value=-0.0023624762223584212 -0.022397721914037473 0.0043428410436592004 0.0048551799928782937 0.034061391622658539 -0.0097490539422208766 0.0010898466638401183 0.044819125514513475 0.024430512681297353 -0.027143664978833328 0.014203282139880815 -0.010134115371084964 0.019198780234991837 -0.029505638769923227 0.021627041178313228 -0.0084879269820395988 -0.0065665731551188761 0.019170911686707402 -0.016757676712698372 0.00027713774456247065 -0.016880493703600383 0.035259951214801875 0.0052777960199249206 -0.011129378794215493 0.022409700459598871 -0.011370308046265548 -0.0015659408035944328 -0.0034900647486713113 0.0054519366431815819 -0.037879084606215273 -0.006632333293487884
leaf_weight=117.79034577310085 20.047069534659386 22.108236700296402 111.75573752820492 13.037858307361601 37.505621358752251 12.091956675052645 12.256148293614386 19.628248557448387 15.883578374981878 18.493705824017525 28.022992983460426 35.287225842475891 16.279610723257065 25.975182875990868 13.50195564329624 106.71137537062168 16.263838604092598 22.105530440807343 26.519340425729752 46.174745321273804 16.38669627904892 26.90034618973732 18.54382036626339 42.335548102855682 29.068412020802498 18.690640389919281 12.492945745587347 26.327160209417343 14.732845872640608 35.351760238409042
leaf_count=483 83 95 468 55 156 50 53 85 65 76 115 148 66 106 55 444 68 90 109 189 68 110 76 178 121 77 52 109 60 145
internal_value=0 -0.00837371 0.000485913 0.00282268 0.0100629 0.0067334 0.0231019 0.00100942 -0.000759625 -0.00522327 0.00197666 0.0050106 -0.00463043 0.0024174 0.0113271 -0.000723834 0.00277698 -0.00361273 -0.00527939 -0.000451231 0.0136378 -0.0087236 -0.0121327 0.00846886 -0.000413043 0.0150666 0.0135713 -0.00468492 -0.0229725 -0.0138444
internal_weight=0 42.1553 936.115 325.48 107.013 93.9749 24.3481 69.6268 610.635 232.068 378.568 259.436 119.132 67.5001 39.4771 218.467 224.149 216.184 197.69 115.981 42.906 73.0751 81.7094 106.358 45.3323 61.0262 32.1212 48.4327 33.2767 51.6314
internal_count=4055 178 3877 1363 451 396 103 293 2514 952 1562 1075 487 276 161 912 927 887 811 476 177 299 335 444 189 255 137 199 136 211
is_linear=0
shrinkage=0.03


Tree=69
num_leaves=25
num_cat=0
split_feature=0 0 7 7 3 14 4 4 7 13 0 4 5 1 9 2 13 9 2 0 7 0 9 2
split_gain=3.31504 7.87649 2.94651 4.46606 7.96109 4.42749 4.27583 9.03128 7.87765 7.44555 6.65198 5.77212 6.01584 5.38329 5.0224 3.94123 3.47088 5.6617 3.80635 7.41311 5.59798 3.3538 1.70041 1.69612
threshold=0.15317171947823541 0.20137960547918801 0.14494553206575914 0.095744182661236174 28.372727999299027 -2.6949354813847206 -0.0071202806274955335 -0.0091583638335366851 0.50917325691412052 4.302142857142857 -0.0053123495432092485 -0.0041400226465883585 -0.0057955378835579099 19.585000038146976 -0.025232403373423914 -0.0029583594938358423 11.251071428571445 0.08047647615758137 0.0013901107560595444 -0.074471870428133899 0.5866673624181763 0.020885966091917733 0.017121941318229642 -0.00050497602149165315
decision_type=2 2 2 2 2 2 2 2 2 2 2 2 2 2 2 2 2 2 2 2 2 2 2 2
left_child=2 -2 3 4 -1 -6 7 8 10 -10 -4 12 21 -12 -15 -11 17 18 19 -13 -20 -8 -17 -9
right_child=1 -3 6 -5 5 -7 11 23 9 15 13 16 -14 14 -16 22 -18 -19 20 -21 -22 -23 -24 -25
leaf_value=0.01667220758020186 -0.02176852028587635 0.0042159729184680465 -0.0222261982870747 0.01769226143450018 -0.021337481883080166 0.0007824433443061801 -0.0061901742945726984 -0.028894241338809693 -0.01434456629693775 0.020695733453719577 -0.018270020813741433 0.02177223820131054 0.022448410928014261 -0.0077586224777310749 0.017054230804450694 0.011015880114830926 0.012216845286358661 -0.018924640676097285 -0.0095505528262802598 0.0014168269142040022 4.3290119037220247e-05 0.01288743302540498 -0.0042107424777133523 -0.013270912586836303
leaf_weight=20.258293718099594 20.00830540060997 22.090591192245483 21.720178589224815 21.502370372414589 12.414882495999334 23.672711849212646 18.743601873517036 12.514760151505472 12.542668908834456 22.772533163428307 12.493977755308149 17.043908700346947 21.930111214518547 14.022049203515051 15.410524278879167 13.678228706121446 20.771120235323906 14.275659784674643 71.176157161593437 291.41018404066563 237.01208594441414 14.875064253807066 12.756709083914755 12.50093801319599
leaf_count=86 83 95 90 91 51 98 77 51 51 98 51 73 92 58 65 57 87 59 294 1197 985 62 53 51
internal_value=0 -0.00813365 0.0004721 0.00606046 0.0016216 -0.00682727 -3.51512e-05 -0.00462837 -0.00134502 0.00628885 -0.00875142 0.000941717 0.0102247 -0.00177077 0.00523307 0.0115482 0.000150449 -0.000246801 0.000185603 0.00254158 -0.00217241 0.00225099 0.00366797 -0.0210869
internal_weight=0 42.0989 935.499 77.8483 56.3459 36.0876 857.65 150.413 125.397 61.7501 63.6467 707.238 55.5488 41.9266 29.4326 49.2075 651.689 630.918 616.642 308.454 308.188 33.6187 26.4349 25.0157
internal_count=4055 178 3877 326 235 149 3551 625 523 259 264 2926 231 174 123 208 2695 2608 2549 1270 1279 139 110 102
is_linear=0
shrinkage=0.03


Tree=70
num_leaves=18
num_cat=0
split_feature=13 0 9 5 0 1 2 14 0 4 14 4 2 14 1 13 9
split_gain=4.73704 16.8617 4.4847 4.8226 5.36949 5.03638 8.85357 19.0457 15.335 5.18964 4.83599 4.75697 4.46236 5.46904 4.88119 3.5949 2.59825
threshold=11.251071428571445 -0.0040932791442906393 0.08047647615758137 0.066915968095056858 -0.037054508025184001 28.184999465942386 -0.006250606762707135 -1.8905139194351406 -0.061118747411496192 -0.032562657235862984 1.8507195367651754 0.030924967440121857 -0.0091374690482158433 4.1068081183577378 26.994999885559086 8.0392857142857164 -0.027272500536971108
decision_type=2 2 2 2 2 2 2 2 2 2 2 2 2 2 2 2 2
left_child=2 16 3 5 -5 9 7 -7 -8 -1 15 12 13 -11 -14 -10 -2
right_child=1 -3 -4 4 -6 6 8 -9 10 11 -12 -13 14 -15 -16 -17 -18
leaf_value=-0.018929139031237448 -0.014624083116220947 0.035971089268085808 -0.016915638610572176 0.0031770428685100357 -0.020893024299435622 -0.0295472116487859 -0.012930036273907396 0.023299018416575765 0.038894397181407116 0.017991967634155972 0.0085021703385996968 0.018676728624788065 -0.00039288144285984573 -0.0062895683678963355 -0.014404869529796374 0.018164554984654354 0.0048678865028285992
leaf_weight=13.299032628536223 12.176508978009224 14.541061192750929 14.382919773459433 14.120402529835699 20.379342451691628 14.788816079497339 14.880564972758291 10.492437571287153 15.968671560287477 24.746525436639786 15.485191464424132 12.045488148927687 724.68204279243946 12.598537757992743 23.088180258870125 14.24560886621475 12.445550456643105
leaf_count=55 51 63 60 60 84 62 63 50 68 104 67 50 2988 53 95 59 52
internal_value=0 0.0103559 -0.000291666 -3.47943e-05 -0.0110414 0.000388854 0.00729786 -0.00761453 0.0135211 -0.000343097 0.0221341 -3.30256e-05 -0.000320077 0.00980047 -0.000825516 0.0291206 -0.00477161
internal_weight=0 39.1631 945.204 930.821 34.4997 896.321 85.8613 25.2813 60.58 810.46 45.6995 797.161 785.115 37.3451 747.77 30.2143 24.6221
internal_count=4084 166 3918 3858 144 3714 369 112 257 3345 194 3290 3240 157 3083 127 103
is_linear=0
shrinkage=0.03


Tree=71
num_leaves=16
num_cat=0
split_feature=13 0 9 5 0 1 0 0 10 0 4 4 11 5 9
split_gain=4.47237 16.0141 4.2224 4.53666 5.04858 4.75463 8.08877 7.805 5.72009 6.52568 4.88702 4.48091 4.49176 4.46936 2.44536
threshold=11.251071428571445 -0.0040932791442906393 0.08047647615758137 0.066915968095056858 -0.037054508025184001 28.184999465942386 -0.047805496744436175 0.13518549268873961 0.23006745800625775 0.036152336246047863 -0.032562657235862984 0.030924967440121857 0.039282820964454353 0.012925600814916673 -0.027272500536971108
decision_type=2 2 2 2 2 2 2 2 2 2 2 2 2 2 2
left_child=2 14 3 5 -5 10 -7 8 9 -8 -1 12 13 -12 -2
right_child=1 -3 -4 4 -6 6 7 -9 -10 -11 11 -13 -14 -15 -16
leaf_value=-0.018376113411897474 -0.014189148258430232 0.035178790994191737 -0.016418351487209909 0.0030821879818639236 -0.020256182355586926 -0.0086252058898482892 0.021090854016021808 -0.0089565111332007199 0.035460429940060982 -0.0045563003930083777 0.00064216244101553642 0.018137101096405858 0.012913716596693348 -0.0046300474407741541 0.0047235767319621829
leaf_weight=13.288444280624388 12.173304975032806 14.4242717474699 14.374131232500075 14.11834369599819 20.389290437102318 21.902747273445129 25.256059497594833 12.301062226295469 12.330752462148665 13.811489492654799 568.51725390553474 12.031961485743521 22.455296292901039 194.1236602216959 12.441069155931473
leaf_count=55 51 63 60 60 84 92 109 54 56 58 2344 50 93 803 52
internal_value=0 0.0100789 -0.000282879 -3.36291e-05 -0.0107076 0.000377449 0.00710153 0.0125091 0.0176464 0.0120239 -0.000332798 -3.20088e-05 -0.000310459 -0.000699833 -0.00462992
internal_weight=0 39.0386 944.9 930.526 34.5076 896.019 85.6021 63.6994 51.3983 39.0675 810.417 797.128 785.096 762.641 24.6144
internal_count=4084 166 3918 3858 144 3714 369 277 223 167 3345 3290 3240 3147 103
is_linear=0
shrinkage=0.03


Tree=72
num_leaves=14
num_cat=0
split_feature=13 0 9 5 1 4 14 3 13 12 1 2 1
split_gain=4.22314 15.2155 3.97588 4.35448 4.24851 4.19128 3.2058 6.82691 6.16974 5.38849 6.48865 5.50858 2.38715
threshold=11.251071428571445 -0.0040932791442906393 0.08047647615758137 0.089411757922354354 34.069999694824226 -0.039083263397573335 5.2505289095381995 79.319249679139816 5.6889285714285691 3924654.0000000005 15.835000038146974 0.0031917696410480377 29.94999980926514
decision_type=2 2 2 2 2 2 2 2 2 2 2 2 2
left_child=2 12 3 4 5 -1 9 8 -8 11 -11 -7 -2
right_child=1 -3 -4 -5 -6 6 7 -9 -10 10 -12 -13 -14
leaf_value=-0.017627882016231049 0.0047282386391353966 0.03441672257731794 -0.015937352086981587 -0.015378405498111966 0.014907047044545603 -0.0061416905249761051 0.003363295835007473 -0.019430899645640234 -0.010046639674379278 0.0089460744614647588 0.00086588748169735992 0.0060853981868606109 -0.013961874648835698
leaf_weight=12.03522254526615 12.46635562181473 14.30318909883499 14.363866880536078 16.349130049347878 17.439948096871376 144.58115695416927 90.527022153139114 21.389664888381958 46.863424807786942 113.29859545826912 424.8323757648468 43.031470343470573 12.139347702264784
leaf_count=50 52 63 60 68 84 592 375 87 193 473 1757 179 51
internal_value=0 0.00981073 -0.000274336 -3.2511e-05 0.000241988 -4.32778e-05 0.000195986 -0.00366527 -0.00121079 0.00104076 0.0025671 -0.00333724 -0.00449262
internal_weight=0 38.9089 944.712 930.348 913.999 896.559 884.524 158.78 137.39 725.744 538.131 187.613 24.6057
internal_count=4084 166 3918 3858 3790 3706 3656 655 568 3001 2230 771 103
is_linear=0
shrinkage=0.03


Tree=73
num_leaves=16
num_cat=0
split_feature=13 0 9 5 0 1 0 0 10 0 4 4 11 5 9
split_gain=3.98841 14.4622 3.74408 4.10985 4.77403 4.3979 7.64494 7.39701 5.47686 6.19621 4.45635 4.20014 4.2493 4.23308 2.27858
threshold=11.251071428571445 -0.0040932791442906393 0.08047647615758137 0.066915968095056858 -0.037054508025184001 28.184999465942386 -0.047805496744436175 0.13518549268873961 0.23006745800625775 0.036152336246047863 -0.032562657235862984 0.030924967440121857 0.039282820964454353 0.012925600814916673 -0.027272500536971108
decision_type=2 2 2 2 2 2 2 2 2 2 2 2 2 2 2
left_child=2 14 3 5 -5 10 -7 8 9 -8 -1 12 13 -12 -2
right_child=1 -3 -4 4 -6 6 7 -9 -10 -11 11 -13 -14 -15 -16
leaf_value=-0.017568645311698251 -0.013594022907458097 0.033682558192902487 -0.015471906668586253 0.0032196703870133901 -0.019477636042129858 -0.0084440797589644574 0.02051403851760724 -0.0087732448733373412 0.034679740719863156 -0.0045032802901261966 0.00062327894334376606 0.017568690741497129 0.012568396816594279 -0.0045073299356511512 0.004669147917688788
leaf_weight=13.263571456074713 12.159570127725601 14.178398102521895 14.352274507284163 14.11478942632675 20.386196166276932 21.90023547410965 25.127794429659843 12.300177484750746 12.198368713259695 13.805572420358656 568.36168783903122 12.013992264866827 22.418497875332832 194.17728365957737 12.436740726232529
leaf_count=55 51 63 60 60 84 92 109 54 56 58 2344 50 93 803 52
internal_value=0 0.00955097 -0.000266142 -3.14953e-05 -0.0101919 0.000359925 0.00683797 0.0121142 0.0171388 0.011643 -0.000322328 -3.53068e-05 -0.000304741 -0.000683209 -0.00435954
internal_weight=0 38.7747 944.42 930.068 34.501 895.567 85.3321 63.4319 51.1317 38.9334 810.235 796.971 784.957 762.539 24.5963
internal_count=4084 166 3918 3858 144 3714 369 277 223 167 3345 3290 3240 3147 103
is_linear=0
shrinkage=0.03


Tree=74
num_leaves=12
num_cat=0
split_feature=13 0 11 11 9 5 1 11 1 3 1
split_gain=3.76711 13.7511 3.5277 4.96594 3.47889 3.90517 4.58323 3.40645 8.68785 5.17438 2.22486
threshold=11.251071428571445 -0.0040932791442906393 -0.062107094661673794 -0.045942108678986897 0.08047647615758137 0.089411757922354354 34.069999694824226 -0.012741913529794589 17.615000724792484 66.140984998799766 29.94999980926514
decision_type=2 2 2 2 2 2 2 2 2 2 2
left_child=2 10 -1 -4 5 6 7 8 -5 -9 -2
right_child=1 -3 3 4 -6 -7 -8 9 -10 -11 -12
leaf_value=-0.016815367789310223 0.0046711506466640667 0.03297419826678457 0.015605923916480351 -0.019196876835917524 -0.015021331566526346 -0.014662281792493423 0.018498437675184092 0.0027433639787856853 -0.00086851135195299559 -0.0025746137316461503 -0.013379620426027639
leaf_weight=11.440976753830908 12.461748704314234 14.050438731908796 17.873341619968414 28.094206735491753 14.339491173624991 16.334932461380959 12.073072776198385 447.95424152910709 135.71643954515457 260.38461934030056 12.124642193317412
leaf_count=48 52 63 77 115 60 68 60 1857 564 1069 51
internal_value=0 0.00929915 -0.000258107 -5.50224e-05 -0.000360973 -0.000127538 0.000140974 -0.000113146 -0.0040119 0.000788481 -0.00423049
internal_weight=0 38.6368 944.211 932.77 914.897 900.558 884.223 872.15 163.811 708.339 24.5864
internal_count=4084 166 3918 3870 3793 3733 3665 3605 679 2926 103
is_linear=0
shrinkage=0.03


Tree=75
num_leaves=31
num_cat=0
split_feature=12 1 1 1 0 0 5 0 4 2 6 11 13 3 4 1 10 8 13 1 4 1 8 3 4 11 10 3 8 13
split_gain=4.70579 3.32381 11.5065 9.04662 11.1461 8.91977 8.72346 7.36697 7.02356 7.77462 6.80228 6.19678 6.09513 8.77211 8.67928 5.92683 5.1208 5.10262 4.91755 6.03845 8.41895 7.85581 6.776 5.54552 4.85117 13.87 7.6492 5.37264 7.84204 7.64911
threshold=137858650.00000003 17.285000801086429 16.954999923706058 17.840000152587894 -0.034033997090761985 0.016570527850011122 -0.00084002927780779657 -1.0000000180025095e-35 0.0041320924972142467 -0.00030193910553939974 0.69307063392670887 0.0033390574930922683 5.8471428571428605 57.064718300174029 0.011973992038004979 13.84500026702881 -0.11397379639817194 0.98913923270795323 5.4828571428571538 21.664999961853031 0.0076812517585912463 22.310000419616703 1.0025668385754614 65.997844565376411 -0.0060066738474309203 -0.02101958300909362 -0.032325825610032714 64.930031517637232 0.90650912247077298 4.2703571428571392
decision_type=2 2 2 2 2 2 2 2 2 2 2 2 2 2 2 2 2 2 2 2 2 2 2 2 2 2 2 2 2 2
left_child=1 2 5 4 -3 7 8 10 9 -7 -1 -9 14 -14 -12 -8 -4 -13 24 -20 21 -21 -23 -22 25 -5 -27 -26 29 -29
right_child=-2 3 16 18 -6 6 15 11 -10 -11 12 17 13 -15 -16 -17 -18 -19 19 20 23 22 -24 -25 27 26 -28 28 -30 -31
leaf_value=-0.011922850171110021 -0.014176522086030553 0.006661854543239064 0.0057191234087278029 0.015836706205906027 -0.028546738623845654 0.0049551306376859738 -0.001401902786024036 -0.001626420443729197 0.020848550040921843 -0.023346070379159242 0.0048631555140713559 0.030044133165312396 0.029239068328754461 -0.00036312041622782579 -0.012714900627984934 -0.026413591363136403 0.030478257791846194 0.005811841954816239 -0.0085069521038312335 0.029249673655790856 -0.0039401212358528056 0.012261195980804603 -0.002226149938657569 -0.025422945233953682 0.010646012222404778 -0.03019175582907949 -0.0043614440850644762 0.015160969851556976 -0.021499106427027955 -0.010171043210835656
leaf_weight=29.579767927527428 20.286616608500481 12.696586728096007 12.895876154303552 23.539706125855446 22.314685851335526 24.035547628998756 12.860015839338301 15.205176025629042 12.203635469079016 13.724212169647215 110.0841206908226 21.93392875790596 18.257627382874489 17.786406457424164 32.816667780280113 25.30439667403698 18.02852725982666 12.154504537582396 101.08442041277885 10.909809246659277 68.494652837514877 44.202150464057922 84.797522351145744 12.841973707079886 96.94363434612751 14.81263357400894 34.005266293883324 26.826540246605873 12.927581906318663 17.876756682991982
leaf_count=121 86 52 53 100 91 98 53 63 50 56 455 91 77 73 136 103 75 52 416 46 287 189 359 54 404 61 141 110 53 73
internal_value=0 0.000423995 0.00262063 -0.000992885 -0.0157786 0.00105336 -0.00718601 0.00386976 0.0010632 -0.00533126 0.00140414 0.0142999 0.00360711 0.0146315 0.000826416 -0.0179856 0.0201534 0.0214039 -5.04095e-05 -0.0024322 0.000343281 0.0048053 0.00273799 -0.00733197 0.00333264 -0.00307832 -0.012199 0.00633366 -0.000920346 0.00503075
internal_weight=0 961.144 376.87 584.274 35.0113 345.946 88.1278 257.818 49.9634 37.7598 208.525 49.2936 178.945 36.044 142.901 38.1644 30.9244 34.0884 549.263 322.331 221.246 139.909 129 81.3366 226.932 72.3576 48.8179 154.575 57.6309 44.7033
internal_count=4078 3992 1556 2436 143 1428 360 1068 204 154 862 206 741 150 591 156 128 143 2293 1351 935 594 548 341 942 302 202 640 236 183
is_linear=0
shrinkage=0.03


Tree=76
num_leaves=31
num_cat=0
split_feature=12 1 1 1 0 0 14 5 0 4 2 1 10 6 2 13 1 4 1 8 3 11 11 11 5 4 11 10 3 8
split_gain=4.42323 3.1303 10.8685 8.51203 10.4821 8.39658 8.69943 8.20488 7.82807 6.62044 7.3055 5.57443 4.86668 4.7799 5.25735 4.62975 5.67765 7.92378 7.43257 6.38684 5.22208 4.69175 10.9356 6.16312 4.59879 4.56944 13.0604 7.17378 5.06617 7.37132
threshold=137858650.00000003 17.285000801086429 16.954999923706058 17.840000152587894 -0.034033997090761985 0.016570527850011122 -1.5392433029527612 -0.00084002927780779657 1.0000000180025095e-35 0.0041320924972142467 -0.00030193910553939974 13.84500026702881 -0.11397379639817194 0.69307063392670887 -0.0019510131875457692 5.4828571428571538 21.664999961853031 0.0076812517585912463 22.310000419616703 1.0025668385754614 65.997844565376411 0.021549119337232362 0.0046016128606553028 -0.022439983579000674 0.029946727960926848 -0.0060066738474309203 -0.02101958300909362 -0.032325825610032714 64.930031517637232 0.90650912247077298
decision_type=2 2 2 2 2 2 2 2 2 2 2 2 2 2 2 2 2 2 2 2 2 2 2 2 2 2 2 2 2 2
left_child=1 2 5 4 -3 6 -1 9 13 10 -7 -9 -4 -8 -15 25 21 18 -18 -20 24 22 23 -17 -19 26 -5 -28 -27 -30
right_child=-2 3 12 15 -6 7 8 11 -10 -11 -12 -13 -14 14 -16 16 17 20 19 -21 -22 -23 -24 -25 -26 28 27 -29 29 -31
leaf_value=0.025437404622310537 -0.013736207059795343 0.0064656646070877085 0.0055511837959545647 0.015403035770488512 -0.027682452044708414 0.004808470360425191 -0.011779035783340825 -0.0013596981288399408 0.013635715497178126 0.020267428705767608 -0.02261658710727037 -0.025614519497482328 0.029718608417486428 -0.012182516387544471 0.0036844554547649754 -0.018987103533736987 0.028496547625888061 -0.011919612022296988 0.011913472989758858 -0.0021590052830244735 -0.02467161638398712 0.0039458006367520488 -0.027874405338753287 0.0029240875893984507 0.003638743555902834 0.010343256488446003 -0.029224908500773198 -0.0042292633632189242 0.0048837055898725799 -0.020826971067845666
leaf_weight=15.645641356706617 20.308455571532249 12.689497694373129 12.887562155723574 23.477344900369644 22.320922821760178 24.025735199451447 27.696745589375496 12.861391738057135 45.056425809860229 12.177339345216749 13.74159327149391 25.310858681797981 17.936084076762199 21.534742817282677 147.67512574791908 16.867382138967514 10.862908840179442 32.848523452877998 44.128653153777122 84.811448782682419 12.836141735315321 22.173656836152077 25.420457929372787 36.672547489404678 35.661107286810875 96.790172129869461 14.843111023306845 34.015854865312576 44.669904977083206 12.944178044795988
leaf_count=67 86 52 53 100 91 98 113 53 189 50 56 103 75 88 611 69 46 137 189 359 54 92 104 151 150 404 61 141 183 53
internal_value=0 0.000411814 0.00254464 -0.0009633 -0.0153055 0.00102279 0.00375715 -0.00697109 0.00235528 0.00103199 -0.0051701 -0.0174423 0.0196141 -0.000225924 0.00166512 -4.87195e-05 -0.00235946 0.000333279 0.00466494 0.00265718 -0.00711123 -0.00824763 -0.0116718 -0.00397888 -0.00382107 0.0032357 -0.00298644 -0.0118228 0.00615069 -0.000892722
internal_weight=0 960.583 376.549 584.034 35.0104 345.726 257.609 88.1169 241.963 49.9447 37.7673 38.1723 30.8236 196.907 169.21 549.023 322.283 221.149 139.803 128.94 81.3458 101.134 78.9604 53.5399 68.5096 226.741 72.3363 48.859 154.404 57.6141
internal_count=4078 3992 1556 2436 143 1428 1068 360 1001 204 154 156 128 812 699 2293 1351 935 594 548 341 416 324 220 287 942 302 202 640 236
is_linear=0
shrinkage=0.03


Tree=77
num_leaves=22
num_cat=0
split_feature=12 0 0 9 8 10 0 2 11 10 5 9 7 6 6 6 2 2 0 6 13
split_gain=4.1581 3.06912 4.90681 3.97439 9.54953 8.01069 7.46821 8.77506 7.44388 7.28805 4.52665 4.14944 4.35556 6.11278 5.12947 4.04977 4.06656 8.62597 5.80365 3.98693 2.31088
threshold=137858650.00000003 -0.10208878064042463 -0.11785057199633607 -0.0042682231907351645 0.86837297877189512 -0.35578793408051718 -0.048538397830247486 0.0033906913537070159 0.011516082548619135 -0.15254379139543142 -0.077133815625686872 0.050727899041651876 0.86169061759168264 0.77033526239434347 1.0421765766204645 1.461201941864479 0.0031917696410480377 0.0028099792856800441 0.05122408624737574 0.88464851183614057 5.581428571428579
decision_type=2 2 2 2 2 2 2 2 2 2 2 2 2 2 2 2 2 2 2 2 2
left_child=1 2 20 4 19 -6 7 -7 9 -8 -5 15 -13 -14 -15 16 17 -12 -18 -3 -1
right_child=-2 3 -4 10 5 6 8 -9 -10 -11 11 12 13 14 -16 -17 18 -19 -20 -21 -22
leaf_value=0.010674800579142326 -0.013311134630622987 -0.031603493827781 0.0229219993289617 0.020498084465421798 0.018410878757572934 -0.00094107223600551162 -0.010341990399817884 -0.027889545763306899 -0.019038198989641843 0.0052057932377577582 0.0018287701736939388 -0.020500441213404063 0.011552454191907124 -0.017341528028385945 0.0047967321386976243 -0.010359380812379273 0.0049222094174507661 -0.019382865609170252 0.026628485452004691 -0.009776114268529772 -0.0063861480569063845
leaf_weight=12.890489503741266 20.327962562441826 12.618341833353044 13.870790287852286 10.901828795671461 17.784517854452133 23.053767368197441 34.055032759904861 20.585369229316711 16.559610038995743 133.51816914975643 372.5710246860981 14.369744107127188 19.739587545394897 24.590879753232002 15.267845168709753 23.276698097586632 129.38533769547939 18.092381030321121 12.124838992953299 18.682085528969765 16.031425267457962
leaf_count=54 86 52 59 49 74 95 141 86 69 561 1538 59 82 101 63 96 541 75 52 77 68
internal_value=0 0.000399956 0.00825306 3.35536e-05 -0.00296976 -0.000980537 -0.00249463 -0.0136532 0.000149924 0.0020461 0.00133211 0.00100014 -0.00567479 -0.00210018 -0.00886149 0.00188903 0.00242476 0.000846418 0.00678204 -0.0185755 0.00121791
internal_weight=0 959.97 42.7927 917.177 276.857 245.556 227.772 43.6391 184.133 167.573 640.32 629.418 73.9681 59.5983 39.8587 555.45 532.174 390.663 141.51 31.3004 28.9219
internal_count=4078 3992 181 3811 1155 1026 952 181 771 702 2656 2607 305 246 164 2302 2206 1613 593 129 122
is_linear=0
shrinkage=0.03


Tree=78
num_leaves=28
num_cat=0
split_feature=12 1 1 0 14 1 0 5 0 1 6 1 10 6 7 3 1 13 8 7 7 6 1 13 0 13 10
split_gain=3.92611 3.22072 10.1766 8.03712 8.17993 7.89945 9.9201 7.7053 7.58666 6.52864 7.34003 5.29708 4.61973 4.56139 4.78934 4.45881 5.04877 4.34279 4.75737 4.22647 5.16734 4.41961 6.77065 3.82799 3.63875 3.49776 2.92763
threshold=151147750.00000003 17.285000801086429 16.954999923706058 0.016570527850011122 -1.5392433029527612 17.840000152587894 -0.034033997090761985 -0.00084002927780779657 1.0000000180025095e-35 14.715000152587892 0.96692956206657188 13.84500026702881 -0.11397379639817194 0.69307063392670887 0.58170596773547889 28.372727999299027 27.900000572204593 3.3567857142857132 0.98913923270795323 0.99313830801737479 0.97015740970681363 0.66366754143004336 27.505000114440922 4.5592857142857079 -0.025115816825805323 5.4828571428571538 -0.22853839776449056
decision_type=2 2 2 2 2 2 2 2 2 2 2 2 2 2 2 2 2 2 2 2 2 2 2 2 2 2 2
left_child=1 2 3 4 -1 6 -3 9 13 -5 -11 -9 -4 26 -15 16 -7 -10 -19 20 21 22 -17 -13 -22 -23 -6
right_child=-2 5 12 7 8 15 -8 11 17 10 -12 23 -14 14 -16 19 -18 18 -20 -21 24 25 -24 -25 -26 -27 -28
leaf_value=0.024791898919371905 -0.016306370314815001 0.0063144697472276527 0.0053578322892926323 -0.011370942043258227 -0.0028019544380134451 0.00088087555829667694 -0.026918398529610445 -0.0012647281407141291 0.028244654859670391 0.026847983075147436 -0.0038617095595147497 -0.01332039032425854 0.028939819118770256 -0.012419378383229181 0.0034625302681398091 0.015180503857988938 0.023064343403443054 0.016427267074957886 -0.0073796718746081576 0.016196268308150213 -0.022777862726162015 0.0015704268213947582 -0.0076081550689108147 -0.036656540841917627 -0.0013150698127497159 -0.0039560856304927559 -0.022437740141050405
leaf_weight=15.55514472723007 12.93472847342491 12.677526354789732 12.875226542353632 21.762295573949814 15.470998957753183 23.352224320173264 22.310261324048042 12.864135652780531 12.784873887896536 13.167750969529154 14.965996772050856 12.741237983107569 17.83041812479496 19.28486168384552 150.06957049667835 35.218889251351357 15.272297099232672 20.360071167349815 12.01104500889778 12.673295766115187 16.669036030769352 178.70873987674713 17.596134275197983 12.565499752759932 12.396038755774496 243.51642788946629 12.240749463438986
leaf_count=67 55 52 53 89 63 98 91 53 55 54 61 52 75 79 621 147 68 85 50 52 69 743 77 51 51 1017 50
internal_value=0 0.000331954 0.00249994 0.0010304 0.0037035 -0.00105078 -0.0148768 -0.00679393 0.00234924 0.00096752 0.0105117 -0.0169395 0.0190516 -0.000192267 0.00165401 -0.00017981 0.00965231 0.0134407 0.00759389 -0.000914672 -0.00134484 -0.000593542 0.00758811 -0.0249074 -0.0136241 -0.00161696 -0.0114754
internal_weight=0 966.941 376.55 345.844 257.777 590.391 34.9878 88.0669 242.222 49.896 28.1337 38.1709 30.7056 197.066 169.354 555.403 38.6245 45.156 32.3711 516.779 504.105 475.04 52.815 25.3067 29.0651 422.225 27.7117
internal_count=4078 4023 1558 1430 1070 2465 143 360 1003 204 115 156 128 813 700 2322 166 190 135 2156 2104 1984 224 103 120 1760 113
is_linear=0
shrinkage=0.03


Tree=79
num_leaves=13
num_cat=0
split_feature=6 0 0 13 12 1 1 1 1 0 3 0
split_gain=3.87066 3.65496 8.70573 3.70603 4.1169 4.23013 3.5123 9.2677 8.49662 7.18917 4.94296 4.70796
threshold=2.0320352604408378 0.20137960547918801 0.15797637088179853 2.1739285714285699 2293553.5000000005 20.685000419616703 17.335000038146976 17.615000724792484 16.954999923706058 0.016570527850011122 28.372727999299027 -0.015492748860270853
decision_type=2 2 2 2 2 2 2 2 2 2 2 2
left_child=1 2 3 -1 5 -5 8 -8 9 -6 -9 -10
right_child=-2 -3 -4 4 6 -7 7 10 11 -11 -12 -13
leaf_value=0.016246219906992317 -0.013575412718390726 0.015029126294138356 -0.022970136721568186 -0.016980015356226209 0.0041922107420248322 0.0048270638600771453 -0.023231848390864979 0.011677699821868861 0.032383671769837419 -0.0062035670334075104 -0.00087495463180694557 0.00878552625156118
leaf_weight=13.251152426004408 18.255316883325577 15.065954759716986 14.451707765460013 23.926549583673477 232.63037733733654 12.03141215443611 16.144830837845802 29.957249149680138 12.180601090192793 80.617361038923264 490.54383198916912 20.27248914539814
leaf_count=57 76 66 60 97 966 50 66 129 52 329 2046 84
internal_value=0 0.000369156 0.000135684 0.000494136 0.000266834 -0.00968344 0.000672334 -0.000846827 0.00303059 0.00151676 -0.000152491 0.0176426
internal_weight=0 961.074 946.008 931.556 918.305 35.958 882.347 536.646 345.701 313.248 520.501 32.4531
internal_count=4078 4002 3936 3876 3819 147 3672 2241 1431 1295 2175 136
is_linear=0
shrinkage=0.03


Tree=80
num_leaves=16
num_cat=0
split_feature=5 14 9 1 4 8 8 0 4 4 4 13 4 12 3
split_gain=3.04732 3.4198 4.8976 3.61336 3.7265 3.89545 5.61868 4.85833 3.79337 6.86976 4.91212 4.44135 4.48861 3.43038 2.26592
threshold=0.089411757922354354 -10.889036917911186 0.08047647615758137 34.739999771118171 -0.017711120213660555 0.87408171997478923 1.0451085209677424 -0.0069696703351282965 -0.009983234510343773 -0.0074612777617738537 -0.0044442083846367711 4.1603571428571415 -0.011132298864409694 53737143.000000007 44.098272677696322
decision_type=2 2 2 2 2 2 2 2 2 2 2 2 2 2 2
left_child=1 -1 3 4 5 -3 -7 -8 11 13 -11 -6 -13 -10 -2
right_child=14 2 -4 -5 8 6 7 -9 9 10 -12 12 -14 -15 -16
leaf_value=0.017714427099461614 -0.019160269922812185 -0.019614060343223425 -0.016748528213631004 0.013161507197143523 -0.006121199121505095 0.011108537425479011 -0.021431294306251479 -0.0018273605242446944 -0.020854225153673109 0.0087156353183322193 -8.9532776708059369e-05 0.0062413886577193526 0.024950126464400535 -0.00075350722858978821 -0.0011776050676421017
leaf_weight=10.093290358781813 12.68379455804825 15.039103552699087 15.17152066528797 19.654339045286179 19.38333934545517 19.145023673772812 16.393811792135239 37.181763932108879 20.517480820417404 62.659694954752922 633.66224840283394 56.102372348308563 14.530954509973524 12.175755888223646 12.542436882853506
leaf_count=44 53 63 64 94 79 80 68 156 84 261 2627 235 61 50 53
internal_value=0 0.00034483 0.000158644 0.000435516 0.000159686 -0.00571549 -0.00284117 -0.00782605 0.000789214 7.17884e-05 0.000702815 0.00659941 0.0100902 -0.0133682 -0.0102193
internal_weight=0 951.711 941.617 926.446 906.792 87.7597 72.7206 53.5756 819.032 729.015 696.322 90.0167 70.6333 32.6932 25.2262
internal_count=4072 3966 3922 3858 3764 367 304 224 3397 3022 2888 375 296 134 106
is_linear=0
shrinkage=0.03


Tree=81
num_leaves=12
num_cat=0
split_feature=5 14 9 1 12 12 3 4 2 12 3
split_gain=2.86962 3.2257 4.61457 3.41258 3.58651 7.7141 5.72027 3.39145 2.70768 2.14162 2.13804
threshold=0.089411757922354354 -10.889036917911186 0.08047647615758137 34.739999771118171 115252950.00000001 97253018.000000015 38.835548019260848 -0.028286978358775191 0.0031917696410480377 104084200.00000001 44.098272677696322
decision_type=2 2 2 2 2 2 2 2 2 2 2
left_child=1 -1 3 4 5 7 -6 -3 -9 -7 -2
right_child=10 2 -4 -5 6 9 -8 8 -10 -11 -12
leaf_value=0.017224241267765894 -0.018616954040159339 -0.011278576422401052 -0.01626888684531037 0.012812066020349499 0.0020360653925643232 0.024326683524398474 -0.024797555362272173 -0.00081614536564929806 0.0029706117963198601 0.0082713251888187657 -0.0011421833494809686
leaf_weight=10.069484084844587 12.662659674882891 23.476481065154076 15.150564342737196 19.58574153482914 15.600310131907465 13.396602764725687 13.199450418353079 584.34638892114162 239.63598869740963 16.922645255923271 12.543447285890577
leaf_count=44 53 98 64 94 65 56 55 2417 1002 71 53
internal_value=0 0.000334649 0.000153977 0.000422629 0.000154967 0.000496755 -0.0102623 -3.51963e-05 0.000285144 0.0153654 -0.00992089
internal_weight=0 951.384 941.314 926.164 906.578 877.778 28.7998 847.459 823.982 30.3192 25.2061
internal_count=4072 3966 3922 3858 3764 3644 120 3517 3419 127 106
is_linear=0
shrinkage=0.03


Tree=82
num_leaves=31
num_cat=0
split_feature=10 5 14 8 10 10 0 0 5 2 3 14 12 9 12 13 13 9 7 6 10 7 2 0 5 2 6 2 6 11
split_gain=2.79532 7.71225 7.48372 6.61127 6.46096 6.38173 8.86162 7.83471 5.74228 5.61234 6.9842 5.45458 5.30381 5.68121 7.59813 5.5217 5.82671 5.11458 6.3403 9.99247 9.56251 8.13268 5.78643 6.1371 8.39672 5.77923 5.25693 4.81268 4.67676 4.38153
threshold=0.13691509474349919 0.031499030773043342 -1.5392433029527612 1.1752024704963879 0.16248129638621381 0.025381143805024878 0.052634953363097765 0.04200118787817176 0.045209168884614521 0.0014785810465168068 72.080770667628386 0.77904452745592345 45203110.500000007 0.017400458065285344 70441269.000000015 6.8757142857142899 5.8757142857142819 0.016544477851801024 0.85892600325948909 0.73836556755612304 -0.22493271007515239 0.96611852585335156 0.0099189919442340679 -0.092486952719352575 0.028353655256433966 0.0042515819011335297 1.0100480059002457 -0.0010719209355960855 0.64629915918931735 0.00045616153341099258
decision_type=2 2 2 2 2 2 2 2 2 2 2 2 2 2 2 2 2 2 2 2 2 2 2 2 2 2 2 2 2 2
left_child=5 2 3 -2 -4 6 7 17 -3 10 11 -7 -6 15 -15 16 -14 22 19 28 21 -20 23 25 -25 -1 -22 -13 -19 -11
right_child=1 8 4 -5 12 9 -8 -9 -10 29 -12 27 13 14 -16 -17 -18 18 20 -21 26 -23 -24 24 -26 -27 -28 -29 -30 -31
leaf_value=0.0334412295672614 -0.019736575697765719 0.028997366949440734 0.02184454772485802 0.0049202039305730636 -0.0029925615421989692 -0.0053200034355512515 0.012424709975605651 -0.020065147669285462 0.0056286224119804574 0.013275517511673185 0.0065478312415328706 -0.016680683235245453 0.0019220235449290833 0.026173483660693882 -0.00012631562536220218 0.019179100980527421 -0.021751502034912534 -0.012775624749037555 0.016729952808818612 -0.0010972352133752047 -0.010272340431022702 -0.0069759062394782337 -0.013206707030103102 0.0051107032022974109 -0.0094721996611908648 0.0040765768918005381 0.009554374987953633 -0.040423379999941604 -0.038324986963078969 -0.005924955353121035
leaf_weight=11.578640446066858 27.517268478870392 15.472478970885275 14.821988716721533 15.189645558595656 118.4789664298296 18.283979013562202 49.275824308395386 18.515594184398651 24.36807844042778 15.413005307316778 12.575016960501669 19.992023244500157 44.551279738545418 23.435205563902855 17.100800067186356 12.239632561802862 11.844823390245436 12.417872294783594 39.444650262594223 32.811156421899796 69.774763986468315 19.44553080201149 19.460347503423691 180.08732722699642 44.271484389901161 12.591936245560644 14.544610664248465 12.480339482426645 13.412583634257315 34.955586597323418
leaf_count=50 115 66 62 64 494 76 207 76 104 65 52 83 188 99 72 52 50 52 163 137 287 79 84 747 183 53 60 51 55 146
internal_value=0 0.00234027 0.000613001 -0.0109669 0.00265257 -0.00106604 0.000299572 -0.00092387 0.0147041 -0.00752335 -0.0134674 -0.0184262 0.00140301 0.00617332 0.0150785 0.000913971 -0.00305011 -0.000169546 -0.00377612 -0.012085 -0.000373778 0.00890228 0.00254694 0.00378048 0.00223314 0.0181434 -0.00685235 -0.0258059 -0.0260422 -4.95282e-05
internal_weight=0 325.02 285.18 42.7069 242.473 651.332 537.632 488.356 39.8406 113.7 63.3314 50.7563 227.651 109.172 40.536 68.6357 56.3961 469.841 201.851 58.6416 143.21 58.8902 267.99 248.529 224.359 24.1706 84.3194 32.4724 25.8305 50.3686
internal_count=4072 1366 1196 179 1017 2706 2233 2026 170 473 262 210 955 461 171 290 238 1950 833 244 589 242 1117 1033 930 103 347 134 107 211
is_linear=0
shrinkage=0.03


Tree=83
num_leaves=17
num_cat=0
split_feature=5 14 9 1 4 4 4 4 2 13 10 2 9 10 12 3
split_gain=2.68244 3.06684 4.3093 3.25421 3.41585 3.5466 6.4439 4.65587 4.30396 6.49252 3.39869 5.98817 7.34943 5.39385 3.18864 1.99563
threshold=0.089411757922354354 -10.889036917911186 0.08047647615758137 34.739999771118171 -0.017711120213660555 -0.009983234510343773 -0.0074612777617738537 -0.0044442083846367711 0.0032721484786855984 3.9024999999999994 -0.17835148165742973 -0.006250606762707135 -0.0068831618766228 0.3907099858074527 53737143.000000007 44.098272677696322
decision_type=2 2 2 2 2 2 2 2 2 2 2 2 2 2 2 2
left_child=1 -1 3 4 10 8 14 -8 9 -6 -3 13 -13 -12 -7 -2
right_child=15 2 -4 -5 5 6 7 -9 -10 -11 11 12 -14 -15 -16 -17
leaf_value=0.016815597844341119 -0.018020559613645598 -0.017503469787642112 -0.015741165253878649 0.012530039397966207 -0.014792340956809475 -0.020176743713366013 0.008472722942278639 -0.00010597571593037208 0.019885812234328649 0.0076528265575431494 -0.026192087577549296 0.013853704483952567 -0.012967072878477802 -0.00048792688720512454 -0.00079680919096285371 -0.0011217900755698682
leaf_weight=10.039087951183317 12.62600998580456 17.055068448185921 15.118870511651037 19.503385558724403 14.484499156475065 20.524848401546478 62.562001466751099 633.35580293834209 17.157148271799088 58.217088267207146 14.224246829748155 27.269481241703033 13.872827142477034 15.19762673974037 12.172299504280089 12.532164633274077
leaf_count=44 53 71 64 94 59 84 261 2627 72 244 61 113 58 64 50 53
internal_value=0 0.00032203 0.000146014 0.000405519 0.000144542 0.000747215 5.36999e-05 0.000665237 0.00637055 0.00318103 -0.00548518 -0.00258041 0.00480997 -0.0129148 -0.0129621 -0.00960269
internal_weight=0 950.754 940.715 925.596 906.093 818.474 728.615 695.918 89.8587 72.7016 87.6193 70.5642 41.1423 29.4219 32.6971 25.1582
internal_count=4072 3966 3922 3858 3764 3397 3022 2888 375 303 367 296 171 125 134 106
is_linear=0
shrinkage=0.03


Tree=84
num_leaves=31
num_cat=0
split_feature=6 14 6 3 11 7 11 3 2 8 0 14 12 12 12 3 5 0 8 0 6 8 10 3 12 12 8 1 10 1
split_gain=2.63033 8.98509 4.25797 6.68141 5.01863 4.57502 7.65504 7.59959 7.37664 6.86922 6.8682 4.34294 4.02256 7.20294 4.80559 6.99237 4.71363 6.2226 3.43658 5.61037 5.11532 4.78929 3.35324 4.28388 3.289 4.80234 5.46817 4.87074 5.88574 16.4587
threshold=0.87602529147408992 5.6576982643260418 0.83830941150761973 55.721021437709688 0.047585706381605426 0.56424333336124544 0.013891017988028833 50.845515155143794 0.0029626798999221374 1.136327080635682 -0.061118747411496192 3.2767484161095761 10642993.500000002 7627909.0000000009 115252950.00000001 38.04723713525869 0.023425962633050416 -0.056786012624872644 1.1874868656064601 0.023528256562062814 1.3376457783805094 0.96944830460685638 -0.10017059309159852 40.041364824278723 97253018.000000015 80380250.000000015 1.0682671544650404 26.284999847412113 -0.1813038178562372 18.57499980926514
decision_type=2 2 2 2 2 2 2 2 2 2 2 2 2 2 2 2 2 2 2 2 2 2 2 2 2 2 2 2 2 2
left_child=1 2 4 -4 5 6 22 -7 9 -9 -10 -5 13 16 24 -16 17 -2 19 21 -21 -19 23 -1 25 27 -27 28 29 -14
right_child=12 -3 3 11 -6 7 -8 8 10 -11 -12 -13 14 -15 15 -17 -18 18 -20 20 -22 -23 -24 -25 -26 26 -28 -29 -30 -31
leaf_value=-0.0076913866717745194 -0.016923091853203707 -0.015410016799606527 0.00354249285320521 -0.031889738101251119 -0.013685203712723297 0.025086746753506476 -0.026199001312063368 -0.002825471313158542 -0.0062271531777460922 0.019120292658835615 0.01926958608888148 -0.0067386647152997839 0.0076864385317411245 -0.024119476762318445 0.0045022458529125915 -0.020439074097396454 0.010922105096149954 0.011517753876545002 0.010730649524483042 -0.016499933678875364 0.005604980391647499 -0.0059521067578734562 -0.0098884030592637472 0.015031835046954253 0.013501518272972135 0.0026162024836322417 -0.016660098130146413 0.016403092416361609 0.0056208818616671138 -0.029684925522341404
leaf_weight=12.263408392667772 23.661697566509247 39.604887887835503 21.214597120881081 12.450909912586214 19.52168220281601 14.542961061000822 12.383902311325071 134.21954734623432 12.842794045805929 14.194047436118124 36.625563442707062 12.266188785433767 28.280160382390022 12.71970623731613 22.367248579859734 18.470379456877708 26.483265325427055 32.17666982114315 21.622612565755844 33.039708942174911 13.180568918585776 25.171956032514572 18.76889955997467 19.090886935591698 30.512341603636742 34.366713419556618 21.549497812986374 29.245092436671257 205.73633302748203 16.971096470952034
leaf_count=51 98 162 88 51 82 62 51 553 54 60 155 50 118 53 96 78 112 133 92 136 55 104 79 80 129 143 90 128 859 70
internal_value=0 -0.00188595 -0.00031238 -0.00880789 0.00101283 0.00205647 -0.00507769 0.00415574 0.00261745 -0.000726612 0.0126502 -0.0194082 0.00130855 -0.00232081 0.00298347 -0.00677842 -0.00073944 -0.00281421 -0.000147572 -0.00241867 -0.0101963 0.00384973 0.000140733 0.00614424 0.00407072 0.00321468 -0.00481267 0.00481642 0.00346634 -0.00632937
internal_weight=0 379.99 340.385 45.9317 294.454 274.932 62.5071 212.425 197.882 148.414 49.4684 24.7171 595.555 188.056 407.499 40.8376 175.336 148.853 125.192 103.569 46.2203 57.3486 50.1232 31.3543 366.661 336.149 55.9162 280.233 250.988 45.2513
internal_count=4072 1578 1416 189 1227 1145 261 884 822 613 209 101 2494 783 1711 174 730 618 520 428 191 237 210 131 1537 1408 233 1175 1047 188
is_linear=0
shrinkage=0.03


Tree=85
num_leaves=28
num_cat=0
split_feature=5 13 4 4 9 2 2 3 2 3 1 8 8 3 8 4 11 2 12 11 5 13 11 2 0 13 7
split_gain=2.36213 2.49636 7.66429 3.51475 6.75557 6.71751 5.98767 5.28788 5.28015 6.64869 6.06178 4.93994 4.57557 4.42041 5.10819 4.39096 7.01935 5.23382 5.14042 7.2109 4.58718 4.58431 4.32612 4.25611 5.27032 3.79719 3.26356
threshold=0.10853746960592482 10.616785714285728 -0.017711120213660555 -0.0031632978502907911 -0.024223960934413365 -0.0021054880978360366 -0.0026890767142839444 38.04723713525869 0.00073418487699443717 79.634629697058315 15.835000038146974 0.77332390058785661 0.95294126272063784 83.212078640129008 0.8320350620013971 -0.0071202806274955335 0.0025019242374155763 0.0056929447784982322 3538611.5000000005 -0.0018523187419122731 -0.0011213576601517559 4.6264285714285771 -0.016319826566650372 0.0034794291098306312 0.020885966091917733 5.3317857142857124 0.34123563384998834
decision_type=2 2 2 2 2 2 2 2 2 2 2 2 2 2 2 2 2 2 2 2 2 2 2 2 2 2 2
left_child=1 3 -3 15 7 6 11 22 9 10 -7 -6 -13 14 -10 16 17 18 -1 -20 23 -22 -5 24 -17 -18 -4
right_child=-2 2 26 4 5 8 -8 -9 13 -11 -12 12 -14 -15 -16 20 25 -19 19 -21 21 -23 -24 -25 -26 -27 -28
leaf_value=-0.014690264516414579 -0.01241276910911436 -0.011398241363086772 0.0038334807773376155 -0.019539454752518212 -0.022248200245653514 0.016320383736061886 -0.023338060933046658 -0.029325230183274764 -0.010978494950036662 -0.011711767350366359 0.0027578391897960619 0.0057879936944021937 -0.0085564973870579548 0.012439011929189808 -0.00047156535070385589 -0.011735611739468308 -0.025284354324976374 0.01681830193126066 0.0002415025168900894 0.021720409399794565 0.030331770956081059 0.0063281768888361701 0.0043052580543405279 0.019068741091543176 0.0089932237794369419 -0.0046014481278283453 0.024551189247927048
leaf_weight=17.651148021221161 13.915541633963583 13.494556069374083 11.580426514148714 12.123277261853216 12.063707962632177 48.718299061059952 17.837645441293716 12.863973647356032 50.011712566018105 17.444704473018646 75.814210429787636 38.55993464589119 41.609068021178246 19.7091334015131 248.91440171003342 21.619651824235916 12.887494176626204 20.117704212665558 140.7179342508316 15.629660382866858 13.812091603875162 14.870310038328169 15.737022846937181 11.890564531087874 22.556204214692116 21.017020776867867 16.727772623300552
leaf_count=73 59 59 50 51 50 204 73 53 208 71 312 159 171 81 1039 89 53 84 594 66 58 62 66 51 93 88 72
internal_value=0 3.60639e-05 0.00720684 -0.000288288 -0.00161153 -0.00076913 -0.00742739 -0.0134163 0.000821962 0.00563384 0.00806364 -0.00435029 -0.00165704 -0.00132211 -0.00222942 0.0022984 0.000131353 0.00233114 0.000656133 0.00238869 0.00812894 0.0178872 -0.00607066 0.00313684 -0.00115146 -0.0124633 0.0160759
internal_weight=0 965.98 41.8028 924.177 611.407 570.683 110.07 40.7243 460.612 141.977 124.533 92.2327 80.169 318.635 298.926 312.77 228.021 194.116 173.999 156.348 84.7488 28.6824 27.8603 56.0664 44.1759 33.9045 28.3082
internal_count=4089 4030 181 3849 2538 2368 453 170 1915 587 516 380 330 1328 1247 1311 958 817 733 660 353 120 117 233 182 141 122
is_linear=0
shrinkage=0.03


Tree=86
num_leaves=17
num_cat=0
split_feature=5 13 6 2 1 2 14 0 14 13 1 9 1 1 1 0
split_gain=2.22336 2.35326 5.98261 3.10774 5.40265 7.61631 17.2595 5.62741 6.17016 4.65812 4.2528 4.11788 3.71232 5.57845 3.65266 2.14186
threshold=0.10853746960592482 10.616785714285728 1.0753317827249544 0.012250054156559465 28.184999465942386 -0.0036773137751762511 -0.42403820342362281 -0.046062386926354663 1.8220838143783269 6.3121428571428586 26.994999885559086 0.0013391772622847189 26.284999847412113 25.685000419616703 21.664999961853031 -0.03910726371480721
decision_type=2 2 2 2 2 2 2 2 2 2 2 2 2 2 2 2
left_child=1 3 15 4 10 6 -6 -7 -9 -5 12 -12 13 14 -1 -3
right_child=-2 2 -4 9 5 7 -8 8 -10 -11 11 -13 -14 -15 -16 -17
leaf_value=-0.0011182036627691877 -0.012044499089085427 0.007918765238807619 -0.0075626291149874861 0.0049755298006393693 -0.020550237640991214 -0.0010971807752581423 0.023577277368653105 0.031937651660281563 0.0052448419594965821 -0.018293003154658861 -0.022493719808001668 0.00065991185982080137 0.015087226260502688 -0.016678492000104933 0.0043513468337213063 0.02521466936516133
leaf_weight=616.49775195121765 13.91085961461067 14.030592352151869 15.779706865549086 12.569931358098982 20.542335093021393 13.393926396965979 13.04171599447727 20.794854357838631 12.466042250394819 20.164462134242058 15.508822888135912 12.473210215568541 13.914480179548262 18.823447734117508 133.72285608947277 11.917087063193323
leaf_count=2551 59 60 69 52 87 56 62 90 55 85 64 52 58 78 559 52
internal_value=0 3.51689e-05 0.0070039 -0.000279565 5.38979e-05 0.00747972 -0.00341417 0.0153216 0.0219333 -0.00935794 -0.000680853 -0.0121728 -0.000270144 -0.000548008 -0.000143285 0.0158623
internal_weight=0 965.641 41.7274 923.914 891.179 80.2389 33.5841 46.6548 33.2609 32.7344 810.941 27.982 782.959 769.044 750.221 25.9477
internal_count=4089 4030 181 3849 3712 350 149 201 145 137 3362 116 3246 3188 3110 112
is_linear=0
shrinkage=0.03


Tree=87
num_leaves=12
num_cat=0
split_feature=5 2 11 5 2 1 1 1 13 1 11
split_gain=2.09284 2.33915 4.30938 4.00844 3.21311 3.51787 7.56647 7.94443 5.15363 5.73137 4.93578
threshold=0.10853746960592482 -0.025444331425393745 -0.068781452843346622 -0.074484169905029526 0.014479924970281652 28.184999465942386 30.135000228881839 31.405000686645511 10.616785714285728 26.994999885559086 -0.0038373498923018885
decision_type=2 2 2 2 2 2 2 2 2 2 2
left_child=1 -1 -3 -4 5 8 10 -8 9 -5 -7
right_child=-2 2 3 4 -6 6 7 -9 -10 -11 -12
leaf_value=0.014852947769669941 -0.011687775184233837 -0.01878840445204431 0.01343614336146901 -0.00036818771912816394 -0.011665861490371661 0.0054732329993285858 -0.018233243372415976 0.0074830182758088507 0.015310143342494463 -0.014503819083772383 0.031422418732492741
leaf_weight=9.4926704019308072 13.905452832579611 10.992336630821226 19.870561361312866 781.96164165437222 21.420062825083733 12.459879487752916 15.778848081827162 34.343847155570984 18.194619730114937 26.69623763859272 14.020328819751738
leaf_count=43 59 47 86 3241 91 54 66 154 78 111 59
internal_value=0 3.42577e-05 -0.000112926 0.000104368 -0.00018206 9.021e-05 0.00624055 -0.000612576 -0.000479582 -0.000834848 0.0192124
internal_weight=0 965.231 955.738 944.746 924.875 903.455 76.6029 50.1227 826.852 808.658 26.4802
internal_count=4089 4030 3987 3940 3854 3763 333 220 3430 3352 113
is_linear=0
shrinkage=0.03


Tree=88
num_leaves=24
num_cat=0
split_feature=8 11 12 11 1 1 5 0 6 6 0 3 0 9 8 6 6 9 13 0 9 11 1
split_gain=2.10362 2.83079 5.20586 3.34507 3.46848 6.87665 5.10049 7.62437 5.75476 5.02766 13.0991 11.0888 10.4036 9.03637 6.03019 5.83395 6.30638 5.05737 4.4782 6.04809 5.68186 2.83696 2.69105
threshold=0.56493793799143488 0.047585706381605426 54095805.500000007 0.039282820964454353 20.360000610351566 19.954999923706058 0.012134016619631318 0.017558534520467965 0.84190001738262732 1.2174862589727462 0.12763802256548665 66.140984998799766 -0.058112088808719646 -0.0006255175525161637 0.90255522879650651 1.5381594845664099 2.0320352604408378 -0.045949985888853621 3.8492857142857178 -0.096196630736493635 0.022469714185697546 0.015854842359245839 21.664999961853031
decision_type=2 2 2 2 2 2 2 2 2 2 2 2 2 2 2 2 2 2 2 2 2 2 2
left_child=-1 3 -3 4 5 6 18 8 -8 10 11 13 -11 -6 -13 17 -17 -14 20 -20 -2 -9 -5
right_child=1 2 -4 22 9 -7 7 21 -10 12 -12 14 15 -15 -16 16 -18 -19 19 -21 -22 -23 -24
leaf_value=0.015062376792219084 -0.0071031553455057602 0.0014922861172712912 -0.02110746841991961 0.02126170958102002 0.0030520425044999592 -0.021150329706628512 -0.010235485682618511 -0.0077563506661642041 0.003676544606845833 -0.021307678538778303 -0.026018003151936597 -0.00073567591234146874 -0.019892183077248521 0.015903833384274074 -0.02515899585553975 0.017270592365324546 -0.0066375953876543371 0.0012091795223966911 -0.015849215455736511 0.0043908387563402996 0.0065480049337856101 -0.025166162311284036 0.0014683544311393912
leaf_weight=8.1364559978246671 105.24016906321049 21.044351533055305 16.262059882283211 11.860587507486345 108.02381536364555 15.968340903520582 45.623159572482109 14.117561027407644 64.723611757159233 22.923508077859879 12.184449955821036 32.611677512526512 15.852056726813315 90.482234746217728 12.618957892060278 29.044761791825294 15.087521389126776 28.783164352178574 14.128251209855078 223.23809729516506 37.119167178869247 20.886501476168633 12.911776870489119
leaf_count=34 436 89 68 50 456 65 189 58 272 96 51 135 67 386 52 125 64 123 59 922 153 85 54
internal_value=0 -0.000255554 -0.00835907 6.83193e-05 -0.000228209 -0.00175602 -0.00116621 -0.00594527 -0.00207542 0.00202039 0.00433814 0.00585565 -0.00329032 0.00891009 -0.00754957 0.00136252 0.00909709 -0.0062849 0.00066311 0.00318613 -0.00354371 -0.0181446 0.0109451
internal_weight=0 970.736 37.3064 933.429 908.657 541.045 525.077 145.351 110.347 367.612 255.921 243.737 111.691 198.506 45.2306 88.7675 44.1323 44.6352 379.726 237.366 142.359 35.0041 24.7724
internal_count=4089 4055 157 3898 3794 2239 2174 604 461 1555 1080 1029 475 842 187 379 189 190 1570 981 589 143 104
is_linear=0
shrinkage=0.03


Tree=89
num_leaves=31
num_cat=0
split_feature=1 4 4 13 9 2 0 4 4 5 1 14 4 12 5 11 0 1 12 1 0 5 9 4 0 1 12 9 2 1
split_gain=2.01966 2.58936 7.4719 5.61521 7.24944 5.46727 6.42402 5.23979 5.20645 4.8199 8.17621 4.76773 4.75741 7.09847 4.61426 4.9329 4.40465 4.29237 3.98672 3.80565 6.73788 4.96849 3.29575 3.24832 4.57882 2.72007 2.50768 3.40711 3.08623 2.33584
threshold=12.405000209808351 -0.0031632978502907911 -0.0012833998019791679 10.616785714285728 -0.024223960934413365 -0.0050034757817807021 -0.0078727019103003153 -0.0071202806274955335 -0.0091583638335366851 -0.025575317542829486 25.489999771118168 0.89393838065383202 -0.014859775681617891 4769114.0000000009 -0.0069168407750539443 0.0091243725270208093 0.064017885099897046 21.954999923706058 74326700.000000015 27.98499965667725 -0.021492254610909308 -0.027310350737242858 0.00065967592830651356 -0.031466120653603928 -0.01061034104199504 28.410000801086429 52968200.000000007 0.0064616442953417961 0.00018129712377484221 21.590000152587894
decision_type=2 2 2 2 2 2 2 2 2 2 2 2 2 2 2 2 2 2 2 2 2 2 2 2 2 2 2 2 2 2
left_child=-1 7 14 4 17 6 -6 8 9 10 29 -9 23 -14 -3 -16 -12 -4 -15 21 -21 -7 -10 -11 -25 -5 27 -13 -29 -2
right_child=1 2 3 25 5 19 -8 11 22 12 16 26 13 18 15 -17 -18 -19 -20 20 -22 -23 -24 24 -26 -27 -28 28 -30 -31
leaf_value=0.010710098111479778 0.0095978521600504612 -0.002033532648582758 -0.024550096434966105 0.021213418194907872 -0.02668758051991953 -0.010109105627474801 -0.00090068367445122913 0.021235419886588742 -0.0017289203760699073 0.0035086029759451706 -0.013022776976479739 0.017065247483579751 -0.015733487443614032 0.017615457069348556 -0.033971984558499972 -0.0089401427112544337 0.006111906419549752 -0.0045289107502871134 -0.0026244538692545682 -0.0026745839405089675 0.028212805582811883 0.001010341242658055 -0.021380140488086948 0.0037842832811679369 -0.016678819000520522 0.0020442527891544678 -0.0046997764617542296 0.011226098548271845 -0.0094989288186036348 0.022839355695382191
leaf_weight=15.243708103895186 35.175455048680305 21.391670495271683 17.641197890043259 15.295762255787851 14.7224063873291 39.640262916684151 21.2359878718853 19.572747826576233 14.807335093617441 17.101309254765511 21.603451296687126 21.134163916110992 12.170010447502134 25.082921385765076 13.131565421819689 15.388256624341009 21.705142885446548 21.24185910820961 13.458205893635748 13.426298066973688 12.070903509855269 412.63986252248287 15.959837198257445 13.133279740810393 39.261764377355576 11.803138971328734 19.36151584982872 12.889478251338007 12.977478623390196 18.189878761768341
leaf_count=65 147 89 72 66 61 164 88 83 62 73 94 88 50 105 54 63 98 91 56 57 52 1711 65 55 164 51 81 53 54 77
internal_value=0 -0.000295768 -0.00142795 -0.000469022 -0.00112284 -0.00017754 -0.0114586 0.00184119 -0.000373657 0.00126469 0.0062517 0.00822393 -0.00274599 0.00424069 -0.0125658 -0.0204657 -0.00343297 -0.0136125 0.0105479 0.000671492 0.0119481 3.57731e-05 -0.0119226 -0.00784413 -0.0115496 0.0128641 0.00438637 0.0081293 0.000828331 0.0141113
internal_weight=0 963.213 629.629 579.718 552.619 513.736 35.9584 333.584 247.649 216.881 96.6739 85.9354 120.207 50.7111 49.9115 28.5198 43.3086 38.8831 38.5411 477.777 25.4972 452.28 30.7672 69.4964 52.395 27.0989 66.3626 47.0011 25.867 53.3653
internal_count=4089 4024 2619 2413 2296 2133 149 1405 1046 919 416 359 503 211 206 117 192 163 161 1984 109 1875 127 292 219 117 276 195 107 224
is_linear=0
shrinkage=0.03


Tree=90
num_leaves=31
num_cat=0
split_feature=6 0 11 0 0 1 12 9 9 6 11 1 1 7 3 6 3 9 11 6 9 14 6 8 0 1 1 0 13 1
split_gain=2.88618 9.35476 6.67614 8.47765 9.23469 7.74671 6.6605 6.40794 7.00573 5.59893 5.74933 5.90449 8.92917 8.44198 8.78714 7.11926 6.86806 6.49799 9.8242 6.24784 5.52976 5.47627 4.65422 4.3778 4.32623 3.89976 7.37748 6.45581 3.64521 2.50465
threshold=1.0709742060818541 0.085589081342127962 0.032927091496559154 -0.047805496744436175 -0.031541631182187051 27.755000114440922 56440819.500000007 0.031794758096513893 0.017400458065285344 1.0587007940549542 0.048868011625622716 20.360000610351566 17.445000648498539 0.86494811472568622 68.563404741045971 0.96121766508423712 66.366816012311503 -0.0006255175525161637 -0.029274337987630513 0.91746474193540672 -0.0068831618766228 3.5223271189883008 0.96692956206657188 1.0070364609511857 -0.093449770795740669 18.615000724792484 19.489999771118168 0.05807600121170587 4.5053571428571431 22.690000534057621
decision_type=2 2 2 2 2 2 2 2 2 2 2 2 2 2 2 2 2 2 2 2 2 2 2 2 2 2 2 2 2 2
left_child=1 9 3 5 -5 6 24 8 25 10 11 12 19 15 -15 -14 17 18 -13 20 -1 -18 -21 -19 -2 27 -27 -6 -10 -23
right_child=2 -3 -4 4 7 -7 -8 -9 28 -11 -12 16 13 14 -16 -17 21 23 -20 22 -22 29 -24 -25 -26 26 -28 -29 -30 -31
leaf_value=-0.019780469763339678 0.0001018930251090308 -0.019076447846591158 0.018139776868487306 0.022165704295267798 0.0034242909530828756 -0.027394501492978701 0.0091134496414228845 -0.015160601177753847 0.029432026447652568 -0.020273227823920398 -0.013481002568400723 0.024210203954638555 0.003224641647131936 -0.03499533574787516 -0.0053845567981613629 -0.019632730688017998 -0.017123560379371627 0.017675660366901172 -0.0036917683400390969 0.016042167033686171 -0.00030377980317496768 -0.0059959263482747592 0.0014199313675607491 0.0031509676423964656 -0.023065327141321472 0.024177762396274647 0.0014482328899408129 -0.017634885972309167 0.0075344645534129468 0.01255572102671366
leaf_weight=14.146394968032835 13.461328953504561 25.109381794929504 22.388119995594025 22.369255021214485 30.975046366453171 14.814041554927824 23.344919323921204 18.114180773496628 12.566107869148256 12.504631817340849 27.188154205679893 13.788106039166449 46.987304583191872 18.942971736192703 17.21797052025795 16.595160603523254 20.532765299081802 59.857600271701813 64.416954457759857 37.002739444375038 180.74049815535545 12.709911644458773 41.635156780481339 27.145652413368225 15.733289048075678 14.670816600322722 103.66405701637268 22.704110980033875 15.019491776823996 13.513731613755224
leaf_count=58 56 106 94 94 129 63 97 76 52 52 115 59 194 77 71 68 86 255 270 154 747 52 174 115 65 61 442 94 64 56
internal_value=0 -0.00112228 0.00232324 0.00117145 0.00381009 -0.00823404 -0.00283156 0.00192412 0.00347461 -0.000400886 4.87417e-06 0.000631387 -0.00163936 -0.0093231 -0.0208962 -0.00274118 0.00463016 0.007503 0.00122755 0.00116258 -0.00171755 -0.00552068 0.00830036 0.0131438 -0.0123832 0.00122386 0.00426617 -0.00548289 0.0175095 0.00356422
internal_weight=0 650.035 329.825 307.437 240.083 67.3536 52.5395 217.714 199.6 624.926 612.421 585.233 373.268 99.7434 36.1609 63.5825 211.965 165.208 78.2051 273.525 194.887 46.7564 78.6379 87.0033 29.1946 172.014 118.335 53.6792 27.5856 26.2236
internal_count=4096 2709 1387 1293 1012 281 218 918 842 2603 2551 2436 1543 410 148 262 893 699 329 1133 805 194 328 370 121 726 503 223 116 108
is_linear=0
shrinkage=0.03


Tree=91
num_leaves=31
num_cat=0
split_feature=12 5 0 1 13 10 9 3 10 10 3 7 0 8 8 7 12 2 13 2 12 13 14 4 4 2 1 1 11 13
split_gain=2.7034 4.59807 4.2532 3.14107 2.69622 4.08082 5.50188 9.06619 6.23277 4.58202 5.26208 11.2555 4.49126 9.47488 7.30923 4.83935 4.40183 3.51446 3.3766 3.37149 6.56907 4.79726 3.74681 6.20923 6.42349 4.36514 4.09701 4.5869 4.07568 2.3388
threshold=2293553.5000000005 0.0052975740869810614 -0.0045287338871161089 12.405000209808351 6.5385714285714167 -0.11397379639817194 0.012588584408010141 39.549001710112108 -0.31591536819485688 0.26517175991316239 36.533557477208412 0.59264344304835326 -0.041863339879514398 1.1519719573143699 1.0590537847154409 0.79804530161269183 67801317.000000015 -0.012963658775312699 9.5267857142857171 0.0071912730548804489 6108762.5000000009 5.5060714285714285 0.96001164381152326 0.010076089904908494 0.0047189198686186104 0.0029086541433858042 19.73499965667725 17.285000801086429 -0.0080581536357283139 7.4496428571428597
decision_type=2 2 2 2 2 2 2 2 2 2 2 2 2 2 2 2 2 2 2 2 2 2 2 2 2 2 2 2 2 2
left_child=1 2 -1 -2 17 6 7 16 -8 12 -11 -12 13 -7 15 -14 -6 -5 -16 22 -21 -22 23 24 -19 -25 27 -24 -28 -9
right_child=3 -3 -4 4 5 9 8 29 -10 10 11 -13 14 -15 18 -17 -18 19 -20 20 21 -23 26 25 -26 -27 28 -29 -30 -31
leaf_value=-0.027069857559285957 0.01526226562367025 0.006377632726269262 -0.003230377409580079 0.017193419156767444 -0.016555158927133523 -0.031827326199314603 -0.021620729859737054 0.0088704135459006916 0.0028326461175821101 0.018408773107256172 -0.019945042715936785 0.012340520910974654 0.014373646762209868 -0.00023132677125864285 -0.017796126941489122 -0.0066101415377129435 0.0077578115636562561 0.0048371281454774491 0.00091894268688441996 -0.0082343942110232292 0.024939635773377298 0.0040869490053160405 -0.0008590514302885923 0.02522886376113594 -0.013954120592412765 0.0040255744739611937 0.010193884577604654 -0.0092115983032620332 -0.00050140131685963148 0.025678254649280825
leaf_weight=13.039499953389168 12.569971293210982 14.114620730280874 13.931700617074966 12.145178124308584 13.446743607521059 18.870568782091141 14.657880201935766 12.029996931552889 26.057580694556236 13.471805110573767 18.902325019240379 20.001882985234261 21.426895916461945 15.605967596173285 33.47151218354702 18.373348623514175 13.361213833093641 75.333310753107071 11.712448716163633 16.067125052213669 19.831832200288773 19.884795233607292 233.71231220662594 19.007241562008858 20.918103158473969 16.174607142806053 48.796148061752319 79.23413772881031 93.533967509865761 19.574935227632523
leaf_count=53 54 59 57 55 57 79 61 51 109 59 80 85 91 66 139 76 57 317 50 67 84 84 965 80 87 69 207 325 389 84
internal_value=0 -0.00749563 -0.0147558 0.000366458 0.000164168 -0.00235253 0.00249474 0.00839544 -0.00597076 -0.0051488 0.00224961 -0.00334601 -0.00839253 -0.0175252 -0.00468755 0.00468671 -0.00443746 0.00120587 -0.0129449 0.000903652 0.00795149 0.0144994 0.000233551 0.00469551 0.000753268 0.0154808 -0.00105457 -0.00297381 0.00316535 0.0192806
internal_weight=0 41.0858 26.9712 938.174 925.604 270.965 99.1284 58.4129 40.7155 171.837 52.376 38.9042 119.461 34.4765 84.9842 39.8002 26.808 654.639 45.184 642.494 55.7838 39.7166 586.71 131.433 96.2514 35.1818 455.277 312.946 142.33 31.6049
internal_count=4096 169 110 3927 3873 1144 419 249 170 725 224 165 501 145 356 167 114 2729 189 2674 235 168 2439 553 404 149 1886 1290 596 135
is_linear=0
shrinkage=0.03


Tree=92
num_leaves=23
num_cat=0
split_feature=6 0 6 4 12 0 6 0 14 8 11 0 14 6 13 5 4 13 10 12 4 9
split_gain=2.63302 8.82552 6.44143 9.0334 5.44192 10.9967 5.29629 5.41378 7.5969 8.3554 6.60041 6.33494 5.50309 5.71888 4.98545 4.43832 3.5352 4.32099 3.2718 6.3773 2.19294 1.57028
threshold=1.0709742060818541 0.085589081342127962 1.1020447412646148 0.00042673275185833864 4095023.5000000005 -0.0081307282450703271 1.0587007940549542 0.052634953363097765 -0.20608304605890551 0.95650344250445862 0.048868011625622716 0.042627787477236175 0.77904452745592345 0.55347975686968043 4.7939285714285749 0.046567252873790217 0.018776328780820365 10.260714285714281 -0.22853839776449056 5080596.0000000009 0.017317271214346012 0.0041989386160186113
decision_type=2 2 2 2 2 2 2 2 2 2 2 2 2 2 2 2 2 2 2 2 2 2
left_child=1 6 3 -2 5 -4 7 10 -9 -10 11 12 14 -14 -1 16 17 18 -6 -20 -12 -3
right_child=2 21 4 -5 15 -7 -8 8 9 -11 20 -13 13 -15 -16 -17 -18 -19 19 -21 -22 -23
leaf_value=0.014462402479952671 -0.00051173311040991537 -0.010802590900984258 -0.032470832504381902 0.032364954209383755 -0.01016322695352343 0.0047114866547605374 -0.019688475707325237 -0.0079650110258740504 0.0049602353771549526 0.035946906031632309 -0.0066354405739413383 -0.017696050020134475 -0.021510340708321567 -0.00086735210625092944 0.0021599552132435034 0.01563455136442958 -0.010273019040337448 -0.013779793149674766 0.021029025414591132 0.0025939481716090009 -0.024318516367136622 -0.025822226423963854
leaf_weight=38.619672700762749 15.496346160769464 12.18888181447983 12.648603588342668 14.616290152072905 15.086471676826475 16.493343234062195 12.518181473016737 14.806586459279059 18.599821552634239 13.527926802635191 12.214169323444368 17.782870456576347 12.519160002470015 343.0493638664484 127.58337977528572 20.507783085107803 22.333678230643272 14.213906079530714 18.644306838512421 179.32591824233532 13.061399251222609 12.889599546790121
leaf_count=164 65 52 52 61 63 69 52 63 77 58 51 73 51 1420 538 87 94 62 78 756 56 54
internal_value=0 -0.00107253 0.00222051 0.0154462 0.000889662 -0.0114269 -0.000371542 2.37294e-05 0.00981397 0.0180077 -0.000789787 -8.78779e-05 0.000512239 -0.00159417 0.00501861 0.00221848 0.0011162 0.0022354 0.00330385 0.00433011 -0.0157733 -0.0185222
internal_weight=0 649.361 329.367 30.1126 299.254 29.1419 624.283 611.764 46.9343 32.1277 564.83 539.554 521.772 355.569 166.203 270.112 249.604 227.271 213.057 197.97 25.2756 25.0785
internal_count=4096 2709 1387 126 1261 121 2603 2551 198 135 2353 2246 2173 1471 702 1140 1053 959 897 834 107 106
is_linear=0
shrinkage=0.03


Tree=93
num_leaves=25
num_cat=0
split_feature=12 5 0 1 11 6 0 14 11 10 3 2 11 12 2 7 0 7 10 10 8 0 6 1
split_gain=2.52699 4.30354 3.9857 2.97073 2.49912 6.50236 6.35826 6.43887 11.3899 7.25309 6.9474 7.41128 5.4529 4.80592 5.69747 4.39771 4.20506 4.64248 4.48164 4.08561 4.07399 2.46735 1.95964 0.889171
threshold=2293553.5000000005 0.0052975740869810614 -0.0045287338871161089 12.405000209808351 0.011058523195587535 0.75563648617543044 0.063610166612837152 5.2505289095381995 0.020555121763316978 0.72349403882567787 48.410056236758798 0.01279585406184318 0.0075117401368820511 35967150.000000007 -0.0011610455185844823 0.95361650029919154 -0.13048145015402632 0.9573146121125865 -0.37955315735767869 -0.19771959718142681 1.1678211418486326 -0.0035982639296382453 0.70013051888300615 20.494999885559086
decision_type=2 2 2 2 2 2 2 2 2 2 2 2 2 2 2 2 2 2 2 2 2 2 2 2
left_child=1 2 -1 -2 5 12 7 9 21 10 20 -12 13 14 -5 -10 -7 18 -18 -20 -6 -9 -15 -16
right_child=3 -3 -4 4 6 16 -8 8 15 -11 11 -13 -14 22 23 -17 17 -19 19 -21 -22 -23 -24 -25
leaf_value=-0.026213759933341119 0.014864729454090866 0.0061778348302808355 -0.0031222388986920529 -0.0034017960994712627 -0.022275562220204378 -0.015652919323484563 -0.017935269578600498 -0.031297603527643006 -0.010108706448891934 0.023044703553668524 0.003383073154805143 -0.02101531356414665 0.024928345602880236 -0.0094647812593548521 0.015697218964938957 0.013545264280178264 0.014402355027059653 -0.016227509701636562 -0.0061914503399257562 0.0016543985819141634 -0.0017254646056872251 -0.014016201393373992 0.0057435959581468568 0.027285298375608034
leaf_weight=13.016886651515961 12.527662009000776 14.097699612379072 13.922886431217194 12.752440899610518 18.07887190580368 14.884412467479704 20.835092440247536 15.218517884612085 12.23778820037842 12.96802933514118 203.81650158762932 11.856881216168402 15.848239362239836 18.521858140826229 12.022035628557207 16.76446995139122 21.589647650718689 14.423380672931669 71.017862170934677 375.94121532142162 16.704609811306 14.539368778467177 12.961186826229094 11.81743974983692
leaf_count=53 54 59 57 55 76 63 86 62 51 54 851 50 66 79 50 69 91 59 297 1580 70 60 54 50
internal_value=0 -0.00725188 -0.0142797 0.000353782 0.000157212 0.0013547 -0.00187379 -0.000835125 -0.0098148 0.0011679 3.5175e-05 0.00204175 0.00907952 0.00538983 0.0127835 0.00356424 5.25347e-05 0.000536551 0.0010526 0.000407762 -0.0124065 -0.0228541 -0.00320368 0.0214415
internal_weight=0 41.0375 26.9398 937.328 924.8 581.78 343.02 322.185 58.7601 263.425 250.457 215.673 83.9232 68.075 36.5919 29.0023 497.857 482.972 468.549 446.959 34.7835 29.7579 31.483 23.8395
internal_count=4096 169 110 3927 3873 2444 1429 1343 242 1101 1047 901 354 288 155 120 2090 2027 1968 1877 146 122 133 100
is_linear=0
shrinkage=0.03


Tree=94
num_leaves=24
num_cat=0
split_feature=6 0 6 4 12 0 6 0 0 14 8 11 1 1 3 5 4 13 1 0 12 1 4
split_gain=2.44237 8.21896 6.0635 8.54799 5.13507 10.3029 4.94384 5.1633 8.72767 6.81484 8.10648 6.21863 5.49805 7.54402 6.69435 4.13939 3.31937 4.07204 5.93949 4.75871 3.22267 1.75005 1.35057
threshold=1.0709742060818541 0.085589081342127962 1.1020447412646148 0.00042673275185833864 4095023.5000000005 -0.0081307282450703271 1.0587007940549542 0.049413025728230815 0.042627787477236175 -0.20608304605890551 0.95650344250445862 0.048868011625622716 20.360000610351566 17.445000648498539 66.366816012311503 0.046567252873790217 0.018776328780820365 10.260714285714281 30.219999313354496 0.036152336246047863 5080596.0000000009 21.590000152587894 0.017317271214346012
decision_type=2 2 2 2 2 2 2 2 2 2 2 2 2 2 2 2 2 2 2 2 2 2 2
left_child=1 6 3 -2 5 -4 7 8 11 -9 -11 12 13 -1 -14 16 17 18 20 -20 -6 -3 -13
right_child=2 21 4 -5 15 -7 -8 9 -10 10 -12 22 14 -15 -16 -17 -18 -19 19 -21 -22 -23 -24
leaf_value=0.00081802881053242378 -0.00051421977467030523 -0.025538543127448288 -0.031438583196682732 0.031514438308902125 0.013023382161609337 0.004533029218708795 -0.019008343950159098 -0.0072262693708678395 -0.023865180646675963 0.0035331747887212507 0.032415507806213842 -0.0078629420688697722 0.0076750674796920645 -0.0095294759251298503 -0.0059132127879080922 0.015109636593198732 -0.0099634867655033106 -0.013385334825287882 0.03202846003948847 0.0050297861043561189 0.00010506770522955139 -0.0096707510791193725 -0.022017059488786767
leaf_weight=249.52770887315273 15.492300599813463 12.964299082756044 12.681389406323435 14.535944104194639 19.360555157065392 16.476942032575607 12.533840864896773 15.812323808670042 14.395665079355238 19.533224299550056 15.837080910801886 11.960739672183992 144.7705040127039 85.017945632338524 42.125128969550133 20.469889849424362 22.318346008658409 14.214169949293135 10.817510709166529 12.860933750867842 169.88146631419659 12.088175669312475 12.313505932688711
leaf_count=1036 65 54 52 61 81 69 52 67 59 81 68 50 612 350 175 87 94 62 48 58 710 52 53
internal_value=0 -0.00103387 0.00213892 0.0149901 0.000848643 -0.0111116 -0.000357256 2.51617e-05 -0.000808297 0.00914602 0.0164653 -0.000200069 0.000490895 -0.00181158 0.00461235 0.00214064 0.00107642 0.0021612 0.00319906 0.0173641 0.00142669 -0.0178821 -0.0150428
internal_weight=0 648.88 329.109 30.0282 299.081 29.1583 623.828 611.294 560.111 51.1826 35.3703 545.716 521.441 334.546 186.896 269.923 249.453 227.135 212.92 23.6784 189.242 25.0525 24.2742
internal_count=4096 2709 1387 126 1261 121 2603 2551 2335 216 149 2276 2173 1386 787 1140 1053 959 897 106 791 106 103
is_linear=0
shrinkage=0.03


Tree=95
num_leaves=31
num_cat=0
split_feature=14 12 7 6 6 13 13 8 1 0 11 7 13 6 0 0 2 12 11 11 6 3 9 10 10 11 12 3 12 2
split_gain=3.65101 2.73135 7.35683 5.56333 7.56954 5.3411 7.38134 5.65238 5.29094 4.75513 3.55048 4.16046 3.49758 7.38213 7.7533 6.57358 6.63579 5.96899 5.93003 10.3373 7.14494 6.60946 6.60711 6.12387 7.50007 5.92042 6.01265 5.45842 5.21506 5.06982
threshold=-10.889036917911186 3762250.0000000005 0.5701118914164921 0.95526165375518002 0.83064076585378144 3.6789285714285715 3.2421428571428623 0.9464451632382952 13.894999980926515 -0.0078727019103003153 0.0036722468414065461 0.93804155192942573 4.6264285714285771 1.2643536958321939 0.1219111188443356 0.013327299702617259 0.00013909748905258326 72481500.000000015 0.0023060181387046801 -0.002618258389020633 1.0709742060818541 65.106893723011765 0.015688388715181304 -0.21206474011885643 -0.31198809530626831 0.03154530169256687 55675601.000000007 66.492433486059468 78556300.000000015 -0.0019510131875457692
decision_type=2 2 2 2 2 2 2 2 2 2 2 2 2 2 2 2 2 2 2 2 2 2 2 2 2 2 2 2 2 2
left_child=-1 2 3 4 -2 6 8 10 -4 -10 -7 -12 13 15 27 17 -17 29 19 21 23 -14 -21 24 -20 26 -22 -15 -28 -3
right_child=1 12 5 -5 -6 7 -8 -9 9 -11 11 -13 18 14 -16 16 -18 -19 20 22 25 -23 -24 -25 -26 -27 28 -29 -30 -31
leaf_value=0.015701113071970887 -0.01552935574525721 -0.006910611563982723 0.014391216674584723 -0.025411759350535912 0.013105296583748099 -0.01042701357031503 -0.020665141408360139 0.020117551797997551 0.0072657327377307623 -0.017804745967621879 0.018332593053667988 -0.0053642816351613751 -0.00066347907113589483 -0.0033697955898795043 0.013835027428294816 0.0071393911429282917 -0.014037051412227105 0.030456385541378524 -0.0079177660844273415 0.027105305228716525 -0.012453248317043896 0.021541817698017746 -0.00029782297271713025 -0.0091450841311162771 0.012375981209367186 0.01955162792328927 0.02216341846377428 -0.024602444212053959 -0.0031580135074387966 0.011774100900644671
leaf_weight=14.247969314455984 23.093443989753723 15.301626861095427 17.659574210643768 18.640345603227615 12.977774679660795 15.548980966210364 19.113867670297623 20.661110550165176 12.274143949151041 15.292014405131338 14.696555659174921 12.206336855888365 197.34695915877819 34.081498667597771 15.989559680223463 34.555352538824081 21.668929308652878 13.196578860282896 34.100713804364204 24.124037653207779 20.833851978182793 12.849628880620001 11.788158833980559 150.38882321119308 31.55840702354908 18.961290672421455 13.675418943166735 16.018392503261566 15.752112865447996 89.598362416028976
leaf_count=62 95 63 73 77 54 64 79 87 51 63 61 50 838 142 68 142 90 56 142 103 87 55 50 628 132 80 58 66 66 377
internal_value=0 0.000401849 -0.00290233 -0.0121041 -0.00522712 0.0010477 -0.00503481 0.00724842 0.00157107 -0.00664183 0.000985076 0.00758089 0.00118173 0.00418422 -0.00435354 0.0074211 -0.00102204 0.0114408 -0.000176677 0.00323535 -0.0031203 0.000693964 0.0181102 -0.00580776 0.00183622 0.0052674 -0.000121375 -0.0101585 0.00860924 0.00904859
internal_weight=0 953.954 182.164 54.7116 36.0712 127.453 64.3396 63.113 45.2257 27.5662 42.4519 26.9029 771.79 240.41 66.0895 174.321 56.2243 118.097 531.379 246.109 285.271 210.197 35.9122 216.048 65.6591 69.2227 50.2614 50.0999 29.4275 104.9
internal_count=4059 3997 754 226 149 528 266 262 187 114 175 111 3243 1004 276 728 232 496 2239 1046 1193 893 153 902 274 291 211 208 124 440
is_linear=0
shrinkage=0.03


Tree=96
num_leaves=18
num_cat=0
split_feature=14 12 4 10 4 3 4 6 0 0 7 8 3 2 7 10 7
split_gain=3.44142 2.60343 7.15714 3.41997 4.14895 4.09581 3.43253 2.72235 2.99426 6.57366 2.91373 4.74957 3.9458 3.91466 3.63425 2.67743 1.92818
threshold=-10.889036917911186 3028421.5000000005 -0.0071202806274955335 -0.066860163959093152 -0.0015738513704452448 60.545517939153662 0.0090764290418448041 2.0320352604408378 0.20137960547918801 0.15797637088179853 0.13730203229530211 1.0613780335486076 29.868141181549394 -0.013522081392064509 0.095744182661236174 -0.32763060864260402 0.88624197435269492
decision_type=2 2 2 2 2 2 2 2 2 2 2 2 2 2 2 2 2
left_child=-1 2 -2 4 -4 -5 15 8 9 10 11 -3 -12 -14 -13 -6 -17
right_child=1 7 3 5 6 -7 -8 -9 -10 -11 12 14 13 -15 -16 16 -18
leaf_value=0.015256427599330651 -0.024864400515457283 0.022959397288467763 0.018624169448780876 -0.019159257392144021 -0.016546795813604617 0.0012407449219158386 0.011518732284015286 -0.010347942785884608 0.014333430621358672 -0.019123506953579974 -0.014642864534231179 -0.0013012405994791915 0.017032529049249352 0.00080222293103118401 0.017690824475741104 -0.0082018060349757574 0.008668471500251209
leaf_weight=14.223733738064764 12.958140790462492 13.935054048895834 12.297979086637495 17.194114297628403 13.041647031903258 18.269317537546158 14.735763743519781 18.718675196170807 15.383424162864683 14.388647347688673 14.598868072032927 38.514708548784256 13.635357245802878 699.55629107356071 11.86050124466419 12.109851717948922 12.281037494540213
leaf_count=62 54 60 51 71 53 75 62 79 68 60 61 164 60 2927 52 50 50
internal_value=0 0.000390272 -0.0038874 -0.00116726 0.00294906 -0.00865001 -0.000746142 0.000964746 0.0012224 0.000972312 0.00133736 0.00745831 0.000796487 0.00111253 0.00317031 -0.00557436 0.000292534
internal_weight=0 953.479 112.888 99.9297 64.4663 35.4634 52.1683 840.592 821.873 806.489 792.101 64.3103 727.791 713.192 50.3752 37.4325 24.3909
internal_count=4059 3997 466 412 266 146 215 3531 3452 3384 3324 276 3048 2987 216 153 100
is_linear=0
shrinkage=0.03


Tree=97
num_leaves=15
num_cat=0
split_feature=6 0 0 2 3 5 9 6 13 4 3 4 0 1
split_gain=3.12537 3.87715 5.28962 4.15054 3.23593 3.98842 3.98395 6.3051 7.79716 4.68515 3.29077 6.3635 3.82752 1.71577
threshold=2.0320352604408378 0.20137960547918801 0.15797637088179853 -0.012963658775312699 28.372727999299027 -0.002356197614374 -0.0065832404063814179 0.80050722615712044 5.8278571428571411 -0.014463788082760496 66.140984998799766 0.02371931850552789 0.0057538908351847393 27.625000000000004
decision_type=2 2 2 2 2 2 2 2 2 2 2 2 2 2
left_child=1 2 3 13 5 -5 7 8 -6 -9 12 -12 -8 -1
right_child=-2 -3 -4 4 6 -7 10 9 -10 -11 11 -13 -14 -15
leaf_value=0.021152620592651543 -0.011383071194028158 0.015402454716787589 -0.016811795314023457 0.017657707195516893 -0.034523842787466112 -0.0036943070878049625 0.005180155880858882 -0.0088908587988508429 -0.0048012633052978955 0.0022514799300472218 -9.1052519992108801e-05 -0.019646717967725276 -0.001096024625230308 0.0050989680560876776
leaf_weight=12.086631223559381 19.228998839855194 16.159901648759842 15.47590897977352 21.053643107414246 12.141406938433645 12.576841816306112 259.15402695536613 48.327935233712196 22.973707884550095 114.26826764643192 254.15408405661583 15.913612157106398 131.99299359321594 11.882134303450583
leaf_count=52 81 72 65 93 50 53 1090 204 97 477 1051 67 553 54
internal_value=0 0.000833609 0.000581001 0.000874685 0.000543854 0.00967266 0.000186424 -0.00355 -0.0150781 -0.00106032 0.00130366 -0.00124336 0.00306225 0.0131943
internal_weight=0 948.161 932.001 916.525 892.557 33.6305 858.926 197.711 35.1151 162.596 661.215 270.068 391.147 23.9688
internal_count=4059 3978 3906 3841 3735 146 3589 828 147 681 2761 1118 1643 106
is_linear=0
shrinkage=0.03


Tree=98
num_leaves=30
num_cat=0
split_feature=14 12 7 6 6 1 3 1 14 1 2 8 3 1 11 11 14 3 8 1 9 5 1 1 8 1 12 9 14
split_gain=3.23648 2.42812 6.7366 5.45725 4.56332 3.79845 5.23515 4.64599 3.34344 7.57804 3.09903 3.05557 5.60763 3.55564 3.3172 7.60061 6.411 6.35094 5.55183 5.91925 8.379 5.79446 4.95331 8.58334 7.92715 4.35175 3.41661 2.23222 4.74169
threshold=-10.889036917911186 3762250.0000000005 0.52647371770045448 0.95526165375518002 0.83064076585378144 16.48499965667725 59.082852933771051 15.484999656677248 3.8244052910699931 21.260000228881839 0.0019172626296394492 0.64884852692703376 72.080770667628386 12.295000076293947 0.0010294289286809646 -0.002618258389020633 2.2959653918609262 57.703947684832144 1.1291069236669036 20.685000419616703 0.0041061723026711858 0.06461621795901136 17.445000648498539 14.715000152587892 1.0070364609511857 17.840000152587894 38587718.000000007 0.021858407693562402 1.489344528234041
decision_type=2 2 2 2 2 2 2 2 2 2 2 2 2 2 2 2 2 2 2 2 2 2 2 2 2 2 2 2 2
left_child=-1 2 3 4 -2 7 10 27 9 -8 -7 12 -3 -13 15 16 25 -17 22 20 -20 -21 23 -16 -24 -15 -18 28 -4
right_child=1 11 5 -5 -6 6 8 -9 -10 -11 -12 13 -14 14 18 17 26 -19 19 21 -22 -23 24 -25 -26 -27 -28 -29 -30
leaf_value=0.014798580818007124 -0.013451258407765036 -0.0035953199050593166 0.0079122354860217958 -0.025700823105078908 0.0098172848942948681 0.025847342526390742 0.019347144363059825 -0.020241725508943098 -0.013549261562127156 -0.0089342941589332491 0.0049584228200078148 0.020824364808786477 0.025745107098022319 -0.015889709775994746 -0.0072070195671114787 0.026415777533442517 0.013975474056882743 0.0035149629643815993 -0.018480031463113045 0.026816685600426389 0.0073758004082007857 0.0003805693600188635 -0.0033178487013369698 0.0065361070284746811 -0.019618076691898089 -0.001107396025533056 0.0029594899007251221 0.0084991973106121662 -0.01651454337823301
leaf_weight=14.183418497443197 20.628073304891586 11.210068985819818 13.217080071568491 17.395311996340752 11.997209370136259 13.927655950188639 16.081235393881798 13.599064812064169 12.941181406378744 18.152038127183914 11.813870579004286 7.8672216832637778 12.289868503808973 20.702707439661026 71.497082874178886 20.884514316916466 35.123914361000061 22.794163256883621 16.12507951259613 18.377951636910442 37.543823078274727 12.563176542520521 129.895712018013 95.574447825551033 33.848878219723701 133.51089645922184 90.957931965589523 16.625688716769218 15.58695976436138
leaf_count=62 85 50 56 72 50 59 66 56 53 75 50 35 51 86 297 89 149 96 68 79 160 53 540 397 141 569 383 68 64
internal_value=0 0.000361609 -0.0027554 -0.0121304 -0.00489478 0.000798664 0.00537849 -0.00485862 -0.000559479 0.00435104 0.0162605 0.00109748 0.011749 0.000762518 0.000549059 0.00282447 0.00101055 0.0144648 -0.00122544 0.0056322 -0.000392708 0.0160827 -0.00297936 0.000654833 -0.00668739 -0.00309188 0.00602833 -0.000253796 -0.00530602
internal_weight=0 952.733 181.965 50.0206 32.6253 131.945 72.916 59.0288 47.1745 34.2333 25.7415 770.767 23.4999 747.268 739.4 323.974 280.295 43.6787 415.426 84.61 53.6689 30.9411 330.816 167.072 163.745 154.214 126.082 45.4297 28.804
internal_count=4059 3997 754 207 135 547 303 244 194 141 109 3243 101 3142 3107 1372 1187 185 1735 360 228 132 1375 694 681 655 532 188 120
is_linear=0
shrinkage=0.03


Tree=99
num_leaves=14
num_cat=0
split_feature=8 6 0 0 2 1 1 1 0 0 6 7 1
split_gain=3.02617 2.87449 3.71236 4.88191 3.9975 3.55779 9.19419 11.6673 7.85049 5.0937 6.05941 5.70391 1.61811
threshold=0.56493793799143488 2.0320352604408378 0.20137960547918801 0.15797637088179853 -0.012963658775312699 28.184999465942386 25.32499980926514 24.345000267028812 -0.024710828440772322 -0.046062386926354663 0.77856130975968074 0.51359612401085153 27.625000000000004
decision_type=2 2 2 2 2 2 2 2 2 2 2 2 2
left_child=-1 2 3 4 12 6 7 -6 -8 11 -11 -7 -2
right_child=1 -3 -4 -5 5 9 8 -9 -10 10 -12 -13 -14
leaf_value=0.018833171866127429 0.02052752571959468 -0.011074380457897659 0.014923496339862796 -0.016340645344178239 4.5196574313479585e-05 -0.014025737930238388 0.0020948563587860733 0.022487755237625574 -0.018786653718378597 -0.0078303454684957603 0.01689381620198066 0.011472873383222362 0.0049133821979142076
leaf_weight=8.0853602886199933 12.040204867720606 19.246384188532829 16.090751603245735 15.436687499284742 707.15714778006077 18.749874293804169 26.270820304751396 21.481535956263542 42.285028517246246 11.264234781265257 42.892165005207062 13.638840943574904 11.854454934597014
leaf_count=34 52 81 72 65 2944 81 110 93 176 49 190 58 54
internal_value=0 0.000402461 0.000637657 0.00038863 0.000673155 0.000345778 -0.000281397 0.000706842 -0.0107848 0.00612288 0.0117513 -0.00328831 0.0127811
internal_weight=0 958.408 939.162 923.071 907.634 883.74 797.195 728.639 68.5558 86.5451 54.1564 32.3887 23.8947
internal_count=4059 4025 3944 3872 3807 3701 3323 3037 286 378 239 139 106
is_linear=0
shrinkage=0.03


Tree=100
num_leaves=25
num_cat=0
split_feature=4 7 14 1 1 13 2 6 1 14 9 9 11 5 9 9 14 1 7 1 5 13 3 5
split_gain=3.30827 4.89436 4.14303 6.36873 4.50055 3.70925 4.27202 6.24184 5.84898 6.66099 6.95587 8.14161 6.33927 5.38803 5.16498 4.24921 3.97514 9.03448 4.51527 3.65621 3.4354 2.62867 2.42443 1.77727
threshold=-0.017264988352319318 0.13730203229530211 -2.6949354813847206 27.755000114440922 30.82499980926514 12.053214285714287 0.01279585406184318 0.99781594953919617 22.494999885559086 3.0505671757387578 0.028461326308074412 -0.0006255175525161637 -0.0063662624468595599 -0.0048956760779308986 -0.025232403373423914 0.044001479456512678 3.5223271189883008 13.414999961853029 0.74951678131628907 24.935000419616703 -0.024297790274253214 6.4546428571428551 48.585968173841479 -0.013800960139695338
decision_type=2 2 2 2 2 2 2 2 2 2 2 2 2 2 2 2 2 2 2 2 2 2 2 2
left_child=2 21 4 19 -1 6 8 -8 14 10 11 -10 -11 -14 -3 -12 18 -18 -16 20 22 23 -4 -2
right_child=1 5 3 -5 -6 -7 7 -9 9 12 15 -13 13 -15 16 -17 17 -19 -20 -21 -22 -23 -24 -25
leaf_value=-0.026699142947892419 0.024829226002483783 -0.015515473272212702 0.015884550820410896 0.015373427202648312 -0.0048380406600144303 0.013938361085234713 -0.027550142262909489 0.00015047209965497887 -0.0012686264949243833 0.030406752018932375 -0.024398329854755756 0.018874470541202608 -0.0093926745630429163 0.014634995801525724 -0.0027253725083252172 -0.0025549417882686962 0.0079802333447937593 -0.0064404796006301539 0.0044361604823182181 -0.019459670775570245 -0.0099901032767965494 0.00091119494284736251 -0.0032125803150270952 0.0087332642229604861
leaf_weight=14.102794259786604 12.25098644196987 22.266316756606102 11.851668372750284 16.488558650016785 21.240683004260063 16.627854034304619 12.612895190715792 17.449706509709358 51.522828862071037 14.748438552021979 12.366338610649107 27.805327817797661 12.02807469666004 27.842006266117096 137.53523001074791 22.779384985566139 48.540786385536194 201.02638874948025 186.91908709704876 13.440268248319624 23.011412069201469 15.357356220483778 12.082346394658087 12.446301490068437
leaf_count=60 54 91 50 77 92 73 54 73 217 64 52 120 51 118 571 96 205 828 781 56 97 67 51 52
internal_value=0 0.000419899 -0.00505978 -0.00115124 -0.0135611 -8.50498e-05 -0.000378194 -0.0114714 5.75268e-05 0.00498233 0.000869453 0.00579173 0.0136024 0.00738629 -0.00133902 -0.0102407 -0.000789119 -0.00363565 0.00140041 -0.00566337 -0.00171355 0.0106573 0.00624396 0.0167176
internal_weight=0 852.125 112.218 76.8743 35.3435 812.071 795.443 30.0626 765.38 169.092 114.474 79.3282 54.6185 39.8701 596.288 35.1457 574.021 249.567 324.454 60.3857 46.9454 40.0546 23.934 24.6973
internal_count=4050 3567 483 331 152 3394 3321 127 3194 718 485 337 233 169 2476 148 2385 1033 1352 254 198 173 101 106
is_linear=0
shrinkage=0.03


Tree=101
num_leaves=25
num_cat=0
split_feature=14 10 0 0 1 1 10 14 11 2 1 6 1 2 0 13 13 2 14 13 0 7 13 5
split_gain=1.96658 6.37186 4.86834 4.49582 4.2343 4.17945 4.78088 5.86908 4.06422 3.90862 3.90528 4.53398 6.69793 7.4782 3.56028 3.52183 3.25359 3.16939 7.6845 3.38792 3.2955 11.942 4.48071 2.85629
threshold=-3.4485927640177794 -0.24010534376316275 -0.041497584316919293 0.036152336246047863 28.860000610351566 27.98499965667725 0.11574191961574222 2.9315127786704775 0.0038400769090789493 0.001951373876477686 27.355000495910648 0.6585272173412392 15.585000038146974 -0.00035908248172039934 -0.025115816825805323 9.0539285714285818 5.7060714285714305 -0.0086296492542182485 1.5202017672125641 5.5060714285714285 0.033504140313862958 0.90887543445728203 2.721071428571427 -0.016837901250857653
decision_type=2 2 2 2 2 2 2 2 2 2 2 2 2 2 2 2 2 2 2 2 2 2 2 2
left_child=1 4 9 8 -1 10 7 -7 -4 -3 11 12 -2 -14 -15 17 -8 18 -13 -20 22 -22 -19 -5
right_child=5 2 3 23 -6 6 16 -9 -10 -11 -12 15 13 14 -16 -17 -18 20 19 -21 21 -23 -24 -25
leaf_value=-0.0020951926694780026 -0.007269901792928541 -0.029635317410265333 0.014864330403570221 -0.022936159218400792 0.023275207992701323 -0.0097239372353394964 0.0070788710455558738 0.014646232224997769 -0.0052903496549142415 -0.0082175359479354157 -0.014568451764708178 0.025210815223498353 0.029461370671017187 0.015725561388210383 -0.0054743397630970716 0.011772799964842507 0.029927760713786302 0.010275117503541547 0.0080303445864833341 -0.014449000439311695 -0.0017201486488974873 -0.024505049832332999 -0.0010943160179948406 -0.0020997970076984708
leaf_weight=12.458204209804537 19.198622569441795 12.978038385510446 17.045709431171417 11.935689821839334 11.282589808106421 19.757577031850815 10.850130073726179 16.175393924117088 19.088488698005676 18.744717642664909 16.858059734106064 13.846563950181006 17.216021582484245 13.395306438207628 15.241725713014601 19.900826543569565 11.611139133572577 33.456790745258331 12.502172425389292 11.663129910826681 130.33575889468193 24.61188480257988 461.86524023115635 11.750106632709501
leaf_count=53 79 54 73 52 50 86 50 71 81 82 70 59 72 56 63 84 56 144 53 50 540 102 1920 50
internal_value=0 -0.00388767 -0.00747942 -0.00244138 0.00996185 0.000288302 0.00803314 0.00124641 0.00421729 -0.0169797 -0.000284104 2.73232e-05 0.00760696 0.0138359 0.00444216 -0.000668922 0.0188904 -0.00102866 0.00739136 -0.00281908 -0.00152086 -0.0053393 -0.000326362 -0.0125996
internal_weight=0 115.284 91.5428 59.82 23.7408 848.486 58.3942 35.933 36.1342 31.7228 790.092 773.234 65.0517 45.8531 28.637 708.182 22.4613 688.282 38.0119 24.1653 650.27 154.948 495.322 23.6858
internal_count=4050 495 392 256 103 3555 263 157 154 136 3292 3222 270 191 119 2952 106 2868 162 103 2706 642 2064 102
is_linear=0
shrinkage=0.03


Tree=102
num_leaves=26
num_cat=0
split_feature=4 7 14 2 1 13 2 1 14 9 9 14 9 10 9 14 1 7 11 3 13 8 4 14 12
split_gain=3.09269 4.54949 3.80376 4.85195 4.90057 3.52966 4.07794 5.50048 6.21919 6.51041 7.72723 6.1076 4.84402 4.10029 3.95302 3.63917 8.58467 4.22586 2.94869 4.47886 2.58097 2.5178 2.54867 2.46039 2.30868
threshold=-0.017264988352319318 0.13730203229530211 2.3416269920129715 -0.0015310854134020768 28.184999465942386 12.053214285714287 0.01279585406184318 22.494999885559086 3.0505671757387578 0.028461326308074412 -0.0006255175525161637 5.4468239169103212 -0.025232403373423914 0.054820465793136382 0.044001479456512678 3.5223271189883008 17.445000648498539 0.74951678131628907 -0.017723151026156344 31.157654839526099 4.9064285714285782 1.0905227941771789 -0.009983234510343773 3.658764665667424 60181300.000000007
decision_type=2 2 2 2 2 2 2 2 2 2 2 2 2 2 2 2 2 2 2 2 2 2 2 2 2
left_child=2 21 3 18 -5 6 7 12 9 10 -9 20 -3 -8 -11 17 -17 -14 19 -1 -10 -2 -23 -4 -25
right_child=1 5 23 4 -6 -7 13 8 11 14 -12 -13 15 -15 -16 16 -18 -19 -20 -21 -22 22 -24 24 -26
leaf_value=0.0049498176101311162 0.021069564144343744 -0.015013813984824173 0.012767528597515641 -0.027727592711840582 -0.0033206810579554072 0.013622530739669493 -0.024308673005830811 -0.0012314370425942744 0.012333410891608739 -0.023524488169784141 0.018421288498455164 -0.0019612920735855386 -0.0026500414119502956 -0.0018210599997244602 -0.0024567222825660063 0.00070532086763668554 -0.010876742273586683 0.0042793922289932392 0.010525662595114447 -0.017684679313952276 0.028023774421093984 0.013205433272458232 -0.0054406745378365248 -0.012623459045325417 0.0060957400704784283
leaf_weight=14.751902833580973 13.116594612598417 22.277303606271744 14.10838147997856 18.463704302906994 12.360533908009527 16.585729405283928 12.527387484908106 51.483144402503967 19.676464095711708 12.371427446603773 27.691037639975548 16.624160155653954 137.54941177368164 17.479694440960884 22.765675857663155 159.43822088837624 90.169615373015404 186.73867727816105 11.664544522762297 16.861133992671967 18.128505319356918 15.043632358312605 11.750962540507318 11.597115412354471 12.133765071630476
leaf_count=64 57 91 60 78 54 73 54 217 83 52 120 72 571 73 96 662 371 781 50 73 78 66 50 50 54
internal_value=0 0.000411514 -0.00489266 -0.00884441 -0.0179404 -7.48182e-05 -0.000360608 6.49755e-05 0.00484678 0.000872581 0.00564207 0.0131933 -0.00128846 -0.0112092 -0.00987447 -0.000755677 -0.00347864 0.00134022 -0.00236583 -0.00712252 0.0198574 0.0103 0.00502805 0.00284619 -0.0030522
internal_weight=0 851.418 111.941 74.1018 30.8242 811.506 794.921 764.914 168.74 114.311 79.1742 54.4291 596.173 30.0071 35.1371 573.896 249.608 324.288 43.2776 31.613 37.805 39.9112 26.7946 37.8393 23.7309
internal_count=4050 3567 483 319 132 3394 3321 3194 718 485 337 233 2476 127 148 2385 1033 1352 187 137 161 173 116 164 104
is_linear=0
shrinkage=0.03


Tree=103
num_leaves=29
num_cat=0
split_feature=4 14 1 1 1 14 2 6 1 2 6 8 3 2 2 13 1 6 2 2 4 0 13 8 6 9 3 9
split_gain=2.92163 4.76567 6.00846 4.2547 3.93607 3.92441 3.31108 6.97407 4.8505 4.95846 5.94112 7.14915 5.07476 4.87714 6.74889 5.71156 4.83292 5.30852 5.25511 4.82735 11.7747 9.48739 4.57226 3.85068 4.06181 3.31625 2.90708 1.80091
threshold=-0.018712901482623053 -2.6949354813847206 27.755000114440922 30.82499980926514 24.935000419616703 -10.889036917911186 0.01279585406184318 0.99781594953919617 21.954999923706058 -0.0040251201990072231 0.98186450255052315 1.0923606824957888 57.433407191755009 0.0014419394405695699 0.0034794291098306312 5.9492857142857067 21.309999465942386 0.77289923572014485 -0.0086296492542182485 0.0031917696410480377 -0.0021716413160238752 -0.034895651013681799 5.5567857142857164 1.0181932559936211 0.7580296670383827 -0.0123472736357344 38.230784299559964 -0.0016373112236089391
decision_type=2 2 2 2 2 2 2 2 2 2 2 2 2 2 2 2 2 2 2 2 2 2 2 2 2 2 2 2
left_child=1 3 4 -1 26 -2 8 -8 16 10 12 -12 -10 23 22 -16 18 -18 -7 21 -21 -20 -15 24 -11 -25 -3 -28
right_child=5 2 -4 -5 -6 6 7 -9 9 13 11 -13 -14 14 15 -17 17 -19 19 20 -22 -23 -24 25 -26 -27 27 -29
leaf_value=-0.027118660724164148 0.019261292402802135 0.010730224643156164 0.01550676514881353 -0.0053565917801365222 -0.020524727742095853 0.017102046556023338 -0.026708068503764334 0.0020347215421132221 -0.00061234138549359589 0.0065837141501480113 0.020891198167438015 -0.0084294636167657529 -0.025518191320494349 -0.022149228011839907 0.017900591641682666 0.00083575532662185476 0.0040686456860273426 -0.020734936648049904 0.0058854224225855555 0.021139541870403945 -0.00026215014658000763 -0.0048672137946963873 0.0023049657310381558 0.016071165059153125 0.028506412783584848 -0.0065262661416527696 -0.013729077537928236 0.0021083399877549953
leaf_weight=13.723964065313337 9.7803414165973646 12.986964240670202 16.164562851190567 19.680516690015793 11.978744968771933 15.357706561684607 12.584645569324495 19.171671733260155 15.350446820259096 11.763822749257086 15.154231026768686 14.787330314517019 14.150391325354574 13.245724692940714 30.407525688409805 42.079880177974701 12.077955424785612 21.751464545726776 96.496636658906937 28.951052606105804 115.19544972479343 314.70018355548382 14.321221545338629 11.795099034905435 21.522362112998962 11.586056679487227 14.428173854947088 11.703802451491358
leaf_count=59 43 54 76 85 50 65 54 81 66 50 66 64 59 55 131 180 50 91 402 123 484 1299 61 51 90 50 61 50
internal_value=0 -0.00503496 -0.000434973 -0.0142974 -0.00547808 0.000365977 0.000149187 -0.0093557 0.000516973 0.0043739 -0.00300377 0.00641051 -0.0125587 0.00717215 0.00318935 0.00799423 -0.00086216 -0.0118794 -0.00020909 -0.00068782 0.00403627 -0.00234386 -0.0094451 0.0142043 0.0207586 0.00487347 -0.000870598 -0.00663593
internal_weight=0 100.667 67.2622 33.4045 51.0977 862.231 852.451 31.7563 820.695 216.164 59.4424 29.9416 29.5008 156.722 100.054 72.4874 604.53 33.8294 570.701 555.343 144.147 411.197 27.5669 56.6673 33.2862 23.3812 39.1189 26.132
internal_count=4050 435 291 144 215 3615 3572 135 3437 923 255 130 125 668 427 311 2514 141 2373 2308 607 1701 116 241 140 101 165 111
is_linear=0
shrinkage=0.03


Tree=104
num_leaves=25
num_cat=0
split_feature=4 14 1 1 1 14 2 6 1 14 3 0 0 14 13 1 6 2 2 4 0 13 10 0
split_gain=2.75366 4.49575 5.6704 4.0473 3.71052 3.70327 3.1212 6.60114 4.5694 4.70538 6.86245 4.99961 8.99367 4.61802 5.83498 4.5417 4.98171 4.95643 4.54418 11.1391 8.92975 3.20303 2.74328 5.55702
threshold=-0.018712901482623053 -2.6949354813847206 27.755000114440922 30.82499980926514 24.935000419616703 -10.889036917911186 0.01279585406184318 0.99781594953919617 21.954999923706058 3.0187061358351142 64.930031517637232 0.10649963286549492 0.018934443393513026 5.4468239169103212 4.9064285714285782 21.309999465942386 0.77289923572014485 -0.0086296492542182485 0.0031917696410480377 -0.0020024421275299238 -0.031541631182187051 3.9567857142857137 0.3907099858074527 0.028174016688831797
decision_type=2 2 2 2 2 2 2 2 2 2 2 2 2 2 2 2 2 2 2 2 2 2 2 2
left_child=1 3 4 -1 22 -2 8 -8 15 10 11 12 -10 14 21 17 -17 -7 20 -20 -19 -11 23 -3
right_child=5 2 -4 -5 -6 6 7 -9 9 13 -12 -13 -14 -15 -16 16 -18 18 19 -21 -22 -23 -24 -25
leaf_value=-0.026453390259240945 0.018736430239603693 0.0067344460952487592 0.015100495893174986 -0.0051946817320222965 -0.01993858520985764 0.016630464077284701 -0.026028730084584537 0.0019734337172056795 0.00068277452029833548 0.016225451769182848 -0.014482188920381136 -0.014555596205441597 0.019440102117373206 -0.0020082592566997895 0.026770989113558893 0.0039480925682603453 -0.020074769492147974 0.0053739926456296853 0.020341820215221889 -0.00031967215173860802 -0.0048286336388023571 -0.0048691331486941988 0.0095724312535074105 -0.02173505319395341
leaf_weight=13.648186758160589 9.7531043738126737 12.879964709281923 16.10243022441864 19.685039147734642 11.961227104067801 15.319978982210158 12.526590824127199 19.174027442932129 84.026603892445564 13.303440019488336 21.305962100625038 11.960470825433729 31.679387822747231 18.266112461686134 22.747043669223785 12.073416516184805 21.792126700282097 103.00745216012001 29.544795572757721 114.47647152841091 308.24924406409264 12.627415955066679 14.384075880050657 11.84556372463703
leaf_count=59 43 54 76 85 50 65 54 81 358 56 90 50 138 79 99 50 91 429 126 481 1272 53 61 50
internal_value=0 -0.0048919 -0.000422329 -0.013899 -0.00531661 0.000355357 0.000144963 -0.0090917 0.00050188 0.00424803 0.00127925 0.00390964 0.00581838 0.0108546 0.0156813 -0.000836259 -0.0115104 -0.00020274 -0.000667164 0.00391887 -0.00227318 0.00595313 -0.000844651 -0.00690479
internal_weight=0 100.506 67.1733 33.3332 51.0708 861.834 852.081 31.7006 820.38 215.916 148.972 127.666 115.706 66.944 48.6779 604.463 33.8655 570.598 555.278 144.021 411.257 25.9309 39.1096 24.7255
internal_count=4050 435 291 144 215 3615 3572 135 3437 923 636 546 496 287 208 2514 141 2373 2308 607 1701 109 165 104
is_linear=0
shrinkage=0.03


Tree=105
num_leaves=31
num_cat=0
split_feature=1 1 12 4 1 0 2 4 14 0 11 6 5 5 6 4 1 10 5 10 10 14 2 11 2 1 6 5 13 9
split_gain=2.27866 10.1324 7.03494 4.22782 4.08012 4.48976 6.42535 7.54161 6.53735 6.25896 5.82068 5.72681 7.3077 3.75491 3.58959 6.58232 9.74658 7.93925 7.47661 6.14702 7.31191 6.33665 5.12952 6.25293 4.37291 4.20567 5.98124 6.61428 6.54609 3.77924
threshold=25.489999771118168 24.345000267028812 3538611.5000000005 0.030924967440121857 26.284999847412113 -0.061118747411496192 -0.0047965369133379449 0.02371931850552789 0.89393838065383202 0.036152336246047863 -0.02101958300909362 0.77856130975968074 0.00076076103357231039 -0.0028834774987223084 0.75046894790833474 -0.0031632978502907911 17.505000114440922 -0.36989194270358289 0.031499030773043342 -0.35066475629091826 -0.21206474011885643 3.1100361129581082 0.0079062463052264956 -0.0074049353042772706 0.0018755984735902055 14.365000247955324 0.93977022217084538 -0.030815808671283803 6.4546428571428551 0.021055346224523101
decision_type=2 2 2 2 2 2 2 2 2 2 2 2 2 2 2 2 2 2 2 2 2 2 2 2 2 2 2 2 2 2
left_child=1 3 -2 14 -4 10 8 11 9 -7 -6 -8 -13 -3 19 25 17 -17 -19 21 29 -1 23 -18 -22 -16 28 -28 -27 -21
right_child=2 13 4 -5 5 6 7 -9 -10 -11 -12 12 -14 -15 15 16 22 18 -20 20 24 -23 -24 -25 -26 26 27 -29 -30 -31
leaf_value=0.0027509067500359721 -0.020633485848045512 0.027295485989439743 -0.013502986940949289 0.017082563937216622 -0.026582902729042398 0.0048150894649648746 -0.0052635511889124196 -0.013423094725585017 0.013137194663277948 -0.02171386005358477 -0.00031219351441435275 0.0082358623460594884 0.03234856672891484 0.0069405495118184017 -0.010287980220315266 0.023966426156424483 0.0051144599824357335 -0.0036101145472645958 0.013916257244345353 0.0076575717667869154 -0.0037670682964967735 -0.023081934683964588 -0.025566198775020227 -0.011375829182816457 0.011304847748666799 0.021829859152474648 0.013300837148111632 -0.0026801506991754715 -0.0045506436912140713 0.0258722901564408
leaf_weight=21.094743579626083 19.214123606681824 15.481937840580938 22.258397296071053 12.118358522653578 11.644856512546538 12.447015702724455 12.308919906616209 11.642354860901831 12.374034292995928 22.422699451446533 21.801645949482918 28.816448971629143 18.621652349829674 17.238280683755875 20.324398890137672 11.53366434574127 25.721217110753059 189.55359162390232 24.768384426832199 20.473726183176041 53.031257688999176 14.365739598870276 17.217810943722725 105.91008867323399 25.731538787484169 29.053401231765747 30.318994626402855 100.80819444358349 11.946629092097281 20.533699497580528
leaf_count=87 81 68 93 51 51 55 53 50 61 98 94 125 81 74 85 48 106 788 107 86 220 59 72 438 108 122 129 421 50 85
internal_value=0 0.000237253 -0.00340535 -0.000490403 -0.0015066 0.000249191 0.00298616 0.00866581 -0.00559629 -0.0122441 -0.0094587 0.0129701 0.0177012 0.0165717 -0.000785197 -0.00189156 -0.00420775 -0.000279852 -0.00158466 0.00325704 0.00650539 -0.00771449 -0.0101677 -0.00815357 0.00115688 0.0026181 0.00414202 0.00101494 0.0141431 0.0167783
internal_weight=0 767.226 193.552 734.505 174.338 152.08 118.633 71.3894 47.2437 34.8697 33.4465 59.747 47.4381 32.7202 722.387 567.156 374.705 225.856 214.322 155.231 119.77 35.4605 148.849 131.631 78.7628 192.452 172.127 131.127 41 41.0074
internal_count=4046 3204 842 3062 761 668 523 309 214 153 145 259 206 142 3011 2366 1559 943 895 645 499 146 616 544 328 807 722 550 172 171
is_linear=0
shrinkage=0.03


Tree=106
num_leaves=31
num_cat=0
split_feature=10 6 7 11 3 7 1 10 13 4 3 8 0 0 5 7 3 10 10 4 6 6 9 12 4 0 12 6 5 3
split_gain=2.2243 2.3866 6.09313 10.905 6.56832 5.38715 6.70303 5.15014 4.77166 4.42936 4.18996 3.65778 7.80653 12.5875 9.4929 6.74099 5.96776 5.5395 6.29248 6.70833 7.34326 6.83401 5.30261 4.72299 4.61696 9.53247 6.75237 5.94811 5.78223 5.77701
threshold=-0.54352241035827598 0.74827451078514473 0.90734166106486225 0.013411493464381532 61.326894297885126 0.96611852585335156 16.614999771118168 -0.075615715331935882 4.7578571428571488 0.0094560379479491381 65.238691190921386 0.84878520393539658 -0.016862044087486924 0.032396355095536851 -0.0096723151378016441 0.95919059764078429 74.59246388163082 -0.37353474333546011 -0.14289192542594323 0.0020933335219698317 1.0100480059002457 0.84190001738262732 0.01810335938039476 62447600.000000007 0.0087397905546787742 -0.046062386926354663 24934370.500000004 1.1635960925276605 -0.010784771534524727 69.62859379447741
decision_type=2 2 2 2 2 2 2 2 2 2 2 2 2 2 2 2 2 2 2 2 2 2 2 2 2 2 2 2 2 2
left_child=-1 2 3 4 7 9 -7 -2 -6 10 -4 12 15 16 -15 -3 22 -13 19 21 23 -19 -14 -21 25 28 -26 -28 -20 -27
right_child=1 11 5 -5 8 6 -8 -9 -10 -11 -12 17 13 14 -16 -17 -18 18 24 20 -22 -23 -24 -25 26 29 27 -29 -30 -31
leaf_value=-0.016274433882838491 0.016143407485734469 -0.023170994516736352 0.02292283638993738 -0.014952965272196261 -0.021579354075275219 0.014786654784483379 -0.011299343936608915 -0.0051866499946293448 0.0048738661091209902 0.031350896190979027 0.00071639986511077419 0.012668075917883428 0.013268712160616493 0.0012698154674462732 -0.027524672285031006 -0.00091006079222039223 0.026317851090433896 0.020008013827259183 -0.027125988119595001 -0.022764497140551846 0.003600601653396574 -0.0040516437788181087 -0.012379286850361352 -0.0026266647904572902 -0.0047661902141575467 0.0028077648182127891 0.016376652026088637 -0.00086835646627729448 -0.0047505639512438417 -0.009885279373784292
leaf_weight=7.9598571360111228 39.241091027855873 32.213236913084984 13.241730719804766 38.003617435693741 12.101221263408663 16.060600519180298 19.788708373904228 13.760114252567289 12.451699823141096 12.286264091730116 18.099430531263351 29.03918445110321 18.548408389091495 22.412459924817085 19.073833703994751 19.748121723532677 15.069488257169722 13.212300628423689 17.755001276731491 42.586787417531013 19.361845076084137 54.264298006892204 11.91514168679714 13.903868705034254 35.948880046606064 247.6546977609396 55.82611246407032 26.567508459091187 25.072453036904335 37.106328219175339
leaf_count=33 168 132 57 159 50 66 82 60 53 52 75 123 79 95 80 82 62 55 74 177 83 228 50 58 151 1053 238 112 105 154
internal_value=0 -0.000349673 0.00260966 -0.00178785 0.00466342 0.00900355 0.000387264 0.0106057 -0.00816394 0.0160837 0.0100987 -0.00111184 -0.00550952 -1.53098e-05 -0.0119688 -0.0147106 0.0108758 -0.000123331 -0.000753701 -0.00622191 -0.0123433 0.000659374 0.00323707 -0.017808 0.00100387 -0.000830861 0.00608265 0.0108161 -0.0140268 0.00115377
internal_weight=0 952.314 195.034 115.558 77.5541 79.4767 35.8493 53.0012 24.5529 43.6274 31.3412 757.28 138.981 87.0193 41.4863 51.9614 45.533 618.299 589.26 143.329 75.8525 67.4766 30.4636 56.4907 445.931 327.588 118.343 82.3936 42.8275 284.761
internal_count=4046 4013 822 490 331 332 148 228 103 184 132 3191 580 366 175 214 191 2611 2488 601 318 283 129 235 1887 1386 501 350 179 1207
is_linear=0
shrinkage=0.03


Tree=107
num_leaves=31
num_cat=0
split_feature=1 1 12 4 1 0 2 4 14 0 6 5 11 5 6 4 1 10 5 10 10 14 1 13 2 1 6 5 13 2
split_gain=2.14841 9.53339 6.52075 3.95203 3.85178 4.1581 6.07345 7.03911 6.19583 5.90903 5.42595 6.88805 5.38415 3.52082 3.21694 6.08621 9.14163 7.29061 6.96589 5.75502 6.83854 5.88657 4.92567 5.69107 4.15098 3.94761 5.62906 6.21927 6.15507 3.58082
threshold=25.489999771118168 24.345000267028812 3538611.5000000005 0.030924967440121857 26.284999847412113 -0.061118747411496192 -0.0047965369133379449 0.02371931850552789 0.89393838065383202 0.036152336246047863 0.77856130975968074 0.00076076103357231039 -0.02101958300909362 -0.0028834774987223084 0.75046894790833474 -0.0031632978502907911 17.505000114440922 -0.36989194270358289 0.031499030773043342 -0.35066475629091826 -0.21206474011885643 3.1100361129581082 17.840000152587894 5.4828571428571538 0.0018755984735902055 14.365000247955324 0.93977022217084538 -0.030815808671283803 6.4546428571428551 1.0000000180025095e-35
decision_type=2 2 2 2 2 2 2 2 2 2 2 2 2 2 2 2 2 2 2 2 2 2 2 2 2 2 2 2 2 2
left_child=1 3 -2 14 -4 12 8 10 9 -7 -8 -12 -6 -3 19 25 17 -17 -19 21 -21 -1 -18 -24 29 -16 28 -28 -27 -22
right_child=2 13 4 -5 5 6 7 -9 -10 -11 11 -13 -14 -15 15 16 22 18 -20 20 24 -23 23 -25 -26 26 27 -29 -30 -31
leaf_value=0.0025648265295172374 -0.019889814869966611 0.026571646669553309 -0.013126468198119743 0.016539632312707452 -0.025631268575430639 0.0046629045306405496 -0.0051715311784687103 -0.012932283784879945 0.012821588372232275 -0.021117453279063208 0.0080076436638541817 0.031464434050203542 -0.00031978183109704307 0.0068117668908971411 -0.0099473951726709725 0.023090779163800094 -0.028188287064781079 -0.0034106496214758859 0.013533943594431356 0.016191453176068196 0.0021481122538180926 -0.022337046307641113 -0.0024520568989751367 -0.014714712694112777 0.01096343053536524 0.021216075141880127 0.012926483627996666 -0.0025860481548068831 -0.0043766039590676133 -0.014070848049747491
leaf_weight=21.072966888546944 19.192356511950493 15.354857742786406 22.231710717082024 12.105868846178053 11.587966307997702 12.434998497366903 12.300755426287649 11.635870203375815 12.32102597504854 22.443815633654594 28.765593990683556 18.521137788891792 21.778423309326172 17.213342264294624 20.349166736006737 11.469029098749159 12.035583198070524 189.64505115151405 24.676326721906662 40.855712503194809 33.790556773543358 14.369369834661482 73.045719459652901 63.822973653674126 25.678065031766891 28.958051681518555 30.237515330314636 100.80556498467922 11.94671745598316 19.219528526067734
leaf_count=87 81 68 93 51 51 55 53 50 61 98 125 81 94 74 85 48 49 788 107 171 140 59 302 265 108 122 129 421 50 80
internal_value=0 0.000245307 -0.0032944 -0.000459337 -0.00146414 0.000243977 0.0028796 0.0084103 -0.00546608 -0.0119262 0.0125779 0.0171951 -0.00911032 0.0161279 -0.00074437 -0.00179135 -0.00401801 -0.000212657 -0.0014597 0.00308584 0.00623356 -0.00753113 -0.00978824 -0.00817023 0.00106332 0.00254734 0.00402603 0.000993389 0.0137414 -0.00373229
internal_weight=0 766.652 193.214 734.084 174.021 151.79 118.423 71.2234 47.1998 34.8788 59.5875 47.2867 33.3664 32.5682 721.978 566.992 374.695 225.79 214.321 154.986 119.544 35.4423 148.904 136.869 78.6882 192.297 171.948 131.043 40.9048 53.0101
internal_count=4046 3204 842 3062 761 668 523 309 214 153 259 206 145 142 3011 2366 1559 943 895 645 499 146 616 567 328 807 722 550 172 220
is_linear=0
shrinkage=0.03


Tree=108
num_leaves=31
num_cat=0
split_feature=10 6 14 0 0 5 10 10 9 7 0 8 13 9 13 0 6 10 10 12 0 5 11 0 13 2 7 7 9 13
split_gain=2.07285 2.16395 5.65684 4.45068 8.33233 4.63324 7.30523 6.07549 4.21163 6.45665 4.18473 3.41356 7.56551 5.66421 5.17078 5.41129 5.0957 5.66778 5.92491 6.73396 5.12395 4.44887 8.04682 5.2981 3.96003 3.88477 3.80026 3.70502 4.32636 6.91251
threshold=-0.54352241035827598 0.74827451078514473 -3.0216706528670136 -0.025115816825805323 -0.014721182042924162 0.035169853346746945 -0.035858201041874919 -0.35578793408051718 0.0163364342312089 0.90190447911660565 -0.017881247134704566 0.84878520393539658 5.5060714285714285 0.0025671569843157553 7.2917857142857159 -0.013478840566942428 0.78694860530778055 -0.36989194270358289 -0.14289192542594323 73487562.000000015 -0.024285433474319492 0.0042399119911419323 0.012594168103681637 -0.014721182042924162 5.7339285714285753 0.0043284165133879509 0.52647371770045448 0.98134028352021441 0.020605000472411542 4.0275000000000043
decision_type=2 2 2 2 2 2 2 2 2 2 2 2 2 2 2 2 2 2 2 2 2 2 2 2 2 2 2 2 2 2
left_child=-1 2 10 8 -5 6 7 -6 -4 -10 -2 12 13 -3 15 -14 24 26 19 25 -21 22 -20 -23 -13 -19 -18 28 29 -15
right_child=1 11 3 4 5 -7 -8 -9 9 -11 -12 16 14 27 -16 -17 17 18 21 20 -22 23 -24 -25 -26 -27 -28 -29 -30 -31
leaf_value=-0.015692347659212045 -0.01733524055484589 -0.015251782541919032 0.020323674912108954 -0.015561657742836573 -0.0036491546029286314 -0.011174548823155226 -0.0077870645976695317 0.020227063692347558 -0.011424653765740719 0.015713669800572625 0.0050082939267638285 -0.019773782334633637 -0.0386347632161625 -0.0024734177867627417 -0.0022966764777144323 -0.011601620122288105 0.0016596729165483219 -0.012641562759831942 0.00078405784722758865 -0.0060824673479449353 0.021052290668091587 0.010907339201524939 -0.017380034983678537 0.000424637084970719 0.0011963028292537202 0.00081033143971108565 0.023882189439920265 0.01812729402269208 -0.0081163606361371304 0.025751649108061485
leaf_weight=7.9665625244379035 20.186428710818291 19.058082640171051 26.222553819417953 21.546046614646912 12.78191716969013 12.828378438949583 18.363584622740746 38.429127231240273 13.761346593499182 18.493334963917732 12.045873418450354 20.341886386275291 12.14430493116379 22.214750051498413 16.075790375471115 14.768511429429052 12.730646386742594 76.01183108985424 230.20361199229956 11.964041918516161 13.144171997904776 80.700080007314682 24.263848811388016 93.863196261227131 13.472632870078085 25.906789213418961 15.188935250043867 12.275294721126555 30.275789946317673 12.042618021368979
leaf_count=33 86 79 113 89 53 53 79 161 57 77 54 84 50 92 69 63 55 317 976 51 56 344 101 397 57 109 64 51 125 51
internal_value=0 -0.000325633 0.00249531 0.0047735 0.00104881 0.00539198 0.00844657 0.0142677 0.0113945 0.0041352 -0.008985 -0.00105136 -0.00530166 -0.000612416 -0.0157589 -0.0238002 -9.60661e-05 0.000559559 -0.000102694 -0.00579382 0.0081226 0.00158233 -0.000947915 0.00527076 -0.0114187 -0.00922221 0.0137493 0.00301997 0.000146308 0.00744864
internal_weight=0 951.305 194.659 162.426 103.949 82.403 69.5746 51.211 58.4772 32.2547 32.2323 756.647 138.855 95.8665 42.9886 26.9128 617.792 583.977 556.058 127.027 25.1082 429.031 254.467 174.563 33.8145 101.919 27.9196 76.8085 64.5332 34.2574
internal_count=4046 4013 822 682 435 346 293 214 247 134 140 3191 580 398 182 113 2611 2470 2351 533 107 1818 1077 741 141 426 119 319 268 143
is_linear=0
shrinkage=0.03


Tree=109
num_leaves=27
num_cat=0
split_feature=1 1 12 4 1 1 0 5 2 4 4 8 5 11 1 5 6 10 5 5 2 0 2 6 2 9
split_gain=2.01871 8.98612 6.05889 3.74212 3.61346 3.95736 7.48444 6.9133 4.96382 8.92447 8.12239 4.89608 3.33132 3.01041 3.81127 3.5491 6.49603 10.3606 9.17562 6.4376 8.0123 9.20549 6.31539 5.86204 5.1458 2.8528
threshold=25.489999771118168 24.345000267028812 3538611.5000000005 0.030924967440121857 26.284999847412113 26.994999885559086 -0.048538397830247486 0.036957606956621321 0.0049426041384897932 0.010885345114178603 0.010437821286586881 0.90255522879650651 -0.0028834774987223084 0.039282820964454353 19.250000000000004 0.012134016619631318 1.3674720691906455 0.065509764346371249 0.031130247917703417 0.0042399119911419323 0.0033906913537070159 0.031766362206818839 0.0099189919442340679 1.6165445431856289 -0.0027616871099634833 -0.0097317742228152909
decision_type=2 2 2 2 2 2 2 2 2 2 2 2 2 2 2 2 2 2 2 2 2 2 2 2 2 2
left_child=1 3 -2 13 -4 -6 7 25 10 -10 11 -8 -3 15 -15 19 17 24 -19 22 21 -21 23 -1 -17 -7
right_child=2 12 4 -5 5 6 8 -9 9 -11 -12 -13 -14 14 -16 16 -18 18 -20 20 -22 -23 -24 -25 -26 -27
leaf_value=-0.0012841582841264057 -0.019185881631942875 0.025924371885898776 -0.012718259918956544 0.016123498784105024 0.016791690256944186 -0.031189405825994356 -0.021417529845722587 0.0060776663535717403 0.031408284449889655 -0.0044334989465128439 0.021759065779991794 -0.00080289514799801703 0.0066558291354257282 0.017897343681165773 -0.0041966342197408725 0.0073706810602169647 -0.023406061703350266 -0.001833370323258574 0.022934266386321452 0.0089691046084229183 0.025317480286227326 -0.019678498364443391 -0.021505845762550137 0.017753338160886839 -0.010843244295081616 -0.01130293680842054
leaf_weight=399.64151601493359 19.175458028912544 15.229909911751745 22.205266043543816 12.085487261414526 11.973480135202406 12.997694432735443 13.012933418154715 12.258842825889586 13.375418230891229 11.740553751587866 12.15434794127941 51.035965003073215 17.189957499504089 16.998604476451877 11.97865144908428 16.299490585923195 15.250389158725737 36.143412232398987 21.451964810490608 46.472194641828537 18.584752976894379 12.896706789731978 13.413589552044867 15.10726924240589 97.265884608030319 12.971543371677399
leaf_count=1659 81 68 93 51 51 57 60 53 60 51 54 227 74 73 50 68 63 151 93 196 80 54 56 64 404 55
internal_value=0 0.000251127 -0.00318258 -0.000431949 -0.00141617 0.00024014 -0.00118002 -0.0124909 0.0030876 0.0146539 -0.000724564 -0.00499121 0.0157076 -0.00070926 0.00876411 -0.00110565 -0.00464441 -0.00297275 0.00739158 0.000197734 0.0081272 0.00274599 -0.00124595 -0.000590715 -0.00822909 -0.0212562
internal_weight=0 766.01 192.902 733.59 173.726 151.521 139.547 38.2281 101.319 25.116 76.2032 64.0489 32.4199 721.504 28.9773 692.527 186.411 171.161 57.5954 506.116 77.9537 59.3689 428.162 414.749 113.565 25.9692
internal_count=4046 3204 842 3062 761 668 617 165 452 111 341 287 142 3011 123 2888 779 716 244 2109 330 250 1779 1723 472 112
is_linear=0
shrinkage=0.03


Tree=110
num_leaves=13
num_cat=0
split_feature=6 0 0 6 14 6 9 2 9 9 11 4
split_gain=3.21803 4.48846 5.82734 2.65415 3.51915 3.29642 2.69445 4.37212 3.51128 3.36654 3.32254 2.92833
threshold=2.0320352604408378 0.20137960547918801 0.15797637088179853 0.55347975686968043 0.74634310384372893 0.57074910126653244 0.052316920413228336 0.00060408083411712 0.047765233305515638 0.066195245452091336 0.022224887293326282 -0.015967612973387998
decision_type=2 2 2 2 2 2 2 2 2 2 2 2
left_child=1 2 3 4 -1 -5 8 9 11 -8 -9 -7
right_child=-2 -3 -4 5 -6 6 7 10 -10 -11 -12 -13
leaf_value=6.5584698856387923e-06 -0.012974471040268295 0.016969616608515013 -0.018346706503991419 0.019895258090510522 -0.020815171109009042 -0.0045724270278265028 -0.025606002458325259 0.01350227833586656 0.013997067109845466 -0.003622480572542346 -0.0054305112261274543 0.0011436099422810438
leaf_weight=17.776506900787357 17.133191764354706 14.0576970949769 15.506287932395933 7.8143485635519019 12.402291044592856 91.035651922225952 13.421817943453791 12.432486057281492 17.7115139067173 11.765101224184034 25.356666758656502 707.90743558108807
leaf_count=75 73 64 66 34 51 392 56 52 74 50 106 2977
internal_value=0 0.000144204 -0.000109272 0.000198909 -0.00855035 0.00049644 0.000324107 -0.00565502 0.000785186 -0.0153372 0.000798304 0.000492296
internal_weight=0 947.188 933.13 917.624 30.1788 887.445 879.631 62.9761 816.655 25.1869 37.7892 798.943
internal_count=4070 3997 3933 3867 126 3741 3707 264 3443 106 158 3369
is_linear=0
shrinkage=0.03


Tree=111
num_leaves=17
num_cat=0
split_feature=6 0 0 6 14 4 9 6 11 9 7 9 5 10 13 6
split_gain=3.0242 4.2399 5.49945 2.49814 3.31495 2.64777 4.28443 4.12503 6.08957 3.61127 5.91165 3.60906 3.60206 4.81 3.52782 1.04923
threshold=2.0320352604408378 0.20137960547918801 0.15797637088179853 0.55347975686968043 0.74634310384372893 -0.019717479702352988 -0.030398796029326377 0.727105264357082 0.034092862118770058 -0.067198257574149198 0.13730203229530211 -0.0034077489741204388 -0.025575317542829486 -0.03886023292088419 6.4274999999999993 1.1415087574753386
decision_type=2 2 2 2 2 2 2 2 2 2 2 2 2 2 2 2
left_child=1 2 3 4 -1 12 9 8 -8 -7 -11 -9 13 -5 -14 -16
right_child=-2 -3 -4 5 -6 6 7 11 -10 10 -12 -13 14 -15 15 -17
leaf_value=6.3616189532112566e-06 -0.01257019803648509 0.016524573095997773 -0.017849308075505971 0.014699487863265318 -0.020206959326815623 -0.0048653340939025461 0.0076349923431889861 -0.0050024267041408974 -0.011018047486260668 0.025663883405186057 0.0044810369694905537 0.00050211048708556204 -0.025436136033762054 -0.0086701634340047452 -0.011511082131167534 0.00093438848969525882
leaf_weight=17.776496410369877 17.153374657034874 14.004036024212835 15.460936501622198 14.724459812045099 12.392466887831686 14.72875292599201 115.37268957495689 137.91434977948666 18.242431968450546 18.336568146944046 33.555908858776093 481.35341510176659 11.497597649693487 17.169018521904945 12.173407420516016 12.21331152319908
leaf_count=75 73 64 66 65 51 65 486 577 77 82 142 2018 50 75 52 52
internal_value=0 0.000139936 -0.000106016 0.000192995 -0.00829664 0.000481656 0.000952957 0.000307697 0.0050883 0.00824501 0.0119661 -0.00072378 -0.00521687 0.00211905 -0.0117369 -0.00527816
internal_weight=0 946.916 932.912 917.451 30.169 887.282 819.504 752.883 133.615 66.6212 51.8925 619.268 67.7778 31.8935 35.8843 24.3867
internal_count=4070 3997 3933 3867 126 3741 3447 3158 563 289 224 2595 294 140 154 104
is_linear=0
shrinkage=0.03


Tree=112
num_leaves=12
num_cat=0
split_feature=6 0 0 4 9 9 14 2 9 4 4
split_gain=2.84238 4.00511 5.19039 2.37765 2.95517 3.06524 3.33036 3.83318 2.90505 2.41744 2.72612
threshold=2.0320352604408378 0.20137960547918801 0.15797637088179853 0.034873670238869899 0.052316920413228336 0.057542728439442643 -1.7914721850318445 0.00051019837380697085 0.047765233305515638 0.0255552597864569 -0.015967612973387998
decision_type=2 2 2 2 2 2 2 2 2 2 2
left_child=1 2 3 4 8 -6 -7 -8 9 10 -1
right_child=-2 -3 -4 -5 5 6 7 -9 -10 -11 -12
leaf_value=-0.0044198582353582845 -0.012179824117942229 0.016091337991515207 -0.017366509527703553 0.010538857965221197 -0.017520774599783746 -0.016378803017926987 -0.010183437548897618 0.010018464745360316 0.012393102731681592 -0.0094789267358107113 0.0010850911595856512
leaf_weight=91.514070123434067 17.171772539615631 13.950463250279425 15.414743229746817 19.544598981738091 16.246254652738571 11.583998590707777 13.853002816438673 21.685818120837212 17.895820051431656 22.699229583144188 702.14045094698668
leaf_count=395 73 64 66 83 68 50 58 90 75 98 2950
internal_value=0 0.00013586 -0.000102819 0.000187332 -3.80607e-05 -0.00628369 -0.00240955 0.00214378 0.000436353 0.000174242 0.000450331
internal_weight=0 946.528 932.578 917.163 897.619 63.3691 47.1228 35.5388 834.25 816.354 793.655
internal_count=4070 3997 3933 3867 3784 266 198 148 3518 3443 3345
is_linear=0
shrinkage=0.03


Tree=113
num_leaves=12
num_cat=0
split_feature=6 0 0 6 6 5 9 1 2 9 4
split_gain=2.67172 3.78336 4.89892 2.31937 3.06389 2.47991 2.42661 4.31653 3.61538 3.13353 2.47838
threshold=2.0320352604408378 0.20137960547918801 0.15797637088179853 0.55347975686968043 0.57074910126653244 0.024958941427104479 0.052316920413228336 18.500000000000004 -0.00019324396036475916 0.047765233305515638 -0.015967612973387998
decision_type=2 2 2 2 2 2 2 2 2 2 2
left_child=1 2 3 5 -5 -1 9 -8 -9 10 -6
right_child=-2 -3 -4 4 6 -7 7 8 -10 -11 -12
leaf_value=-0.015058393185334867 -0.011802745133121489 0.01566949817887776 -0.016897692377413277 0.019204150302761281 -0.0042058389948579867 0.0024845154352486744 0.0069422348365285507 -0.021011788634891768 -0.0035447967792282421 0.01323055712574351 0.0010545909637116697
leaf_weight=18.024266719818119 17.18850976228714 13.897063493728636 15.367862164974211 7.7795707136392585 90.969341769814491 12.13489745557308 18.187044709920883 17.538551360368729 27.212756961584091 17.661983579397202 707.55600031465292
leaf_count=75 73 64 66 34 392 51 75 74 115 74 2977
internal_value=0 0.000131823 -9.97522e-05 0.000181742 0.000459955 -0.0079998 0.000294083 -0.00538179 -0.0103903 0.000731765 0.000455314
internal_weight=0 946.329 932.432 917.064 886.905 30.1592 879.126 62.9384 44.7513 816.187 798.525
internal_count=4070 3997 3933 3867 3741 126 3707 264 189 3443 3369
is_linear=0
shrinkage=0.03


Tree=114
num_leaves=20
num_cat=0
split_feature=6 0 0 14 6 13 3 8 4 9 2 0 6 12 1 4 4 1 9
split_gain=2.51155 3.57387 4.62404 2.39788 6.49051 6.02896 6.27825 6.87891 4.07463 5.46432 5.05292 4.69746 4.05751 4.79052 3.98293 3.98177 3.5744 3.50491 1.46522
threshold=2.0320352604408378 0.20137960547918801 0.15797637088179853 1.0011235201792641 0.55347975686968043 4.7939285714285749 51.538173336096087 1.1393650339794537 -0.016899300101087696 -0.035078468311336701 0.0029626798999221374 0.036152336246047863 0.61940465136717326 2293553.5000000005 23.860000610351566 0.0078367499311213801 0.0061991750841360336 29.525000572204593 0.01810335938039476
decision_type=2 2 2 2 2 2 2 2 2 2 2 2 2 2 2 2 2 2 2
left_child=1 2 3 5 -5 6 7 -1 10 17 11 -7 -6 -14 -15 18 -11 -10 -8
right_child=-2 -3 -4 4 12 8 15 -9 9 16 -12 -13 13 14 -16 -17 -18 -19 -20
leaf_value=-0.0097090562634063304 -0.011438394303253666 0.015258665455938021 -0.016442282027420645 -0.023379141444572558 0.014103186414187542 0.0070708941228056913 0.033098541529328111 0.018812552285692268 0.01946276346141702 0.0052790594874062811 -0.024640856241621961 -0.016099671507448718 -0.018667042578112414 -0.0015070349736678772 0.0059353341160183629 0.0046422287266178926 -0.0037783179579786354 0.00028578978245581672 0.018342013978035806
leaf_weight=21.000902608036995 17.203702285885811 13.843914195895193 15.320434734225271 11.384188860654829 16.620129555463791 20.155543833971024 12.129654258489611 11.936000540852545 23.201334848999977 62.62453918159008 12.096013829112051 12.924022525548933 13.389046102762221 482.01676006615162 74.754477888345718 12.073920577764509 104.8993334621191 13.608491256833075 12.093914762139319
leaf_count=88 73 64 66 47 70 86 52 50 101 266 53 57 55 2003 327 53 446 61 52
internal_value=0 0.000127916 -9.67807e-05 0.000176333 -0.000943575 0.00227799 0.0101106 0.000626886 0.000104589 0.00190721 -0.00804884 -0.00198173 -0.0005083 -0.000934224 -0.000507791 0.0187162 -0.000392448 0.0123731 0.0257312
internal_weight=0 946.073 932.229 916.908 598.165 318.744 69.2344 32.9369 249.509 204.334 45.1756 33.0796 586.78 570.16 556.771 36.2975 167.524 36.8098 24.2236
internal_count=4070 3997 3933 3867 2502 1365 295 138 1070 874 196 143 2455 2385 2330 157 712 162 104
is_linear=0
shrinkage=0.03


Tree=115
num_leaves=28
num_cat=0
split_feature=0 5 0 9 0 1 0 5 5 11 8 4 14 13 7 10 1 5 8 5 3 2 8 13 3 13 4
split_gain=2.71224 9.31815 4.80847 7.11436 3.16151 6.43135 7.07186 5.57033 6.78838 5.3126 7.68855 8.87869 9.41988 7.30988 5.74894 4.79155 4.67929 4.358 4.95835 4.16845 3.89758 3.77412 6.80817 6.60954 3.72637 2.27748 4.62854
threshold=-0.092486952719352575 -0.020691752621822376 -0.11785057199633607 0.009580741727016619 -0.041497584316919293 34.739999771118171 -0.037532890410319812 -0.017715659249246115 -0.019555607801839455 -0.013082872181214509 0.99434422031624237 0.006699035081033867 3.658764665667424 4.7260714285714309 0.60054273453224372 -0.18347948151544227 21.260000228881839 -0.021878064619151313 0.8320350620013971 -0.015105578870372614 66.848663602921931 -0.0014309440274360326 0.73998695255226854 9.0539285714285818 38.230784299559964 4.5757142857142785 0.013140389383088593
decision_type=2 2 2 2 2 2 2 2 2 2 2 2 2 2 2 2 2 2 2 2 2 2 2 2 2 2 2
left_child=1 -1 -3 -4 9 6 -6 8 17 15 11 13 20 -11 16 -2 -12 18 -8 -9 -13 23 -23 -21 -7 -16 -27
right_child=4 2 3 -5 5 24 7 19 -10 10 14 12 -14 -15 25 -17 -18 -19 -20 21 -22 22 -24 -25 -26 26 -28
leaf_value=-0.013028647685303513 -0.00048545950925349006 0.0025495303122907752 0.036779808557620884 0.0046873121102828843 0.016518926610222907 0.0049500267832965385 -0.0078653223618218443 -0.016152062816548185 0.024372394497425291 -0.011604553523180374 -0.013943035583925635 -0.017727765907530568 0.0033983261409729995 0.016291251636854409 0.022940172030361548 -0.023931723331857439 0.0091969639374957588 -0.012816255992892725 0.00606047429030544 -0.0075871762042009454 -0.039788834906839786 0.014750469414448356 -0.0013375056251680531 0.015489982890352163 0.030019141659028636 -0.0050381015206569157 0.02108914586858578
leaf_weight=17.362799257040024 12.695635497570036 22.311081722378731 13.244400635361673 11.716570138931273 22.041224598884583 11.612378671765329 27.995516017079353 19.248769462108612 13.20710615813732 15.815179139375685 18.138489350676537 18.021535098552707 13.792748793959616 18.164192080497742 14.015133276581762 20.53009457886219 13.885970771312712 16.079129949212074 129.24833938479424 140.40262459218502 12.011228933930395 25.875035047531128 278.29418298602104 12.135342642664908 9.8739778324961645 12.450068593025209 11.968906253576277
leaf_count=73 55 96 59 50 93 54 119 80 55 65 75 75 57 76 60 86 59 67 553 585 50 108 1168 52 52 52 52
internal_value=0 0.00576647 0.0126698 0.0217157 -0.000598806 0.00030902 -0.000198264 -0.000754453 0.00363977 -0.00413035 -0.00170056 -0.00820171 -0.0171252 0.00330758 0.00547843 -0.0149728 -0.00390941 0.00205996 0.00358114 -0.00247658 -0.0265508 -0.0019002 3.10645e-05 -0.00575124 0.0164704 0.0133007 0.00776811
internal_weight=0 64.6349 47.2721 24.961 887.503 706.014 684.527 662.486 186.53 181.489 148.263 77.8049 43.8255 33.9794 70.4586 33.2257 32.0245 173.323 157.244 475.956 30.0328 456.707 304.169 152.538 21.4864 38.4341 24.419
internal_count=4026 278 205 109 3748 2986 2880 2787 794 762 621 323 182 141 298 141 134 739 672 1993 125 1913 1276 637 106 164 104
is_linear=0
shrinkage=0.03


Tree=116
num_leaves=29
num_cat=0
split_feature=0 5 6 6 0 1 0 5 5 11 8 4 13 7 10 1 2 1 6 5 3 2 8 1 12 13 13 4
split_gain=2.55791 8.78764 5.70745 3.57657 2.97751 6.08984 6.6707 5.24297 6.41391 5.00082 7.24116 8.36139 6.88469 5.42669 4.51565 4.39968 4.25007 5.13587 4.81938 3.91794 3.57944 3.55064 6.41596 6.24708 3.41246 2.75453 2.16228 4.37678
threshold=-0.092486952719352575 -0.020691752621822376 1.2714700579196523 0.93977022217084538 -0.041497584316919293 34.739999771118171 -0.037532890410319812 -0.017715659249246115 -0.019555607801839455 -0.013082872181214509 0.99434422031624237 0.006699035081033867 4.7260714285714309 0.60054273453224372 -0.18347948151544227 21.260000228881839 0.0049426041384897932 25.489999771118168 1.0535588578822568 -0.015105578870372614 38.230784299559964 -0.0014309440274360326 0.73998695255226854 18.57499980926514 6668360.0000000009 6.2435714285714292 4.5757142857142785 0.013140389383088593
decision_type=2 2 2 2 2 2 2 2 2 2 2 2 2 2 2 2 2 2 2 2 2 2 2 2 2 2 2 2
left_child=1 -1 3 -3 9 6 -6 8 16 14 11 12 -11 15 -2 -12 17 -8 -18 -9 -7 23 -23 -21 -13 -26 -15 -28
right_child=4 2 -4 -5 5 20 7 19 -10 10 13 24 -14 26 -16 -17 18 -19 -20 21 -22 22 -24 -25 25 -27 27 -29
leaf_value=-0.012636887494467624 -0.00047087393921841958 0.0097813748275550703 -0.0030852080655012497 0.029758533153867606 0.016065486628888147 0.0048080651759304874 0.0029166214600275788 -0.015654813590864208 0.023721738365363659 -0.011246350916749401 -0.013510980869831078 -0.029621305516612101 0.01583069501475098 0.022359232470613003 -0.023235882009834528 0.0089246878920254385 -0.00055355610679454909 -0.010912743672273448 0.026124111272893682 -0.01213613196410469 0.029462677946812562 0.014332470843106352 -0.0012971993436590491 4.1836166198391343e-05 -0.0034690562371683486 -0.021553103535959101 -0.0048831642929683802 0.020547086731613543
leaf_weight=17.36401455104351 12.69621382653713 16.75170487165451 14.820627778768538 15.555377051234244 21.98429848253727 11.596825063228609 118.39972506463528 19.264126405119896 13.162950649857519 15.82911606132984 18.156681030988693 12.847699195146559 18.132343575358391 13.948909059166906 20.510842844843864 13.880402848124502 11.498450621962549 30.367440953850746 12.967770919203756 70.400822803378105 9.7603862136602384 25.831442669034004 278.33247336745262 82.149665609002113 17.667123600840572 13.277595579624174 12.459595546126367 11.916916757822035
leaf_count=73 55 74 63 68 93 54 500 80 55 65 75 53 76 60 86 59 50 133 56 290 52 108 1168 347 73 56 52 52
internal_value=0 0.00560705 0.012329 0.0194001 -0.000580981 0.000300044 -0.000192267 -0.000731863 0.00353328 -0.00400996 -0.00165095 -0.00796101 0.00321034 0.00532196 -0.014532 -0.00379049 0.00199928 9.36704e-05 0.0135863 -0.00240212 0.0160754 -0.00184312 3.01669e-05 -0.0055782 -0.0166245 -0.0112285 0.0129393 0.00754889
internal_weight=0 64.4917 47.1277 32.3071 887.04 705.716 684.359 662.375 186.396 181.323 148.116 77.7539 33.9615 70.3625 33.2071 32.0371 173.233 148.767 24.4662 475.979 21.3572 456.714 304.164 152.55 43.7924 30.9447 38.3254 24.3765
internal_count=4026 278 205 142 3748 2986 2880 2787 794 762 621 323 141 298 141 134 739 633 106 1993 106 1913 1276 637 182 129 164 104
is_linear=0
shrinkage=0.03


Tree=117
num_leaves=15
num_cat=0
split_feature=0 5 6 6 8 11 5 1 8 2 11 8 12 5
split_gain=2.41126 8.28417 5.39935 3.40438 3.20804 3.17378 3.1559 3.71775 3.7833 5.17891 3.69844 3.64209 2.59055 2.18286
threshold=-0.092486952719352575 -0.020691752621822376 1.2714700579196523 0.93977022217084538 0.56493793799143488 0.047585706381605426 0.06461621795901136 34.739999771118171 0.71339329522537864 -0.00062667925596702383 0.039282820964454353 0.74387368301455858 55295018.000000007 -0.0069168407750539443
decision_type=2 2 2 2 2 2 2 2 2 2 2 2 2 2
left_child=1 -1 3 -3 -2 6 7 8 9 -6 11 -10 -7 -11
right_child=4 2 -4 -5 5 12 -8 -9 10 13 -12 -13 -14 -15
leaf_value=-0.012257816927492829 0.019001999501241009 0.0095062541958034312 -0.0029925826607703466 0.029034592314455224 -0.023459471080865713 -0.0027287023328562395 -0.012861076205003399 0.012971900026492319 0.012494607828568545 -0.009437255488413579 0.013311723335237377 -0.00060620330551252059 -0.019389019128964971 0.0081863577794892631
leaf_weight=17.363961696624756 7.4785002619028083 16.719910100102425 14.82096493244171 15.466290324926375 14.831296622753142 20.26635667681694 17.806392505764961 19.139734201133251 19.612062633037567 13.446426630020142 18.509661853313446 729.1948307454586 14.345581904053686 11.943620026111603
leaf_count=73 32 74 63 68 62 86 76 98 83 56 78 3066 61 50
internal_value=0 0.00544971 0.0119907 0.0188901 -0.000563662 -0.000730108 -0.000365179 -9.60206e-05 -0.000405748 -0.00937455 6.43805e-05 -0.000263079 -0.00963389 -0.00114701
internal_weight=0 64.3711 47.0072 32.1862 886.574 879.096 844.484 826.678 807.538 40.2213 767.317 748.807 34.6119 25.39
internal_count=4026 278 205 142 3748 3716 3569 3493 3395 168 3227 3149 147 106
is_linear=0
shrinkage=0.03


Tree=118
num_leaves=15
num_cat=0
split_feature=0 5 6 6 8 11 5 1 8 0 0 11 8 12
split_gain=2.27315 7.81008 5.10854 3.24219 3.02283 2.98738 2.96886 3.51249 3.55844 4.44625 10.6526 3.48323 3.43187 2.44133
threshold=-0.092486952719352575 -0.020691752621822376 1.2714700579196523 0.93977022217084538 0.56493793799143488 0.047585706381605426 0.06461621795901136 34.739999771118171 0.71339329522537864 0.032396355095536851 -0.016862044087486924 0.039282820964454353 0.74387368301455858 55295018.000000007
decision_type=2 2 2 2 2 2 2 2 2 2 2 2 2 2
left_child=1 -1 3 -3 -2 6 7 8 9 10 -6 12 -10 -7
right_child=4 2 -4 -5 5 13 -8 -9 11 -11 -12 -13 -14 -15
leaf_value=-0.011890922188808162 0.01846007971391191 0.0092387192086901115 -0.0029027514501881952 0.028334361627450937 -0.019332385927265845 -0.0026467008114251385 -0.012473082037564389 0.012636016281520555 0.012138555274481136 -0.023474171851629314 0.018390257266497404 0.012924884506523382 -0.00058798199821927905 -0.018824016716935524
leaf_weight=17.362751111388206 7.4672707319259635 16.688447192311287 14.821235105395315 15.374454841017721 14.813615977764128 20.267415851354599 17.809428483247757 19.060262955725193 19.582169339060783 13.062085092067717 12.357985556125643 18.492011457681656 729.2378731071949 14.333066582679747
leaf_count=73 32 74 63 68 61 86 76 98 83 54 53 78 3066 61
internal_value=0 0.00529712 0.0116624 0.0183953 -0.000546772 -0.000708236 -0.000354213 -9.31087e-05 -0.00039355 -0.00909033 -0.00217565 6.24617e-05 -0.000255174 -0.00934807
internal_weight=0 64.2469 46.8841 32.0629 886.483 879.016 844.415 826.606 807.546 40.2337 27.1716 767.312 748.82 34.6005
internal_count=4026 278 205 142 3748 3716 3569 3493 3395 168 114 3227 3149 147
is_linear=0
shrinkage=0.03


Tree=119
num_leaves=26
num_cat=0
split_feature=0 5 6 9 4 8 0 2 2 0 11 11 1 1 11 4 5 8 0 8 0 10 0 14 14
split_gain=2.14307 7.36354 4.84458 3.52532 2.89214 3.49459 3.09643 12.5781 11.2458 4.94741 4.6951 5.63886 4.40387 6.30579 6.83218 6.90748 6.47009 3.12386 3.47303 7.28862 9.27882 6.67782 5.72085 10.7704 10.5048
threshold=-0.092486952719352575 -0.020691752621822376 1.3376457783805094 0.012588584408010141 0.027964427814016649 0.9492036855297068 -0.061118747411496192 -0.00030193910553939974 0.0043284165133879509 -0.06995146315138405 0.0072189407704036377 -0.0051538697208497455 27.98499965667725 25.32499980926514 0.016901193386275274 0.012161052496934445 -0.021878064619151313 0.60118419170711568 -0.016862044087486924 0.85740186913600669 -0.031541631182187051 -0.24907395071978986 0.036152336246047863 -0.63582384478283904 -1.1157570576563358
decision_type=2 2 2 2 2 2 2 2 2 2 2 2 2 2 2 2 2 2 2 2 2 2 2 2 2
left_child=1 -1 3 -3 6 -6 7 -2 17 10 11 -9 13 14 16 -16 -10 -8 19 20 -19 -21 23 -20 -24
right_child=4 2 -4 -5 5 -7 8 9 12 -11 -12 -13 -14 -15 15 -17 -18 18 22 21 -22 -23 24 -25 -26
leaf_value=-0.011535721104227131 0.01595872519265126 0.024529153219295847 -0.0046568591353515192 0.0045904166101788362 -0.020836415790401332 -0.0012859842680318361 0.016219853658718714 -0.013002908221739124 0.017538697704591828 -0.025402814210676476 -0.020615136275149847 0.015965308167946207 0.022013170166965877 -0.01133943383542594 0.0041710447588407962 0.033632624062611957 -0.0033940990468503173 -0.0022706567212911716 0.016863616482366926 -0.01287471156895131 -0.028071426574389234 0.0026233229223387397 -0.017373334754737901 0.00021749245364476925 -0.00039630211215107165
leaf_weight=17.360485851764679 17.852427527308464 21.62723433971405 12.483664512634276 12.648161783814428 13.667040705680845 20.678867816925049 9.1394414007663709 12.235994845628737 19.86560246348381 18.989050269126892 13.797110214829443 11.95800866186619 18.85634995251894 15.58943699300289 12.39418037235737 16.967057883739471 40.143080323934555 26.105972588062286 41.858667001128197 33.391817763447762 24.150086402893066 99.828628644347191 40.943151891231537 212.95229695737362 164.98016327619553
leaf_count=73 76 98 53 54 58 90 39 52 85 78 58 51 85 65 53 73 169 109 181 140 99 418 177 892 700
internal_value=0 0.0051491 0.0113438 0.0171714 -0.000530407 -0.00906556 -0.000186337 -0.00601466 0.000374867 -0.0128991 -0.00664944 0.00131478 0.00866468 0.00626657 0.00933771 0.0211961 0.00353561 -0.00119613 -0.00144321 -0.00493378 -0.014669 -0.00126127 -5.31696e-05 0.00295201 -0.0037718
internal_weight=0 64.1195 46.7591 34.2754 886.344 34.3459 851.999 74.8326 777.166 56.9802 37.9911 24.194 123.816 104.959 89.3699 29.3612 60.0087 653.35 644.211 183.477 50.2561 133.22 460.734 254.811 205.923
internal_count=4026 278 205 152 3748 148 3600 315 3285 239 161 103 530 445 380 126 254 2755 2716 766 208 558 1950 1073 877
is_linear=0
shrinkage=0.03


Tree=120
num_leaves=31
num_cat=0
split_feature=0 14 9 0 4 2 0 2 14 0 4 1 8 0 3 0 13 13 4 3 3 10 1 0 14 5 0 0 8 5
split_gain=2.71474 6.56948 3.29896 4.87406 4.61 9.7274 4.8774 7.57425 5.03476 4.72602 8.66601 6.15382 6.03163 11.5795 3.91994 8.16587 8.04152 11.8431 8.00143 5.77812 4.73454 3.82767 3.44735 8.66711 7.49504 7.01209 8.9458 7.97886 6.90826 8.92166
threshold=0.14671221004283644 1.6356264779032177 0.011959459268253482 0.075578345495094471 -0.0012833998019791679 -0.0030203998640230666 -0.034033997090761985 0.0023311895743291914 4.1068081183577378 0.032396355095536851 0.00022505008786710692 20.610000610351566 0.75271544192654238 -0.013014501998048876 56.935619421282105 0.073559273058729127 4.1603571428571415 2.721071428571427 -0.0024755481196631619 61.164146726175545 60.391490378646985 0.24892637278233834 21.954999923706058 -0.10208878064042463 -1.7914721850318445 0.031130247917703417 -0.048538397830247486 0.025276442841954298 0.87029170229588992 0.02882833189284623
decision_type=2 2 2 2 2 2 2 2 2 2 2 2 2 2 2 2 2 2 2 2 2 2 2 2 2 2 2 2 2 2
left_child=2 -2 14 4 5 -4 -7 8 -8 10 -6 -11 13 -12 22 16 17 -16 -18 -20 -19 -14 23 -1 25 26 -24 -28 -25 -30
right_child=1 -3 3 -5 9 6 7 -9 -10 11 12 -13 21 -15 15 -17 18 20 19 -21 -22 -23 24 28 -26 -27 27 -29 29 -31
leaf_value=0.02081093910783537 -0.019806008627844034 0.0036861250524229763 0.0073961632133341896 0.012452401462841852 0.024613882391555299 -0.0004753339700776902 -0.018214495523854034 -0.0019802393326230744 -0.042835409040426604 -0.020460520457697279 -0.0014345301782813043 0.0059526096390308519 -0.0043953794423806673 0.032030833492136361 0.026602312936695943 -0.015678816577848812 0.03470082756179993 0.0070917553247382137 -0.0017238889370187855 0.019353222866511678 -0.014421011059052856 0.0052121986848062875 -0.032333783006596742 -0.020372029124247227 0.010332845084451861 0.0098633401353964145 0.01092185300052762 -0.016114814190209086 0.0015043671370466366 -0.016260503776765162
leaf_weight=13.372117653489111 20.617237985134125 22.302683368325233 23.962843015789986 20.673370003700256 12.685098409652708 15.095858395099638 17.80044956505299 14.084160700440405 12.886517062783239 22.882485389709473 27.724901184439659 12.155943922698496 194.87649682164192 14.006793528795241 11.961005628108976 13.635180130600927 15.667605280876158 13.78392434120178 21.097381621599197 26.296884894371033 27.729835689067841 46.160938575863838 11.805534109473227 21.048660099506378 74.593008384108543 25.358910873532295 19.710422769188881 19.584930717945099 126.21177999675274 31.866682425141335
leaf_count=58 92 98 103 87 53 63 73 60 53 94 117 53 813 60 53 57 67 58 89 112 115 197 52 87 326 110 87 83 526 134
internal_value=0 -0.00759868 0.000122389 -0.00176393 -0.00247328 -0.00875652 -0.0152219 -0.0201942 -0.0285537 -0.000879528 0.000355894 -0.011297 -0.000732326 0.00979776 0.0018545 0.00628789 0.00885807 0.000300148 0.0161149 0.00997082 -0.00727807 -0.00255544 0.000174686 -0.00248737 0.00356717 -0.00303332 -0.00943331 -0.00255331 -0.00422663 -0.00207681
internal_weight=0 42.9199 908.72 434.996 414.322 83.8298 59.867 44.7711 30.687 330.493 295.454 35.0384 282.769 41.7317 473.724 130.172 116.537 53.4748 63.0619 47.3943 41.5138 241.037 343.552 192.499 151.053 76.4598 51.1009 39.2954 179.127 158.078
internal_count=4030 190 3840 1826 1739 352 249 186 126 1387 1240 147 1187 177 2014 551 494 226 268 201 173 1010 1463 805 658 332 222 170 747 660
is_linear=0
shrinkage=0.03


Tree=121
num_leaves=27
num_cat=0
split_feature=0 6 9 9 1 0 4 2 0 2 14 0 4 0 1 12 13 13 4 11 0 4 1 4 0 3
split_gain=2.56333 7.99818 7.67013 3.49739 5.44643 4.09547 4.33684 9.14721 4.58413 7.11831 4.72737 4.44734 8.18544 5.79487 5.78845 4.58821 3.80899 6.90776 3.60708 10.4445 11.831 8.57917 8.79332 6.84444 2.61416 1.8223
threshold=0.12763802256548665 1.229027503296779 -0.029346282711609824 0.011959459268253482 33.649999618530281 0.075578345495094471 -0.0012833998019791679 -0.0030203998640230666 -0.034033997090761985 0.0023311895743291914 4.1068081183577378 0.032396355095536851 0.00022505008786710692 0.020885966091917733 20.610000610351566 41823004.500000007 2.721071428571427 3.0732142857142848 -0.015967612973387998 -0.027636132731346848 0.023873156760909401 -0.0025970538177605969 29.94999980926514 -0.0074612777617738537 0.0093657919833756171 38.230784299559964
decision_type=2 2 2 2 2 2 2 2 2 2 2 2 2 2 2 2 2 2 2 2 2 2 2 2 2 2
left_child=3 -2 -3 4 16 6 7 24 -9 10 -10 12 -8 15 -13 -14 -1 -18 19 20 -19 23 -23 -20 -5 -21
right_child=1 2 -4 5 -6 -7 11 8 9 -11 -12 14 13 -15 -16 -17 17 18 21 25 -22 22 -24 -25 -26 -27
leaf_value=0.014660117829914495 -0.023249157410692802 -0.01428356598469843 0.013005365079594237 -0.0032264245583304039 0.020001641863292022 0.011655997189716851 0.023968278452664641 -0.00046104882096393028 -0.017658302480665855 -0.0019202332014435495 -0.041505781413088652 -0.019843913629709813 -0.0055973187849205058 0.014892652949306825 0.0057776066216303646 0.0023487894438863608 -0.015312484959786907 0.024014302971253516 0.0029148225474567701 -0.0086742382484361145 -0.011611903583487022 0.00099086012145994332 -0.02347902112700339 0.017237296901566088 0.016625643897852815 -0.023213477450056162
leaf_weight=18.670777752995491 17.509254604578018 16.258886203169823 21.564758591353893 11.385856240987779 14.622596167027949 19.53753687441349 12.636714503169058 15.09668183326721 17.810129553079609 14.088487848639486 12.900114864110945 22.88564370572567 140.27514119446278 19.913608714938164 12.148534975945948 122.52320392429829 22.632242128252983 17.487232804298401 66.767959997057915 13.44576206803322 16.124978542327881 205.11095559597015 14.127295151352881 54.574316918849945 12.550171121954916 18.342762216925621
leaf_count=81 76 71 95 48 72 82 53 63 73 60 53 94 585 83 53 519 94 75 283 57 69 864 61 233 55 78
internal_value=0 -0.00648534 0.00127493 0.000168144 0.00198477 -0.0017664 -0.0023995 -0.00849348 -0.014758 -0.019576 -0.0276757 -0.000853216 0.000345569 -0.000710324 -0.0109593 -0.00189264 0.00139576 0.000817955 0.00171718 -0.00473586 0.00692314 0.00295634 -0.000585932 0.00935643 0.00718244 -0.0170637
internal_weight=0 55.3329 37.8236 895.659 461.907 433.752 414.214 83.8314 59.8954 44.7987 30.7102 330.383 295.349 282.712 35.0342 262.798 447.284 428.614 405.981 65.4007 33.6122 340.581 219.238 121.342 23.936 31.7885
internal_count=4030 242 166 3788 1967 1821 1739 352 249 186 126 1387 1240 1187 147 1104 1895 1814 1720 279 144 1441 925 516 103 135
is_linear=0
shrinkage=0.03


Tree=122
num_leaves=29
num_cat=0
split_feature=1 0 1 3 11 3 4 5 12 1 12 1 8 6 8 13 12 11 0 11 5 9 10 0 7 0 13 13
split_gain=2.50934 2.30864 6.08083 3.33398 7.74992 6.21364 5.46119 6.72443 5.99672 5.77458 4.25394 2.99992 5.58738 10.095 6.24777 6.17427 6.43644 5.83627 5.56723 4.77092 6.22581 6.96445 4.71875 4.13767 3.82769 2.77489 2.53913 3.05152
threshold=12.405000209808351 0.14671221004283644 22.775000572204593 65.861025529946332 -0.0004804699107665566 72.648809520647816 0.02371931850552789 0.027263353933561444 2791800.0000000005 17.894999504089359 3975856.5000000005 21.954999923706058 0.87029170229588992 0.727105264357082 0.92425354577675611 4.5757142857142785 4095023.5000000005 0.023139996482104189 -0.11785057199633607 0.034092862118770058 0.03249231521440555 0.044001479456512678 -0.024820069338550962 -0.018517727916590562 0.87345023574787606 0.20137960547918801 5.3317857142857124 3.8739285714285709
decision_type=2 2 2 2 2 2 2 2 2 2 2 2 2 2 2 2 2 2 2 2 2 2 2 2 2 2 2 2
left_child=-1 3 -3 11 5 -5 7 8 -6 -9 -10 12 13 -2 22 16 -16 -17 -13 20 21 -20 -14 -22 -21 -4 27 -15
right_child=1 2 25 4 6 -7 -8 9 10 -11 -12 18 14 26 15 17 -18 -19 19 24 23 -23 -24 -25 -26 -27 -28 -29
leaf_value=0.011980103221796299 0.01181134481206917 0.0071968125577216262 -0.027056604478934938 0.00096033488129881905 -0.021212113076532969 0.028209617347036468 -0.021994375330065163 0.023955665294573256 0.0088832110724385901 -0.0022916664273691261 -0.0057723717754256639 -0.016647445778175167 0.021730165284291662 -0.020056348567664008 -0.0026843893696148367 -0.0067042545452939677 0.011529887046136276 0.0079057623344349331 0.0022624263538405642 -0.013795652268946511 0.02972783743671344 0.022488767712278618 0.0019940226514138619 0.006583924315115874 0.0075620741412409731 -0.0075004948604614182 -0.024794723941874489 -0.0018668330924078089
leaf_weight=14.953004509210585 16.617398232221603 16.322420284152031 11.630411118268968 21.111389204859734 20.297482386231422 11.708402976393698 15.685736984014509 13.573783949017526 20.429836913943291 16.981665715575218 139.79634581506252 11.452274113893507 21.38769942522049 15.6643930375576 54.105588495731354 140.55291348695755 60.988927185535431 29.830749914050102 148.32400573045015 20.35115846991539 15.874368607997896 17.086197301745415 22.240908548235893 12.369516454637049 12.008313983678816 14.891135111451147 16.544704660773277 17.657747387886047
leaf_count=65 69 72 50 89 83 50 67 58 84 71 578 50 90 65 225 588 259 128 651 87 70 74 93 54 51 68 68 73
internal_value=0 -0.000407304 -0.0072099 -8.08012e-05 -0.00294397 0.0106815 -0.00491598 -0.00364685 -0.00584979 0.0093683 -0.00390369 0.00109324 -0.000506806 -0.00843933 0.00109568 -0.000520224 0.0048478 -0.00414633 0.00375873 0.00479272 0.00657446 0.00435172 0.0116691 0.0195919 -0.00586999 -0.0160764 -0.0151876 -0.0104175
internal_weight=0 935.485 42.844 892.642 259.585 32.8198 226.765 211.079 180.524 30.5554 160.226 633.057 395.591 66.4842 329.107 285.478 115.095 170.384 237.466 226.014 193.654 165.41 43.6286 28.2439 32.3595 26.5215 49.8668 33.3221
internal_count=4030 3965 190 3775 1080 139 941 874 745 129 662 2695 1658 275 1383 1200 484 716 1037 987 849 725 183 124 138 118 206 138
is_linear=0
shrinkage=0.03


Tree=123
num_leaves=31
num_cat=0
split_feature=0 14 9 0 4 2 0 2 7 0 4 8 0 7 11 3 13 13 2 3 4 3 8 0 0 4 9 10 11 14
split_gain=2.29819 5.91647 2.88661 4.34739 4.08903 8.51853 4.30169 6.63173 4.56282 4.14356 7.7439 5.73388 10.9103 4.12152 3.90036 3.65397 7.61025 13.3775 7.73167 6.27611 5.09982 5.34162 3.43841 3.18853 3.13645 4.2724 5.33717 8.01698 8.74302 5.97065
threshold=0.14671221004283644 1.6356264779032177 0.011959459268253482 0.075578345495094471 -0.0012833998019791679 -0.0030203998640230666 -0.034033997090761985 0.0023311895743291914 0.85614875500323995 0.032396355095536851 0.00022505008786710692 0.75271544192654238 -0.013014501998048876 0.90887543445728203 0.047585706381605426 56.935619421282105 4.1603571428571415 2.721071428571427 -0.0034885212238337641 61.469182385444874 -0.0024755481196631619 61.164146726175545 0.85740186913600669 -0.015879360092297786 -0.10208878064042463 -0.0023625874469518911 -0.00034569817375179607 -0.032325825610032714 0.0062731516120386752 3.1383246633081376
decision_type=2 2 2 2 2 2 2 2 2 2 2 2 2 2 2 2 2 2 2 2 2 2 2 2 2 2 2 2 2 2
left_child=2 -2 15 4 5 -4 -7 8 -8 10 -6 12 -12 -11 -13 24 17 -17 -18 -19 -20 -22 -21 -23 -1 -26 29 28 -28 -27
right_child=1 -3 3 -5 9 6 7 -9 -10 13 11 14 -14 -15 -16 16 18 19 20 22 21 23 -24 -25 25 26 27 -29 -30 -31
leaf_value=0.0099675279564273838 -0.018602547516170884 0.0037173271207287537 0.006908636131629944 0.011796737169657713 0.023371046264014178 -0.00042831245943390707 -0.036118919382691329 -0.001902850841837723 -0.01246543834277019 0.0002331805986120095 -0.0012893859912742323 -0.0013065967550729134 0.031277709954054898 -0.020379013806049874 -0.015074754814840639 0.024766050941142329 -0.0075152213681789126 0.0040770083157497684 0.033775988061133029 -0.0068504448149696749 0.00036219462519101613 0.010980593358712072 -0.027942032105810314 0.032747696908061702 0.0023634546526718307 -0.0052379367075406262 0.031492768381116032 -0.013758980465777166 -0.0040160503376826095 -0.025731966005908293
leaf_weight=26.803143218159676 20.557182759046555 22.265425957739353 23.881953418254852 20.611136689782143 12.578844025731085 15.087386563420294 18.56577338278294 14.080961018800734 12.138799145817755 16.647691369056702 27.689393445849419 220.70329770445824 13.908427327871321 18.358957573771477 20.214130535721779 13.298792734742163 13.593138262629507 18.816437676548958 13.492916539311407 12.792087391018869 18.277531161904335 12.135886013507841 15.248536616563795 12.090758204460146 177.34111928939819 84.975795298814774 13.324571758508684 13.581177145242689 11.738492310047148 15.061820253729818
leaf_count=117 92 98 103 87 53 63 76 60 50 71 117 924 60 76 86 59 58 79 58 53 77 52 63 52 761 359 57 57 50 62
internal_value=0 -0.00699743 0.000114622 -0.00165043 -0.00232014 -0.00824018 -0.0142827 -0.01895 -0.0267677 -0.000818073 0.000339583 -0.000685881 0.00959958 -0.0105767 -0.00246181 0.00173735 0.0060254 -0.00178924 0.0127806 -0.00932606 0.0177074 0.0126064 -0.0183201 0.0218439 0.000114498 -0.000721176 -0.00466569 0.00480336 0.0148619 -0.00832355
internal_weight=0 42.8226 907.039 434.467 413.856 83.7549 59.8729 44.7855 30.7046 330.101 295.094 282.515 41.5978 35.0066 240.917 472.572 129.746 60.1559 69.5902 46.8571 55.9971 42.5042 28.0406 24.2266 342.826 316.023 138.682 38.6442 25.0631 100.038
internal_count=4030 190 3840 1826 1739 352 249 186 126 1387 1240 1187 177 147 1010 2014 551 254 297 195 239 181 116 104 1463 1346 585 164 107 421
is_linear=0
shrinkage=0.03


Tree=124
num_leaves=20
num_cat=0
split_feature=1 13 0 6 9 1 9 2 0 5 0 13 9 0 8 3 3 7 3
split_gain=2.35754 2.2452 2.85309 8.36982 8.45344 4.20277 3.13113 4.6009 4.78748 6.08862 5.65344 4.32076 6.61956 8.07363 4.75387 4.47997 9.42462 5.34333 2.53821
threshold=12.405000209808351 12.431785714285722 0.12763802256548665 1.229027503296779 -0.029346282711609824 34.739999771118171 0.012260354152565102 0.01099093388115681 -0.06995146315138405 -0.019555607801839455 -0.062067735558236962 4.5757142857142785 0.017400458065285344 0.049413025728230815 0.87630553643739284 63.490655889109554 69.484229147235595 0.91511097998882618 40.041364824278723
decision_type=2 2 2 2 2 2 2 2 2 2 2 2 2 2 2 2 2 2 2
left_child=-1 2 5 -4 -5 6 7 8 9 -2 -10 12 14 -14 -8 17 -17 -13 -3
right_child=1 18 3 4 -6 -7 11 -9 10 -11 -12 15 13 -15 -16 16 -18 -19 -20
leaf_value=0.011637921754365409 -0.0069491411601279455 0.017999551152213279 -0.024896958176957997 -0.017024094821229539 0.01267493263921543 0.01613393745862397 0.0025624638985457448 -0.01317719389863139 -0.019687060429120249 0.01582515595265814 0.0013561753141601931 -0.0045225462881850961 0.0020683489956625795 0.025743198972970349 -0.019145699100508146 -0.017898349886151486 -0.0017786407905567348 0.0097266136034581206 -0.0015854298842587274
leaf_weight=14.904018074274061 14.123156085610388 12.531578153371813 16.776269659399986 14.396994039416311 21.517199799418449 13.929380491375921 16.32403402030468 18.97220504283905 11.877628356218336 41.935603097081184 352.33502082526684 84.444772660732269 101.69399642944336 14.85803973674774 20.456847220659256 56.311836421489716 77.663648411631584 32.917997747659683 11.349298164248465
leaf_count=65 58 56 73 62 95 70 68 83 49 185 1490 359 422 62 85 234 325 138 51
internal_value=0 -0.000388481 -0.000626634 -0.00740257 0.000769425 -0.000210442 -0.000480217 0.00127375 0.0019261 0.0100875 0.000669918 -0.00238403 0.0015848 0.00508642 -0.00951122 -0.00480527 -0.00855399 -0.000525931 0.00869186
internal_weight=0 934.416 910.535 52.6905 35.9142 857.844 843.915 439.244 420.271 56.0588 364.213 404.671 153.333 116.552 36.7809 251.338 133.975 117.363 23.8809
internal_count=4030 3965 3858 230 157 3628 3558 1865 1782 243 1539 1693 637 484 153 1056 559 497 107
is_linear=0
shrinkage=0.03


Tree=125
num_leaves=27
num_cat=0
split_feature=12 6 3 11 9 6 9 3 8 14 10 13 0 4 8 14 11 13 5 0 0 2 2 10 10 1
split_gain=3.85981 4.38425 4.31288 1.91776 4.81819 4.24638 2.8904 4.40958 4.45017 4.46759 4.76356 4.05388 3.77893 4.7406 3.45094 5.7317 4.32873 4.71842 3.73196 4.39782 5.18709 4.13838 3.3525 3.86299 3.27207 1.09424
threshold=2469604.5000000005 0.7580296670383827 65.106893723011765 0.047585706381605426 0.024305011122361501 0.89803379387493887 -0.0042682231907351645 50.845515155143794 1.2563905003108105 1.0011235201792641 -0.21206474011885643 4.7732142857142899 -0.10660658524218429 0.022164141349841352 0.85958412149555963 2.0743162392587884 0.011516082548619135 6.9528571428571482 -0.068113525236928915 0.06559636676233839 0.04200118787817176 -1.0000000180025095e-35 -0.0042278964131501713 0.022062404800122008 -0.2667907045595555 17.765000343322757
decision_type=2 2 2 2 2 2 2 2 2 2 2 2 2 2 2 2 2 2 2 2 2 2 2 2 2 2
left_child=1 2 25 6 -5 -6 14 22 9 10 -9 -12 -11 -14 15 -2 18 -18 -16 20 -20 -21 -8 24 -24 -1
right_child=3 -3 -4 4 5 -7 7 8 -10 12 11 -13 13 -15 16 -17 17 -19 19 21 -22 -23 23 -25 -26 -27
leaf_value=-0.0010013442806780294 -0.027525347469751434 -0.02104973867861519 -0.015536350957930121 0.0099636577937675108 -0.023579589608909005 0.00017765406963329898 0.023198457550669183 0.021201395161726626 -0.016198626551011151 0.017357157911223255 0.013990427038516565 -0.00091665633374095811 0.00022461179252075822 -0.016120779460411298 -0.012364038397749367 0.0010339040921629723 -0.025416652782654706 -0.00022221016179740618 0.00066010088117380433 0.0036655315729071506 -0.018584436928132955 0.021243799410574436 0.0013912532834750566 -0.0034112855968107011 0.020840871664875041 0.011792975968216305
leaf_weight=12.094345554709436 11.900939241051676 16.033857002854347 14.089737311005591 11.71918301284313 15.231299847364427 12.190850138664244 12.381197571754454 17.963094964623451 13.296426206827162 10.993609577417372 24.468184933066368 49.904575489461422 370.76968432962894 16.688032284379005 18.665574491024017 13.497812569141386 12.750334382057192 14.075294271111487 145.2909501940012 43.896660730242729 13.802766308188437 16.616450622677803 13.41094273328781 23.145292997360229 18.556007310748104 11.971016854047773
leaf_count=50 51 67 58 51 65 52 55 78 56 47 109 215 1552 71 82 57 54 61 620 193 59 72 57 98 79 51
internal_value=0 -0.00788626 -0.00235459 0.000357551 -0.00613715 -0.013018 0.000652434 0.00189083 0.000926646 0.0013906 0.00733645 0.00398768 1.27317e-05 -0.000479394 -0.00178422 -0.0123479 -0.000772126 -0.0121972 0.000514156 0.00160874 -0.00100953 0.00849239 0.00909201 0.00592293 0.0126813 0.00536303
internal_weight=0 54.189 38.1551 901.215 39.1413 27.4221 862.074 571.577 504.084 490.787 92.3359 74.3728 398.451 387.458 290.497 25.3988 265.098 26.8256 238.272 219.607 159.094 60.5131 67.4934 55.1122 31.967 24.0654
internal_count=4060 226 159 3834 168 117 3666 2417 2128 2072 402 324 1670 1623 1249 108 1141 115 1026 944 679 265 289 234 136 101
is_linear=0
shrinkage=0.03


Tree=126
num_leaves=25
num_cat=0
split_feature=12 6 3 11 9 6 11 9 3 4 1 9 3 3 8 14 8 14 11 13 0 2 0 1
split_gain=3.63382 4.12117 4.06355 1.80589 4.53748 4.00652 2.74339 2.35362 4.75833 6.26616 4.80347 4.19336 4.1614 5.96307 3.98523 3.95517 3.22866 5.41253 4.37193 4.1325 2.73935 5.85893 4.83892 1.03131
threshold=2469604.5000000005 0.7580296670383827 65.106893723011765 0.047585706381605426 0.024305011122361501 0.89803379387493887 0.042197981356447485 -0.0042682231907351645 47.245910043835515 0.011973992038004979 23.229999542236332 0.0098415502886567436 70.846450722424109 53.609257098419008 1.2563905003108105 2.7555198390780196 0.85958412149555963 2.0743162392587884 0.011516082548619135 6.9528571428571482 0.06559636676233839 -0.010304453336912772 0.04200118787817176 17.765000343322757
decision_type=2 2 2 2 2 2 2 2 2 2 2 2 2 2 2 2 2 2 2 2 2 2 2 2
left_child=1 2 23 6 -5 -6 7 16 9 11 14 -9 13 -12 15 -10 17 -2 20 -20 22 -22 -18 -1
right_child=3 -3 -4 4 5 -7 -8 8 10 -11 12 -13 -14 -15 -16 -17 18 -19 19 -21 21 -23 -24 -25
leaf_value=-0.00097128938122050066 -0.026769048953832024 -0.020412288272846888 -0.015092434714604839 0.0096669785067627616 -0.022913281257972137 0.00017232566857932569 0.014268285555672437 0.027678837337788642 0.0040162296143384539 -0.0074986258445856142 0.024131305022551786 0.005442273744993514 0.023583178478603809 0.00044261031858860284 -0.016009777716827916 -0.0020659708967886471 -1.8825819068915082e-05 0.0010029492332702288 -0.024643003332014024 -0.00097564530651522588 -0.0068451899872985526 0.011813659058552571 -0.0184046684928196 0.011453464818542699
leaf_weight=12.094525545835497 11.870517775416376 16.038457795977592 14.069347128272055 11.716518595814703 15.204399406909944 12.19078269600868 13.079042986035345 17.885967180132869 148.10355290770531 11.77017931640148 11.606467917561529 13.314135938882826 12.355485543608664 54.341285146772861 14.352522850036619 274.70103403925896 156.08746721595526 13.496989309787748 12.756006613373758 13.84808738529682 22.737648621201515 45.361519314348698 14.042229875922201 11.956318661570547
leaf_count=50 51 67 58 51 65 52 56 76 629 50 54 57 53 240 60 1143 668 57 54 60 101 197 60 51
internal_value=0 -0.00765396 -0.0022861 0.000347086 -0.00595777 -0.0126402 0.000633254 0.000423112 0.00156203 0.0111533 0.000762475 0.0181897 0.00760521 0.0046117 -0.000463191 6.45535e-05 -0.00176851 -0.0119927 -0.000789162 -0.0123236 0.000498936 0.00558365 -0.00153636 0.00520539
internal_weight=0 54.1586 38.1202 900.822 39.1117 27.3952 861.71 848.631 558.431 42.9703 515.46 31.2001 78.3032 65.9478 437.157 422.805 290.2 25.3675 264.833 26.6041 238.229 68.0992 170.13 24.0508
internal_count=4060 226 159 3834 168 117 3666 3610 2362 183 2179 133 347 294 1832 1772 1248 108 1140 114 1026 298 728 101
is_linear=0
shrinkage=0.03


Tree=127
num_leaves=31
num_cat=0
split_feature=12 3 10 10 4 0 2 10 11 14 1 8 0 2 2 10 2 2 11 5 9 14 1 1 8 8 10 4 1 9
split_gain=3.42133 2.92407 5.70223 1.80943 5.02542 5.37605 3.90228 2.38531 5.08599 7.22435 9.26013 8.52086 6.86533 5.47473 7.9186 4.63579 6.59729 5.04367 6.08309 9.0975 8.00374 8.92417 5.74911 5.43477 4.97533 14.4659 7.03555 6.4312 5.15315 4.35627
threshold=2469604.5000000005 65.106893723011765 -0.20921612107758272 -0.37353474333546011 -0.0079614137033893733 -0.019405172348413376 0.0026127625601204498 0.13691509474349919 -0.0021582021866952679 2.4795119211534469 16.125000000000004 1.1576994785123047 0.036152336246047863 -0.0017668469967718236 -0.0031616103521671956 0.025381143805024878 0.0014785810465168068 0.00073418487699443717 0.0072189407704036377 -0.016837901250857653 0.028200599496064131 4.3039287300054587 21.775000572204593 22.545000076293949 0.94306287907090847 0.87211870387071777 -0.24590541325817886 0.011112181367445963 19.585000038146976 -0.040427145061425189
decision_type=2 2 2 2 2 2 2 2 2 2 2 2 2 2 2 2 2 2 2 2 2 2 2 2 2 2 2 2 2 2
left_child=1 2 -1 4 -2 6 -6 15 9 11 -11 12 -9 14 -10 17 -17 24 19 23 21 -20 -21 -19 25 28 -26 -28 -5 -13
right_child=3 -3 -4 7 5 -7 -8 8 13 10 -12 29 -14 -15 -16 16 -18 18 20 22 -22 -23 -24 -25 26 -27 27 -29 -30 -31
leaf_value=0.011681217203057049 -0.01176311967400262 -0.016402649858324674 -0.013117530599202941 -0.0087109817074177247 0.030441090658227383 -0.0012016861821790238 0.0070246818919531594 -0.0032997740088341952 0.0039872596186762213 -0.016076338354250957 0.012526192787204701 -0.0074335800800736287 -0.028302314280603907 0.008300387622200792 -0.024139551687937948 -0.013293704460962444 0.0016471477868021992 -0.01463922462988774 -0.0075091499708693256 0.018370207170199673 0.0011499629445234157 -0.032157617320955748 -0.0020994079453983362 0.0039126828458665155 -0.012693113695250792 0.024404343405285155 0.0077288346208981267 -0.015265004857427683 0.0096093619608482519 0.0152947348264582
leaf_weight=15.114542335271834 12.20759381353855 20.377279117703438 18.632239878177643 30.766593188047409 13.242411017417909 21.588389277458191 12.404986038804052 16.976188398897648 32.744707614183426 13.451274231076239 41.979820057749748 16.344922706484798 23.659142076969147 136.29161372035742 12.427345082163809 61.009605377912521 47.158205553889275 31.442697435617447 43.402041971683502 34.060507297515869 49.354319363832474 19.010405108332634 19.372242406010628 25.933215200901031 31.238930270075798 33.705791398882866 68.460563838481903 13.031201943755148 25.08400022238493 14.168931677937506
leaf_count=64 52 84 78 127 57 92 53 74 139 56 185 72 102 587 51 257 201 131 185 144 207 78 83 113 133 143 289 55 107 61
internal_value=0 -0.00742912 -0.00201064 0.000336882 0.00539526 0.00982967 0.0191152 -2.0622e-05 0.00208096 -0.0025345 0.00558531 -0.0088605 -0.017857 0.00530048 -0.00375075 -0.00123515 -0.0067799 0.000176517 -0.00293961 0.00204136 -0.00787789 -0.0150169 0.0109489 -0.00625399 0.00360518 0.00888381 -0.000588307 0.00405193 -0.000482824 0.00312018
internal_weight=0 54.1241 33.7468 900.518 59.4434 47.2358 25.6474 841.074 308.044 126.58 55.4311 71.1492 40.6353 181.464 45.1721 533.03 108.168 424.863 222.575 110.809 111.767 62.4124 53.4327 57.3759 202.287 89.5564 112.731 81.4918 55.8506 30.5139
internal_count=4060 226 142 3834 254 202 110 3580 1327 550 241 309 176 777 190 2253 458 1795 941 471 470 263 227 244 854 377 477 344 234 133
is_linear=0
shrinkage=0.03


Tree=128
num_leaves=31
num_cat=0
split_feature=12 6 3 10 6 4 11 10 11 14 8 0 2 2 6 10 2 2 13 5 4 5 5 3 7 8 8 10 4 6
split_gain=3.22183 3.79245 3.63775 1.70531 4.96061 6.73174 3.64836 2.24563 4.7897 6.80323 8.02132 6.47363 5.1578 7.44844 4.99916 4.36012 6.20106 4.75947 5.30797 7.24988 4.97373 4.45453 7.48945 4.19366 6.45245 4.10961 11.9775 6.28816 5.70692 4.91273
threshold=2469604.5000000005 0.7580296670383827 65.106893723011765 -0.37353474333546011 0.69558063735143139 -0.0062594745584146896 0.0017974549823341903 0.13691509474349919 -0.0021582021866952679 2.4795119211534469 1.1576994785123047 0.036152336246047863 -0.0017668469967718236 -0.0031616103521671956 0.97592031283167147 0.025381143805024878 0.0014785810465168068 0.00099038799618943229 5.7339285714285753 0.021538919704515939 -0.0017620887479155021 -0.006649057841528693 0.017002778293310986 55.528443283377079 0.58170596773547889 0.94306287907090847 0.87211870387071777 -0.25240769918598566 0.011112181367445963 0.82556125961779958
decision_type=2 2 2 2 2 2 2 2 2 2 2 2 2 2 2 2 2 2 2 2 2 2 2 2 2 2 2 2 2 2
left_child=1 2 -1 4 -2 -6 -7 15 9 10 11 -9 13 14 -10 17 -17 25 19 20 -19 -20 -23 24 -14 26 29 -27 -29 -5
right_child=3 -3 -4 7 5 6 -8 8 12 -11 -12 -13 23 -15 -16 16 -18 18 21 -21 -22 22 -24 -25 -26 27 -28 28 -30 -31
leaf_value=0.0050333865611581303 -0.0076814690104560655 -0.019448142139649464 -0.014195600505087816 0.0073058932835466713 -0.0081434664306024463 0.031786203824713775 0.010132252859901185 -0.003200145792007233 -0.010847431350580524 0.0054248369775072554 0.0030295117387976844 -0.027483004715049084 0.0042526021145326528 -0.02340847439574258 0.013209280677547081 -0.012885562741504238 0.0015979397624304931 0.0088058766961890619 -0.0053161597353084287 -0.022777570792669333 -0.0076868390901201856 0.021462355832262407 -0.00095274164677002285 0.0052054012090813262 0.031656904974582671 -0.011915582884633182 0.021855469214438126 0.0071299073713205607 -0.013336322237990183 -0.010344299795326353
leaf_weight=24.022784471511841 18.432108968496323 16.03660674393177 14.023254305124281 32.78909458220005 11.721717432141302 11.649472877383234 17.555883407592773 16.979506023228168 12.708582326769827 55.362930439412594 30.487307950854301 23.6338931620121 15.676220640540125 12.430939152836798 20.023875847458839 61.053098581731319 47.152209132909775 21.731756821274757 42.686913728713989 22.368108138442039 67.795663878321648 21.527688920497894 35.602264061570168 105.19911000132561 15.260054484009741 31.20682181417942 35.237558960914612 74.048348888754845 14.695802167057989 25.024680912494659
leaf_count=101 78 67 58 138 50 51 75 74 54 241 133 102 68 51 85 257 201 93 182 94 283 92 152 452 67 133 150 312 62 104
internal_value=0 -0.00721183 -0.00205416 0.000327194 0.00524152 0.0110616 0.0187696 -1.97986e-05 0.00202052 -0.00246056 -0.00860056 -0.0173309 0.00514626 -0.00363887 0.00386911 -0.00119809 -0.00657414 0.000171581 -0.00301387 -0.00750037 -0.00368342 0.00201554 0.00749371 0.00806076 0.0177704 0.00333774 0.00806892 -0.000332449 0.00374075 -0.000333989
internal_weight=0 54.0826 38.046 900.042 59.3592 40.9271 29.2054 840.682 307.762 126.464 71.1007 40.6134 181.299 45.1634 32.7325 532.92 108.205 424.715 211.712 111.896 89.5274 99.8169 57.13 136.135 30.9363 213.002 93.0513 119.951 88.7442 57.8138
internal_count=4060 226 159 3834 254 176 126 3580 1327 550 309 176 777 190 139 2253 458 1795 896 470 376 426 244 587 135 899 392 507 374 242
is_linear=0
shrinkage=0.03


Tree=129
num_leaves=31
num_cat=0
split_feature=12 6 3 13 1 10 0 6 5 5 14 13 6 1 9 1 3 4 13 4 10 10 1 1 2 6 14 4 8 13
split_gain=3.03357 3.56777 3.42778 1.71071 7.21939 3.77987 5.4468 6.07699 9.91183 6.62431 5.97644 4.99802 4.3044 3.8428 3.3704 3.13778 5.26519 2.84639 3.26589 6.25077 3.66051 2.57623 2.26785 6.3526 4.23537 3.84359 3.96898 3.34582 5.95915 4.72393
threshold=2469604.5000000005 0.7580296670383827 65.106893723011765 6.5385714285714167 14.994999885559084 -0.11397379639817194 0.018410292804257215 0.85268799895301972 0.031499030773043342 0.01670332832354177 2.1028619754937163 6.8757142857142899 0.89413190685783206 17.125000000000004 0.015688388715181304 20.314999580383304 37.81267873523317 0.02864538389136451 6.1085714285714348 0.0084475378735723323 -0.060825114693005604 0.24892637278233834 23.125000000000004 24.729999542236332 -0.0091374690482158433 1.5381594845664099 -2.5087816127596563 -0.0027368943274328479 0.89950516316564799 5.1946428571428642
decision_type=2 2 2 2 2 2 2 2 2 2 2 2 2 2 2 2 2 2 2 2 2 2 2 2 2 2 2 2 2 2
left_child=1 2 -1 17 -5 11 7 9 14 -7 12 -6 -8 -13 -9 -15 -17 18 22 20 -20 -14 24 -24 -2 26 -26 28 -25 -29
right_child=3 -3 -4 4 5 6 10 8 -10 -11 -12 13 21 15 -16 16 -18 -19 19 -21 -22 -23 23 27 25 -27 -28 29 -30 -31
leaf_value=0.0048839776468706251 0.016136367670468763 -0.018868220015388175 -0.013792541219099373 -0.030275172662050851 -0.012861657308271334 -0.0066640804901739684 0.013459792086321797 -0.0056165221378395875 0.014097421700876508 -0.033957524389751678 0.016701896724166689 0.02321152207844154 -0.015451594280473352 -0.0090508321462618464 -0.024272822789720552 -0.0058260603343134147 0.013511140428740482 -0.012474136282451802 0.010569972084554843 0.022445665008841108 -0.0085011835515478671 0.00040207393782195705 0.018972233495583527 -0.024173882029600049 0.014499716958447005 -0.013960859760634124 -0.00053358361449067743 0.019610566051105616 0.0021627950366173354 -0.0048061138236209378
leaf_weight=24.015069156885147 14.133806526660917 16.033651769161224 14.000413179397581 7.7285543382167807 13.724845848977564 17.949910715222359 11.152110256254671 28.361230611801147 20.762208238244057 14.442819550633429 19.81611804664135 10.98495778441429 19.128366455435753 13.201368048787115 12.581164255738257 18.859529256820679 38.63076414167881 13.481248900294302 18.327644899487495 18.847332358360291 17.908961489796638 17.818170189857483 22.459119528532028 10.790840953588484 16.412167027592659 18.426597759127617 427.7097964733839 15.350386150181295 27.279434375464916 13.319021634757517
leaf_count=101 62 67 58 32 58 76 52 123 90 62 86 47 81 56 53 82 169 58 78 81 76 79 98 48 70 77 1793 66 122 59
internal_value=0 -0.0069999 -0.00199425 0.000317775 -0.00170592 -0.000848165 -0.0036378 -0.00831097 -0.00278712 -0.0188333 0.00283697 0.00388924 -0.00287523 0.00670404 -0.0113494 0.0041389 0.00716763 0.0011635 0.00145958 0.00843288 0.00114457 -0.00780586 0.000780782 0.00517115 -4.07609e-05 -0.000535075 2.19598e-05 0.000526828 -0.00530221 0.00826725
internal_weight=0 54.0491 38.0155 899.588 265.142 257.414 162.012 94.0973 61.7046 32.3927 67.9148 95.4015 48.0986 81.6766 40.9424 70.6917 57.4903 634.446 620.965 55.0839 36.2366 36.9465 565.881 89.1988 476.682 462.549 444.122 66.7397 38.0703 28.6694
internal_count=4060 226 159 3834 1146 1114 702 404 266 138 298 412 212 354 176 307 251 2688 2630 235 154 160 2395 393 2002 1940 1863 295 170 125
is_linear=0
shrinkage=0.03


Tree=130
num_leaves=19
num_cat=0
split_feature=2 12 10 0 5 2 0 7 6 2 2 13 14 14 13 0 3 5
split_gain=2.63175 2.8563 2.07302 1.89935 6.4769 4.66828 2.81607 10.4763 10.4731 11.6648 4.71208 6.43707 5.50966 5.25341 3.2831 6.02501 3.08821 2.04792
threshold=-0.025444331425393745 137858650.00000003 -0.54352241035827598 -0.092486952719352575 -0.024632541903620905 0.0046062663681683373 -0.061118747411496192 0.96449279163957591 1.1825509907788878 0.0018109711294685988 0.0050146105189929503 7.5889285714285775 5.3826301502690024 -4.1170796855246179 2.721071428571427 0.027477201497012164 55.227041532858202 0.0073183710309784331
decision_type=2 2 2 2 2 2 2 2 2 2 2 2 2 2 2 2 2 2
left_child=-1 2 -2 4 -4 -6 7 8 9 -5 14 12 -12 -13 15 -8 -16 -7
right_child=1 -3 3 6 5 17 10 -9 -10 -11 11 13 -14 -15 16 -17 -18 -19
leaf_value=0.015309610813569959 -0.015494887621120243 -0.012660828912892885 -0.01328100602418302 0.022178652923160458 0.021567253765584781 -0.0059882613697347237 0.015598894202708383 -0.031189386193908313 -0.026386930983655341 -0.0058748130811869352 0.013136366762832957 0.0068040871521113629 -0.0067382628753751127 -0.02132366902911513 0.0012256811665406068 -0.0099522981278663408 -0.0030529713044179182 0.010706580120651319
leaf_weight=9.7235423475503904 7.86294101178646 16.737126246094704 13.297798901796339 20.733880609273911 19.635873198509216 13.385243967175485 26.818436607718468 12.301861941814421 12.255033031105993 37.406211838126183 72.061728686094284 11.444485470652582 15.20189433544874 12.506784304976462 257.08399081975222 12.032090470194815 370.80013138055801 13.070081084966658
leaf_count=45 33 73 56 90 89 57 116 52 52 159 311 51 65 53 1100 52 1551 58
internal_value=0 -0.00037794 -0.000156385 -2.52973e-05 0.00516367 0.0104852 -0.000383363 -0.0056467 -0.001183 0.0041296 0.000176137 0.00589286 0.00967408 -0.00788356 -0.000777443 0.00768564 -0.0013011 0.00225972
internal_weight=0 944.636 927.898 920.036 59.389 46.0912 860.647 82.697 70.3951 58.1401 777.95 111.215 87.2636 23.9513 666.735 38.8505 627.884 26.4553
internal_count=4063 4018 3945 3912 260 204 3652 353 301 249 3299 480 376 104 2819 168 2651 115
is_linear=0
shrinkage=0.03


Tree=131
num_leaves=21
num_cat=0
split_feature=4 8 7 12 2 9 6 2 2 2 5 6 11 9 9 0 5 7 11 0
split_gain=2.91251 4.28186 5.68149 2.40598 2.50733 4.53356 5.40148 2.91425 7.06959 6.51509 4.54183 4.45362 5.58211 6.15836 9.74166 4.26104 3.4989 3.06222 5.20561 3.0222
threshold=0.027964427814016649 0.9492036855297068 0.56424333336124544 144643900.00000003 -0.010614183218576158 -0.03231086797137344 1.1781847263581948 -0.0040251201990072231 -0.0029583594938358423 -0.0019510131875457692 -0.074484169905029526 1.5045628945879164 -0.021467347231266639 -0.018995769219821265 -0.0060284537405330676 0.022928353704105623 -0.053931593128780868 0.69475282748885259 0.013191385339896946 -0.017881247134704566
decision_type=2 2 2 2 2 2 2 2 2 2 2 2 2 2 2 2 2 2 2 2
left_child=3 -2 -3 4 5 -1 -7 11 17 15 -11 12 -6 -14 -15 19 -12 -9 -19 -10
right_child=1 2 -4 -5 7 6 -8 8 9 10 16 -13 13 14 -16 -17 -18 18 -20 -21
leaf_value=-0.0044554344541132499 -0.021338788893377536 -0.017037102045187498 0.010557729725583453 -0.012056737299732573 -0.020007318154538985 0.0031965418338789583 0.028782160189207064 0.021810269360820776 -0.008742428029972972 0.019530826428856445 -0.013583221883463842 0.010615753245269513 0.015866733271597353 -0.031139004589509134 -0.0017690531125604549 0.00055484089095756404 0.00074821105512474855 -0.0077079375189950403 0.019659031190805802 -0.028740157819716027
leaf_weight=19.366255789995193 14.20451384782791 11.598526507616045 15.948604211211203 14.320404857397078 21.578840687870979 17.390884622931484 12.96041054278612 18.229381456971169 13.875799462199213 11.354840099811552 15.731317132711409 16.033740147948265 13.252341344952582 11.987607240676878 66.81830607354641 17.128878772258759 603.80218610912561 12.819127321243288 12.217246755957602 13.340679928660391
leaf_count=86 61 51 69 63 94 79 60 78 58 51 67 71 56 50 280 72 2558 53 51 55
internal_value=0 -0.00795972 -0.00106088 0.000143099 0.000337674 0.00688558 0.0141219 -4.61478e-05 0.000700904 -5.23651e-05 0.000728907 -0.00418552 -0.00627393 -0.00305476 -0.00623668 -0.0111673 0.000384304 0.0124569 0.00564659 -0.0185447
internal_weight=0 41.7516 27.5471 912.208 897.888 49.7176 30.3513 848.17 718.499 675.234 630.888 129.671 113.637 92.0583 78.8059 44.3454 619.534 43.2658 25.0364 27.2165
internal_count=4063 181 120 3882 3819 225 139 3594 3043 2861 2676 551 480 386 330 185 2625 182 104 113
is_linear=0
shrinkage=0.03


Tree=132
num_leaves=21
num_cat=0
split_feature=4 8 7 12 2 9 6 2 2 2 5 6 11 9 9 9 6 5 7 11
split_gain=2.74493 4.04047 5.35235 2.26285 2.36487 4.2835 5.14666 2.74308 6.66284 6.1265 4.28818 4.19349 5.25169 5.79716 9.1893 4.08177 5.55444 3.29033 2.89528 4.90669
threshold=0.027964427814016649 0.9492036855297068 0.56424333336124544 144643900.00000003 -0.010614183218576158 -0.03231086797137344 1.1781847263581948 -0.0040251201990072231 -0.0029583594938358423 -0.0019510131875457692 -0.074484169905029526 1.5045628945879164 -0.021467347231266639 -0.018995769219821265 -0.0060284537405330676 -0.0031102987838770853 0.80357806903193696 -0.053931593128780868 0.69475282748885259 0.013191385339896946
decision_type=2 2 2 2 2 2 2 2 2 2 2 2 2 2 2 2 2 2 2 2
left_child=3 -2 -3 4 5 -1 -7 11 18 15 -11 12 -6 -14 -15 -10 -17 -12 -9 -20
right_child=1 2 -4 -5 7 6 -8 8 9 10 17 -13 13 14 -16 16 -18 -19 19 -21
leaf_value=-0.0043210849173376609 -0.020747262240681939 -0.016547112575034034 0.010252451948672813 -0.011689759415064021 -0.019407837565588355 0.0031023534045916735 0.028134476177445203 0.021212413962439856 0.0027726063375792154 0.019006000528980011 -0.013168011568922451 0.010312663099247481 0.015400556387976357 -0.030264096591242528 -0.0017158023522868345 -0.0012943912624321138 -0.027356324398988007 0.0007258252397366674 -0.0074730149351319268 0.019106551150005903
leaf_weight=19.369285896420479 14.171713978052138 11.583941996097566 15.931055828928946 14.326766848564146 21.578022971749306 17.381457030773166 12.86250279098749 18.181594848632812 13.722513437271116 11.31888774037361 15.740389227867125 16.010185576975346 13.244011908769606 11.964477300643919 66.825178392231464 12.280170932412149 18.368860185146332 603.75263208150864 12.82535056769848 12.193759068846701
leaf_count=86 61 51 69 63 94 79 60 78 58 51 67 71 56 50 280 51 76 2558 53 51
internal_value=0 -0.00773322 -0.00103029 0.000138937 0.000327733 0.00669392 0.0137483 -4.47253e-05 0.000680048 -5.07664e-05 0.000707146 -0.00406153 -0.00608714 -0.002964 -0.00605096 -0.0108257 -0.0169141 0.000372804 0.0121019 0.00548128
internal_weight=0 41.6867 27.515 911.946 897.619 49.6132 30.244 848.006 718.384 675.183 630.812 129.622 113.612 92.0337 78.7897 44.3715 30.649 619.493 43.2007 25.0191
internal_count=4063 181 120 3882 3819 225 139 3594 3043 2861 2676 551 480 386 330 185 127 2625 182 104
is_linear=0
shrinkage=0.03


Tree=133
num_leaves=13
num_cat=0
split_feature=4 8 7 2 11 7 5 1 8 1 2 2
split_gain=2.58717 3.81329 5.04254 2.30658 2.88222 3.79308 2.52437 3.43811 7.97186 7.10202 6.73358 4.15935
threshold=0.027964427814016649 0.9492036855297068 0.56424333336124544 -0.025444331425393745 -0.068781452843346622 0.02181375845885879 -0.074484169905029526 30.135000228881839 0.971518642138813 28.184999465942386 -0.0036773137751762511 -0.010614183218576158
decision_type=2 2 2 2 2 2 2 2 2 2 2 2
left_child=3 -2 -3 -1 -5 -6 -7 9 -9 11 -10 -8
right_child=1 2 -4 4 5 6 7 8 10 -11 -12 -13
leaf_value=0.014805421281001648 -0.02017454108649392 -0.016072366930132368 0.0099561166416260848 -0.016670949958066006 0.014768323204473721 0.011244428678384853 0.011147112094274391 0.012418426635150916 -0.029954471179514903 0.017058325626689925 -0.0043885591583389802 -0.00074051532136712439
leaf_weight=9.5444013178348523 14.137328490614889 11.568559691309931 15.913344472646711 9.2603332102298719 15.699159994721411 17.277674309909344 27.447492867708206 13.046887807548044 15.554578989744185 21.735088154673576 22.95493146777153 759.13938844203949
leaf_count=44 61 51 69 41 69 79 122 61 71 97 103 3195
internal_value=0 -0.00751367 -0.00100062 0.000134899 -2.03156e-05 0.000152378 -0.000109215 -0.000337346 -0.00784862 0.000141738 -0.014715 -0.000325703
internal_weight=0 41.6192 27.4819 911.66 902.116 892.855 877.156 859.878 51.5564 808.322 38.5095 786.587
internal_count=4063 181 120 3882 3838 3797 3728 3649 235 3414 174 3317
is_linear=0
shrinkage=0.03


Tree=134
num_leaves=15
num_cat=0
split_feature=2 4 8 7 9 6 11 5 4 1 1 7 6 2
split_gain=2.44412 2.44713 3.50243 5.00365 2.78744 5.23435 3.49488 2.08186 1.78222 3.08874 6.04639 3.64035 2.9072 5.81447
threshold=-0.025444331425393745 0.027964427814016649 0.9492036855297068 0.56424333336124544 -0.065090352304900997 1.229027503296779 -0.045942108678986897 -0.077133815625686872 -0.019717479702352988 24.345000267028812 25.685000419616703 0.14494553206575914 1.4158409118933968 -0.0026890767142839444
decision_type=2 2 2 2 2 2 2 2 2 2 2 2 2 2
left_child=-1 4 -3 -4 5 -2 -6 -8 12 11 -11 -10 13 -9
right_child=1 2 3 -5 6 -7 7 8 9 10 -12 -13 -14 -15
leaf_value=0.014805657632865885 0.0044405416667262386 -0.01961970686031507 -0.016384326404628134 0.0096684319568459427 0.015451226043790709 -0.020322323950268808 0.01410580389842484 0.0017966215531705491 0.010262170332812324 0.018095015721614354 0.0012307851751829325 -0.00095178240883394432 0.0038701338931386563 -0.022626878601197619
leaf_weight=9.678832679986952 14.288658991456034 14.101556271314619 11.388028323650362 15.895515739917753 13.479980699717997 16.616772256791592 9.3882882818579656 17.407238848507404 27.137464463710785 24.335291638970375 89.521971769630909 652.32123628258705 19.778073318302631 17.686050310730934
leaf_count=45 63 61 50 69 61 74 45 78 117 109 391 2737 88 75
internal_value=0 -0.000346967 -0.0074802 -0.00120587 -1.96698e-05 -0.00887359 0.000294471 5.62265e-05 -9.92834e-05 0.000262381 0.00483526 -0.000503899 -0.00532814 -0.0105121
internal_weight=0 943.346 41.3851 27.2835 901.961 30.9054 871.056 857.576 848.187 793.316 113.857 679.459 54.8714 35.0933
internal_count=4063 4018 180 119 3838 137 3701 3640 3595 3354 500 2854 241 153
is_linear=0
shrinkage=0.03


Tree=135
num_leaves=18
num_cat=0
split_feature=13 0 14 10 9 9 9 8 0 5 14 7 9 10 3 14 10
split_gain=2.40536 5.23465 2.21746 2.70725 2.15075 1.98848 5.56247 5.3587 4.0638 4.4718 13.2441 6.39278 3.18596 6.93264 2.8158 4.57518 3.66687
threshold=12.053214285714287 -0.034033997090761985 -7.5295492427935811 -0.54352241035827598 -0.013443640786514553 -0.013443640786514553 -0.010831304487432412 0.85958412149555963 0.15317171947823541 0.012925600814916673 1.3716966491685822 0.35310384091255398 -0.0068831618766228 0.065509764346371249 50.503555189470426 3.0505671757387578 -0.26302730218914738
decision_type=2 2 2 2 2 2 2 2 2 2 2 2 2 2 2 2 2
left_child=2 -2 4 -4 -1 7 -7 -5 9 11 -11 -9 13 -8 15 -14 -16
right_child=1 -3 3 5 -6 6 12 8 -10 10 -12 -13 14 -15 16 -17 -18
leaf_value=0.00017630607640424913 -0.00318979355390406 0.023421327901098601 -0.017008076764585805 -0.020154280820207184 -0.018176311885242283 0.01856147727846472 -0.021377962280435515 0.0012930643222222391 -0.013915756201304575 0.0021789014815280605 -0.032532461579958864 0.021887065939510321 0.0034091004888857023 0.0072007151840793818 0.0058092656922543832 0.023175716727262746 -0.00044584268086267262
leaf_weight=11.476756021380426 14.152287647128107 12.554479494690893 7.9485390931367865 13.760017231106756 11.511025205254553 16.455172672867775 16.964084669947628 91.393237240612507 18.835381969809532 40.758907794952393 13.063540622591971 15.930641949176787 58.004839643836021 13.897967368364332 102.55726324021816 12.878531023859976 475.02266605198383
leaf_count=51 63 58 33 60 50 71 71 395 83 175 56 67 249 60 434 56 2009
internal_value=0 0.00931972 0.000186763 0.000422423 -0.00901368 0.000578177 0.00132665 -0.00210981 -0.000730273 0.000810896 -0.00624608 0.00434994 0.000909179 -0.00850826 0.00135738 0.00700042 0.000664838
internal_weight=0 26.7068 920.459 897.471 22.9878 889.522 695.781 193.742 179.982 161.146 53.8224 107.324 679.325 30.8621 648.463 70.8834 577.58
internal_count=4041 121 3920 3819 101 3786 2950 836 776 693 231 462 2879 131 2748 305 2443
is_linear=0
shrinkage=0.03


Tree=136
num_leaves=12
num_cat=0
split_feature=1 13 0 1 7 7 6 6 11 11 3
split_gain=2.32789 2.38315 4.96354 2.57577 3.54173 6.75894 2.49294 2.15246 2.06818 3.8203 2.65814
threshold=12.454999923706056 12.053214285714287 -0.034033997090761985 12.555000305175783 0.99313830801737479 0.99711054701574164 0.55347975686968043 0.51277551131117149 -0.062107094661673794 -0.045942108678986897 44.551279350480428
decision_type=2 2 2 2 2 2 2 2 2 2 2
left_child=-1 3 -3 -2 6 -6 7 -5 -8 -10 -11
right_child=1 2 -4 4 5 -7 8 -9 9 10 -12
leaf_value=0.011039448227341226 -0.015681986992537273 -0.0030943567314527533 0.022861436951653467 -0.00043672050199139423 0.024534132886514699 -0.0053346590180986348 -0.01178569887186663 -0.018055548576097365 0.015318097045118748 -0.0031468603152775589 0.00092053353042893826
leaf_weight=18.258254572749138 9.3744845539331418 14.151129662990572 12.477269068360327 12.067730009555818 14.762152925133707 12.671052098274229 13.04372029006481 12.923882246017454 14.87869458645582 188.22623772919178 624.00045521557331
leaf_count=80 40 63 58 52 62 53 57 54 68 806 2648
internal_value=0 0.000222585 0.00906775 -3.85522e-05 0.000125747 0.0107381 -0.000210766 -0.00954792 6.69829e-05 0.000253903 -2.20484e-05
internal_weight=0 928.577 26.6284 901.948 892.574 27.4332 865.141 24.9916 840.149 827.105 812.227
internal_count=4041 3961 121 3840 3800 115 3685 106 3579 3522 3454
is_linear=0
shrinkage=0.03


Tree=137
num_leaves=13
num_cat=0
split_feature=1 13 0 1 7 7 6 6 8 8 8 4
split_gain=2.19608 2.24956 4.7068 2.41842 3.33705 6.37782 2.3457 2.02554 1.97767 2.94738 4.35863 2.57968
threshold=12.454999923706056 12.053214285714287 -0.034033997090761985 12.555000305175783 0.99313830801737479 0.99711054701574164 0.55347975686968043 0.51277551131117149 0.63179972542885532 0.71339329522537864 0.74387368301455858 -0.00010346301737390594
decision_type=2 2 2 2 2 2 2 2 2 2 2 2
left_child=-1 3 -3 -2 6 -6 7 -5 -8 11 -11 -10
right_child=1 2 -4 4 5 -7 8 -9 9 10 -12 -13
leaf_value=0.010734687588776331 -0.015179630951506411 -0.003001779049438331 0.022316220068443929 -0.00042361169899173635 0.023856043113681797 -0.0051749307464389925 0.010595602760797351 -0.01751535394751777 0.00077861771483549614 0.014391935311512642 -0.00015048135708695955 -0.017821464926112703
leaf_weight=18.213994175195694 9.393879756331442 14.14995549619198 12.39982797205448 12.067934587597849 14.726838439702989 12.670300737023352 15.749617375433443 12.922807872295378 11.782289840281011 19.002012565732002 777.961241543293 15.591108843684195
leaf_count=80 40 63 58 52 62 53 70 54 51 81 3312 65
internal_value=0 0.000216007 0.00882276 -3.73645e-05 0.000122018 0.0104301 -0.000204442 -0.00926182 6.49948e-05 -0.000136201 0.000196254 -0.00981546
internal_weight=0 928.418 26.5498 901.868 892.474 27.3971 865.077 24.9907 840.086 824.337 796.963 27.3734
internal_count=4041 3961 121 3840 3800 115 3685 106 3579 3509 3393 116
is_linear=0
shrinkage=0.03


Tree=138
num_leaves=13
num_cat=0
split_feature=1 13 0 1 7 7 7 14 4 4 4 9
split_gain=2.07169 2.12349 4.46359 2.27107 3.14455 6.01953 2.26552 1.97376 3.13153 5.46369 3.51511 2.00795
threshold=12.454999923706056 12.053214285714287 -0.034033997090761985 12.555000305175783 0.99313830801737479 0.99711054701574164 0.98801625828228257 -7.5295492427935811 0.0143572797993361 0.012934989867484982 0.015151897086969514 -0.013443640786514553
decision_type=2 2 2 2 2 2 2 2 2 2 2 2
left_child=-1 3 -3 -2 6 -6 7 11 9 -9 -10 -5
right_child=1 2 -4 4 5 -7 -8 8 10 -11 -12 -13
leaf_value=0.010438158967110412 -0.014695865627061438 -0.002911973550928175 0.021785007396271538 0.00022484732872180268 0.023201116210023111 -0.005020036391121618 -0.011371126727109137 -7.5699896312531867e-05 0.020358861702853236 -0.01571505441203935 0.0029967229111437662 -0.017505699701621493
leaf_weight=18.170151025056839 9.4117397516965848 14.148768782615663 12.322310253977774 11.475503668189051 14.688851282000543 12.669421106576918 16.031013146042824 676.31731930375099 11.524478301405905 20.720315024256706 117.46171151846647 11.518383607268332
leaf_count=80 40 63 58 51 62 53 67 2872 49 87 509 50
internal_value=0 0.000209615 0.00858449 -3.62127e-05 0.000118395 0.0101321 -0.000198301 1.26621e-05 0.000253997 -0.000540599 0.00454797 -0.00865696
internal_weight=0 928.29 26.4711 901.819 892.407 27.3583 865.049 849.018 826.024 697.038 128.986 22.9939
internal_count=4041 3961 121 3840 3800 115 3685 3618 3517 2959 558 101
is_linear=0
shrinkage=0.03


Tree=139
num_leaves=13
num_cat=0
split_feature=1 13 0 1 7 7 6 6 5 0 1 13
split_gain=1.95431 2.0045 4.23312 2.13305 2.96344 5.68253 2.20116 1.91269 1.9006 4.68342 2.09107 2.32021
threshold=12.454999923706056 12.053214285714287 -0.034033997090761985 12.555000305175783 0.99313830801737479 0.99711054701574164 0.55347975686968043 0.51277551131117149 0.066915968095056858 -0.03910726371480721 12.784999847412111 2.5439285714285744
decision_type=2 2 2 2 2 2 2 2 2 2 2 2
left_child=-1 3 -3 -2 6 -6 7 -5 10 -10 -8 -12
right_child=1 2 -4 4 5 -7 8 -9 9 -11 11 -13
leaf_value=0.010149621286545027 -0.01422976309265166 -0.002824856912775035 0.021267181682104393 -0.00038009710770269819 0.022568033031329288 -0.0048698234852024916 0.011821697629148998 -0.016988435310000431 0.0066829927452900549 -0.016379385229621797 -0.0096316447663274251 0.00042227617512785739
leaf_weight=18.126766115427017 9.4281678944826108 14.147572606801988 12.244856499135492 12.071818917989733 14.648492559790613 12.668426051735876 14.0674702078104 12.91985149681568 13.352526769042013 19.496516838669777 21.226572632789612 771.88733665645123
leaf_count=80 40 63 58 52 62 53 61 54 60 83 93 3282
internal_value=0 0.000203418 0.00835273 -3.50915e-05 0.000114885 0.00984352 -0.00019234 -0.00896605 6.86857e-05 -0.00700496 0.000356555 0.000153197
internal_weight=0 928.16 26.3924 901.767 892.339 27.3169 865.022 24.9917 840.03 32.849 807.181 793.114
internal_count=4041 3961 121 3840 3800 115 3685 106 3579 143 3436 3375
is_linear=0
shrinkage=0.03


Tree=140
num_leaves=31
num_cat=0
split_feature=6 13 1 1 7 4 11 8 8 0 5 8 13 0 3 3 10 4 13 6 2 8 8 8 13 6 7 12 1 10
split_gain=2.07403 2.4397 4.74098 12.001 5.20681 6.08488 5.1203 7.52155 5.20449 8.05517 6.57428 6.14254 4.76704 4.44255 4.15014 7.3921 5.64963 3.68534 3.55609 6.92894 3.17963 2.71959 7.46809 5.51932 9.41262 8.20945 6.43483 3.95756 8.05295 6.18281
threshold=2.0320352604408378 5.4828571428571538 17.840000152587894 17.445000648498539 0.19314358908474055 -0.0069406021281500632 -0.0061119702369487041 1.07289760561711 0.83827464309853705 0.022589278980851283 -0.021878064619151313 0.88373840123612257 3.9967857142857057 -0.013478840566942428 65.106893723011765 76.340581665717011 -0.12843866662318995 -0.009983234510343773 5.180357142857142 0.73285251679901375 -0.00068122706078130085 1.0530948321780607 1.07289760561711 0.85378937129470844 8.1892857142857078 0.74145353595225016 0.8996684669235997 49450350.000000007 19.585000038146976 -0.10017059309159852
decision_type=2 2 2 2 2 2 2 2 2 2 2 2 2 2 2 2 2 2 2 2 2 2 2 2 2 2 2 2 2 2
left_child=1 2 3 6 -4 17 7 12 9 13 -10 -12 -1 -8 18 16 -16 20 19 -7 -6 23 -23 24 25 -3 -27 -25 -29 -30
right_child=-2 21 4 -5 5 14 8 -9 10 -11 11 -13 -14 -15 15 -17 -18 -19 -20 -21 -22 22 -24 27 -26 26 -28 28 29 -31
leaf_value=-0.012956809275008538 -0.010872868581172965 0.0052653051001779697 0.018322639622085499 -0.026056984884274857 0.0077493678643136381 0.025306914466413401 0.007861531082927321 -0.027431692154962113 0.019145943751604857 -0.010650782564480866 -0.016738101745623304 0.00032214221605921997 0.012096054449180616 0.027920997012245916 -0.022059123739251254 0.016818086892324505 0.0013712882789503813 -0.020631241695921784 0.021831933513492132 0.0024071562619413095 -0.012637203073180753 -0.02561096430503464 -0.0025732436258999796 -0.001516389064365504 0.01320976229925217 -0.0098295346646791407 -0.035093866248445772 0.022542431252177364 0.017375123240942862 -0.0045035967929205343
leaf_weight=13.451921150088312 15.818709343671797 16.844813339412212 23.203836709260941 16.204812586307526 16.0139250010252 14.924635052680967 21.711508601903915 13.741451710462568 14.680000156164168 12.37563808262348 21.602351620793343 157.3187652528286 13.897713497281073 18.321782425045967 14.713633358478544 16.045102372765541 24.997292324900627 12.437087967991827 18.328792989253998 58.519678041338921 12.078924313187601 13.574514947831629 188.81565526127815 62.704719707369804 17.342073559761047 22.734980739653111 15.099183991551397 25.321142226457596 16.656173273921013 38.483128249645233
leaf_count=56 68 73 102 67 72 65 90 57 61 51 89 668 59 77 61 67 104 52 80 247 51 59 818 265 79 98 64 108 72 167
internal_value=0 8.17418e-05 0.00146433 -0.000938951 0.00491468 0.00326032 0.000478783 -0.00932411 0.00211616 0.0105028 -0.000154136 -0.00173766 -0.0002262 0.017042 0.00608878 -0.000366659 -0.00731011 -0.00703526 0.0100107 0.00706062 -0.00101613 -0.00162199 -0.00411841 0.000725979 -0.00604803 -0.0121559 -0.0199122 0.00413373 0.008537 0.00210541
internal_weight=0 932.145 514.569 303.306 211.263 188.059 287.101 41.0911 246.01 52.4089 193.601 178.921 27.3496 40.0333 147.529 55.756 39.7109 40.5299 91.7731 73.4443 28.0928 417.576 202.39 215.186 72.0211 54.679 37.8342 143.165 80.4604 55.1393
internal_count=4047 3979 2176 1275 901 799 1208 172 1036 218 818 757 115 167 624 232 165 175 392 312 123 1803 877 926 314 235 162 612 347 239
is_linear=0
shrinkage=0.03


Tree=141
num_leaves=19
num_cat=0
split_feature=6 0 0 7 8 6 9 0 1 7 5 9 0 0 11 11 4 14
split_gain=1.95007 2.38452 3.57154 2.67572 5.40868 4.77103 3.6269 5.32613 6.0033 5.64904 5.40706 4.30329 6.48535 5.65738 6.94275 5.34215 4.61393 3.2883
threshold=2.0320352604408378 0.20137960547918801 0.15797637088179853 0.13730203229530211 1.0492654324713098 1.4299207521921631 -0.0065832404063814179 -0.10208878064042463 21.954999923706058 0.4505217279263059 -0.0039586167372231964 0.01084601761944526 0.073559273058729127 0.056773196092559493 0.0060143995932879788 0.0065262674170070154 -0.0025970538177605969 -2.1294361693726769
decision_type=2 2 2 2 2 2 2 2 2 2 2 2 2 2 2 2 2 2
left_child=1 2 3 4 -1 17 7 -5 10 -10 -9 12 16 14 -13 -15 -8 -6
right_child=-2 -3 -4 6 5 -7 11 8 9 -11 -12 13 -14 15 -16 -17 -18 -19
leaf_value=0.023476230275350358 -0.010538991579985207 0.01202521010602723 -0.014665858499749884 0.011961354459910756 -0.012702966419241834 0.017365285290332263 0.013066456335925078 -0.020547350312371187 0.0057356895162006521 -0.014054573196567322 -0.0053623245362426596 -0.0087957336820257154 -0.011970785649676862 0.019914339559426501 0.00023142546683463502 -0.0015263448627387921 0.0028523596880995297 0.00457639340853923
leaf_weight=12.77381671965122 15.830075666308401 14.80015643686056 14.931014209985731 16.756151467561722 18.50205014646053 13.197366043925284 57.998905636370182 33.118474081158638 52.326903164386749 17.264008194208145 58.176980718970299 101.89591348171234 19.892153665423393 21.677696317434311 309.82951021194458 20.208952635526657 126.86839354783297 21.349062189459804
leaf_count=56 68 70 66 75 81 59 250 137 229 76 242 430 84 95 1308 84 544 93
internal_value=0 7.95207e-05 -0.000113329 0.000127606 0.00595129 0.00173138 -0.000330913 -0.00413494 -0.00581136 0.000826151 -0.0108709 0.000695495 0.00430549 -0.000934049 -0.00200266 0.0095699 0.00605686 -0.00344606
internal_weight=0 931.568 916.767 901.836 65.8223 53.0485 836.014 177.643 160.886 69.5909 91.2955 658.372 204.759 453.612 411.725 41.8866 184.867 39.8511
internal_count=4047 3979 3909 3843 289 233 3554 759 684 305 379 2795 878 1917 1738 179 794 174
is_linear=0
shrinkage=0.03


Tree=142
num_leaves=12
num_cat=0
split_feature=6 6 4 4 1 5 5 0 14 10 14
split_gain=1.83363 2.26974 5.24742 2.61644 6.05303 3.41231 3.78746 2.43383 3.38572 5.39669 3.63828
threshold=2.0320352604408378 1.6291637224657205 -0.011342562133068888 -0.028286978358775191 30.82499980926514 -0.085501791860007212 -0.070796123101979289 0.15797637088179853 1.0011235201792641 0.3393147266897894 2.1028619754937163
decision_type=2 2 2 2 2 2 2 2 2 2 2
left_child=1 3 -3 4 -1 -5 -7 8 9 -8 -10
right_child=-2 2 -4 5 -6 6 7 -9 10 -11 -12
leaf_value=-0.021407989057675249 -0.010216079967672216 0.016844292710057919 -0.0060196858237553689 -0.018230478133870024 0.0066459850990857267 0.019173795114835832 0.0012423289370223167 -0.01140535613149941 -0.0060534764283264606 0.013054839292799809 0.00011406113934702162
leaf_weight=15.935309842228891 15.840361520648001 21.730202935636044 15.462450288236139 9.0758500546216947 12.237671785056589 9.4256496131420118 231.09404125809669 16.365825638175011 106.30353426933289 40.981297813355923 452.54021766036749
leaf_count=70 68 99 66 41 58 42 992 74 449 185 1903
internal_value=0 7.72806e-05 0.00733884 -0.000224832 -0.00922201 6.7939e-05 0.000261789 5.14022e-05 0.000277055 0.00302159 -0.00105913
internal_weight=0 931.152 37.1927 893.959 28.173 865.786 856.711 847.285 830.919 272.075 558.844
internal_count=4047 3979 165 3814 128 3686 3645 3603 3529 1177 2352
is_linear=0
shrinkage=0.03


Tree=143
num_leaves=28
num_cat=0
split_feature=13 2 12 13 2 2 1 2 4 2 4 1 8 2 12 12 7 8 6 8 8 9 6 3 14 14 3
split_gain=1.89046 4.30937 3.67546 3.10902 4.49304 3.83914 3.87479 5.69644 6.26324 5.63379 3.27554 5.00082 5.0003 3.50613 2.56759 3.16621 2.42579 3.40653 7.65815 5.09152 6.69344 6.53293 7.16744 5.47629 3.37941 3.67786 2.94826
threshold=5.4828571428571538 0.0075648708933439661 24454950.000000004 5.0382142857142869 0.006107564322871655 -0.0091374690482158433 27.355000495910648 0.0031917696410480377 -0.0021716413160238752 0.0022272472731707884 -0.0058279759903697151 21.894999504089359 0.91573684122943289 0.0010778397510694145 3451150.0000000005 4769114.0000000009 0.99099656321308094 0.84878520393539658 0.74145353595225016 1.0530948321780607 1.07289760561711 0.023627588452894702 0.70013051888300615 60.545517939153662 3.958040367041753 1.2569840496865208 28.372727999299027
decision_type=2 2 2 2 2 2 2 2 2 2 2 2 2 2 2 2 2 2 2 2 2 2 2 2 2 2 2
left_child=1 3 -3 4 5 -1 7 9 -9 -7 -5 12 -12 -14 -2 -16 17 18 -17 21 -21 23 -23 -19 25 -20 -22
right_child=14 2 -4 10 -6 6 -8 8 -10 -11 11 -13 13 -15 15 16 -18 19 24 20 26 22 -24 -25 -26 -27 -28
leaf_value=0.015254965978450278 -0.012567659976671522 -0.00018809145162454664 0.021888031237114677 -0.0039434113052974566 -0.018021012570997023 -0.00022879297198913711 -0.016588128920675061 0.025061440597316405 0.0030498111531972018 -0.012983905681287712 0.019411713354111123 0.027839363087320063 0.0079771929839101557 -0.014593709249446139 0.010804007429793087 0.0069181515434531696 0.011706333543538228 0.0050952826216924402 -0.011612852226633635 -0.024929719062656442 0.0076020309930212313 -0.024509235553764892 0.0014726469281288899 0.024598328174396774 -0.0039848887269415684 -0.034402907012909351 -0.0040510265911381507
leaf_weight=14.40851356834173 18.308736681938171 11.717881202697756 16.131537079811096 20.106983184814453 12.777326166629789 281.4957132935524 13.045611202716826 15.016381576657293 51.654505059123039 35.045605689287186 14.285981655120848 11.418764814734457 12.891231313347818 11.922640979290007 19.213823571801186 18.661325111985207 11.824573487043379 59.925420388579369 12.938772194087507 12.910206168889998 22.46085350215435 12.194934129714964 44.154624253511429 16.532361432909966 12.878709450364111 12.559032455086706 150.2707944214344
leaf_count=65 78 50 70 88 55 1179 56 66 220 147 59 51 54 50 84 84 50 258 58 56 101 51 189 71 55 53 649
internal_value=0 0.00111744 0.0125993 0.00047024 -0.000501662 4.34286e-05 -0.000509685 3.76699e-05 0.00800752 -0.00164096 0.00629739 0.0103733 0.00527254 -0.00286774 -0.00157789 -0.00108294 -0.00167263 -0.00209395 -0.00884574 -0.00088463 -0.0040931 0.00360026 -0.00415024 0.0093124 -0.0165112 -0.0228382 -0.00253574
internal_weight=0 521.919 27.8494 494.069 423.444 410.666 396.258 383.212 66.6709 316.541 70.6256 50.5186 39.0999 24.8139 424.834 406.525 387.312 375.487 57.0378 318.449 185.642 132.807 56.3496 76.4578 38.3765 25.4978 172.732
internal_count=4047 2210 120 2090 1788 1733 1668 1612 286 1326 302 214 163 104 1837 1759 1675 1625 250 1375 806 569 240 329 166 111 750
is_linear=0
shrinkage=0.03


Tree=144
num_leaves=23
num_cat=0
split_feature=13 2 0 4 13 2 5 2 0 2 2 4 12 12 0 0 1 10 3 3 8 14
split_gain=1.77968 4.06492 5.377 3.09452 3.70049 4.82144 4.80554 4.35697 4.47719 2.77298 3.17022 2.80618 2.41603 2.9828 2.50632 3.31216 2.68752 4.97503 3.83642 6.93711 5.53531 3.78637
threshold=5.4828571428571538 0.0075648708933439661 -0.058112088808719646 -0.020350446026367094 5.0382142857142869 -0.0083427366099356401 -0.039904685575107006 0.006107564322871655 0.097743852852785765 0.0013901107560595444 0.0037456654049557356 -0.0011688767498254646 3451150.0000000005 4769114.0000000009 -0.11785057199633607 -0.092486952719352575 31.405000686645511 -0.16699899281524591 43.410507986040862 30.649267308215354 0.85378937129470844 -6.6256416040340786
decision_type=2 2 2 2 2 2 2 2 2 2 2 2 2 2 2 2 2 2 2 2 2 2
left_child=1 3 -3 -1 5 -5 -7 8 -8 11 -11 -6 -2 -14 -15 -16 18 -18 19 -17 -20 -19
right_child=12 2 -4 4 9 6 7 -9 -10 10 -12 -13 13 14 15 16 17 21 20 -21 -22 -23
leaf_value=-0.011703023314717613 -0.01219210540377502 -0.003681861822704077 0.02318050819304102 0.018874788280234582 0.0038645605451989441 0.018721189440216456 0.0001186273386515279 -0.018617386425298168 -0.014285504342567675 -0.011323210004330989 0.0099476644241220918 0.019714818238300798 0.010495602633883959 -0.012937731116670129 0.011515469439508767 0.006530997208509564 0.021253670052705533 -0.013276589598855583 -0.009054638492188764 -0.012579421753628011 0.0021588893879279755 0.0076208575264797547
leaf_weight=18.144494220614433 18.306552439928055 11.308390304446222 16.479920640587807 11.66152463853359 18.668722540140152 11.150781035423277 354.09691543877125 12.584638655185698 20.548080801963806 12.133922129869463 13.129787281155584 21.781888887286186 19.185489445924759 16.8522008061409 17.80714750289917 22.686435058712959 12.434249170124529 13.390285916626448 52.272041961550713 69.368055388331413 163.66805766522884 18.70214115083218
leaf_count=82 78 48 72 51 80 48 1487 54 88 51 56 93 84 74 79 99 58 60 224 297 696 88
internal_value=0 0.00108466 0.0122489 0.000456529 0.000920273 -0.000138919 -0.000695494 -0.00125462 -0.000671393 0.00752938 -0.000268537 0.0123996 -0.00153104 -0.00105076 -0.0016229 -0.00110801 -0.00174567 0.00514349 -0.00274163 -0.00786974 -0.000555539 -0.00109842
internal_weight=0 521.689 27.7883 493.901 475.756 410.042 398.38 387.23 374.645 65.7143 25.2637 40.4506 424.673 406.366 387.181 370.328 352.521 44.5267 307.995 92.0545 215.94 32.0924
internal_count=4047 2210 120 2090 2008 1728 1677 1629 1575 280 107 173 1837 1759 1675 1601 1522 206 1316 396 920 148
is_linear=0
shrinkage=0.03


Tree=145
num_leaves=31
num_cat=0
split_feature=7 7 3 3 11 2 0 4 13 6 6 14 5 13 7 13 10 6 13 12 5 1 10 10 1 6 13 13 1 5
split_gain=2.28023 5.60474 10.2329 5.42947 4.74961 4.36364 5.91654 4.20544 5.33968 4.13316 7.43689 5.948 5.14922 6.05915 11.036 5.12852 5.85128 4.52428 4.35858 4.16492 3.87577 6.08661 3.77063 6.79373 7.64357 3.66985 6.84804 4.90384 7.19661 4.18796
threshold=0.56424333336124544 0.46778857199869706 52.161161938865789 55.906513430621906 0.01362713609411881 0.0035653983934151963 0.037142264963949019 0.02371931850552789 6.0882142857143053 0.88749717581887944 0.67120126492020193 -0.86543543530046241 0.030667799412861744 5.7885714285714247 0.89635823675745263 3.8492857142857178 -0.13691102351890413 0.94618262177826462 2.8728571428571414 2663100.0000000005 0.026513761022226693 22.114999771118168 -0.37955315735767869 -0.22312219829493882 17.505000114440922 0.75046894790833474 6.2192857142857205 5.6742857142857117 18.670000076293949 -0.014240869639667473
decision_type=2 2 2 2 2 2 2 2 2 2 2 2 2 2 2 2 2 2 2 2 2 2 2 2 2 2 2 2 2 2
left_child=1 2 4 25 20 6 -3 9 -9 10 22 -12 13 15 -15 16 -11 -17 -13 -20 -1 -22 -5 -24 -25 26 -2 29 -29 -27
right_child=3 5 -4 7 -6 -7 -8 8 -10 12 11 18 -14 14 -16 17 -18 -19 19 -21 21 -23 23 24 -26 27 -28 28 -30 -31
leaf_value=-0.0014560698173458708 0.030663500184607999 0.0041052712899628642 0.025445216743499866 -0.0074631708260262707 -0.01538047549005093 -0.021669833032288071 -0.019913198307256921 -0.025201158565767514 0.00036189937882582677 -0.019568767326116145 -0.025035828930824452 0.011451898051975752 0.017122517411580773 0.0041151921376673655 -0.027550301616826943 0.022678189391293648 0.00257720591199905 0.0060801575586411968 -0.019528572285578173 -0.0035414274046820741 -0.006131895006055761 0.021901369920982482 0.024645990125958025 -0.014100741574711365 0.014883018850899897 0.014241105011720717 0.001263181959036777 0.028212111171630944 0.0014225546221453102 -0.0061433705525755214
leaf_weight=204.10579568147659 14.849985778331758 26.153870657086372 13.677201896905897 13.727945998311041 19.600412905216217 19.435361728072166 14.264792263507841 13.125386148691179 16.725363373756409 12.773966193199156 12.784441389143465 15.307376876473425 22.710164204239845 25.561484128236771 16.172912403941154 18.531552612781525 67.353041648864746 73.012593276798725 16.58141665160656 126.94971758127213 11.884608417749407 16.858577698469162 18.759293004870415 14.686638012528418 18.509498476982117 11.626733034849165 13.716043911874293 15.44510082900524 21.710861399769783 41.26244905591011
leaf_count=887 66 111 59 58 84 83 61 55 73 53 56 67 100 109 68 78 287 312 68 528 51 74 79 61 81 50 61 67 95 176
internal_value=0 -0.00169377 0.000171776 0.00140388 -0.00119749 -0.00998847 -0.00437147 4.3046e-05 -0.0108782 0.000731664 -0.00206439 -0.0053499 0.00354182 0.00209659 -0.00815582 0.00458902 -0.000953338 0.00944015 -0.00376543 -0.00538834 -3.61399e-06 0.0103103 0.00652025 0.010215 0.00206002 0.00717798 0.0165469 0.00420579 0.0125585 -0.00166221
internal_weight=0 325.981 266.127 621.884 252.449 59.854 40.4187 503.273 29.8507 473.422 237.306 171.623 236.116 213.406 41.7344 171.671 80.127 91.5441 158.839 143.531 232.849 28.7432 65.6834 51.9554 33.1961 118.611 28.566 90.0451 37.156 52.8892
internal_count=4058 1410 1155 2648 1096 255 172 2133 128 2005 998 719 1007 907 177 730 340 390 663 596 1012 125 279 221 142 515 127 388 162 226
is_linear=0
shrinkage=0.03


Tree=146
num_leaves=31
num_cat=0
split_feature=7 7 3 3 11 2 0 4 13 6 6 14 5 13 7 13 10 8 3 0 8 5 1 10 10 1 6 13 13 1
split_gain=2.1472 5.2757 9.66652 5.12019 4.47427 4.1076 5.56925 3.95965 5.03451 3.8924 7.00109 5.58794 4.87054 5.70551 10.3948 4.83522 5.49548 4.7685 4.47424 4.36151 3.75728 3.65105 5.74505 3.5539 6.42075 7.19949 3.47809 6.52637 4.63022 6.84015
threshold=0.56424333336124544 0.46778857199869706 52.161161938865789 55.906513430621906 0.01362713609411881 0.0035653983934151963 0.037142264963949019 0.02371931850552789 6.0882142857143053 0.88749717581887944 0.67120126492020193 -0.86543543530046241 0.030667799412861744 5.7885714285714247 0.89635823675745263 3.8492857142857178 -0.13691102351890413 1.0451085209677424 77.346432029755718 -0.043923068683185955 1.0492654324713098 0.026513761022226693 22.114999771118168 -0.37955315735767869 -0.22312219829493882 17.505000114440922 0.75046894790833474 6.2192857142857205 5.6742857142857117 18.670000076293949
decision_type=2 2 2 2 2 2 2 2 2 2 2 2 2 2 2 2 2 2 2 2 2 2 2 2 2 2 2 2 2 2
left_child=1 2 4 26 21 6 20 9 -9 10 23 -12 13 15 -15 16 -11 19 -17 -13 -3 -1 -23 -5 -25 -26 27 -2 -28 -30
right_child=3 5 -4 7 -6 -7 -8 8 -10 12 11 17 -14 14 -16 18 -18 -19 -20 -21 -22 22 -24 24 25 -27 28 -29 29 -31
leaf_value=-0.0014122335225981971 0.029982903144509659 -0.0067105932837636115 0.024782722606472067 -0.0072370814445707312 -0.014935400499686596 -0.02102835799385027 -0.019323928613892084 -0.024480606009555733 0.00035103374407407031 -0.018944518490643426 -0.024259097817669321 0.0063225645871471722 0.016675736583691564 0.0039937425523315822 -0.026750210455818001 0.011925843838548306 0.0025007390558377906 0.0064724567377209543 -0.0068182760746424839 -0.0087907769648167319 0.016077786809128917 -0.0059440438695782614 0.021300908494869639 0.023983805199977941 -0.01366938780645174 0.014468815394299369 -0.0016119367164066218 0.0012255116479437016 0.027549058355384407 0.0013801270186747908
leaf_weight=204.12775537371635 14.733239114284517 13.875862076878549 13.622372850775717 13.732043400406836 19.579291149973869 19.427506357431412 14.258878841996191 13.106642261147501 16.725768223404884 12.798651561141012 12.797747917473314 20.542234152555466 22.620437972247601 25.548836171627045 16.157170236110687 77.973865799605846 67.330517739057541 33.131640061736107 13.436210960149763 105.16394276916981 12.269317165017126 11.892274901270868 16.814470112323761 18.699818164110184 14.695450022816656 18.468817993998528 52.896720364689827 13.713559322059153 15.343872681260107 21.707009121775627
leaf_count=887 66 59 59 58 84 83 61 55 73 53 56 86 100 109 68 334 287 141 56 436 52 51 74 79 61 81 226 61 67 95
internal_value=0 -0.00164344 0.000166797 0.00136331 -0.00116169 -0.00969251 -0.00424188 4.19586e-05 -0.0105586 0.000710402 -0.00200291 -0.00518897 0.00343943 0.00203536 -0.00791666 0.00445498 -0.00092461 -0.00365247 0.00917068 -0.00632104 0.00398346 -3.43924e-06 0.0100142 0.00633356 0.00992666 0.00200047 0.00697628 0.0161196 0.00408462 0.0122175
internal_weight=0 325.868 266.036 621.324 252.414 59.8316 40.4041 502.93 29.8324 473.097 237.232 171.636 235.866 213.245 41.706 171.539 80.1292 158.838 91.4101 125.706 26.1452 232.835 28.7067 65.5961 51.8641 33.1643 118.394 28.4468 89.9476 37.0509
internal_count=4058 1410 1155 2648 1096 255 172 2133 128 2005 998 719 1007 907 177 730 340 663 390 522 111 1012 125 279 221 142 515 127 388 162
is_linear=0
shrinkage=0.03


Tree=147
num_leaves=31
num_cat=0
split_feature=7 7 3 3 11 2 0 4 3 6 6 14 5 13 7 13 10 6 13 12 5 1 1 0 0 0 0 10 10 1
split_gain=2.02202 4.96757 9.13297 4.82835 4.21518 3.8668 5.24322 3.72862 4.94838 3.66602 6.59043 5.25218 4.60672 5.37342 9.79408 4.56089 5.16244 4.30458 4.06375 3.92876 3.4396 5.42332 3.3543 6.0186 9.61871 4.49702 3.91275 3.34995 6.0697 6.78163
threshold=0.56424333336124544 0.46778857199869706 52.161161938865789 55.906513430621906 0.01362713609411881 0.0035653983934151963 0.037142264963949019 0.02371931850552789 65.861025529946332 0.88749717581887944 0.67120126492020193 -0.86543543530046241 0.030667799412861744 5.7885714285714247 0.89635823675745263 3.8492857142857178 -0.13691102351890413 0.94618262177826462 2.8728571428571414 2663100.0000000005 0.026513761022226693 22.114999771118168 17.615000724792484 -0.0078727019103003153 0.034598532642722286 -0.020868718486934276 -0.0084790232283917227 -0.37955315735767869 -0.22312219829493882 17.505000114440922
decision_type=2 2 2 2 2 2 2 2 2 2 2 2 2 2 2 2 2 2 2 2 2 2 2 2 2 2 2 2 2 2
left_child=1 2 4 -2 20 6 -3 9 -9 10 27 -12 13 15 -15 16 -11 -17 -13 -20 22 -22 26 25 -25 -24 -1 -5 -29 -30
right_child=3 5 -4 7 -6 -7 -8 8 -10 12 11 18 -14 14 -16 17 -18 -19 19 -21 21 -23 23 24 -26 -27 -28 28 29 -31
leaf_value=0.0036044127277640573 0.0067801647427785964 0.0038672740353849701 0.024141384658298258 -0.0070180681896378442 -0.01450412415230163 -0.020409552078714279 -0.018754880038893442 0.0019670873188966011 -0.022478101462820681 -0.018344459594302098 -0.023512908343638474 0.011167899034207431 0.016240886944787314 0.0038758476837723395 -0.025980917611242833 0.021859165589779652 0.0024265231793121353 0.005632675481054646 -0.018850179207736514 -0.0033154059253341903 -0.0057621518386594163 0.020719183750929019 -0.0028987675840093279 0.019744414665927669 -0.00084743290237600342 -0.0230163234149015 -0.017525742643104407 0.023343507521106293 -0.013252626272263887 0.014066490251785455
leaf_weight=12.310873106122015 118.1785906329751 26.124377965927124 13.565601378679274 13.735705479979513 19.556972324848175 19.416206538677216 14.25088521838188 14.913050770759584 14.898084014654158 12.820441320538519 12.807611413300036 15.27665591239929 22.530693516135216 25.536389231681824 16.136816680431366 18.440737947821617 67.308483451604843 72.802879333496094 16.562042057514191 127.02659201622009 11.899531945586206 16.768665909767151 58.730174601078033 28.76456555724144 70.341332755982876 12.052688166499136 21.949256584048271 18.637311950325966 14.702741175889967 18.427774712443352
leaf_count=52 515 111 59 58 84 83 61 63 65 53 56 67 100 109 68 78 287 312 68 528 51 74 253 128 311 51 92 79 61 81
internal_value=0 -0.00159471 0.000161971 0.00132395 -0.00112697 -0.00940802 -0.00411746 4.09155e-05 -0.0102494 0.000689807 -0.00194308 -0.00503212 0.00334057 0.0019763 -0.00768537 0.00432576 -0.000896786 0.00891212 -0.00354221 -0.00510724 -3.26926e-06 0.00972737 -0.00136972 0.000357153 0.00512916 -0.00632432 -0.00993293 0.00615274 0.00964739 0.00194275
internal_weight=0 325.731 265.94 620.743 252.374 59.7915 40.3753 502.564 29.8111 472.753 237.176 171.673 235.576 213.046 41.6732 171.373 80.1289 91.2436 158.865 143.589 232.817 28.6682 204.149 169.889 99.1059 70.7829 34.2601 65.5035 51.7678 33.1305
internal_count=4058 1410 1155 2648 1096 255 172 2133 128 2005 998 719 1007 907 177 730 340 390 663 596 1012 125 887 743 439 304 144 279 221 142
is_linear=0
shrinkage=0.03


Tree=148
num_leaves=26
num_cat=0
split_feature=7 7 3 3 6 2 0 8 9 9 0 0 4 0 3 8 7 13 4 2 9 6 0 5 12
split_gain=1.90411 4.67668 8.63017 4.65345 4.43998 3.64192 4.93688 3.54322 3.51347 4.38683 3.52548 5.74527 7.99498 6.00987 3.12061 4.50742 4.81695 3.19724 5.74357 6.11131 3.33864 5.23021 4.43511 2.64177 1.52466
threshold=0.56424333336124544 0.46778857199869706 52.161161938865789 50.845515155143794 0.84190001738262732 0.0035653983934151963 0.037142264963949019 1.0492654324713098 0.0041989386160186113 -0.0026385709194588487 -0.10751478669793878 -0.048538397830247486 -0.0043071798259282637 -0.033270342134570689 51.946728769510699 1.2132500350631046 0.6141813477364082 5.5060714285714285 -0.010225281938248785 -0.0047965369133379449 0.023967489067659446 1.2252496739639325 0.075578345495094471 0.0011197949266646969 20728087.000000004
decision_type=2 2 2 2 2 2 2 2 2 2 2 2 2 2 2 2 2 2 2 2 2 2 2 2 2
left_child=1 2 8 4 -2 6 7 -3 9 10 -1 12 -12 -13 -5 16 -16 20 -19 -20 22 -22 -18 -6 -17
right_child=3 5 -4 14 23 -7 -8 -9 -10 -11 11 13 -14 -15 15 24 17 18 19 -21 21 -23 -24 -25 -26
leaf_value=0.015254289405718595 0.023629640978450803 -0.006624441959628186 0.023520024895984253 -0.014872978071471719 -0.0065571878145834241 -0.019812201092638038 -0.018205036146762346 0.015519523225271338 -0.014142349930455532 0.017273802620967588 0.0053979919782221079 0.017039889090251684 -0.023760371930976996 -0.0015650784547056739 0.016480467869368774 0.0061854441504394318 0.00047986161733980573 0.011839902797572317 -0.021327581830739933 -0.0032110370693411265 0.0072099498355471456 -0.010770886393445764 -0.014465651503479497 0.011871618550245686 0.021319694389504935
leaf_weight=11.264780312776564 15.482234485447405 13.877635046839716 13.50715461373329 11.542202979326246 12.638189151883127 19.401783399283886 14.241010576486586 12.238217279314993 17.297869794070721 12.345705032348631 13.516998007893561 17.343523845076561 22.635737493634224 157.79822666198015 16.106346622109413 12.204867959022524 194.17880555987358 19.402151830494404 19.170715004205704 133.16418682038784 122.61451669037342 16.521064624190331 19.681271627545357 15.694413572549818 11.766849800944327
leaf_count=50 70 59 59 49 54 83 61 52 75 53 58 75 97 688 72 53 825 87 82 568 515 70 83 69 51
internal_value=0 -0.00154794 0.000157487 0.00128554 0.0107107 -0.0091309 -0.00399581 0.0037525 -0.00109373 -0.000132863 -0.00109844 -0.00197025 -0.0128585 0.00027729 0.000569036 0.000884601 0.00032038 -0.000175644 -0.00353296 -0.00549093 0.00145774 0.00507489 -0.000895555 0.00365117 0.0136143
internal_weight=0 325.469 265.71 620.168 43.8148 59.7586 40.3569 26.1159 252.203 234.905 222.559 211.294 36.1527 175.142 576.353 564.811 540.839 524.733 171.737 152.335 352.996 139.136 213.86 28.3326 23.9717
internal_count=4058 1410 1155 2648 193 255 172 111 1096 1021 968 918 155 763 2455 2406 2302 2230 737 650 1493 585 908 123 104
is_linear=0
shrinkage=0.03


Tree=149
num_leaves=25
num_cat=0
split_feature=13 2 3 3 0 0 6 9 11 11 6 0 9 9 0 3 9 9 0 7 3 2 13 2
split_gain=1.88599 3.28578 3.44168 2.89933 2.36299 10.5086 6.0367 5.85068 4.01372 3.07078 2.43263 8.4967 6.48409 8.81099 6.27633 5.03156 5.6188 4.48529 7.01152 3.68436 3.654 1.8324 1.79567 1.753
threshold=12.431785714285722 0.013185002012259183 58.339320826003117 40.253467161628585 -0.06995146315138405 -0.065777535277109597 1.4014897442963046 0.013620930265198063 -0.0090271989173932848 0.0085903326463480107 1.0709742060818541 0.085589081342127962 0.017400458065285344 0.028723335569921463 -0.022575888600263435 40.041364824278723 -0.030398796029326377 0.005185539316631683 0.04200118787817176 0.80923680757295646 54.430359361325664 0.0057999240522379576 4.5757142857142785 -0.0034259807786639709
decision_type=2 2 2 2 2 2 2 2 2 2 2 2 2 2 2 2 2 2 2 2 2 2 2 2
left_child=1 4 -3 -2 6 -6 7 8 -1 -10 11 15 17 22 -15 16 -7 18 -12 -19 -17 -9 -14 -13
right_child=3 2 -4 -5 5 10 -8 21 9 -11 12 23 13 14 -16 20 -18 19 -20 -21 -22 -23 -24 -25
leaf_value=0.002457870085915291 0.018710015617325153 -0.01949366956166006 0.0011744440612610127 -0.0025448457315324206 -0.027384280589346641 0.0044133911182046926 -0.014535532734096591 -0.0083589622261945676 0.028105142339141277 0.0096925335308787434 0.0086661657342592107 -0.026916500120012062 0.031814686404118754 0.02022378604709666 -0.0058454584369819484 0.0059658206888294233 -0.01695716627607469 -0.019000819549917104 -0.0040780237266142003 0.00035239065597850546 -0.00049877162859903021 0.0067321123125429101 0.016512178185931752 -0.010325851849751128
leaf_weight=17.369535237550735 12.32611519098282 15.503757640719416 13.622612878680227 10.86922377347946 12.520206242799757 17.292145177721977 12.442388042807577 18.605824008584026 19.096244305372238 14.223981052637098 74.950440943241119 11.590385213494303 12.966218277812006 11.701603367924688 28.691456198692322 101.06796808540821 30.785963356494904 18.540861010551453 80.674107134342194 16.943673372268677 355.42953684926033 11.85558260977268 14.755206950008867 11.339897185564039
leaf_count=73 57 70 59 50 52 75 52 80 87 66 325 51 55 50 123 434 130 80 352 71 1499 51 66 50
internal_value=0 8.87296e-05 -0.00982704 0.00875009 0.000412202 -0.000115934 0.00492226 0.0079056 0.01415 0.020245 0.000318021 -0.000851397 0.00269773 0.0106452 0.00170663 -3.97373e-05 -0.00927087 -0.00013489 0.00205971 -0.00975977 0.000932481 -0.00248551 0.0236697 -0.0187118
internal_weight=0 921.97 29.1264 23.1953 892.843 799.25 93.5936 81.1512 50.6898 33.3202 786.729 527.506 259.224 68.1145 40.3931 504.576 48.0781 191.109 155.625 35.4845 456.498 30.4614 27.7214 22.9303
internal_count=4058 3951 129 107 3822 3413 409 357 226 153 3361 2239 1122 294 173 2138 205 828 677 151 1933 131 121 101
is_linear=0
shrinkage=0.03


Tree=150
num_leaves=31
num_cat=0
split_feature=12 12 12 9 6 13 12 12 4 0 6 1 0 14 5 8 1 1 13 1 0 11 14 11 4 6 12 4 1 8
split_gain=1.94004 5.19379 2.50664 4.17161 3.04823 3.39867 3.50496 6.44473 5.80078 4.29498 4.01964 3.99819 3.66126 3.36897 5.28885 5.21088 3.90828 5.35583 5.10731 5.04087 3.50123 3.39902 3.14829 5.63332 3.09327 2.88448 2.4686 3.75342 2.67714 3.52907
threshold=13854095.500000002 7627909.0000000009 27972923.500000004 0.014718152972571953 0.90695647437197402 3.096785714285708 80380250.000000015 86009264.000000015 0.014122399015316868 -0.013478840566942428 1.0387287654755009 26.284999847412113 -0.0092975524944055015 5.3505427974654172 -0.017333717942140777 0.97992194162855528 15.654999732971193 14.465000152587892 4.2860714285714296 23.480000495910648 0.025276442841954298 0.0025019242374155763 -2.5087816127596563 0.0077492605559934544 -0.027019654637165599 0.81576075979163531 6372375.5000000009 0.021533606698351696 17.894999504089359 1.1100385475432499
decision_type=2 2 2 2 2 2 2 2 2 2 2 2 2 2 2 2 2 2 2 2 2 2 2 2 2 2 2 2 2 2
left_child=1 26 3 -2 13 -6 8 -8 11 10 -10 12 -7 16 -15 -16 17 -4 -18 21 -21 -20 24 -24 -9 -5 27 28 29 -1
right_child=2 -3 4 25 5 6 7 22 9 -11 -12 -13 -14 14 15 -17 18 -19 19 20 -22 -23 23 -25 -26 -27 -28 -29 -30 -31
leaf_value=-0.0014570465760440723 0.020663799155406823 -0.017804036245307037 -0.0012171816923742702 0.008338325913834788 -0.015624274879262049 -0.0049231234997513607 -0.018026308423903185 0.0063490799423490188 0.010993312965758093 -0.00063231372626745136 0.03269116677547669 0.016802778949878652 0.0044868029529352088 0.0071253662331720339 -0.0062742845448864222 -0.029711768058414238 0.012177973538086407 0.021695675942252881 -0.00084200589191643518 -0.0016850772167568875 0.016588156636892074 -0.013861397935886182 0.010400003229092899 -0.0095724511468777071 -0.013113154858020611 -0.0095316382381116557 0.010857354557112023 -0.017606139257676876 0.0018117655519004005 -0.013097253215922415
leaf_weight=100.98983795940876 14.585634082555769 18.046359978616238 22.933953329920769 21.316052168607712 9.5879042595624906 60.632373362779617 18.344306007027626 11.300538212060927 17.657215133309368 12.071286231279371 13.604753270745276 15.544014573097227 96.347400844097137 12.77205169200897 22.057620227336884 13.928691506385801 18.257787615060806 15.311125993728636 27.083780750632286 45.753046303987503 11.889221914112566 54.091665953397751 48.204723335802555 17.261145398020744 21.022936329245567 13.141309946775435 14.46892002224922 12.978656455874441 139.04221205413342 30.527106553316116
leaf_count=421 65 79 99 89 41 256 77 50 76 51 59 72 414 53 92 57 77 66 114 204 55 228 211 74 94 57 63 57 599 129
internal_value=0 -0.0021761 0.00070061 0.00721564 0.000155041 0.00198459 0.00249313 -0.00170933 0.00475411 0.014567 0.0204359 0.00228939 0.000852283 -0.00240533 -0.00945963 -0.0153459 -0.000644349 0.00795581 -0.00273833 -0.00470018 0.00208394 -0.00951754 0.00135157 0.00513394 -0.00630901 0.0015231 -0.00122972 -0.00184653 -0.00109054 -0.00415892
internal_weight=0 316.053 634.701 49.043 585.658 341.579 331.991 116.134 215.857 43.3333 31.262 172.524 156.98 244.079 48.7584 35.9863 195.321 38.2451 157.076 138.818 57.6423 81.1754 97.7893 65.4659 32.3235 34.4574 298.007 283.538 270.559 131.517
internal_count=4079 1348 2731 211 2520 1475 1434 506 928 186 135 742 670 1045 202 149 843 165 678 601 259 342 429 285 144 146 1269 1206 1149 550
is_linear=0
shrinkage=0.03


Tree=151
num_leaves=31
num_cat=0
split_feature=12 12 12 9 12 4 1 2 2 0 8 13 13 9 13 8 11 13 8 9 9 5 5 13 14 14 4 1 13 3
split_gain=1.82575 4.88259 2.36212 3.95174 2.32528 3.53459 2.51818 3.76509 7.99693 3.76979 3.69754 2.93121 4.46895 3.04884 2.12459 5.29508 5.841 4.86188 4.77836 5.28179 3.92615 4.21936 5.93229 6.66458 4.21112 3.89771 9.82086 6.55019 5.52825 4.28292
threshold=13854095.500000002 7627909.0000000009 27972923.500000004 0.014718152972571953 6372375.5000000009 0.021533606698351696 17.894999504089359 -0.00075819403410060983 0.00010341567714052521 -0.0023991033821552095 1.1100385475432499 3.096785714285708 3.638571428571431 -0.0006255175525161637 4.6264285714285771 0.85020875702765042 0.040772939037665885 5.4035714285714294 0.91573684122943289 0.018632889840309089 0.03870663716732748 -0.012726442082290677 0.0037556856239701068 4.1835714285714287 3.5223271189883008 5.2896705684553655 -0.0091583638335366851 15.944999694824221 5.7339285714285753 66.704035917915846
decision_type=2 2 2 2 2 2 2 2 2 2 2 2 2 2 2 2 2 2 2 2 2 2 2 2 2 2 2 2 2 2
left_child=1 4 3 -2 5 6 7 9 -9 -1 -10 -8 -13 -14 20 16 17 -16 19 -17 21 -4 23 24 -23 27 -27 28 -20 -28
right_child=2 -3 14 -5 -6 -7 11 8 10 -11 -12 12 13 -15 15 18 -18 -19 25 -21 -22 22 -24 -25 -26 26 29 -29 -30 -31
leaf_value=-0.00082030957141642586 0.020136727762778934 -0.017257664775378611 0.0096235699532384658 0.0014775253203038971 0.010546879336229253 -0.017089874276652355 0.015090440169177186 0.017525342668971579 -0.0012018535621886857 -0.019416115850207725 -0.016906379244951222 -0.016299120911349829 -0.0029314064425165392 0.0069548976350333217 0.00026636473644219607 0.018693062321827089 0.010791816947864396 -0.01668005905279063 -0.00042246363697957009 0.0009250371995876412 0.018467530677784567 -0.002625637580968268 0.0057423678512418834 0.0094723216056864842 -0.024863131124501271 0.011362308558006292 -0.023331110961318076 -0.0010724452075374005 0.025622587291093471 -0.0035024822102768822
leaf_weight=16.828560009598732 14.519399166107176 18.058969438076019 41.358228519558907 34.458605542778969 14.448321357369421 12.969738185405729 13.409129336476324 17.575623840093613 55.835500568151474 23.529568672180176 17.792544573545456 13.029217422008513 53.469045460224145 59.110835328698165 22.552417486906052 25.631175875663757 12.907585114240645 46.970656402409077 13.249954655766489 36.498655885457993 13.886858448386191 12.153394952416418 45.005256429314613 11.99551475048065 20.749096244573593 17.002797812223434 25.521387182176113 207.57697696983814 16.429250076413155 15.919035136699675
leaf_count=70 65 79 176 146 63 57 57 74 234 97 75 55 232 255 95 111 56 206 57 155 58 51 195 51 86 75 108 901 72 67
internal_value=0 -0.00211076 0.000680151 0.007009 -0.00119284 -0.00179104 -0.00105772 -0.00403272 -0.000656714 -0.011662 -0.00499692 0.00175772 0.000334415 0.00225947 0.00015065 -0.000887072 -0.0077419 -0.0111829 0.000692028 0.0082551 0.00329824 0.0016934 -0.00195472 -0.0096702 -0.0166491 -0.00089706 -0.00783679 0.000812402 0.0139951 -0.0157141
internal_weight=0 316.057 634.386 48.978 297.998 283.55 270.58 131.562 91.2037 40.3581 73.628 139.018 125.609 112.58 585.408 440.26 82.4307 69.5231 357.829 62.1298 145.148 131.261 89.9033 44.898 32.9025 295.699 58.4432 237.256 29.6792 41.4404
internal_count=4079 1348 2731 211 1269 1206 1149 550 383 167 309 599 542 487 2520 1903 357 301 1546 266 617 559 383 188 137 1280 250 1030 129 175
is_linear=0
shrinkage=0.03


Tree=152
num_leaves=31
num_cat=0
split_feature=12 12 9 3 14 2 13 7 11 14 3 12 9 6 13 2 2 7 9 12 1 5 14 5 8 3 1 1 1 8
split_gain=1.71854 4.59058 2.24574 6.71305 5.24167 4.45411 2.53371 2.87398 6.05634 3.86067 2.29099 2.22633 3.74336 2.8154 3.19713 3.34491 12.1403 4.68351 7.62988 6.80169 3.66961 3.4966 3.04656 4.88877 4.75722 3.7457 3.17027 4.78776 3.66091 6.83485
threshold=13854095.500000002 7627909.0000000009 0.036249968717367194 76.340581665717011 3.891760601850947 0.00034541038915672241 2.5439285714285744 0.83914468898094385 0.010853110702424009 3.4067202090698303 65.997844565376411 27972923.500000004 0.014718152972571953 0.90695647437197402 3.096785714285708 -0.00014475584852303094 0.00073418487699443717 0.74951678131628907 -0.0006255175525161637 70441269.000000015 18.319999694824222 -0.0063492113895119986 5.3505427974654172 -0.017333717942140777 0.97992194162855528 42.178879107965479 15.97499990463257 14.465000152587892 23.480000495910648 0.89640797711120379
decision_type=2 2 2 2 2 2 2 2 2 2 2 2 2 2 2 2 2 2 2 2 2 2 2 2 2 2 2 2 2 2
left_child=1 2 3 4 6 -6 -1 9 -9 -8 -4 12 -2 22 -15 17 -17 18 20 -20 -16 -19 25 -24 -25 -13 27 -27 -28 -30
right_child=11 -3 10 -5 5 -7 7 8 -10 -11 -12 13 -14 14 15 16 -18 21 19 -21 -22 -23 23 24 -26 26 28 -29 29 -31
leaf_value=-0.013774038644620044 0.01962410353746015 -0.01673043117876586 0.0020074276918887052 0.017197504500509751 -0.0033241870477827636 -0.027710918543216743 0.0014117091005698399 -0.019334888082059968 0.0027464407396547838 0.019262950575383901 -0.013985244361680591 -0.010483489112325451 0.0014335110595835501 -0.015164634412591518 -0.016793674997777855 0.029967461391636915 0.0027118595405892123 -0.019487888490915123 0.032752548696318204 0.0018215627405399463 0.00056190234661060521 -0.0015758494423359316 0.0069256495722176447 -0.0060058260982190793 -0.02839390312516786 -0.00078032695252536676 -0.0051366242867783895 0.019941337055292493 -0.0043743091395784892 0.019187012779921638
leaf_weight=11.32819429039955 14.452737763524054 18.069066107273102 12.531481593847273 18.542245656251907 15.581176295876505 11.87994574010372 146.28266593813896 18.080371528863907 29.286851972341537 11.781747296452521 22.601434782147408 29.522538706660271 34.451231151819229 9.5969395935535413 12.996412694454191 16.126365467905998 167.2532711699605 18.133212715387344 12.22637014091015 13.423104852437971 70.125992618501186 21.364813536405563 12.768836379051207 22.045581728219986 13.945584312081335 22.675824478268623 79.476362615823746 18.001931920647621 26.342233866453171 19.126262530684471
leaf_count=49 65 79 54 77 66 51 628 75 124 50 95 126 146 41 55 69 723 76 56 58 307 90 53 92 57 98 335 78 120 86
internal_value=0 -0.00204793 -0.00115736 -0.000204904 -0.00152617 -0.0138741 3.81872e-05 0.00079984 -0.00568214 0.0027423 -0.00828085 0.00066029 0.00680943 0.000146376 0.00190565 0.00239961 0.00510871 -0.000950992 0.002262 0.0165655 -0.00215169 -0.00979912 -0.00231501 -0.00902254 -0.0146806 -0.000639035 0.00111576 0.00839004 -0.0012525 0.00553673
internal_weight=0 315.965 297.896 262.763 244.221 27.4611 216.76 205.432 47.3672 158.064 35.1329 634.056 48.904 585.152 341.246 331.65 183.38 148.27 108.772 25.6495 83.1224 39.498 243.905 48.76 35.9912 195.145 165.623 40.6778 124.945 45.4685
internal_count=4079 1348 1269 1120 1043 117 926 877 199 678 149 2731 211 2520 1475 1434 792 642 476 114 362 166 1045 202 149 843 717 176 541 206
is_linear=0
shrinkage=0.03


Tree=153
num_leaves=27
num_cat=0
split_feature=12 12 12 4 1 2 2 0 8 13 13 6 7 1 6 13 9 1 2 1 12 12 0 12 5 9
split_gain=1.61752 4.31685 2.17478 3.30548 2.35959 3.60336 7.49416 3.52975 3.49166 2.74274 4.12372 3.50134 2.16145 2.49952 2.70752 5.94562 4.44448 4.63232 4.23163 4.16959 4.05266 3.16192 6.10428 3.30281 2.76636 2.14516
threshold=13854095.500000002 7627909.0000000009 6372375.5000000009 0.021533606698351696 17.894999504089359 -0.00075819403410060983 0.00010341567714052521 -0.0023991033821552095 1.1100385475432499 3.096785714285708 3.638571428571431 0.71325310182530799 0.99469098743730144 12.405000209808351 1.0709742060818541 12.053214285714287 0.021858407693562402 16.125000000000004 0.012250054156559465 17.285000801086429 69966900.000000015 34586538.500000007 -0.048087899882940648 39572850.000000007 0.04101887861623655 0.038199741392877302
decision_type=2 2 2 2 2 2 2 2 2 2 2 2 2 2 2 2 2 2 2 2 2 2 2 2 2 2
left_child=1 2 3 4 5 7 -7 -1 -8 -6 -11 -12 13 -2 15 18 17 -16 21 -19 25 22 -15 -23 -21 -18
right_child=12 -3 -4 -5 9 6 8 -9 -10 10 11 -13 -14 14 16 -17 20 19 -20 24 -22 23 -24 -25 -26 -27
leaf_value=-0.00084822009228026037 0.016882590553623643 -0.016221414033696643 0.010239644212905999 -0.016510884574591742 0.014648667661351514 0.017054323096973651 -0.0010765131409332552 -0.018845713499262028 -0.016329171519403992 -0.01561422971654757 0.011195916719819904 -0.00090720636049986794 0.010712814566172712 0.022371663088732334 -0.012172149480519596 0.018595415260629924 0.028687473989643646 0.02054979428216613 -0.019055805289808429 -0.00017035733611994638 -1.1111510158490635e-05 -0.01146160429896346 0.00012921695235994807 -0.0016541254640277075 0.015209538166759708 0.011141814879596229
leaf_weight=16.826764211058617 8.1083900481462461 18.076853692531586 14.426328226923941 12.944302022457121 13.375225573778151 17.538389638066292 55.83673132956028 23.511348262429237 17.818286657333374 13.036913871765135 28.970878005027771 83.555484257638454 18.613673135638237 13.45850548148155 21.803863108158112 13.065738946199415 11.616129577159883 10.854931518435476 12.635383695363997 118.47426848858595 16.198887795209885 34.979838386178017 63.498021930456161 265.20968421548605 11.551814354956148 13.630040198564528
leaf_count=70 38 79 63 57 57 74 234 97 75 55 127 360 79 59 93 60 51 48 57 520 69 147 269 1132 51 58
internal_value=0 -0.0019867 -0.00112276 -0.00170112 -0.000992351 -0.00387225 -0.000569794 -0.0113382 -0.00476637 0.00173401 0.000358322 0.00220885 0.000641096 0.000336307 0.000115271 -0.00131101 0.00293001 0.00069571 -0.00197828 0.00268724 0.0117003 -0.00140614 0.00401908 -0.00279695 0.00119603 0.0192148
internal_weight=0 315.918 297.841 283.414 270.47 131.532 91.1934 40.3381 73.655 138.939 125.563 112.526 633.699 615.085 606.977 402.847 204.13 162.685 389.781 140.881 41.4451 377.146 76.9565 300.19 130.026 25.2462
internal_count=4079 1348 1269 1206 1149 550 383 167 309 599 542 487 2731 2652 2614 1724 890 712 1664 619 178 1607 328 1279 571 109
is_linear=0
shrinkage=0.03


Tree=154
num_leaves=10
num_cat=0
split_feature=11 11 2 11 3 3 2 0 2
split_gain=1.70156 1.92306 3.21364 2.90597 3.05837 2.78347 3.03016 1.80917 3.30117
threshold=-0.062107094661673794 -0.044114999052754393 -0.0028497293215441716 -0.038034912163109828 22.830025981031365 27.404867918853835 -0.013522081392064509 -0.14344495366535867 0.013185002012259183
decision_type=2 2 2 2 2 2 2 2 2
left_child=-1 2 -2 -3 -5 -6 -7 -8 -9
right_child=1 3 -4 4 5 6 7 8 -10
leaf_value=-0.0092829067156184452 -0.0030454735512622584 -0.013771139070091953 0.019842623754984089 0.016378348427901909 -0.014018068135108492 0.01221187468143765 0.010969426349287078 -0.00011591055269604932 -0.010888186813919018
leaf_weight=18.309629485011101 10.762246720492842 14.10563215613365 11.336832106113432 10.086694598197935 12.992780163884161 17.827068395912647 12.664467781782148 814.73032814264297 26.433983206748962
leaf_count=82 50 62 50 44 57 84 55 3478 117
internal_value=0 -4.79458e-05 0.00869613 -0.000260564 -4.75676e-05 -0.000234855 -2.94039e-05 -0.000284989 -0.000454434
internal_weight=0 930.94 22.0991 908.841 894.735 884.649 871.656 853.829 841.164
internal_count=4079 3997 100 3897 3835 3791 3734 3650 3595
is_linear=0
shrinkage=0.03


Tree=155
num_leaves=31
num_cat=0
split_feature=6 14 4 9 5 3 5 3 6 9 12 3 4 0 14 8 7 10 5 6 10 5 14 8 3 0 0 1 1 0
split_gain=2.33746 7.96202 6.08873 5.65176 3.88695 5.91993 5.44261 4.87883 5.58657 4.3789 5.30403 3.89763 3.69646 5.49205 4.40845 3.6075 8.00388 3.45501 3.34848 3.24175 3.04997 3.04163 6.91308 7.09891 8.4964 6.69492 6.32925 7.17002 12.9134 8.50027
threshold=0.87602529147408992 5.6576982643260418 0.00090805157632034572 0.021858407693562402 0.012925600814916673 47.245910043835515 0.049811321523696557 54.83251963656982 0.83830941150761973 -0.0026385709194588487 37123214.000000007 40.663882186431699 0.0058112088681027138 -0.040857652050686026 1.6356264779032177 0.87029170229588992 0.94640574096913477 -0.27418378485362399 -0.00084002927780779657 0.71325310182530799 -0.22853839776449056 0.0050208760107005599 2.6005346126839477 0.81298027215921775 66.140984998799766 -0.062842821894403419 0.0093657919833756171 18.57499980926514 14.715000152587892 -0.027716390352376493
decision_type=2 2 2 2 2 2 2 2 2 2 2 2 2 2 2 2 2 2 2 2 2 2 2 2 2 2 2 2 2 2
left_child=1 4 -3 -4 7 11 15 9 12 10 -1 -6 14 -14 -9 16 -7 -11 -16 -17 -15 22 25 24 -24 -2 27 28 29 -23
right_child=21 2 3 -5 5 6 -8 8 -10 17 -12 -13 13 20 18 19 -18 -19 -20 -21 -22 26 23 -25 -26 -27 -28 -29 -30 -31
leaf_value=0.013242946268192231 -0.019401279006867798 0.0027781076359884816 -0.037474252484192616 -0.0098629411551573645 -0.0061251455072047125 -0.027608577788454401 0.010852241030428089 0.015933951924979668 -0.015730775492696993 0.0041229245359061225 -0.013808421461852925 -0.02757954258495322 -0.0200733989038499 0.012895212409352409 0.0051879119428433805 -0.0090809424385503278 0.0046262393043718089 0.02411012550875509 -0.011913016315602298 0.0075804562101173872 -0.0055702744758163603 -0.019853148057971618 -0.028465855796407209 0.0060122328837673381 0.0049615596105861961 -0.0023809478808657324 -0.0029832394101448911 0.00087403583252828579 0.024227501584163209 0.013396990781150666
leaf_weight=13.649818375706674 24.205915108323097 12.453264012932776 12.386733472347261 14.461320474743841 16.788539990782741 15.769574522972109 26.44340617954731 25.291936784982681 19.266150027513504 12.360002800822256 12.49456639587879 13.956245377659796 14.900056004524229 13.415629774332041 39.569553062319756 18.492024168372154 12.371037334203718 21.022959306836128 13.933850511908529 24.348058015108109 20.129741936922077 12.690337866544725 12.72761429846287 158.4060535877943 14.80232399702072 147.79775105416775 75.314884074032307 69.611783429980278 45.227819338440895 15.217340692877768
leaf_count=58 105 52 51 60 72 67 117 111 80 55 53 60 65 57 166 78 52 94 58 103 86 55 54 680 62 639 323 302 198 67
internal_value=0 -0.00178695 -0.0145598 -0.0226018 -0.000284907 -0.00438694 -0.000765001 0.00226686 -0.000675786 0.00950923 0.000314927 -0.0158641 0.00160376 -0.0049174 0.00561315 -0.00509293 -0.0134377 0.0167099 0.00073433 0.000388524 0.00181453 0.00126012 -0.000441444 0.00356851 -0.0104926 -0.0047762 0.00405316 0.00776564 0.0143252 -0.0017227
internal_weight=0 373.504 39.3013 26.8481 334.203 128.169 97.4241 206.034 146.507 59.5273 26.1444 30.7448 127.241 48.4454 78.7953 70.9807 28.1406 33.383 53.5034 42.8401 33.5454 576.002 357.94 185.936 27.5299 172.004 218.062 142.747 73.1355 27.9077
internal_count=4080 1595 163 111 1432 549 417 883 623 260 111 132 543 208 335 300 119 149 224 181 143 2485 1540 796 116 744 945 622 320 122
is_linear=0
shrinkage=0.03


Tree=156
num_leaves=31
num_cat=0
split_feature=6 14 4 3 5 3 5 3 6 2 9 12 4 7 0 3 8 7 10 6 10 12 12 14 8 5 8 9 5 6
split_gain=2.20075 7.49163 5.72876 5.44558 3.65958 5.57127 5.1243 4.60228 5.253 4.82501 4.14343 4.99253 3.67184 4.59578 3.86547 3.67013 3.39578 7.53179 3.28376 3.04991 2.94382 3.65401 8.20304 3.02002 6.57513 5.51687 4.277 2.87411 2.83483 2.59762
threshold=0.87602529147408992 5.6576982643260418 0.00090805157632034572 68.870263432473763 0.012925600814916673 47.245910043835515 0.049811321523696557 54.83251963656982 0.83830941150761973 -0.0032782607372509542 -0.0026385709194588487 37123214.000000007 0.0012677765427880907 0.85892600325948909 -0.040857652050686026 40.663882186431699 0.87029170229588992 0.94640574096913477 -0.27418378485362399 0.71325310182530799 -0.37353474333546011 4235827.0000000009 4522250.5000000009 1.5202017672125641 0.97323717889774886 0.0042399119911419323 1.0572589051613324 0.015344305566015072 -0.068113525236928915 1.0270240840503289
decision_type=2 2 2 2 2 2 2 2 2 2 2 2 2 2 2 2 2 2 2 2 2 2 2 2 2 2 2 2 2 2
left_child=1 4 -3 -4 7 15 16 10 9 -9 11 -1 13 -11 -14 -6 17 -7 -12 -18 -2 23 -23 25 -25 26 -22 -21 -24 -27
right_child=20 2 3 -5 5 6 -8 8 -10 12 18 -13 14 -15 -16 -17 19 -19 -20 27 21 22 28 24 -26 29 -28 -29 -30 -31
leaf_value=0.012857791545248643 0.012812544774365076 0.0026952593098230732 -0.03651822793142924 -0.0094154657797120445 -0.0059419737399305497 -0.02678586029730122 0.010536235663395345 -0.013452919029928729 -0.015247621876643472 0.0026114357186206101 0.004002442886291536 -0.013391906988391234 -0.011948063011992052 0.023876352189408988 0.0039336025495786279 -0.026763725465325724 -0.0087974753454231631 0.004489816634071532 0.023511840260697154 -0.003256423761045798 0.003933027878722079 0.027030218563509872 -0.0098529750680826454 -0.0015637083556642596 -0.024823356694505885 0.021569196883971641 -0.02116898108782567 0.017378945745605823 0.0018015261616544827 0.0014327776752747516
leaf_weight=13.637130945920946 19.072467178106308 12.451013892889021 12.391152247786524 14.455858215689657 16.786917194724086 15.766349762678148 26.419770434498787 16.737382858991623 19.280118644237518 22.048944294452667 12.350252225995062 12.49664196372032 18.497117459774017 15.631591498851774 54.232835680246353 13.950293526053427 18.514871552586555 12.364621326327322 20.912857383489609 11.805307656526567 11.768628865480425 11.428255096077917 19.641076371073723 30.662805184721947 17.003601923584938 11.362594410777094 12.702752500772474 12.513915732502936 430.31017091870308 11.705425143241881
leaf_count=58 85 52 51 60 72 67 117 72 80 94 55 53 80 67 230 60 78 52 94 50 50 49 88 129 71 50 53 53 1860 50
internal_value=0 -0.00173435 -0.0141242 -0.0219247 -0.000276346 -0.00425683 -0.000742251 0.00220143 -0.000655695 0.00155696 0.00924494 0.000305716 0.00383234 0.0114331 -0.000105518 -0.0153921 -0.00494115 -0.013039 0.0162682 0.00037707 0.00122324 0.000826111 0.0019303 -0.00452492 -0.00986091 0.000825322 -0.00909707 0.0073619 0.00129279 0.0113514
internal_weight=0 373.245 39.298 26.847 333.947 128.122 97.3848 205.825 146.428 127.148 59.3969 26.1338 110.41 37.6805 72.73 30.7372 70.9651 28.131 33.2631 42.8341 575.658 556.585 461.38 95.2058 47.6664 47.5394 24.4714 24.3192 449.951 23.068
internal_count=4080 1595 163 111 1432 549 417 883 623 543 260 111 471 161 310 132 300 119 149 181 2485 2400 1997 403 200 203 103 103 1948 100
is_linear=0
shrinkage=0.03


Tree=157
num_leaves=18
num_cat=0
split_feature=7 7 9 3 8 8 3 2 9 7 0 5 9 10 1 12 0
split_gain=2.10607 4.76112 4.16811 3.52959 3.3693 3.10166 2.46136 2.55423 3.18387 4.22793 6.43894 4.70598 2.66859 2.81735 3.52357 2.27552 1.90245
threshold=0.13730203229530211 0.095744182661236174 -0.026591291725765017 29.868141181549394 1.0789996747468855 1.1874868656064601 32.030445902218375 -0.014274606885108338 -0.017743458969326883 0.47999780773595829 -0.048538397830247486 -0.012726442082290677 -0.015913127876136964 0.91981499385542531 18.94999980926514 113065700.00000001 0.031766362206818839
decision_type=2 2 2 2 2 2 2 2 2 2 2 2 2 2 2 2 2
left_child=1 2 4 -2 -1 -6 -5 -8 9 10 -9 -12 -10 15 -15 -14 -7
right_child=3 -3 -4 6 5 16 7 8 12 -11 11 -13 13 14 -16 -17 -18
leaf_value=0.017748499715693967 -0.012397207032491434 0.018090615788925259 -0.015273158928230541 0.014614118371784756 -0.012513664618483402 -0.0037077692675450886 0.011495885760332197 -0.015850778361188832 0.015814691876053361 -0.02056116690136019 -0.011242964169631154 0.010677745261318393 -0.00023561590226277247 0.00047386461159782322 0.021681856713024947 -0.013431690605907123 0.012453892340088774
leaf_weight=12.869052246212958 21.443258360028267 18.401292383670807 11.865066424012182 10.146926224231718 12.176535129547117 11.228837609291078 16.333474807441235 22.37365847826004 9.6322873979806882 14.965805262327192 12.607793435454367 29.293540142476559 688.12797928601503 17.463978067040447 11.824356593191622 11.965234011411665 15.749287486076353
leaf_count=58 93 83 51 44 53 49 79 99 42 66 54 126 2936 74 52 52 69
internal_value=0 0.0046447 0.000772002 -0.000377475 0.00443143 5.44741e-05 -7.2359e-05 -0.000250917 -0.000485399 -0.00620027 -0.00285648 0.00408197 0.000127378 -7.97904e-05 0.00903601 -0.000461149 0.00572708
internal_weight=0 82.2901 63.8888 866.178 52.0237 39.1547 844.735 834.588 818.255 79.2408 64.275 41.9013 739.014 729.382 29.2883 700.093 26.9781
internal_count=4080 363 280 3717 229 171 3624 3580 3501 345 279 180 3156 3114 126 2988 118
is_linear=0
shrinkage=0.03


Tree=158
num_leaves=31
num_cat=0
split_feature=6 14 5 6 5 7 3 3 3 4 4 2 1 12 14 1 5 0 1 1 4 14 0 8 3 2 11 3 13 1
split_gain=2.06159 5.97615 4.49642 3.79315 3.92982 5.96572 4.25603 4.62465 3.46673 3.12959 5.14638 5.12735 4.72808 3.12541 4.34313 2.91548 2.76403 7.03288 6.87209 11.6014 10.7976 6.57172 7.23876 7.08266 8.31419 6.42349 6.03756 5.93258 5.77264 5.70537
threshold=0.85893603669484031 5.6576982643260418 -0.012726442082290677 0.8442986004520926 0.012925600814916673 0.56424333336124544 52.313621145529318 61.730887696302709 57.064718300174029 0.0059299455908838903 0.0090764290418448041 0.0050146105189929503 19.644999504089359 2242864.0000000005 1.6356264779032177 23.480000495910648 0.0050208760107005599 0.0093657919833756171 18.57499980926514 14.715000152587892 0.0075554379936583213 2.6005346126839477 -0.062842821894403419 0.81298027215921775 66.140984998799766 0.0075648708933439661 0.0025019242374155763 47.245910043835515 5.6092857142857175 23.480000495910648
decision_type=2 2 2 2 2 2 2 2 2 2 2 2 2 2 2 2 2 2 2 2 2 2 2 2 2 2 2 2 2 2
left_child=1 3 -3 4 9 -6 -7 8 -8 11 -11 13 -12 -1 -15 -9 21 18 19 20 -18 22 -2 24 -23 -24 -19 -25 -21 -20
right_child=16 2 -4 -5 5 6 7 15 -10 10 12 -13 -14 14 -16 -17 17 26 29 28 -22 23 25 27 -26 -27 -28 -29 -30 -31
leaf_value=-0.0079712141502753138 -0.019672315130036973 0.00047837734590514116 -0.021473911340906468 -0.013158005799247622 -0.015994623057071021 0.017016024584119653 -0.0002056658501357317 -0.0011792334589307764 -0.020110236975609187 -0.014220063229829469 0.014374792470846021 0.024106055261895177 -0.0056326487089898005 0.014491248885917648 0.00079566147425755166 0.016241241849325315 0.021730745904422248 0.0098199717347733795 -0.0066920502019896565 0.014829225150692314 -0.015879324991974916 -0.028220144829289365 -0.0039726270981174754 0.017874933469435233 0.0044378010203365952 0.019466708544938358 -0.0088233472328101033 0.0030526555782619796 0.03648062443523075 0.0098899306865690394
leaf_weight=16.788570508360863 24.873099893331528 13.33386681973934 22.682867214083672 19.789330884814262 27.969579666852951 11.419844254851339 14.164423838257791 29.744402870535851 17.735828623175621 21.307846009731293 20.179351359605789 12.655438750982283 22.464150607585907 34.26008914411068 53.198194734752178 12.189754277467726 11.300715342164041 21.692258045077324 39.974990829825401 29.255605816841125 17.522789880633354 12.966738641262056 139.61325163394213 29.590497329831123 15.2876049131155 11.380336061120031 55.973569929599762 136.00027917325497 17.841405093669891 35.047455966472626
leaf_count=70 108 55 94 83 120 51 62 124 75 90 87 55 99 154 225 54 50 95 170 128 76 55 602 129 64 51 238 582 79 155
internal_value=0 -0.00177269 -0.0133469 -0.000444537 0.00041099 -0.00397201 -2.77212e-05 -0.00266385 -0.0112722 0.00315498 -0.00218068 0.00607385 0.00383508 0.00388476 0.00616064 0.00388469 0.00112628 0.00371933 0.00749375 0.0138569 -0.0011337 -0.000477115 -0.0046763 0.00333261 -0.0105499 -0.00220601 -0.00361622 0.00570135 0.0230313 0.00105438
internal_weight=0 349.884 36.0167 313.867 294.077 113.224 85.2543 73.8344 31.9003 180.854 63.9513 116.902 42.6435 104.247 87.4583 41.9342 598.321 228.609 150.943 75.9205 28.8235 369.712 175.867 193.845 28.2543 150.994 77.6658 165.591 47.097 75.0224
internal_count=4080 1498 149 1349 1266 486 366 315 137 780 276 504 186 449 379 178 2582 991 658 333 126 1591 761 830 119 653 333 711 207 325
is_linear=0
shrinkage=0.03


Tree=159
num_leaves=19
num_cat=0
split_feature=7 7 9 3 8 0 8 3 2 9 0 10 3 4 0 12 12 4
split_gain=1.95026 4.52196 3.92526 3.34252 3.19026 2.98458 5.408 2.34233 2.40196 3.06162 4.41932 4.93056 3.50815 2.16728 7.22404 2.55432 4.07263 1.53193
threshold=0.13730203229530211 0.095744182661236174 -0.026591291725765017 29.868141181549394 1.0789996747468855 1.0000000180025095e-35 1.2690608512440902 32.030445902218375 -0.014274606885108338 -0.022569893513175784 -0.048538397830247486 -0.069412668483298509 38.04723713525869 0.030924967440121857 -0.049062864046678582 113065700.00000001 97253018.000000015 -0.010225281938248785
decision_type=2 2 2 2 2 2 2 2 2 2 2 2 2 2 2 2 2 2
left_child=1 2 4 -2 -1 -6 -7 -5 -9 10 11 -10 -12 15 -15 16 -11 -14
right_child=3 -3 -4 7 5 6 -8 8 9 13 12 -13 17 14 -16 -17 -18 -19
leaf_value=0.017238091047509438 -0.012063992019112053 0.017605378080408025 -0.014868307707403655 0.014271168925838575 -0.012829996276031605 -0.0082962321879934894 0.018275972340678126 0.011169823318527153 -0.002702708913115838 -0.00033135297808904686 0.01201495491213171 -0.030303228438938897 0.00032995192140218696 0.025296136550156202 -0.0073817703591405708 -0.01325577763496439 0.015605364436067993 -0.015103459539093389
leaf_weight=12.829225555062292 21.43213264644146 18.331614315509796 11.865194097161291 10.131097346544264 11.516526594758032 13.420654565095903 14.172851577401159 16.27776063233614 11.096823245286943 705.64325737953186 13.009839370846747 12.261711359024046 11.476643130183218 12.097907081246378 12.25734733045101 13.336077496409414 14.733100458979605 11.6786405146122
leaf_count=58 93 83 51 44 49 58 64 79 50 3011 55 55 50 53 54 58 65 50
internal_value=0 0.00447301 0.000699963 -0.000364138 0.00425644 -1.9232e-06 0.00535205 -6.70372e-05 -0.000241239 -0.000468427 -0.00701989 -0.0171912 -0.000450393 4.59955e-05 0.00885022 -0.000246257 -5.41605e-06 -0.00745407
internal_weight=0 82.1361 63.8045 865.432 51.9393 39.11 27.5935 844 833.869 817.591 59.5237 23.3585 36.1651 758.068 24.3553 733.712 720.376 23.1553
internal_count=4080 363 280 3717 229 171 122 3624 3580 3501 260 105 155 3241 107 3134 3076 100
is_linear=0
shrinkage=0.03


Tree=160
num_leaves=26
num_cat=0
split_feature=6 0 9 0 9 12 5 14 9 14 9 11 3 0 11 6 13 1 9 7 9 4 3 5 6
split_gain=2.50004 6.59642 6.91931 5.05454 7.53913 5.0036 4.02917 5.23952 5.2571 5.1446 4.4852 4.58617 4.64299 3.86823 5.8362 3.82413 4.31583 5.76384 4.17871 3.52576 3.01256 3.93131 2.77154 4.99534 4.16668
threshold=1.2252496739639325 0.12763802256548665 -0.044605324451516097 0.1219111188443356 -0.029346282711609824 51241050.000000007 0.03372554188947164 -2.2254924051538323 1.0000000180025095e-35 2.8852973357184859 -0.045949985888853621 -0.019121831797262175 44.551279350480428 -0.027716390352376493 0.0072189407704036377 1.1158609706330911 4.3774999999999968 16.925000190734867 -0.0074277501496914913 0.095744182661236174 -0.024223960934413365 0.0041320924972142467 54.430359361325664 0.028353655256433966 0.6585272173412392
decision_type=2 2 2 2 2 2 2 2 2 2 2 2 2 2 2 2 2 2 2 2 2 2 2 2 2
left_child=1 2 5 6 -5 -1 7 -2 10 -10 -9 -12 -13 -11 -15 19 -17 -18 -19 -4 21 -21 23 -22 -24
right_child=3 -3 15 4 -6 -7 -8 8 9 13 11 12 -14 14 -16 16 17 18 -20 20 22 -23 24 -25 -26
leaf_value=0.00029990097254165856 -0.022042989984054039 -0.018285197597802363 -0.018895509228217585 -0.0079532162259861785 0.018524367963373485 0.024523963049790234 0.00743406707389907 -0.01474486650286504 -0.02337785106594473 0.0094566287740554585 0.016597904046310299 -0.015783988689181929 0.0098070065855572052 0.0010017976547117445 -0.02675316348408889 0.017868188063943462 -0.015656548412064871 -0.0042473361920151824 0.017245702463275468 0.0012147920460919314 0.0069229739550227421 -0.020800622254621252 0.0058187020851223582 -0.0055276097794503863 -0.0022439893494916748
leaf_weight=13.06514620780945 19.429117597639561 16.649842664599419 9.2763427048921567 18.059083625674248 20.855845272541046 18.598526105284691 18.144108518958092 12.351990796625612 21.048824965953827 11.699874654412268 19.542753010988232 12.490902006626134 13.043732583522795 15.620058901607992 12.100856512784956 22.031975314021111 12.506652459502218 14.037205025553702 19.382595203816891 14.765462636947634 112.19346712529659 14.438451036810873 68.213858723640442 39.112623706459999 373.78260662406683
leaf_count=59 86 74 40 80 94 84 80 54 88 50 85 53 56 68 51 95 53 62 86 63 484 62 293 171 1586
internal_value=0 0.000386443 0.000811488 -0.00343231 0.00623703 0.0145286 -0.00585256 -0.00760802 -0.00522921 -0.0114028 0.0012712 0.00565988 -0.00271147 -0.00500869 -0.0111139 0.000190782 0.00695287 0.00171654 0.00821805 -0.000536589 -0.000263012 -0.00966966 0.000200008 0.0037045 -0.000999664
internal_weight=0 748.055 731.405 194.387 38.9149 31.6637 155.472 137.328 117.899 60.4696 57.4294 45.0774 25.5346 39.4208 27.7209 699.741 67.9584 45.9265 33.4198 631.783 622.506 29.2039 593.303 151.306 441.996
internal_count=4057 3212 3138 845 174 143 671 591 505 257 248 194 109 169 119 2995 296 201 148 2699 2659 125 2534 655 1879
is_linear=0
shrinkage=0.03


Tree=161
num_leaves=26
num_cat=0
split_feature=6 0 9 0 9 12 5 14 9 14 9 11 3 0 11 6 13 1 9 7 9 4 3 5 2
split_gain=2.35406 6.21935 6.52673 4.76004 7.11448 4.73752 3.79339 4.94318 4.94533 4.82831 4.21833 4.3273 4.37022 3.64168 5.4973 3.60357 4.07825 5.42159 3.9459 3.3126 2.83559 3.70221 2.609 4.70351 4.09333
threshold=1.2252496739639325 0.12763802256548665 -0.044605324451516097 0.1219111188443356 -0.029346282711609824 51241050.000000007 0.03372554188947164 -2.2254924051538323 1.0000000180025095e-35 2.8852973357184859 -0.045949985888853621 -0.019121831797262175 44.551279350480428 -0.027716390352376493 0.0072189407704036377 1.1158609706330911 4.3774999999999968 16.925000190734867 -0.0074277501496914913 0.095744182661236174 -0.024223960934413365 0.0041320924972142467 54.430359361325664 0.028353655256433966 -0.0065922974439040346
decision_type=2 2 2 2 2 2 2 2 2 2 2 2 2 2 2 2 2 2 2 2 2 2 2 2 2
left_child=1 2 5 6 -5 -1 7 -2 10 -10 -9 -12 -13 -11 -15 19 -17 -18 -19 -4 21 -21 23 -22 -24
right_child=3 -3 15 4 -6 -7 -8 8 9 13 11 12 -14 14 -16 16 17 18 -20 20 22 -23 24 -25 -26
leaf_value=0.00029091229430438343 -0.021417619295299107 -0.017774454875128003 -0.018303679550445075 -0.007711522196126034 0.018025398886085148 0.023880929007588571 0.0072178768494642097 -0.014282462383982529 -0.022652460530528405 0.0091800046337778361 0.016140537236655223 -0.015311088738506139 0.0095242969328859749 0.00097194468515807966 -0.025972699600686804 0.017385085946637173 -0.015161921008388273 -0.0041184307676060683 0.016777967248877746 0.0011784298276624487 0.0067214083538225016 -0.020189673693513217 -0.013134780611140382 -0.005359728287942931 -0.0002844922604066928
leaf_weight=13.064785465598108 19.397019729018211 16.614955127239227 9.288798511028288 18.066226437687874 20.791160903871059 18.527428299188614 18.127196431159973 12.369070701301096 21.070823207497597 11.690994143486021 19.494371622800823 12.49040068686009 13.028220817446707 15.616874262690546 12.09069302678108 21.965891376137733 12.526899904012678 14.042192563414572 19.326118789613247 14.764457404613497 112.09280143678188 14.429240033030508 23.566065087914467 39.127376958727837 418.46998396515846
leaf_count=59 86 74 40 80 94 84 80 54 88 50 85 53 56 68 51 95 53 62 86 63 484 62 103 171 1776
internal_value=0 0.00037507 0.000787484 -0.00333181 0.00605936 0.0141254 -0.00568041 -0.00738397 -0.00507418 -0.0110607 0.00123439 0.00549825 -0.00263169 -0.00486124 -0.0107858 0.000185176 0.00675451 0.00166661 0.00798426 -0.000520499 -0.000255121 -0.00938294 0.000194052 0.00359548 -0.000969574
internal_weight=0 747.807 731.192 194.233 38.8574 31.5922 155.376 137.248 117.851 60.4694 57.3821 45.013 25.5186 39.3986 27.7076 699.6 67.8611 45.8952 33.3683 631.739 622.45 29.1937 593.256 151.22 442.036
internal_count=4057 3212 3138 845 174 143 671 591 505 257 248 194 109 169 119 2995 296 201 148 2699 2659 125 2534 655 1879
is_linear=0
shrinkage=0.03


Tree=162
num_leaves=31
num_cat=0
split_feature=8 1 6 6 12 12 12 9 10 10 4 7 8 0 14 7 10 6 11 10 5 5 2 12 6 6 13 0 7 9
split_gain=2.32128 2.94749 2.54242 4.26527 2.87713 4.5532 5.46941 5.10905 3.55739 6.30476 5.09708 6.13242 5.23438 4.93549 9.19349 4.68571 3.77201 3.39798 8.09733 7.9948 4.12684 3.35997 3.13859 2.48444 2.67101 5.39757 3.28267 2.74553 11.2376 7.85725
threshold=1.0211203229795782 34.739999771118171 0.67987537997358094 0.63698456545007975 72035050.000000015 94891850.000000015 115252950.00000001 -0.030398796029326377 -0.15254379139543142 -0.36989194270358289 0.0037090810439123216 0.54228885007509808 1.1035088487813252 0.036152336246047863 0.078943455183587183 0.39670996479100945 0.37073633567635672 1.0853099965068924 -0.0054831415175531353 0.10206218051455275 -0.013800960139695338 -0.035600807767522662 0.0034368820620833316 2293553.5000000005 0.6585272173412392 0.63092149196853942 6.2192857142857205 0.032396355095536851 0.90887543445728203 0.0072749531311410163
decision_type=2 2 2 2 2 2 2 2 2 2 2 2 2 2 2 2 2 2 2 2 2 2 2 2 2 2 2 2 2 2
left_child=1 23 3 -2 8 7 -7 -6 9 -4 11 -11 -12 17 -15 -16 -17 18 -10 -20 -19 -8 -9 -1 25 26 -25 -26 29 -29
right_child=2 -3 4 -5 5 6 21 22 13 10 12 -13 -14 14 15 16 -18 20 19 -21 -22 -23 -24 24 27 -27 -28 28 -30 -31
leaf_value=-0.0089735178238565961 -0.0016187576527020339 0.015915853435610614 0.0092611825883741113 -0.024493145190159289 0.0010051406160765403 0.013061412245371709 -0.020334414821231751 -0.024838298376418391 0.029023912328698546 -0.0099906836604757611 -0.031707775471563213 0.017003159122266433 -0.0080675977606214401 -0.02158086340675992 0.017244742115147284 0.0072559405982307156 -0.016302171158640796 -0.01337377597148039 -0.0048833982708044385 0.017767957796974179 0.005917775734022762 0.00054656527260034827 -0.0066301138986784337 0.0085578201764706808 0.0016721197875755316 0.023336353519825832 -0.0096213478057911913 -0.0077458755151157254 -0.023586516206136637 0.0095671312010421235
leaf_weight=23.35821832716465 19.270237840712074 11.542534418404101 22.476986095309258 11.84682786464691 19.281704872846603 20.133912295103073 11.015013843774797 22.969070300459862 16.097896620631218 21.660182148218155 13.383262932300566 11.647280767560003 22.774089753627777 18.984622105956078 14.698811143636702 12.598533451557161 11.889772549271582 14.564184494316576 32.3558709025383 24.751401484012604 31.705963864922523 18.726151645183563 13.544099912047384 23.271224334836006 333.10389620065689 14.079346328973768 14.516006514430044 48.301105111837387 20.929813772439957 46.118076220154762
leaf_count=99 84 59 98 50 84 91 50 96 69 92 56 50 98 84 66 53 53 63 137 113 137 83 59 99 1416 61 63 207 88 199
internal_value=0 0.000920301 -0.00208707 -0.0103274 -0.00140377 -0.00559953 0.000987037 -0.0114873 0.000240833 -0.00454942 -0.00901816 -0.000551212 -0.0168178 0.00272004 -0.00444618 0.0038549 -0.0041822 0.00620923 0.0102315 0.00493414 -0.000154513 -0.00718697 -0.0180842 0.000589779 0.00103626 0.00748166 0.00157427 0.000290803 -0.00369815 0.000710484
internal_weight=0 535.22 406.376 31.1171 375.259 105.67 49.8751 55.7949 269.589 91.9418 69.4648 33.3075 36.1574 177.647 58.1717 39.1871 24.4883 119.475 73.2052 57.1073 46.2701 29.7412 36.5132 523.678 500.319 51.8666 37.7872 448.453 115.349 94.4192
internal_count=4057 2291 1766 134 1632 463 224 239 1169 394 296 142 154 775 256 172 106 519 319 250 200 133 155 2232 2133 223 162 1910 494 406
is_linear=0
shrinkage=0.03


Tree=163
num_leaves=31
num_cat=0
split_feature=8 0 10 0 10 0 1 1 3 14 1 1 1 0 2 3 13 7 1 10 1 0 6 6 6 6 10 8 13 4
split_gain=2.1851 2.82303 7.94384 6.38759 5.71788 5.52593 4.84895 8.15802 4.65856 4.20562 3.97727 7.36476 10.9294 7.11569 8.61248 6.39971 9.14149 7.21048 6.15325 6.06398 5.41711 3.33675 2.39083 4.01053 2.71698 5.31552 3.21564 2.92343 2.36921 6.77768
threshold=1.0211203229795782 -0.041497584316919293 -0.082274221349344465 -0.031541631182187051 0.28552683199335355 -0.024285433474319492 19.875000000000004 16.800000190734867 61.326894297885126 3.0187061358351142 20.360000610351566 17.285000801086429 18.615000724792484 0.023528256562062814 -0.0019510131875457692 66.366816012311503 4.2860714285714296 0.86494811472568622 25.489999771118168 0.26018712999464894 14.184999942779543 0.027477201497012164 0.67987537997358094 0.63698456545007975 0.74827451078514473 0.78375721082780681 -0.36989194270358289 1.146083648849592 3.2653571428571517 0.0045715705969173745
decision_type=2 2 2 2 2 2 2 2 2 2 2 2 2 2 2 2 2 2 2 2 2 2 2 2 2 2 2 2 2 2
left_child=1 2 8 -3 6 9 7 -4 -1 -5 11 13 21 14 -7 17 -17 18 -12 -14 -15 -13 23 -2 27 -26 -27 -24 29 -28
right_child=22 3 4 5 -6 10 -8 -9 -10 -11 15 12 19 20 -16 16 -18 -19 -20 -21 -22 -23 24 -25 25 26 28 -29 -30 -31
leaf_value=0.016238455937438043 -0.0015700302754903047 0.013603820922634581 -0.024406200534007556 -0.00048802088344728899 0.003456466799868677 -0.011749001676216269 -0.027164410409514214 0.0098649022303973974 -0.0030032099231340104 -0.025596542843373819 0.014347936630795054 -0.032652728820573969 -0.0066411404542495141 -0.023049240510916079 0.010739889955041616 0.011892026882245978 -0.016711124115462272 0.028115898147095572 -0.0031770892601934099 0.01894695731805409 -0.00073827517396159138 -0.01274568137619791 -0.0011724701382786816 -0.023747205306841355 -0.018319044873106958 0.010452727828062645 0.016482691932143825 0.018304031171525872 -0.0028765050939236103 -0.012127055995143422
leaf_weight=21.709255203604698 19.272232070565227 38.794076211750507 12.520732656121256 11.95096765458584 19.286450415849686 18.305385917425156 19.813946560025215 12.484578743577002 23.672593310475349 12.065019711852072 39.450585797429085 14.557709306478502 24.864691659808159 13.064671471714972 94.17099791765213 18.200107976794243 22.473465099930763 16.856910198926926 33.210937291383743 12.53867796063423 39.126940414309502 15.805445104837416 15.353299379348757 11.852295964956282 17.255626067519188 19.896221458911896 19.895815879106525 12.651589959859846 278.0195045992732 11.915632799267767
leaf_count=95 84 167 53 50 83 76 86 53 101 50 175 60 104 54 399 77 97 75 153 53 163 67 69 50 73 88 88 55 1206 53
internal_value=0 0.000893236 -0.0034028 0.00199884 -0.0102018 0.000834441 -0.0160792 -0.00729542 0.0062014 -0.0131019 0.00175742 -0.000593979 -0.00891827 0.00283175 0.00707985 0.00595541 -0.00391214 0.0104388 0.00633789 0.00193672 -0.00632318 -0.0222902 -0.00202547 -0.0100152 -0.00136232 -0.00208779 -0.00123836 0.0076263 -0.00198912 0.00576632
internal_weight=0 534.924 109.488 425.437 64.1057 386.643 44.8193 25.0053 45.3818 24.016 362.627 232.435 67.7665 164.668 112.476 130.192 40.6736 89.5184 72.6615 37.4034 52.1916 30.3632 406.112 31.1245 374.988 346.983 329.727 28.0049 309.831 31.8114
internal_count=4057 2291 471 1820 275 1653 192 106 196 100 1553 976 284 692 475 577 174 403 328 157 217 127 1766 134 1632 1508 1435 124 1347 141
is_linear=0
shrinkage=0.03


Tree=164
num_leaves=27
num_cat=0
split_feature=6 0 9 12 0 9 8 7 5 8 2 6 13 5 14 9 14 9 10 8 14 2 0 11 7 9
split_gain=2.13178 5.81371 6.12984 4.49166 4.48993 6.6553 3.58416 4.0801 5.81251 5.29355 5.97478 4.21695 6.35744 3.56273 4.62425 4.66575 4.51008 3.92183 4.28643 4.15242 3.48847 3.5637 3.43701 5.12569 3.09459 2.47267
threshold=1.2252496739639325 0.12763802256548665 -0.044605324451516097 53402561.500000007 0.1219111188443356 -0.029346282711609824 1.4266799053450236 0.57660136989157895 -0.036123764420281805 0.86678226082041487 0.0077329468497428925 1.1158609706330911 4.3914285714285715 0.03372554188947164 -2.2254924051538323 1.0000000180025095e-35 2.8852973357184859 -0.045949985888853621 0.38041769650184803 1.0613780335486076 -5.5535247479947349 -0.0065922974439040346 -0.027716390352376493 0.0072189407704036377 0.83914468898094385 -0.0054123137091987008
decision_type=2 2 2 2 2 2 2 2 2 2 2 2 2 2 2 2 2 2 2 2 2 2 2 2 2 2
left_child=1 2 3 -1 13 -6 7 8 25 -10 -11 20 -13 14 -2 17 -17 -16 19 -19 -9 -22 -18 -24 -14 -4
right_child=4 -3 6 -5 5 -7 -8 11 9 10 -12 12 24 -15 15 16 22 18 -20 -21 21 -23 23 -25 -26 -27
leaf_value=0.00057513317916743948 -0.020686835064091941 -0.017202924612677393 0.017187577946588064 0.023492414367075113 -0.007326421169360612 0.017590303599152098 0.013694142668532111 0.017103347783427817 -0.025994269286206725 -0.0026350706994863679 -0.023592891509555118 0.025314686571267075 0.012544789648668377 0.0070692549623119624 -0.013667811205446344 -0.021877966388540192 0.008967581354461145 0.025579525303524614 -0.0091993695485740358 0.0031159645490040589 -0.011367291363384036 0.00055291302637828805 0.00091499169229854746 -0.025129307515231392 -0.0084983793712706639 -0.0012668738849984566
leaf_weight=13.416554085910322 19.33989841490984 16.562894448637962 13.950914785265924 18.055305019021034 18.073603287339211 20.694843471050262 17.246327072381973 10.918155506253241 11.904492825269697 107.20404209941626 13.820880487561224 15.756863802671431 11.517423309385778 18.101498737931252 12.392136134207247 21.065703868865967 11.681189760565756 11.634274557232855 12.907059058547018 20.378319427371025 23.774995200335979 446.2264960706234 15.598904348909857 12.058188885450361 13.856618247926233 12.291603386402128
leaf_count=61 86 74 61 82 80 94 76 50 51 455 60 69 51 80 54 88 50 51 56 87 105 1902 68 51 60 55
internal_value=0 0.000372575 0.000771376 0.0137227 -0.00315781 0.00597428 0.000187811 -0.000154125 -0.00435883 -0.00690602 -0.00502843 0.00112788 0.0103476 -0.00543961 -0.0070917 -0.00485811 -0.0106758 0.00127351 0.00539542 0.0112799 0.000339358 -5.00697e-05 -0.0046771 -0.01044 0.00105324 0.00854379
internal_weight=0 746.504 729.941 31.4719 193.926 38.7684 698.469 681.222 159.172 132.929 121.025 522.051 41.1309 155.157 137.056 117.716 60.404 57.3118 44.9197 32.0126 480.92 470.001 39.3383 27.6571 25.374 26.2425
internal_count=4057 3212 3138 143 845 174 2995 2919 682 566 515 2237 180 671 591 505 257 248 194 138 2057 2007 169 119 111 116
is_linear=0
shrinkage=0.03


Tree=165
num_leaves=31
num_cat=0
split_feature=8 5 4 0 0 5 1 14 1 14 7 10 4 14 2 1 1 5 6 1 9 9 3 3 2 9 9 0 7 6
split_gain=2.12506 7.65864 7.98935 4.23314 7.61614 2.59537 5.05532 3.98911 2.76617 6.39029 5.59225 5.57401 3.83062 6.45305 4.40649 6.68919 4.4536 4.48424 5.99435 3.94139 3.72605 8.00484 4.57242 7.2908 3.69731 3.34728 5.80546 2.89389 2.36798 1.51629
threshold=0.74387368301455858 0.0056611659137892909 -0.0051932148516333201 -0.028247300750300127 0.023873156760909401 0.066915968095056858 29.94999980926514 -1.5392433029527612 28.184999465942386 -1.7914721850318445 0.30268477721357162 -0.20290963454370778 0.013331380041675668 0.037600607447065483 -0.010614183218576158 22.399999618530277 26.994999885559086 0.012597117865811193 0.6585272173412392 13.269999980926515 0.018632889840309089 0.011524286911554495 64.585163732330869 72.080770667628386 0.0065537133950096813 -0.021238248937362921 -0.062470855933449469 -0.028247300750300127 0.74951678131628907 0.78375721082780681
decision_type=2 2 2 2 2 2 2 2 2 2 2 2 2 2 2 2 2 2 2 2 2 2 2 2 2 2 2 2 2 2
left_child=1 2 -1 -4 -5 8 7 -7 12 11 -11 -10 14 24 15 -2 17 18 -16 -19 21 28 -22 -24 27 26 -13 -14 -15 -3
right_child=5 29 3 4 -6 6 -8 -9 9 10 -12 25 13 20 16 -17 -18 19 -20 -21 22 -23 23 -25 -26 -27 -28 -29 -30 -31
leaf_value=0.020917035159608681 0.025280280078997887 0.026420768341486697 -0.022630648547189009 0.009890149921382832 -0.020778500987212217 0.0087100381551694483 -0.024003113626260151 -0.013172980062493799 0.016840644214809929 0.029996970393358816 0.0051080767317036781 -0.00072129984120025041 0.028378272838206417 -0.0079278017100508132 0.012594301676998911 -0.0032922298580446673 -0.0164370268686851 0.0082431457405004877 -0.0015084296312068213 -0.0083052447504680122 0.017785081554173628 -0.028255073696569696 -0.018344306641655213 0.0096288832539592351 0.00017921041364491941 0.0053906957474886301 -0.028075746819606853 0.0087127997502922765 0.01079479978000175 0.011323133603515641
leaf_weight=11.008334159851072 13.098469749093058 11.348494425415995 12.25983916223049 19.12440246343613 11.774533897638319 16.295361831784248 12.566689908504484 13.886073708534242 11.230441212654112 13.224653199315069 21.069430373609066 15.792459458112715 15.541297614574431 11.844246432185175 29.18363393843174 16.8742965310812 20.211364105343819 14.387735188007353 384.63868480920792 129.92488104104996 15.775806620717047 12.002448216080664 14.079954624176024 20.734354197978973 12.516055986285208 13.384592451155187 12.517248362302778 11.884803488850595 12.492176339030264 12.672327950596808
leaf_count=50 61 51 53 83 50 74 56 60 53 64 99 73 69 51 125 74 88 61 1634 548 67 50 60 89 55 60 55 51 55 56
internal_value=0 0.0043565 -0.00189599 -0.00771482 -0.00179663 -0.000807953 -0.00801503 -0.00135805 -0.000433336 0.00461806 0.0147059 -0.00191861 -0.0010326 0.00370916 -0.00202155 0.00919431 -0.00260281 -0.00210184 -0.000513875 -0.0066554 -0.000877068 -0.00820549 0.00438694 -0.00168432 0.0136905 -0.00697145 -0.0128162 0.0198565 0.00168273 0.0184559
internal_weight=0 78.1879 54.1671 43.1588 30.8989 865.157 42.7481 30.1814 822.409 87.2188 34.2941 52.9247 735.19 126.871 608.319 29.9728 578.346 558.135 413.822 144.313 86.929 36.3389 50.5901 34.8143 39.9422 41.6943 28.3097 27.4261 24.3364 24.0208
internal_count=4075 343 236 186 133 3732 190 134 3542 404 163 241 3138 547 2591 135 2456 2368 1759 609 372 156 216 149 175 188 128 120 106 107
is_linear=0
shrinkage=0.03


Tree=166
num_leaves=27
num_cat=0
split_feature=12 9 3 14 8 4 8 0 0 4 7 14 8 4 4 7 5 1 0 14 13 10 9 0 8 0
split_gain=2.84639 4.13308 3.83593 3.75337 3.71367 3.02123 2.36719 7.65667 9.39161 4.62748 2.33389 9.48562 3.53408 5.89215 4.46829 4.4881 4.43293 3.51554 3.82528 7.71276 4.17013 5.52498 3.49111 2.34962 2.0293 1.86087
threshold=3028421.5000000005 -0.013443640786514553 50.503555189470426 0.41756266021371852 0.85378937129470844 0.0015641582868628492 0.74387368301455858 0.032396355095536851 -0.013014501998048876 0.0075554379936583213 0.98592000700751026 5.178688764638367 0.84878520393539658 -0.0011688767498254646 0.0054000433373367915 0.92210906047783181 -0.010319820493982 41.274999618530281 0.15797637088179853 0.26028924765276634 10.616785714285728 1.0912469342313256 0.017121941318229642 -0.028959986313771165 0.95650344250445862 -0.058112088808719646
decision_type=2 2 2 2 2 2 2 2 2 2 2 2 2 2 2 2 2 2 2 2 2 2 2 2 2 2
left_child=1 -1 -3 -4 5 -5 7 8 9 -2 12 23 13 16 22 -16 -8 18 20 -20 21 -14 -15 -12 -6 -22
right_child=6 2 3 4 24 -7 10 -9 -10 -11 11 -13 17 14 15 -17 -18 -19 19 -21 25 -23 -24 -25 -26 -27
leaf_value=-0.020742443196324296 0.013278630240563095 0.010746391132693317 0.0063377978138445673 0.0097590920589323629 -0.021742654076102288 -0.010854346728413853 -0.0058726635005864362 -0.010756021697188806 0.029552911745859414 -0.01033383165919434 -0.027213517007334133 0.011355463006278481 0.00084966755525193397 0.022194115054353723 -0.018772496632099303 0.0029442015798761766 -0.026916844461109292 -0.014101781760809541 -0.029013872689168892 0.0026075717510848965 0.022452743085013292 0.021830307552610746 -0.00066771897925327556 -0.0088895960376809257 -0.007437777226328289 0.0064697037397744824
leaf_weight=13.083212375640867 15.449139863252642 15.792536273598669 18.716557636857033 13.149643346667292 19.568621709942818 12.46545188128948 21.815955176949501 18.356443174183369 17.456182077527046 14.462327048182486 13.306341901421545 15.358203589916227 549.31125865876675 11.897605150938036 14.71658046543598 20.489195272326469 15.345896035432814 13.629661336541174 11.084603801369669 18.575619079172611 11.602358952164652 11.533460453152655 12.151109904050825 11.957708552479746 16.409682363271713 15.073304757475851
leaf_count=56 67 67 82 55 82 53 94 80 78 65 56 65 2369 50 63 86 67 64 51 86 53 50 51 50 68 67
internal_value=0 -0.00492321 -0.00276961 -0.00542746 -0.00900261 -0.00027233 0.000228056 0.00569245 0.0120667 0.0018619 -0.000239669 -0.00723771 0.000151236 -0.00519808 0.000675065 -0.00613373 -0.0145628 0.000968854 0.00130167 -0.00920998 0.00183234 0.00128112 0.0106427 -0.0185406 -0.0152182 0.0134214
internal_weight=0 109.186 96.1025 80.31 61.5934 25.6151 833.573 65.7241 47.3676 29.9115 767.849 40.6223 727.227 96.4163 59.2545 35.2058 37.1619 630.81 617.181 29.6602 587.52 560.845 24.0487 25.2641 35.9783 26.6757
internal_count=4075 463 407 340 258 108 3612 290 210 132 3322 171 3151 411 250 149 161 2740 2676 137 2539 2419 101 106 150 120
is_linear=0
shrinkage=0.03


Tree=167
num_leaves=23
num_cat=0
split_feature=12 11 5 3 11 8 0 0 4 3 11 8 1 13 7 3 14 8 7 7 11 11
split_gain=2.67901 2.71132 4.40028 3.05751 3.50722 2.2326 7.22137 8.93119 4.35835 2.25786 3.70561 3.37253 3.61771 7.21517 3.43247 10.8079 4.69071 3.28767 3.17429 1.89513 2.56674 1.68539
threshold=3028421.5000000005 -0.011683701144708123 -0.013025454150009162 66.492433486059468 0.0023060181387046801 0.74387368301455858 0.032396355095536851 -0.013014501998048876 0.0075554379936583213 78.979972210195896 0.017961349412791264 0.76947062916986519 13.414999961853029 4.0275000000000043 0.97015740970681363 72.334171798971553 8.4144457860761275 0.84878520393539658 0.8996684669235997 0.73815158407685366 0.012854285699428704 0.033475287405713823
decision_type=2 2 2 2 2 2 2 2 2 2 2 2 2 2 2 2 2 2 2 2 2 2
left_child=1 -1 -3 4 -4 6 7 8 -2 11 -11 -7 13 -13 16 21 17 -14 -15 -6 -21 -16
right_child=5 2 3 -5 19 9 -8 -9 -10 10 -12 12 14 18 15 -17 -18 -19 -20 20 -22 -23
leaf_value=-0.018410054185931755 0.012900482940520708 0.0091290979889365031 -0.014520349256791706 -0.016420651883962096 0.010222325740629142 -0.015861804582585001 -0.010425666959355349 0.028876694762681634 -0.010023300269983762 -0.016763908902370627 0.0014967783649585584 -0.0055208531904803806 -0.0066033621499922745 0.0084535364672045157 -0.011296558067492163 0.016878108529459614 0.017933386115982879 0.00078789273988851807 0.029054287451588456 -0.012727709487016944 0.0066562580563182035 -0.024887610491853614
leaf_weight=11.719363063573836 15.425300173461439 20.722915917634964 16.42896144092083 20.342520654201508 15.339437142014502 11.650169551372526 18.369747281074524 17.330920934677124 14.463059350848196 19.019831985235214 21.093657955527306 19.190143272280693 60.098910599946976 13.733965337276461 23.202511474490166 11.903834521770476 13.504946306347845 548.2770754173398 13.203174293041227 12.526031941175463 12.074520245194433 12.710048064589499
leaf_count=50 67 87 70 85 66 50 80 78 65 80 89 84 258 61 96 50 57 2386 57 53 52 54
internal_value=0 -0.0047769 -0.00313711 -0.00645071 -0.00285274 0.000221401 0.00553399 0.0117428 0.0018076 -0.00023255 -0.00716154 0.00014952 0.000410107 0.00853645 -0.000149618 -0.00789514 0.000445934 5.77417e-05 0.0185509 0.00194662 -0.00321361 -0.0161067
internal_weight=0 109.154 97.4344 76.7115 56.369 833.177 65.589 47.2193 29.8884 767.588 40.1135 727.475 715.825 46.1273 669.697 47.8164 621.881 608.376 26.9371 39.94 24.6006 35.9126
internal_count=4075 463 413 326 241 3612 290 210 132 3322 169 3153 3103 202 2901 200 2701 2644 118 171 105 150
is_linear=0
shrinkage=0.03


Tree=168
num_leaves=28
num_cat=0
split_feature=12 9 3 14 8 2 8 0 0 4 7 14 8 6 0 14 7 0 9 1 0 14 13 5 0 8 9
split_gain=2.5213 3.82614 3.55212 3.44618 3.48092 2.91506 2.10578 6.81139 8.49545 4.105 2.13063 8.74751 3.08833 5.7891 5.50211 6.40245 7.49263 6.02239 3.45578 3.3057 3.60028 7.29237 3.9357 3.25368 2.19616 1.90016 1.83687
threshold=3028421.5000000005 -0.013443640786514553 50.503555189470426 0.41756266021371852 0.85378937129470844 -1.0000000180025095e-35 0.74387368301455858 0.032396355095536851 -0.013014501998048876 0.0075554379936583213 0.98592000700751026 5.178688764638367 0.84878520393539658 0.70344315255919321 -0.016862044087486924 3.7535420027803243 0.68355477004548393 -0.049062864046678582 0.018459026002070836 41.274999618530281 0.15797637088179853 0.26028924765276634 10.616785714285728 0.04441703906201256 -0.028959986313771165 0.95650344250445862 -0.027903292650807151
decision_type=2 2 2 2 2 2 2 2 2 2 2 2 2 2 2 2 2 2 2 2 2 2 2 2 2 2 2
left_child=1 -1 -3 -4 5 -5 7 8 9 -2 12 24 13 -8 17 16 -16 -15 -17 20 22 -22 23 -14 -12 -6 -24
right_child=6 2 3 4 25 -7 10 -9 -10 -11 11 -13 19 14 15 18 -18 -19 -20 -21 21 -23 26 -25 -26 -27 -28
leaf_value=-0.019871309440861875 0.012533449594617087 0.01044834685835087 0.0061652357939042668 0.010240392292852153 -0.020871823687758501 -0.010003859974043515 0.012550612810956329 -0.010106144706404674 0.028221197461434939 -0.0097224743807454925 -0.026169366102382362 0.010961165233949834 0.0019798801874238302 -0.0026939160364270534 0.0033335303427701208 0.016143669681130679 -0.029624052256396 -0.030692109250972911 -0.0049655821292311324 -0.013700334261820322 -0.02828544656785735 0.0025068495323994286 0.004931607591440461 -0.0056117096347662555 -0.0084474173165085004 -0.0070322417594997355 0.020695787347676159
leaf_weight=13.057823061943052 15.401080220937731 15.780439615249632 18.683458417654037 12.543689504265787 19.575977325439453 13.073579221963881 14.59516382217407 18.381831713020802 17.203408434987068 14.463243916630743 13.280555501580237 15.326552271842955 504.10653170198202 12.110810518264772 12.182313352823259 16.733764648437504 12.6596792191267 16.114491328597069 11.974442839622496 13.631650768220423 11.036269798874857 18.567328460514545 12.96692316234112 56.505664378404617 11.961879611015322 16.416068807244301 13.660713389515875
leaf_count=56 67 67 82 52 82 56 63 80 78 65 56 65 2168 51 54 73 53 67 50 64 51 86 58 251 50 68 62
internal_value=0 -0.00463453 -0.00256361 -0.00512094 -0.00854355 -9.11086e-05 0.000214971 0.00538035 0.0114284 0.00175494 -0.000225562 -0.00691646 0.000147891 -0.00485388 -0.00796021 -0.00231067 -0.0134619 -0.0186787 0.00733882 0.000912432 0.00123536 -0.00897257 0.00174996 0.0012147 -0.0177713 -0.0145596 0.0130191
internal_weight=0 109.131 96.0732 80.2928 61.6093 25.6173 832.864 65.4496 47.0677 29.8643 767.415 40.569 726.846 96.3707 81.7755 53.5502 24.842 28.2253 28.7082 630.475 616.843 29.6036 587.24 560.612 25.2424 35.992 26.6276
internal_count=4075 463 407 340 258 108 3612 290 210 132 3322 171 3151 411 348 230 107 118 123 2740 2676 137 2539 2419 106 150 120
is_linear=0
shrinkage=0.03


Tree=169
num_leaves=25
num_cat=0
split_feature=14 14 8 0 4 0 5 4 3 3 7 8 1 2 1 7 8 7 8 1 13 4 2 2
split_gain=1.77145 3.17694 2.09011 8.21961 10.3752 8.25052 6.1343 3.76562 3.76331 6.98406 2.96492 3.23405 7.79681 5.41295 4.72539 5.40264 4.70891 3.25106 3.08222 4.24521 5.76203 2.55424 3.35648 1.3701
threshold=8.4144457860761275 7.3856507343812234 0.78209130267480076 0.032396355095536851 -0.0032918570536902832 -0.017881247134704566 0.0066696943026012265 0.0071341349748911273 66.140984998799766 76.340581665717011 0.99544144694450531 0.87211870387071777 19.804999351501468 -0.0040251201990072231 14.920000076293947 0.87345023574787606 0.81612834086053121 0.93123518916563819 0.92425354577675611 15.835000038146974 3.8739285714285709 0.034873670238869899 0.014479924970281652 0.00091013040321648731
decision_type=2 2 2 2 2 2 2 2 2 2 2 2 2 2 2 2 2 2 2 2 2 2 2 2
left_child=1 2 3 5 -5 6 7 -1 -7 -10 11 12 14 -14 17 -16 -15 -4 19 23 -21 22 -20 -13
right_child=-2 -3 10 4 -6 8 -8 -9 9 -11 -12 18 13 16 15 -17 -18 -19 21 20 -22 -23 -24 -25
leaf_value=0.00053011256718149275 0.0080581840741047635 -0.014417525298661306 -0.012784785860221991 0.0092448236667588279 -0.029759716482037936 0.03347400611189643 0.016678980286903979 -0.021207280163834798 -0.0032944481139311746 0.028092603790802608 -0.01459446997131297 0.023142180175515545 -0.012317720105055318 -0.0056288081052123014 -0.008207023856368895 -0.029854749845655983 0.014931660087776919 0.0089767519900177551 -0.00053704099676740757 -0.016274006712301944 0.0057602594784106169 0.011327451760807619 -0.015286962727631066 0.0087696689158099465
leaf_weight=18.363781422376636 22.092422589659691 14.607101663947104 12.110481441020967 11.560559920966627 13.084604397416113 11.044807396829126 13.025308161973951 11.769052967429159 12.668818995356562 12.854207336902617 13.850430294871328 12.379302129149439 15.81830048561096 15.038614690303801 22.403163403272629 19.327005073428154 30.073126494884491 12.614070460200308 536.24477004259825 13.209405049681662 55.807655274868011 15.767016902565954 14.254138313233851 11.528541535139082
leaf_count=78 95 63 51 52 55 52 58 51 55 55 58 53 70 64 93 80 132 52 2322 56 242 71 67 50
internal_value=0 -0.000538282 -0.000314215 0.0036788 -0.0114635 0.00835963 -0.000523792 -0.00795991 0.018844 0.0125131 -0.000834882 -0.000592596 -0.00496854 0.00278265 -0.0120753 -0.018233 0.00807755 -0.0016824 0.000253029 0.005317 0.00154305 -0.000577975 -0.000918963 0.0162116
internal_weight=0 919.404 904.797 104.371 24.6452 79.726 43.1581 30.1328 36.5678 25.523 800.426 786.576 127.385 60.93 66.4547 41.7302 45.1117 24.7246 659.191 92.9249 69.0171 566.266 550.499 23.9078
internal_count=4075 3980 3917 456 107 349 187 129 162 110 3461 3403 542 266 276 173 196 103 2861 401 298 2460 2389 103
is_linear=0
shrinkage=0.03


Tree=170
num_leaves=31
num_cat=0
split_feature=0 0 1 5 10 4 13 1 9 0 6 6 5 6 5 3 14 9 1 1 13 3 13 0 0 4 0 2 10 0
split_gain=1.76451 5.85459 5.33528 5.01202 4.8069 5.84647 4.70539 4.67815 4.64738 6.43097 6.04622 4.15307 4.07476 5.83772 6.45534 5.5624 9.26812 6.54752 4.89569 8.0156 5.59584 5.48804 4.80184 3.9322 5.26232 3.47388 3.29751 2.86258 2.78024 6.78142
threshold=-0.041497584316919293 -0.037532890410319812 31.775000572204593 0.024958941427104479 -0.093533138665119461 0.0035579670243852672 6.0882142857143053 34.739999771118171 0.023967489067659446 -0.067723436088695729 1.0905924194633159 0.9081316974412057 0.012134016619631318 0.89073160732884116 0.016108492940620559 57.329101253298752 1.2929329345794869 0.033119004649323387 18.670000076293949 16.340000152587894 4.9467857142857108 64.061835458715962 5.9242857142857188 -0.092486952719352575 -0.062067735558236962 0.013918466541044896 0.088877852197555854 0.000644868382888488 -0.19771959718142681 -0.0092975524944055015
decision_type=2 2 2 2 2 2 2 2 2 2 2 2 2 2 2 2 2 2 2 2 2 2 2 2 2 2 2 2 2 2
left_child=2 -2 3 4 5 6 -1 12 9 10 -6 -10 28 18 -15 16 -16 -17 19 21 -20 -14 -22 -5 -25 -7 -9 -11 29 -3
right_child=1 7 -4 23 8 25 -8 26 11 27 -12 -13 13 14 15 17 -18 -19 20 -21 22 -23 -24 24 -26 -27 -28 -29 -30 -31
leaf_value=0.01663000105331558 0.015520077657799197 -0.011558282665245525 -0.017786117402957578 0.018364727590355883 0.010946338058868249 -0.014702472780060614 -0.0052061268908535187 0.025942560357506458 0.015133901324410838 -0.012719980119198735 -0.017188595403617345 -0.007849336716191372 -0.017102976079494139 -0.017276799761585269 0.0085039428639978563 0.022240900802027057 -0.021510585418162389 -0.0017477530664642663 0.016088300837367581 -0.031337336071337686 -0.024079974883072015 0.0075617371581808319 -0.0011257550324191637 -0.0111569878415676 0.010671962568389681 0.0050799017974889997 0.0019138451774392609 -0.031287917395522169 0.0025649622924073618 0.0035163077913444134
leaf_weight=27.431425333023071 23.108867570757866 46.755620777606964 18.504025928676128 17.625390648841858 13.905931219458582 21.328392371535301 13.133909747004507 10.566666990518572 11.621760830283167 13.486776247620584 13.595181673765181 18.090789392590523 19.030264839529991 14.026226401329039 23.239294722676277 24.712093636393547 15.391539722681044 17.486006960272789 11.570334807038305 18.236829906702042 11.394754916429518 14.160574346780775 29.273736983537674 17.277723148465157 23.401098489761353 12.774010941386221 10.008684270083902 16.757358863949776 353.45370797067881 63.110645696520805
leaf_count=117 100 196 86 83 61 90 56 56 50 57 59 77 80 59 100 107 66 75 50 76 49 59 129 77 102 56 49 71 1526 272
internal_value=0 0.000669319 -0.00231352 -0.00101467 -0.00372746 0.00186317 0.00956008 0.000166424 -0.00850051 -0.0134611 -0.00296217 0.00114032 -0.000271532 -0.00386763 0.00151045 0.0047706 -0.00345463 0.0123005 -0.00878859 -0.0153592 -0.00231999 -0.00658 -0.00755721 0.00652875 0.00140044 -0.00729243 0.014254 -0.0230079 0.00126931 -0.00289896
internal_weight=0 705.526 238.934 220.43 162.126 74.6677 40.5653 682.417 87.4578 57.7452 27.5011 29.7126 661.842 198.522 94.8552 80.8289 38.6308 42.1981 103.666 51.4277 52.2388 33.1908 40.6685 58.3042 40.6788 34.1024 20.5754 30.2441 463.32 109.866
internal_count=4091 3049 1042 956 694 319 173 2949 375 248 120 127 2844 850 407 348 166 182 443 215 228 139 178 262 179 146 105 128 1994 468
is_linear=0
shrinkage=0.03


Tree=171
num_leaves=26
num_cat=0
split_feature=7 7 3 1 1 14 2 11 4 11 1 0 0 0 13 6 11 0 13 0 0 1 13 2 2
split_gain=1.68653 4.09693 3.84516 3.39598 6.8451 4.33977 1.993 4.36808 2.55585 2.19891 4.08203 3.647 7.1324 4.31513 6.80773 4.03156 3.30833 6.94096 4.38031 2.53943 10.7505 6.82632 6.12296 4.40674 3.03877
threshold=0.13730203229530211 0.095744182661236174 29.868141181549394 22.310000419616703 26.284999847412113 -2.6949354813847206 -0.010614183218576158 0.0034975023870125192 -0.012237227283952877 -0.012741913529794589 16.025000572204593 -0.033034816830252549 -0.077499540649337104 0.036152336246047863 5.6307142857142836 1.0387287654755009 -0.0080581536357283139 -0.054694099657123234 4.1453571428571454 0.0064501536781338418 1.0000000180025095e-35 12.784999847412111 8.2800000000000011 -0.0045224748982719996 0.0013901107560595444
decision_type=2 2 2 2 2 2 2 2 2 2 2 2 2 2 2 2 2 2 2 2 2 2 2 2 2
left_child=1 3 -2 -1 -5 -6 7 8 -4 10 -8 12 -12 15 -15 -13 17 -11 -19 20 23 -21 -23 -18 -22
right_child=2 -3 6 4 5 -7 9 -9 -10 16 11 13 -14 14 -16 -17 19 18 -20 21 24 22 -24 -25 -26
leaf_value=0.010768137431577601 -0.012707817656658229 0.017091844690734957 0.0041399007985885843 -0.020038847129237508 -0.0052494176590954953 0.0178753180282159 -0.022061381493930835 -0.0077480234903137303 0.023586649527170704 -0.01234408919847532 0.0018709451665098375 0.000191190319111503 -0.025902909641321862 0.0098415770711588278 -0.019687163449870679 0.023365981667924227 -0.01318099062145524 -0.00018814310453553121 0.022345522066219495 0.020465975866274157 0.02736659171650874 -0.0054923472218178183 0.016456575450591943 0.0004284929941225815 0.0075764712577966907
leaf_weight=20.45638632774353 22.527701988816261 17.085291549563408 11.904868505895136 15.631356999278067 17.421657592058182 12.576571181416513 10.778098121285437 12.489168182015417 12.43685980141163 11.429571762681006 19.015360713005066 14.85085638612509 14.797181174159048 13.098837003111841 15.158317178487776 12.394261896610258 22.678510546684265 11.805084228515623 22.680390976369381 10.588210940361021 16.051429420709614 197.69968938082457 12.141203507781027 383.71523022651672 12.36022514104843
leaf_count=89 98 78 58 68 77 59 45 56 59 49 85 66 63 60 66 54 96 50 99 47 70 840 52 1653 54
internal_value=0 0.0039968 -0.000476877 0.000611317 -0.00394213 0.00444548 -0.000148105 0.00667544 0.0140758 -0.000461764 -0.00462131 -0.00251673 -0.0102836 0.00221491 -0.00599887 0.0107338 0.000132034 0.00791672 0.0146318 -0.000413471 0.000916304 -0.00303651 -0.0042224 -0.000330974 0.0187571
internal_weight=0 83.1713 860.601 66.086 45.6296 29.9982 838.073 36.8309 24.3417 801.242 100.093 89.3148 33.8125 55.5023 28.2572 27.2451 701.15 45.915 34.4855 655.234 434.805 220.429 209.841 406.394 28.4117
internal_count=4091 371 3720 293 204 136 3622 173 117 3449 439 394 148 246 126 120 3010 198 149 2812 1873 939 892 1749 124
is_linear=0
shrinkage=0.03


Tree=172
num_leaves=26
num_cat=0
split_feature=7 1 1 14 11 7 8 2 11 11 1 11 0 13 0 0 1 1 10 11 3 11 0 10 1
split_gain=1.58963 4.02737 5.90123 5.64186 3.11319 3.60898 2.50105 2.25599 6.81927 2.2104 4.33661 2.65191 6.08723 4.30559 2.48598 10.6288 6.46065 5.868 3.88684 3.08707 2.46198 7.12066 2.40215 2.23061 1.80049
threshold=0.14494553206575914 22.310000419616703 26.284999847412113 -2.6949354813847206 -0.034753054637854934 0.26795320282551222 1.1210095885525051 -0.010614183218576158 0.0027503383296704213 -0.012741913529794589 16.025000572204593 -0.0080581536357283139 -0.054694099657123234 4.1453571428571454 0.0064501536781338418 1.0000000180025095e-35 12.784999847412111 14.765000343322756 0.72349403882567787 0.01625073836849256 58.52542056313083 -0.019121831797262175 -0.072289923064765657 1.0000000180025095e-35 19.954999923706058
decision_type=2 2 2 2 2 2 2 2 2 2 2 2 2 2 2 2 2 2 2 2 2 2 2 2 2
left_child=1 6 -3 -4 5 -2 -1 8 -6 10 -9 12 -11 -14 15 18 -16 -18 -13 -17 21 22 -12 -23 -15
right_child=4 2 3 -5 7 -7 -8 9 -10 11 20 14 13 24 16 19 17 -19 -20 -21 -22 23 -24 -25 -26
leaf_value=0.021727850595230948 -0.022276988499157931 -0.014596351532487298 -0.0042495958497443956 0.018747417208896368 0.019239809502244326 0.001265073610675804 0.0041953043360777372 -0.02232191329255688 -0.0086173479490989306 -0.01196183906395178 0.014342599726310776 -0.00090087602049283844 -0.0012550444413867237 0.029417559225333352 0.019925294176852921 0.026878267691624963 -0.015023008359509819 -0.0018337363826100366 0.014450647359454262 0.0069123051861990038 0.010246647030988345 -0.026248324078773276 -0.001543277663674493 -0.0080356259092185609 0.012572806667738417
leaf_weight=14.449357941746714 12.493378445506098 18.8403350263834 21.856581903994083 17.122771397233009 18.894998252391815 11.038740508258341 14.847116112709044 11.208326801657675 13.602024450898169 11.440793439745901 11.33835184574127 394.3464438021183 12.05067318677902 11.304040282964708 10.549848034977911 16.743730500340465 36.762163385748863 174.30750082433224 15.424072921276091 11.939393207430838 11.807532273232935 12.904719837009909 35.047308713197708 11.397795319557188 11.541950084269045
leaf_count=65 57 82 97 81 91 52 64 47 61 49 49 1698 51 49 47 74 153 744 66 52 52 55 154 50 51
internal_value=0 0.00378079 -0.000810694 0.00585249 -0.000472864 -0.0112336 0.0128426 -0.000168734 0.00757986 -0.000483446 -0.00481287 9.08441e-05 0.00702833 0.0132542 -0.000396171 0.000912757 -0.00298576 -0.00413092 -0.000323033 0.0185674 -0.002434 -0.00455213 0.00233981 -0.0177066 0.0209075
internal_weight=0 87.1162 57.8197 38.9794 856.144 23.5321 29.2965 832.612 32.497 800.115 93.704 706.411 46.3375 34.8967 660.073 438.454 221.62 211.07 409.771 28.6831 82.4957 70.6882 46.3857 24.3025 22.846
internal_count=4091 389 260 178 3702 109 129 3593 152 3441 407 3034 200 151 2834 1890 944 897 1764 126 360 308 203 105 100
is_linear=0
shrinkage=0.03


Tree=173
num_leaves=31
num_cat=0
split_feature=0 0 1 8 8 10 9 9 10 10 11 5 1 6 3 1 5 6 0 2 14 3 1 10 8 8 0 10 10 0
split_gain=1.54363 5.53896 5.05168 5.27203 6.04324 5.81559 6.84658 5.37976 5.31213 10.7414 5.6278 4.71044 4.49162 4.44794 4.11147 3.91024 3.79088 6.70414 5.34446 5.7828 6.47959 5.2657 4.39536 7.40356 5.33156 4.7209 3.17577 2.9226 4.9929 6.75361
threshold=-0.041497584316919293 -0.037532890410319812 31.775000572204593 0.99434422031624237 1.0530948321780607 -0.082274221349344465 0.034457954144256682 0.020605000472411542 -0.01295239311838081 -0.29529875606203942 0.012390870978154502 -0.006071236509653132 34.739999771118171 0.80357806903193696 43.410507986040862 21.539999961853031 0.012925600814916673 0.89073160732884116 -0.0035982639296382453 0.003883476925836966 -0.71248707198737127 58.52542056313083 18.670000076293949 -0.04141173628300681 1.0211203229795782 0.90255522879650651 0.088877852197555854 0.35825793985133497 -0.19771959718142681 -0.0092975524944055015
decision_type=2 2 2 2 2 2 2 2 2 2 2 2 2 2 2 2 2 2 2 2 2 2 2 2 2 2 2 2 2 2
left_child=2 -2 3 5 -5 7 11 -1 9 13 14 -7 16 -6 -10 -11 27 22 21 20 -20 -19 23 -18 25 -24 -14 28 29 -3
right_child=1 12 -4 4 8 6 -8 -9 10 15 -12 -13 26 -15 -16 -17 17 18 19 -21 -22 -23 24 -25 -26 -27 -28 -29 -30 -31
leaf_value=0.012763400778759874 0.015102044357107686 -0.011484454674719667 -0.017243660649330337 0.017930663938817312 -0.0026133216243874745 -0.032803279222965179 0.0025534678983593529 -0.0097430218223933957 0.013503755744203297 -0.022169230191060933 0.024823760796660453 -0.011140711764421381 0.025552058025832144 0.022556774945849935 -0.011636921735150399 -0.0037489727198086343 -0.0078762800756862397 -0.0021610146822197314 0.020631997618046141 -0.021128358265491965 -0.0056014519623983636 0.021057488290597347 -0.0040165514775153009 -0.033008674907435656 -0.014778281776092318 0.020412286397387461 0.0018864620433356068 -0.0032301750763246862 0.0047916944373129801 0.0034687104093384532
leaf_weight=21.440584689378738 23.021019712090492 47.006634071469307 18.445429764688015 20.756147727370262 12.007556885480883 14.936869904398916 18.545863628387451 17.247991412878036 11.303913548588755 23.634618178009987 13.454424440860747 22.860552653670311 10.451089292764665 13.337225198745726 12.143966689705847 18.482753410935402 34.887530475854874 15.410697028040884 11.69284614920616 13.176725566387175 30.780475571751595 20.464604362845421 19.365856826305393 15.12144576013088 20.585658386349678 11.258956626057623 9.9735361263155919 105.29136198014021 251.24924306571484 64.462723731994629
leaf_count=93 100 197 86 91 53 63 81 73 49 101 61 98 56 59 53 81 146 67 51 56 131 89 86 63 88 50 49 463 1079 278
internal_value=0 0.000629133 -0.0021629 -0.000899364 0.00314657 -0.00622631 -0.012376 0.00272967 0.000206285 -0.00479954 0.00935758 -0.0197014 0.000140009 0.010632 0.000483067 -0.0140857 -0.000288292 -0.00382914 0.00205472 -0.00376588 0.00162058 0.0110837 -0.00914949 -0.0154757 -0.00297173 0.00496451 0.0139959 0.00116997 0.00244726 -0.00283704
internal_weight=0 704.2 238.598 220.152 125.121 95.0319 56.3433 38.6886 104.364 67.4622 36.9023 37.7974 681.179 25.3448 23.4479 42.1174 660.755 192.745 91.5253 55.65 42.4733 35.8753 101.219 50.009 51.2105 30.6248 20.4246 468.01 362.719 111.469
internal_count=4091 3049 1042 956 548 408 242 166 457 294 163 161 2949 112 102 182 2844 827 394 238 182 156 433 209 224 136 105 2017 1554 475
is_linear=0
shrinkage=0.03


Tree=174
num_leaves=20
num_cat=0
split_feature=12 13 12 5 7 7 11 13 3 8 1 1 1 8 5 3 3 3 10
split_gain=1.57582 2.62716 2.94774 1.9662 1.78725 4.32132 3.76029 6.09132 3.58204 2.13568 4.67925 8.13234 6.4461 3.12918 3.52527 2.29157 5.60051 2.49158 0.975379
threshold=137858650.00000003 10.616785714285728 80380250.000000015 0.03372554188947164 0.13730203229530211 0.095744182661236174 -0.044114999052754393 5.7885714285714247 29.868141181549394 1.2563905003108105 20.685000419616703 18.365000724792484 23.365000724792484 1.1945467829313035 -0.00026427229196335217 41.854418173868439 37.81267873523317 47.800621080143564 0.07990641549749268
decision_type=2 2 2 2 2 2 2 2 2 2 2 2 2 2 2 2 2 2 2
left_child=1 4 3 -3 5 6 -1 -8 -6 13 11 -11 -12 15 -15 16 -10 -17 -16
right_child=-2 2 -4 -5 8 -7 7 -9 9 10 12 -13 -14 14 18 17 -18 -19 -20
leaf_value=0.012761798634977322 -0.008254507258548446 -0.004912618901721592 0.021098719407452313 0.011367109270097622 -0.01412770057415812 0.019663298597206693 0.0070325884016834731 -0.016815685652182267 0.0028076087145309666 -0.0016024210465026057 0.01756973986679233 -0.032666914670413091 -0.011375184893004183 -0.0020278034515134329 0.022897018846408029 0.0067893909660272679 -0.016734357501078212 -0.00036578759222068505 0.010192768773672053
leaf_weight=16.351253941655159 20.731432408094406 14.570687882602217 10.80597050487995 12.324563086032866 17.275842487812042 13.46955932676792 20.103630870580673 18.518195159733295 28.224584370851517 19.652303010225296 13.996418863534929 12.351393938064573 13.705033481121061 16.370698221027851 10.634450808167459 47.249967269599438 24.79268254339695 599.90662535279989 11.132911011576651
leaf_count=75 94 67 51 57 75 62 88 82 121 84 61 52 61 72 47 206 106 2577 53
internal_value=0 0.000109051 0.00786464 0.00254745 -0.000221812 0.00443454 0.000703177 -0.00440206 -0.000612706 -0.000320127 -0.00577768 -0.0135913 0.00324951 0.000121209 0.00848957 -0.000334611 -0.00633088 0.000156624 0.0163994
internal_weight=0 921.437 37.7012 26.8953 883.736 68.4426 54.9731 38.6218 815.293 798.017 59.7051 32.0037 27.7015 738.312 38.1381 700.174 53.0173 647.157 21.7674
internal_count=4091 3997 175 124 3822 307 245 170 3515 3440 258 136 122 3182 172 3010 227 2783 100
is_linear=0
shrinkage=0.03


Tree=175
num_leaves=22
num_cat=0
split_feature=14 2 7 14 8 14 1 0 0 5 1 4 5 11 12 2 1 1 11 2 10
split_gain=2.04424 1.99736 1.92025 4.37687 4.32131 3.30864 4.03872 5.80491 3.88829 5.47278 3.22585 3.07321 3.92246 3.85023 2.96293 2.91654 7.96035 7.95622 5.67732 4.25785 2.60421
threshold=-10.889036917911186 0.019030223929688096 0.94300531300237378 8.6460355032418619 0.63949193731170662 6.3756051687361817 13.614999771118166 0.0093657919833756171 0.037142264963949019 -0.022758014547744228 14.365000247955324 0.002477921131238459 0.02882833189284623 0.047585706381605426 36405345.000000007 0.00041327364748771814 14.465000152587892 14.994999885559084 0.019151309082791283 0.0049426041384897932 0.058259469427311202
decision_type=2 2 2 2 2 2 2 2 2 2 2 2 2 2 2 2 2 2 2 2 2
left_child=-1 2 3 4 -2 6 7 -6 9 -7 -8 -4 15 14 -14 17 20 -13 -19 -18 -17
right_child=1 -3 11 -5 5 8 10 -9 -10 -11 -12 12 13 -15 -16 16 19 18 -20 -21 -22
leaf_value=0.010936178521963932 0.019219141722895274 -0.011699567505766449 0.0072548866360186469 0.017738270677091196 0.01412400484089033 0.013460205240628851 -0.010102643853278947 -0.0096496332312435273 -0.022933975799647045 -0.013356228849684255 0.00010156148381398064 0.016383960453114021 0.0011920018302685506 -0.010581896299174748 0.021367874533592998 -0.014844676204995612 -0.010034696695085615 -0.023151119286275178 0.0043451690309804026 0.0075248403986866467 -0.034527526667913352
leaf_weight=14.306754976511 10.444126434624193 14.091397747397421 22.807137668132782 12.837159886956213 38.549367770552635 11.486875295639036 29.285122185945511 12.159418419003485 11.929776936769484 16.965330824255947 582.0580964460969 15.506832018494604 14.660656318068506 11.495404005050657 11.842531234025953 11.895839646458628 37.998733028769493 14.734061583876612 12.484986662864683 18.468644574284554 12.310523569583891
leaf_count=67 48 66 98 55 169 50 123 52 51 72 2536 66 63 50 53 49 159 62 53 80 52
internal_value=0 -0.000491371 -0.000317796 0.000376535 6.38929e-05 -0.000220917 0.000287583 0.00842334 -0.00855764 -0.00252976 -0.00038725 -0.00305326 -0.0045099 0.00391809 0.0102073 -0.00710514 -0.0104616 -0.000767622 -0.010539 -0.00429154 -0.0248547
internal_weight=0 924.012 909.921 725.715 712.878 702.434 662.052 50.7088 40.382 28.4522 611.343 184.205 161.398 37.9986 26.5032 123.4 80.6737 42.7259 27.219 56.4674 24.2064
internal_count=4074 4007 3941 3156 3101 3053 2880 221 173 122 2659 785 687 166 116 521 340 181 115 239 101
is_linear=0
shrinkage=0.03


Tree=176
num_leaves=22
num_cat=0
split_feature=14 2 7 14 14 0 5 1 2 1 6 1 4 5 12 5 6 5 5 7 1
split_gain=1.92566 1.8832 1.80719 4.13141 3.32564 3.64727 5.15198 3.53364 5.50807 3.24017 5.37471 5.30894 2.89255 3.69024 3.66918 2.84511 2.85564 3.49169 2.23417 1.56627 1.22627
threshold=-10.889036917911186 0.019030223929688096 0.94300531300237378 8.6460355032418619 6.3756051687361817 0.037142264963949019 -0.022758014547744228 13.614999771118166 0.0018109711294685988 14.365000247955324 0.9028855249518678 15.484999656677248 0.002477921131238459 0.02882833189284623 44377378.000000007 -0.017333717942140777 0.727105264357082 -0.0069168407750539443 -0.0033160452293963245 0.98134028352021441 16.295000076293949
decision_type=2 2 2 2 2 2 2 2 2 2 2 2 2 2 2 2 2 2 2 2 2
left_child=-1 2 3 4 7 6 -6 8 18 10 -9 -11 -4 15 19 -14 20 -18 -2 -15 -17
right_child=1 -3 12 -5 5 -7 -8 9 -10 11 -12 -13 13 14 -16 16 17 -19 -20 -21 -22
leaf_value=0.010621158328191816 -0.0095790038754753719 -0.011370142905612184 0.0070408221574470454 0.017259435001699332 0.013089315398088892 -0.022205291882580937 -0.012943914489226006 -0.020285417158220968 0.020052614830225305 0.010270187962954402 0.0059426725712273341 -0.00039375489490787189 0.0049229763918592706 -0.011211796753018968 0.015690240205408233 0.0073241705521680861 -0.025136660493794052 -0.0085473663368236443 0.0070160096202488116 0.0042868667104283605 -0.0063219770315515646
leaf_weight=14.289422735571859 12.739783629775049 14.065079636871813 22.79570971429348 12.798105180263518 11.458425521850584 11.951283663511274 16.980334803462032 17.580253019928936 20.764508724212646 45.512246280908585 11.71922919154167 546.93835142254829 15.971205174922941 11.820350244641306 14.467504471540449 11.928409367799761 13.641293197870253 70.088571265339851 17.10384775698185 11.654531434178351 11.779132753610609
leaf_count=67 54 66 98 55 50 51 72 73 92 197 50 2387 68 50 65 52 57 294 75 51 50
internal_value=0 -0.000476648 -0.000308219 0.000365417 6.20677e-05 -0.00829885 -0.00245472 0.000564326 0.0081874 -5.61633e-05 -0.00979469 0.000425453 -0.00296238 -0.00437563 0.00380663 -0.00689129 -0.00864756 -0.0112501 -6.81444e-05 -0.0035172 0.000544059
internal_weight=0 923.758 909.693 725.546 712.748 40.39 28.4388 672.358 50.6081 621.75 29.2995 592.451 184.147 161.351 37.9424 123.409 107.437 83.7299 29.8436 23.4749 23.7075
internal_count=4074 4007 3941 3156 3101 173 122 2928 221 2707 123 2584 785 687 166 521 453 351 129 101 102
is_linear=0
shrinkage=0.03


Tree=177
num_leaves=31
num_cat=0
split_feature=7 5 1 0 0 6 5 0 0 9 9 6 0 3 0 9 2 12 8 3 0 10 6 7 9 13 6 4 4 0
split_gain=1.54624 3.78173 3.964 3.19343 3.78767 4.97142 3.42987 3.04027 3.02017 3.99555 3.21438 4.48508 5.95734 4.38199 7.30487 4.13956 3.51275 2.54844 4.45315 4.6249 5.83602 4.0035 3.97874 2.9098 5.26584 6.84239 3.11791 2.58662 6.47768 4.17382
threshold=0.96918821254155618 0.02882833189284623 20.025000572204593 -0.059388339175956421 -0.031541631182187051 0.88173194106177122 0.00143739210190752 -0.13048145015402632 -0.092486952719352575 0.01396585645483084 -0.0065832404063814179 0.80050722615712044 -0.073325209407562916 44.551279350480428 0.042627787477236175 -0.015913127876136964 0.001951373876477686 60181300.000000007 1.0256840869946746 56.708790765718007 0.012919009929431071 0.18283138775966659 0.94207793214513946 0.93977149518577496 0.025733332900185205 5.581428571428579 0.79014436564267831 -0.0071202806274955335 -0.009983234510343773 0.049413025728230815
decision_type=2 2 2 2 2 2 2 2 2 2 2 2 2 2 2 2 2 2 2 2 2 2 2 2 2 2 2 2 2 2
left_child=7 3 -3 -2 -5 6 -6 -1 9 -9 11 16 -13 15 -15 -14 -10 23 19 -19 -21 22 -20 27 26 -26 -25 28 -12 -29
right_child=1 2 -4 4 5 -7 -8 8 10 -11 17 12 13 14 -16 -17 -18 18 21 20 -22 -23 -24 24 25 -27 -28 29 -30 -31
leaf_value=-0.011510705287042327 -0.021277476465560278 0.015569753725411702 -0.007263812412028667 0.0063770597489259473 -0.0066496089551605067 0.003286290191323234 -0.027379542453072638 0.016084386966134696 -0.021505993781551044 -0.0053198791061318078 0.0024339807306234325 -0.022674813740751705 -0.00050825990970665847 0.017522796245335624 -0.0057859376265171798 -0.014371210560055499 -0.0014838199685617505 0.020806340402421786 -0.0081997410607108079 0.012253273669169895 -0.0059294196242495097 -0.014577266533743192 0.014365592306869977 -0.0036816548389060205 0.010907915041595148 -0.016991139942309049 -0.022696798369048449 0.0010055396600242219 -0.019527108735704804 0.011611717685583049
leaf_weight=19.687897883355618 12.053559869527815 15.961060836911203 11.977715149521826 20.120403319597244 14.509050682187082 17.733898341655731 14.226943284273146 23.673901215195656 18.98084445297718 11.742178112268446 37.868581801652908 11.051204472780226 131.03332486748695 28.696215480566025 20.924583815038204 22.751941911876202 13.491790428757666 21.925976283848286 12.943104498088362 39.296650037169456 26.668872624635696 16.359572187066078 15.399475604295729 13.685965076088907 25.406335964798927 11.489722006022928 17.925999015569687 233.40254206955433 17.755828201770782 38.968473292887211
leaf_count=88 52 70 52 85 60 74 60 110 84 51 170 49 579 122 95 98 58 100 56 169 117 72 66 58 107 50 76 1004 75 167
internal_value=0 -0.00370025 0.00578071 -0.00706843 -0.00449644 -0.00920441 -0.0169128 0.000137854 0.00042048 0.00898782 2.9487e-05 -0.00279678 -0.00122349 -5.80235e-05 0.00769374 -0.00255923 -0.0131871 0.00134851 0.00494892 0.00886981 0.00490228 -0.00276017 0.00406076 0.0001445 -0.00547882 0.00221993 -0.0144645 0.00131904 -0.0045762 0.00252298
internal_weight=0 106.583 27.9388 78.6439 66.5903 46.4699 28.736 831.131 811.443 35.4161 776.027 246.93 214.457 203.406 49.6208 153.785 32.4726 529.097 132.594 87.8915 65.9655 44.7022 28.3426 396.503 68.508 36.8961 31.612 327.995 55.6244 272.371
internal_count=4074 453 122 331 279 194 120 3621 3533 161 3372 1085 943 894 217 677 142 2287 580 386 286 194 122 1707 291 157 134 1416 245 1171
is_linear=0
shrinkage=0.03


Tree=178
num_leaves=18
num_cat=0
split_feature=14 2 4 6 1 6 11 11 13 2 0 7 5 0 5 6 0
split_gain=1.8708 1.75995 1.77623 2.48873 2.95941 4.66831 2.78611 6.01716 6.39324 6.37144 3.99511 5.09346 3.93529 3.90543 4.29142 4.59851 2.9596
threshold=-10.889036917911186 0.019030223929688096 -0.041473144668695165 1.5987915044960037 20.814999580383304 1.9254050905396187 -0.012741913529794589 -0.0080581536357283139 3.8739285714285709 -0.0021054880978360366 -0.031541631182187051 0.55869935416252536 -0.032936700657280486 0.12763802256548665 -0.028914249175663761 1.1121089628813563 -0.0045287338871161089
decision_type=2 2 2 2 2 2 2 2 2 2 2 2 2 2 2 2 2
left_child=-1 2 -2 6 -5 -6 13 8 -8 -10 12 -12 -9 14 16 -16 -4
right_child=1 -3 3 4 5 -7 7 10 9 -11 11 -13 -14 -15 15 -17 -18
leaf_value=0.01049312212460253 -0.010687873003773472 -0.011007488600923401 -0.0037803294897647186 -0.004045912054876635 0.021716562897379194 -0.0022015428197409165 -0.008442432810857655 -0.012584808676219453 0.032699452937436639 0.0070670807864559792 -0.0098652074495911082 -0.00074507118068252052 0.0040419145541013314 -0.018407049859625327 -0.015143668941614721 0.00021372308922210936 0.0089445319996062957
leaf_weight=14.261282198131083 14.55900129675865 14.011512227356432 31.129154428839684 15.3981357216835 18.237915657460693 12.295609042048453 12.263904243707655 13.711777269840239 13.817443236708639 23.694048181176186 64.661331869661808 373.2169101908803 195.17051048576832 15.572527408599852 36.244920834898949 34.017208963632584 34.885089471936226
leaf_count=67 66 66 135 67 85 53 52 58 62 103 278 1596 853 70 156 148 159
internal_value=0 -0.000456153 -0.00029349 -0.000124275 0.00667722 0.0120849 -0.000492509 0.0003102 0.0103612 0.0165088 -0.000463337 -0.00209184 0.00295048 -0.00417456 -0.00254819 -0.00770843 0.0029441
internal_weight=0 922.887 908.875 894.316 45.9317 30.5335 848.385 696.536 49.7754 37.5115 646.761 437.878 208.882 151.849 136.276 70.2621 66.0142
internal_count=4074 4007 3941 3875 205 138 3670 3002 217 165 2785 1874 911 668 598 304 294
is_linear=0
shrinkage=0.03


Tree=179
num_leaves=15
num_cat=0
split_feature=14 1 1 4 2 14 14 11 11 0 7 7 12 2
split_gain=1.76231 2.67183 3.26673 2.8551 1.90973 5.01449 5.805 2.2323 5.41107 4.07636 3.51882 6.72546 3.28423 3.22953
threshold=-10.889036917911186 41.274999618530281 34.739999771118171 -0.039083263397573335 -0.010614183218576158 -3.0216706528670136 2.0160258998365324 -0.012741913529794589 -0.010199623188033967 -0.0081307282450703271 0.13730203229530211 0.081680537319534105 5195800.0000000009 -0.0065922974439040346
decision_type=2 2 2 2 2 2 2 2 2 2 2 2 2 2
left_child=-1 2 3 -2 5 -5 -7 10 9 -9 11 -6 -12 -10
right_child=1 -3 -4 4 7 6 -8 8 13 -11 12 -13 -14 -15
leaf_value=0.010190884870496016 -0.015267107377968787 -0.014970435178928205 0.014405673944178589 -0.0098650148334663915 -0.0037808074075292375 0.029091983014817233 0.00060702300605555096 0.0010461863713860089 -0.010131229802417315 0.025516159254459832 -0.017647089397703413 0.020808650630889835 -0.0043502379988488342 8.091151282883998e-05
leaf_weight=14.243976838886736 11.604559019207953 11.254221133887766 13.461764775216578 11.839490875601767 39.648568361997604 11.915403515100481 14.009424418210982 11.603894472122194 29.140116780996323 12.981270581483839 21.077065363526344 13.392078742384909 80.830027475953102 639.77491311728954
leaf_count=67 51 54 71 53 176 56 65 49 126 57 90 61 351 2747
internal_value=0 -0.000442556 -0.000263137 -0.00048308 -0.00028949 0.00631151 0.0136991 -0.0005833 0.000144069 0.0139666 -0.00383879 0.00242771 -0.00710038 -0.000363963
internal_weight=0 922.533 911.279 897.817 886.212 37.7643 25.9248 848.448 693.5 24.5852 154.948 53.0406 101.907 668.915
internal_count=4074 4007 3953 3882 3831 174 121 3657 2979 106 678 237 441 2873
is_linear=0
shrinkage=0.03


Tree=180
num_leaves=24
num_cat=0
split_feature=11 5 11 7 3 14 1 10 14 14 1 4 0 11 4 4 14 13 1 8 5 8 12
split_gain=2.10324 3.89478 2.81244 2.49945 2.3987 11.0915 3.30611 3.86813 4.86215 6.55588 3.7944 6.12443 9.50222 3.07152 2.99039 6.63267 8.02182 4.49393 6.16489 5.18548 3.59143 2.9014 2.80724
threshold=0.047585706381605426 0.060856950405939865 0.042197981356447485 0.83914468898094385 79.319249679139816 5.6576982643260418 13.675000190734865 0.55919283244039675 1.5202017672125641 3.5481846364032097 14.715000152587892 0.0075554379936583213 0.01466553224775591 0.010290327610425034 0.009212490059530511 0.0071341349748911273 3.3384741181620692 4.7939285714285749 16.724999427795414 0.81298027215921775 0.031499030773043342 1.0369858157226635 35967150.000000007
decision_type=2 2 2 2 2 2 2 2 2 2 2 2 2 2 2 2 2 2 2 2 2 2 2
left_child=2 -2 4 -3 6 13 7 8 -1 -10 11 12 -8 -6 15 20 -17 18 -16 -19 -12 -11 -15
right_child=1 3 -4 -5 5 -7 10 -9 9 21 14 -13 -14 22 17 16 -18 19 -20 -21 -22 -23 -24
leaf_value=0.023271698391706227 -0.021881676741931193 -0.010208856980822441 0.014044624813138961 0.0082625778564510682 0.0132285173338271 -0.027746508556402028 0.013425550611859563 -0.0094077446128336926 -0.014539248842654787 0.0052326951024196273 0.0011822517233650027 -0.025343102340342226 -0.016786860425174115 -0.012243217120440972 -0.0043721508081361483 -0.025904336644122953 0.0044752497778251356 -0.015335165229238754 0.019265489540734364 0.0032794107460179149 -0.0081086011528375187 0.022877278207451727 0.0063945342097758567
leaf_weight=16.760087355971336 10.866348907351492 12.603052228689196 13.605138704180716 13.825665250420569 14.756062030792235 15.075912415981291 18.80882915854454 11.742994487285612 12.206616699695585 27.531099736690521 436.42805851995945 13.265156000852583 18.667999029159546 15.614616528153421 14.336600080132483 19.353066056966782 13.129713401198385 15.147891059517859 32.309077724814415 121.49891540408134 40.959731914103031 12.062142953276632 13.615527600049971
leaf_count=73 48 58 60 60 62 64 80 53 53 119 1905 56 78 66 62 82 56 68 140 531 178 52 57
internal_value=0 -0.00676232 0.000508561 -0.000545888 0.000300063 -0.00554012 0.000718566 0.00650159 0.00922655 0.00468217 9.43018e-05 -0.00782465 -0.00162389 0.00207094 0.000673997 -0.000507438 -0.0136247 0.00396043 0.0120004 0.0012159 0.000385099 0.0106081 -0.00356167
internal_weight=0 37.2951 896.875 26.4287 883.27 59.0621 824.208 80.3029 68.5599 51.7999 743.905 50.742 37.4768 43.9862 693.163 509.871 32.4828 183.292 46.6457 136.647 477.388 39.5932 29.2301
internal_count=4061 166 3895 118 3835 249 3586 350 297 224 3236 214 158 185 3022 2221 138 801 202 599 2083 171 123
is_linear=0
shrinkage=0.03


Tree=181
num_leaves=13
num_cat=0
split_feature=11 9 13 11 4 4 5 0 3 11 5 13
split_gain=1.98091 3.8163 3.1289 2.68396 2.85758 3.32585 2.90855 4.05607 2.27762 1.64332 2.64508 0.85629
threshold=0.047585706381605426 0.024305011122361501 7.1946428571428642 0.039282820964454353 0.030924967440121857 0.0255552597864569 0.057175431068241529 -0.015879360092297786 87.984601646792399 0.034092862118770058 0.039412168095249285 6.3121428571428586
decision_type=2 2 2 2 2 2 2 2 2 2 2 2
left_child=3 -2 -3 4 5 6 8 -8 9 10 -1 -5
right_child=1 2 -4 11 -6 -7 7 -9 -10 -11 -12 -13
leaf_value=0.00057059271016594198 0.0078990160530501893 -0.023709537157118557 -0.0028301444849644186 0.01591282661256364 0.012199818805036048 -0.014542438254143041 0.0027188497892152714 -0.022733010744695484 -0.011135046055358103 -0.0086848859876835702 0.0096489394783976848 0.0047278998573236598
leaf_weight=756.47003158926964 11.394958361983297 12.522000685334207 13.341974049806593 12.182472214102747 17.552443891763687 13.976946189999579 10.922430604696276 11.641257800161837 14.851629704236982 16.374891325831413 30.031431615352631 12.461608946323393
leaf_count=3278 52 56 58 52 81 61 50 51 63 71 132 56
internal_value=0 -0.00656598 -0.0129389 0.000493637 0.000217652 -2.85427e-05 0.000212873 -0.0104125 0.000506061 0.000721398 0.000917236 0.010257
internal_weight=0 37.2589 25.864 896.465 871.821 854.269 840.292 22.5637 817.728 802.876 786.501 24.6441
internal_count=4061 166 114 3895 3787 3706 3645 101 3544 3481 3410 108
is_linear=0
shrinkage=0.03


Tree=182
num_leaves=20
num_cat=0
split_feature=11 9 13 11 3 14 1 9 6 7 1 3 4 8 14 4 4 4 10
split_gain=1.86468 3.59265 2.94846 2.53688 2.19402 10.512 3.11825 3.91471 4.22291 3.77645 3.5705 3.05454 2.95924 4.13623 2.8508 2.45712 5.87876 4.2839 2.30728
threshold=0.047585706381605426 0.024305011122361501 7.1946428571428642 0.042197981356447485 79.319249679139816 5.6576982643260418 13.675000190734865 0.01810335938039476 0.80640198461121493 0.93438796990601236 14.030000209808351 64.930031517637232 0.0042321002805785221 0.80002586299321699 8.6460355032418619 0.009212490059530511 0.0071341349748911273 0.011112181367445963 -0.01295239311838081
decision_type=2 2 2 2 2 2 2 2 2 2 2 2 2 2 2 2 2 2 2
left_child=3 -2 -3 4 6 12 7 11 -9 -10 -8 18 -6 -14 15 16 -12 -17 -1
right_child=1 2 -4 -5 5 -7 10 8 9 -11 14 -13 13 -15 -16 17 -18 -19 -20
leaf_value=0.014951264070682641 0.0076641436127561002 -0.023019672201449213 -0.0027456792577799072 0.013353706949161742 0.011346038123977062 -0.026977267485136014 -0.012209645394262666 0.028163130372713358 0.01779271026336884 -0.0053045558356937892 -6.0823956020985619e-05 -0.0095915819096974129 0.0078442370727030784 -0.016210120403223904 0.013665657191423486 0.013736423444906869 -0.013064447407856694 0.0011655238300124771 -0.0032043652405200247
leaf_weight=13.913355708122255 11.391886264085768 12.510519295930864 13.339871495962141 13.565578423440455 18.219346970319748 15.018545582890509 20.700002700090408 11.885500922799109 13.04300504922867 12.454403370618818 490.26597765088081 17.366875976324081 12.584449633955957 13.163283824920653 14.348726004362105 28.923054069280624 33.422643557190895 155.93434762209654 11.512235611677168
leaf_count=59 52 56 58 60 77 64 87 52 59 54 2137 75 53 55 62 124 142 684 51
internal_value=0 -0.00637195 -0.0125575 0.000478916 0.000281065 -0.00530816 0.000681278 0.00630237 0.0133948 0.00651067 7.5204e-05 0.000106492 0.00209371 -0.00445332 0.000426979 0.000158883 -0.000890736 0.00313238 0.00673073
internal_weight=0 37.2423 25.8504 896.321 882.756 58.9856 823.77 80.1754 37.3829 25.4974 743.595 42.7925 43.9671 25.7477 722.895 708.546 523.689 184.857 25.4256
internal_count=4061 166 114 3895 3835 249 3586 350 165 113 3236 185 185 108 3149 3087 2279 808 110
is_linear=0
shrinkage=0.03


Tree=183
num_leaves=14
num_cat=0
split_feature=11 12 11 1 4 4 5 0 1 5 3 1 8
split_gain=1.75543 3.59839 2.43058 5.7854 2.67643 3.11871 2.73819 3.82444 2.40842 4.21888 1.99991 2.55479 0.519796
threshold=0.047585706381605426 42498100.000000007 0.039282820964454353 21.309999465942386 0.030924967440121857 0.0255552597864569 0.057175431068241529 -0.015879360092297786 33.649999618530281 -0.051988587084942965 87.984601646792399 13.84500026702881 0.94510355125351608
decision_type=2 2 2 2 2 2 2 2 2 2 2 2 2
left_child=2 -2 4 -4 5 6 8 -8 10 -10 11 -1 -3
right_child=1 12 3 -5 -6 -7 7 -9 9 -11 -12 -13 -14
leaf_value=0.0048743692565763252 -0.017759861141702089 0.0059135086067968762 0.025265107778715417 -0.0038972523825451999 0.011807378921248699 -0.014097368666427463 0.002632351190620154 -0.022099290556988456 -0.0021558974081073742 0.023753992176275652 -0.010703537448658635 -0.00024636108735416541 -0.0031922244124225193
leaf_weight=100.68514838814735 14.65388238430023 11.213480189442636 11.520453423261644 13.066919654607771 17.525925561785698 13.963480666279791 10.914323195815088 11.617028824985026 11.937291592359545 10.748938232660292 14.837620630860327 679.21734952926636 11.356088146567343
leaf_count=436 66 50 51 57 81 61 50 51 60 62 63 2923 50
internal_value=0 -0.00618403 0.000464773 0.00976682 0.000202322 -3.58612e-05 0.000197898 -0.0101191 0.000482274 0.0101204 0.000207148 0.000414723 0.00133187
internal_weight=0 37.2235 896.034 24.5874 871.447 853.921 839.958 22.5314 817.426 22.6862 794.74 779.902 22.5696
internal_count=4061 166 3895 108 3787 3706 3645 101 3544 122 3422 3359 100
is_linear=0
shrinkage=0.03


Tree=184
num_leaves=12
num_cat=0
split_feature=11 5 7 11 4 11 5 3 4 5 13
split_gain=1.65191 3.4277 2.53059 2.29228 2.52146 2.9683 2.21855 2.00922 1.90142 1.52048 0.794597
threshold=0.047585706381605426 0.060856950405939865 0.83914468898094385 0.039282820964454353 0.030924967440121857 0.035326545266023197 0.057175431068241529 86.030670955957518 0.024903930775130315 0.039412168095249285 6.3121428571428586
decision_type=2 2 2 2 2 2 2 2 2 2 2
left_child=3 -2 -3 4 5 6 7 8 9 -1 -5
right_child=1 2 -4 10 -6 -7 -8 -9 -10 -11 -12
leaf_value=0.00060936741489101324 -0.020246542363289807 -0.0099202238465546412 0.0086671770354444701 0.014966850526397825 0.01146742799538434 -0.012554189046238545 -0.0097631142222016198 -0.0089796744906098045 -0.010410426324201806 0.0072835318107728232 0.0041686136904750338
leaf_weight=751.93118423223495 10.791217282414435 12.582048520445825 13.847054302692412 12.101034089922907 17.504445374011993 16.710726857185364 19.584637500345707 19.825413420796394 13.653394818305967 32.029170870780945 12.436143785715101
leaf_count=3260 48 58 60 52 81 73 88 84 60 141 56
internal_value=0 -0.00599905 -0.000181689 0.000451022 0.00019634 -3.47558e-05 0.000215188 0.000454253 0.000688742 0.000882044 0.009494
internal_weight=0 37.2203 26.4291 895.776 871.239 853.735 837.024 817.439 797.614 783.96 24.5372
internal_count=4061 166 118 3895 3787 3706 3633 3545 3461 3401 108
is_linear=0
shrinkage=0.03


Tree=185
num_leaves=31
num_cat=0
split_feature=0 0 13 5 4 6 5 6 11 3 9 7 13 2 4 8 11 5 3 13 12 0 5 0 0 6 0 9 11 0
split_gain=1.86271 18.3016 5.75246 9.69749 6.154 4.25756 4.79539 8.53845 6.87682 6.39301 5.83027 7.35367 6.57963 5.24855 6.6427 4.97424 4.64941 4.41003 7.63266 5.5533 4.68241 4.22659 4.02393 3.98005 10.1267 4.19314 3.85762 3.85425 3.44514 4.09823
threshold=1.0000000180025095e-35 0.0048728640195763182 11.251071428571445 0.035806172608989613 0.013140389383088593 1.2546656371629739 1.0000000180025095e-35 1.0709742060818541 0.0048713035500260746 44.325218772607066 -0.00090469213236560309 0.13730203229530211 6.3682142857142825 0.0057999240522379576 0.0016812834695678627 1.1100385475432499 -0.011927011667667851 -0.012726442082290677 57.703947684832144 3.5557142857142821 48513700.000000007 -0.049062864046678582 -0.020988016980620191 0.0080920757496276714 0.010696427938552079 0.68474085470704826 -0.043016989851802016 0.0064616442953417961 0.013411493464381532 -0.031541631182187051
decision_type=2 2 2 2 2 2 2 2 2 2 2 2 2 2 2 2 2 2 2 2 2 2 2 2 2 2 2 2 2 2
left_child=5 27 3 4 23 6 10 8 15 -10 11 -1 16 14 -11 -8 -13 19 -19 -12 22 -22 -21 -3 -25 -26 -9 -2 29 -20
right_child=1 2 -4 -5 -6 -7 7 26 9 13 17 12 -14 -15 -16 -17 -18 18 28 20 21 -23 -24 24 25 -27 -28 -29 -30 -31
leaf_value=0.0093301031668917064 0.039803417488504501 -0.014672646818516563 0.020891501219586783 -0.016309095355313996 0.015178402463273354 -0.0077679799190504837 0.023917834714008209 0.0066590391034285325 -0.018003871964264818 0.01092117696914292 0.021110450324774443 -0.034255279114513572 -0.00072104655091350203 0.012463375461315471 -0.0059529719285941959 0.00060730146706208994 -0.010118037749101255 0.012553790795485497 -0.006683820867349745 0.00016543495462379917 -0.0039898920862031064 0.01769527948213695 -0.019477302503812657 0.029497409950506277 0.01213719083911337 -0.0014534568486507771 0.02607305579401031 0.016367499047172135 0.0012214499201580889 -0.026972763324443295
leaf_weight=12.426894247531889 10.977240785956385 16.006055444478989 11.75022931396961 31.638837225735188 25.67929345369339 68.811252474784851 17.973821625113487 18.246677950024605 19.199445948004723 26.924180626869202 14.520764231681822 18.411581516265869 15.359672129154204 26.612632259726524 95.365212693810463 15.2114000916481 11.776210561394693 15.048166915774344 18.155860200524327 35.41400483250618 13.045107856392859 21.292901277542114 12.771025687456129 10.586025625467299 22.168844252824783 260.72123375535011 18.602802336215973 14.872340887784956 13.218510419130324 17.691151931881908
leaf_count=56 50 69 58 138 111 298 77 82 85 117 61 77 67 119 411 67 50 65 77 154 57 95 54 47 97 1139 84 65 56 74
internal_value=0 0.00189697 0.000229241 -0.000432662 0.00106605 -0.000810826 0.00023611 0.00318316 0.000752603 -0.00171113 -0.00296653 -0.0111252 -0.0167061 0.000389656 -0.00223783 0.0132328 -0.0248394 -3.15453e-05 -0.00613711 0.0040022 0.00099183 0.00945702 -0.0050407 -0.000104919 0.000689599 -0.000388418 0.0164599 0.0263198 -0.0118695 -0.0166968
internal_weight=0 404.4 378.551 366.8 335.161 526.079 457.268 238.136 201.287 168.101 219.132 57.9744 45.5475 148.902 122.289 33.1852 30.1878 161.157 64.1137 97.0438 82.523 34.338 48.185 309.482 293.476 282.89 36.8495 25.8496 49.0655 35.847
internal_count=4057 1774 1659 1601 1463 2283 1985 1042 876 732 943 250 194 647 528 144 127 693 272 421 360 152 208 1352 1283 1236 166 115 207 151
is_linear=0
shrinkage=0.03


Tree=186
num_leaves=31
num_cat=0
split_feature=8 5 0 0 4 1 1 1 2 0 4 11 1 11 0 4 11 0 2 2 2 6 6 6 0 11 5 8 8 2
split_gain=1.8226 5.12415 6.35378 6.42013 4.31565 3.16813 2.15854 6.4892 4.49925 4.93746 5.0514 7.28865 4.14079 5.25316 3.92701 8.26869 6.16285 7.55379 7.36617 6.87561 3.6967 4.06609 3.61496 4.27639 8.76466 6.23136 5.89963 6.47358 6.20403 3.41308
threshold=0.78209130267480076 0.0056611659137892909 -0.017881247134704566 0.032396355095536851 0.0075554379936583213 19.010000228881839 15.484999656677248 15.144999980926515 -0.00027539303552432179 0.010696427938552079 -0.00010346301737390594 0.027805498006423294 16.125000000000004 0.0097917322141443126 0.020030198982984086 0.013140389383088593 0.013411493464381532 0.027477201497012164 -0.0019510131875457692 0.0035653983934151963 -0.0019510131875457692 0.85268799895301972 1.3376457783805094 0.91418738308987046 0.0057538908351847393 0.043268536709815349 -0.0039586167372231964 1.264341970505811 0.88373840123612257 0.00091013040321648731
decision_type=2 2 2 2 2 2 2 2 2 2 2 2 2 2 2 2 2 2 2 2 2 2 2 2 2 2 2 2 2 2
left_child=1 2 4 -4 -1 -3 7 8 20 10 -10 29 13 -8 22 16 17 -16 -18 -19 -2 -22 23 24 25 -14 27 -25 -28 -12
right_child=6 5 3 -5 -6 -7 12 -9 9 -11 11 -13 14 -15 15 -17 18 19 -20 -21 21 -23 -24 26 -26 -27 28 -29 -30 -31
leaf_value=-0.0012332572460042402 0.00067863683996952529 0.025950996278657466 0.017786242346835884 -0.0049659951802917494 -0.02344665145022666 0.0063413032450083924 -0.019747933949047062 0.018812250881984509 0.015882901884605807 -0.014840774085161374 0.0067186149337296582 0.016821505117003754 0.00011892822573168884 0.0030506393150472556 0.026896623008360404 0.022668015693627842 0.0061842918829751693 -0.0010047663280163791 -0.024184854266115403 0.017138411590143877 0.0040581373127568845 0.02709779190146467 -0.010205770893956613 0.00056201521908346645 -0.022168250692934034 -0.020201230970554509 0.025328454453306146 -0.022671448619684287 0.0041328314596458899 -0.010993819432027997
leaf_weight=19.672909550368786 33.879516586661339 12.595219433307649 24.102607876062393 20.78952518850565 13.121821790933607 18.028192356228828 22.672140017151833 20.013003751635551 15.782918781042097 24.01075653731823 12.328384280204771 13.819314226508139 142.77455069124699 15.190156102180479 11.466709762811659 17.506110161542892 12.361943483352663 128.9729563370347 17.175128199160099 22.006218858063221 13.915960073471071 13.662152975797651 44.645957045257092 64.322654277086258 21.653227880597115 15.010154664516447 15.532553404569624 12.969757020473478 62.195353463292122 47.574627861380577
leaf_count=84 143 55 108 92 57 82 96 87 70 103 53 61 616 66 52 77 54 571 73 100 59 61 195 280 92 67 67 57 274 205
internal_value=0 0.00401356 -8.32882e-05 0.00724969 -0.0101213 0.0144066 -0.000126696 0.00262979 0.000778882 -0.0027608 0.000479782 -0.00281781 -0.000984661 -0.0106013 -0.000366056 0.00293037 0.00113058 0.00342255 -0.0114747 0.00163972 0.00731689 0.0154719 -0.00218763 -0.00111731 -0.00427032 -0.00181414 0.00253235 -0.00333659 0.0083684 -0.0073485
internal_weight=0 108.31 77.6869 44.8921 32.7947 30.6234 821.442 194.987 174.974 113.516 89.5052 73.7223 626.456 37.8623 588.593 209.489 191.983 162.446 29.5371 150.979 61.4576 27.5781 379.104 334.458 179.438 157.785 155.02 77.2924 77.7279 59.903
internal_count=4057 478 341 200 141 137 3579 842 755 492 389 319 2737 162 2575 927 850 723 127 671 263 120 1648 1453 775 683 678 337 341 258
is_linear=0
shrinkage=0.03


Tree=187
num_leaves=31
num_cat=0
split_feature=8 14 8 12 13 6 2 11 4 14 8 14 1 8 10 7 13 5 4 4 1 14 2 7 2 6 5 12 10 5
split_gain=1.71828 5.22302 3.78453 4.6451 5.99179 9.88578 4.09398 2.19455 2.09892 4.61247 5.97185 4.93773 6.20222 3.54087 4.2366 3.38564 3.97117 3.23286 3.44332 5.9811 3.16581 7.63982 5.76526 3.69573 3.15184 6.09765 3.29625 2.77821 4.92245 3.42388
threshold=0.78209130267480076 5.4468239169103212 0.76399126609807677 3082000.0000000005 4.7939285714285749 0.77595092327062354 -0.00071485060541216555 0.011723003035655212 0.013560423373581544 -4.511741682663696 1.1519719573143699 -0.50578243981167115 21.360000610351566 0.86297495341014896 0.3393147266897894 0.96200469298178992 3.8739285714285709 0.021026292342661294 0.011973992038004979 0.0099461558042397442 29.94999980926514 -2.413484531823813 1.0000000180025095e-35 0.74340963849353725 0.002161718139704841 0.97592031283167147 -0.00026427229196335217 49154209.000000007 0.80296128581029558 0.00143739210190752
decision_type=2 2 2 2 2 2 2 2 2 2 2 2 2 2 2 2 2 2 2 2 2 2 2 2 2 2 2 2 2 2
left_child=1 2 3 -1 6 -6 -5 -8 15 10 -10 12 -11 -13 24 17 -17 18 19 27 21 -19 -23 -24 26 -26 -15 29 -29 -2
right_child=8 -3 -4 4 5 -7 7 -9 9 11 -12 13 -14 14 -16 16 -18 20 -20 -21 -22 22 23 -25 25 -27 -28 28 -30 -31
leaf_value=-0.010671861641640312 -0.0035933235820370404 -0.014879817862689403 0.020795164465613938 0.0015183157998630225 0.0133257851918077 -0.020277390093179228 0.013976925221964023 0.032537464608011192 -0.018902400906382077 0.026712936105148272 0.0093360029196750266 0.016086481710949705 0.00088798712444646498 0.0010502219926222039 0.016112526233424067 0.0029554512177295436 -0.014320156303836474 0.014587738509864976 -0.015283237408981725 0.017515529945000909 -0.017689916062986064 0.0020916459332628499 -0.0028868407916912736 -0.021103610641563179 0.013309871939141708 -0.009555616890120841 -0.019759303059639809 0.0046517641211779948 -0.012037018670302954 0.0039344528533745851
leaf_weight=16.093396633863449 193.87680871039629 11.864883229136465 13.737231507897375 11.761653855442995 17.129433572292331 14.591241255402563 11.428333848714834 11.505263581871985 17.398166373372081 18.817041352391243 11.002690583467482 13.582461923360823 15.074998438358305 11.802434086799623 11.884020730853079 18.565003231167793 33.739473581314087 18.279051303863525 11.709297955036162 19.369714304804802 14.986013501882551 34.887800008058548 15.957039460539816 26.953000977635384 21.123954445123672 20.863582149147987 16.328908666968346 181.71131963282824 17.432476662099361 75.57601709663868
leaf_count=69 837 52 59 50 82 65 50 51 78 86 52 58 67 52 52 77 141 81 50 84 68 150 68 115 93 92 70 799 80 329
internal_value=0 0.00390068 0.00621586 0.00378851 0.00729244 -0.00213139 0.0159083 0.0232883 -0.000122759 0.00298594 -0.00796265 0.00538751 0.0152261 0.00189899 -0.00045094 -0.000862975 -0.00818833 -0.000235622 0.000793407 0.00117918 -0.00486526 -0.00286487 -0.00696547 -0.0143293 -0.00325818 0.00194802 -0.0110287 0.000503912 0.00319088 -0.00148194
internal_weight=0 108.111 96.2466 82.5093 66.4159 31.7207 34.6953 22.9336 820.921 157.878 28.4009 129.477 33.892 95.5854 82.0029 663.043 52.3045 610.739 499.676 487.966 111.063 96.0769 77.7978 42.91 70.1189 41.9875 28.1313 468.597 199.144 269.453
internal_count=4057 478 426 367 298 147 151 101 3579 700 130 570 153 417 359 2879 218 2661 2179 2129 482 414 333 183 307 185 122 2045 879 1166
is_linear=0
shrinkage=0.03


Tree=188
num_leaves=31
num_cat=0
split_feature=0 0 13 5 1 1 0 5 6 1 1 8 13 5 6 11 3 12 6 8 6 3 2 8 2 14 0 3 9 0
split_gain=1.74177 17.1967 5.39443 8.89857 5.92365 7.70245 4.99739 4.44294 3.85217 4.69722 8.14009 5.55581 4.62336 4.40801 7.95183 6.36433 5.96872 5.3713 6.43229 5.91134 5.58022 5.02973 4.90297 4.70513 4.5292 5.80561 4.53372 4.16109 3.74848 3.6243
threshold=1.0000000180025095e-35 0.0048728640195763182 11.251071428571445 0.035806172608989613 12.784999847412111 13.525000095367433 0.0080920757496276714 -0.030410152573600299 1.2546656371629739 19.115000724792484 23.090000152587894 1.3140833421056917 4.7260714285714309 1.0000000180025095e-35 1.0709742060818541 0.0048713035500260746 44.325218772607066 2332219.5000000005 0.83830941150761973 1.1874868656064601 0.91418738308987046 73.557326365028715 0.0057999240522379576 1.1100385475432499 -0.0019510131875457692 0.56152380375843103 -0.024710828440772322 52.313621145529318 0.0064616442953417961 -0.043016989851802016
decision_type=2 2 2 2 2 2 2 2 2 2 2 2 2 2 2 2 2 2 2 2 2 2 2 2 2 2 2 2 2 2
left_child=8 28 3 4 -3 -6 -7 -8 13 12 -11 -12 -10 17 15 23 -17 -1 24 20 -20 -22 27 -15 -19 -26 -27 -18 -2 -16
right_child=1 2 -4 -5 5 6 7 -9 9 10 11 -13 -14 14 29 16 22 18 19 -21 21 -23 -24 -25 25 26 -28 -29 -30 -31
leaf_value=-0.021276121952854308 0.03900678176834655 0.021876800255461206 0.020306104696818403 -0.015658273377477938 -0.020451652949139226 -0.016066155765741687 0.008456351443860673 -3.2009296137669201e-05 -0.0088064756777903735 -0.032108625930230887 0.0078757633724114498 -0.018723016244671108 0.016570238918505977 0.023133437190575423 0.0063834888255990862 -0.017466684184929224 0.0123826561281176 -0.011216667820224463 -0.014340410235431832 -0.021185054080681141 0.0045394773761363765 -0.015482405652119318 0.012030882800978103 0.00043140823218865663 0.022191905383215811 0.010113938809271965 -0.008987348378491614 -0.0043045728097368171 0.015779148045113729 0.02525988203322644
leaf_weight=13.406150609254835 10.835434615612032 11.803185150027273 11.645473584532736 31.575002588331699 15.419543385505674 14.260320305824278 74.343675307929516 218.90888362377882 14.375244170427324 14.199498549103735 15.43766510486603 13.035114511847494 11.737084150314329 17.887588232755661 18.193432345986366 19.125166893005371 15.388469293713568 12.871602915227411 29.095346108078957 19.219762235879898 64.689769305288792 13.680147752165793 26.517762616276741 15.197035402059553 19.06995040923357 28.248128563165661 18.5123575180769 106.69210261106491 14.78552509844303 18.425539016723633
leaf_count=57 50 54 58 138 66 60 343 940 61 60 68 59 50 77 82 85 69 57 123 83 279 58 119 67 87 121 78 459 65 84
internal_value=0 0.00181736 0.000205012 -0.000434027 0.00100205 0.000239076 0.00127657 0.00211991 -0.00080373 -0.00742184 -0.0135545 -0.00430142 0.00259996 0.000194087 0.00302487 0.000680364 -0.00169168 -0.00287779 -0.00167688 -0.00586142 -0.00312085 0.00104448 0.00033862 0.0127055 0.00505889 0.00824119 0.00255179 -0.00220112 0.0256024 0.0158815
internal_weight=0 403.577 377.956 366.311 334.736 322.932 307.513 293.253 525.005 68.7846 42.6723 28.4728 26.1123 456.22 237.427 200.808 167.724 218.793 205.387 126.685 107.465 78.3699 148.598 33.0846 78.702 65.8304 46.7605 122.081 25.621 36.619
internal_count=4057 1774 1659 1601 1463 1409 1343 1283 2283 298 187 127 111 1985 1042 876 732 943 886 543 460 337 647 144 343 286 199 528 115 166
is_linear=0
shrinkage=0.03


Tree=189
num_leaves=31
num_cat=0
split_feature=0 0 2 5 4 1 1 0 6 1 1 8 5 6 11 3 3 2 9 7 0 5 1 1 6 3 1 1 14 8
split_gain=1.6407 16.3095 5.1744 5.26903 6.14334 4.99522 6.49646 5.05973 3.62947 4.4283 7.67687 5.23882 4.15134 7.51763 5.99946 5.68003 5.71816 5.99165 5.28848 7.05687 5.39961 4.7496 4.70014 7.75528 4.72456 4.59949 4.55507 7.40411 6.77234 4.4518
threshold=1.0000000180025095e-35 0.0048728640195763182 0.0075648708933439661 0.035806172608989613 0.013140389383088593 12.784999847412111 13.525000095367433 0.0080920757496276714 1.2546656371629739 19.115000724792484 23.090000152587894 1.3140833421056917 1.0000000180025095e-35 1.0709742060818541 0.0048713035500260746 46.098573788981774 51.067596114937579 0.006306615153079286 -0.00090469213236560309 0.13730203229530211 -0.020868718486934276 -0.019555607801839455 20.729999542236332 23.944999694824222 0.77289923572014485 57.579889094156677 13.949999809265138 12.925000190734865 3.2058317610547826 1.1100385475432499
decision_type=2 2 2 2 2 2 2 2 2 2 2 2 2 2 2 2 2 2 2 2 2 2 2 2 2 2 2 2 2 2
left_child=8 -2 3 4 5 -3 -7 -8 12 -10 -11 -12 18 14 29 -16 -17 -18 19 -1 21 -21 25 24 -24 -20 27 -27 -28 -14
right_child=1 2 -4 -5 -6 6 7 -9 9 10 11 -13 13 -15 15 16 17 -19 22 20 -22 -23 23 -25 -26 26 28 -29 -30 -31
leaf_value=0.00948617003265078 0.025016226165873626 0.020017118716325916 0.015776769593864301 -0.012319090530184929 0.015189561950104055 -0.02099347167230951 -0.019328102325148925 0.00053509546362075005 0.002523871641984172 -0.031206713551518432 0.0076442360722364143 -0.018204646504595343 0.022518895399907934 0.015465409144551157 -0.015052540629969377 0.020870781380625803 -0.003714699743113269 0.014758055527575429 0.0074945594113354046 -0.019067091462870635 -0.030489296754579055 0.0049980996058784114 0.033615999916817081 -0.0039847340501743145 0.0068342833164748056 -0.015060429348986108 0.0019646271430259917 0.015837137657018371 -0.019504681389125453 0.00041848687339577625
leaf_weight=12.404016874730585 25.438192173838615 10.204387485980986 18.263254277408123 31.465214945375919 23.864714860916138 14.387006342411039 12.062205716967581 267.48741964995861 26.095709711313248 14.171993568539618 15.428226411342623 13.004562914371489 17.825417757034302 36.479164302349091 24.302811905741692 11.551697656512259 113.45256485044956 18.359790027141571 26.803124457597733 17.040401816368103 15.398276895284654 13.021305978298185 11.72274485230446 24.5387362241745 11.993388891220091 11.944913551211359 20.847891017794609 16.794009000062943 36.157581016421318 15.196298420429228
leaf_count=56 115 47 84 138 104 61 51 1174 111 60 68 59 77 166 109 52 490 81 115 73 64 57 52 113 51 51 89 71 151 67
internal_value=0 0.00176499 0.000199156 -0.00059228 0.00053266 -0.000617408 -0.00133376 -0.000321976 -0.000780131 -0.00720818 -0.0131691 -0.0041785 0.000188665 0.00293767 0.000660499 -0.00164143 0.000631996 -0.00114168 -0.00279293 -0.0105704 -0.0160429 -0.00864319 5.75252e-06 0.00783875 0.0200723 -0.00335265 -0.00674342 0.00299502 -0.011653 0.0123485
internal_weight=0 403.172 377.734 359.471 328.006 304.141 293.937 279.55 524.535 68.7005 42.6048 28.4328 455.834 237.168 200.689 167.667 143.364 131.812 218.666 57.864 45.46 30.0617 160.802 48.2549 23.7161 112.548 85.7444 28.7389 57.0055 33.0217
internal_count=4057 1774 1659 1575 1437 1333 1286 1225 2283 298 187 127 1985 1042 876 732 623 571 943 250 194 130 693 216 103 477 362 122 240 144
is_linear=0
shrinkage=0.03


Tree=190
num_leaves=28
num_cat=0
split_feature=0 2 10 0 14 5 11 3 11 11 8 0 12 0 2 6 3 3 0 5 1 5 2 0 6 11 6
split_gain=1.99403 7.00195 7.46626 6.3953 6.5615 4.62447 10.2703 5.77169 5.62763 5.36934 3.29294 2.58432 3.12928 2.38862 2.64041 3.8288 2.56244 4.05181 4.61506 3.59158 6.73425 4.00463 3.39246 5.81947 4.84485 4.69866 1.83086
threshold=0.052634953363097765 0.0035653983934151963 0.0093337314626177354 0.04200118787817176 1.7869731151419084 -0.002356197614374 -0.0051538697208497455 36.533557477208412 -0.026406588977136266 0.0023060181387046801 0.92622131757098591 0.064017885099897046 34919600.000000007 0.038811658900465458 -0.0086296492542182485 0.9899288474747836 46.098573788981774 50.503555189470426 -0.051474636784154308 -0.027906020963858354 15.875000000000002 -0.017715659249246115 0.01099093388115681 -0.067251685322436347 1.1994834767472893 -0.033613653912972767 0.91048769013673747
decision_type=2 2 2 2 2 2 2 2 2 2 2 2 2 2 2 2 2 2 2 2 2 2 2 2 2 2 2
left_child=3 2 11 13 -5 6 7 -4 -9 -7 -10 -2 -13 14 15 -1 22 18 -18 20 -19 -21 23 24 -16 -25 -20
right_child=1 -3 5 4 -6 9 -8 8 10 -11 -12 12 -14 -15 16 -17 17 19 26 21 -22 -23 -24 25 -26 -27 -28
leaf_value=-0.0049767686532284187 0.024322367695979258 0.019175134120750732 0.0088680015812966188 -0.031042788102507438 -0.0035768347993528197 0.00022330729643036879 0.019612444609879154 -0.030276674898596818 0.0079781140190895179 -0.021815454234067999 -0.013045301789963626 -0.004809568525104905 0.01556092344658119 0.01362926925618131 0.017176492961089463 0.01749912574438112 -0.0030765087386283307 -0.023954600336104508 0.010351832259511898 0.0097010229913134932 -0.0012582961270501121 -5.5782088396944775e-05 -0.016835143226347205 0.0080244865969510311 -0.0068026575659954971 -0.0084385931888389006 0.026742902187738671
leaf_weight=11.035743586719038 11.346315845847128 21.634942553937435 18.01028697937727 11.840742245316504 23.099584504961967 19.288704685866833 20.541393533349037 10.632427141070364 11.179498702287676 20.547994345426559 16.754364475607872 11.351404309272768 16.879448562860489 11.826042473316191 21.595680192112923 17.862359225749969 15.357657909393309 15.437387093901632 13.378358975052835 42.117569163441658 49.469836853444576 374.60064648091793 15.89428475499153 18.880903527140617 11.687163457274435 89.858262360095978 11.324883937835692
leaf_count=51 50 98 83 51 99 87 88 48 50 88 75 50 75 51 96 85 67 65 59 180 217 1619 77 84 51 386 51
internal_value=0 0.00317805 0.000967026 -0.000350246 -0.0128846 -0.00284438 0.00144316 -0.00515361 -0.0117016 -0.0111444 -0.00463145 0.0122301 0.00737011 0.000257749 3.45567e-05 0.00891593 -0.000343097 0.000670415 0.00983759 -9.20978e-05 -0.00665633 0.000930335 -0.0036913 -0.00222031 0.00875629 -0.00558003 0.0178661
internal_weight=0 178.167 156.532 755.267 34.9403 116.955 77.118 56.5766 38.5663 39.8367 27.9339 39.5772 28.2309 720.327 708.501 28.8981 679.603 521.686 40.0609 481.625 64.9072 416.718 157.916 142.022 33.2828 108.739 24.7032
internal_count=4081 792 694 3289 150 519 344 256 173 175 125 175 125 3139 3088 136 2952 2258 177 2081 282 1799 694 617 147 470 110
is_linear=0
shrinkage=0.03


Tree=191
num_leaves=31
num_cat=0
split_feature=0 9 10 11 0 14 11 3 11 1 13 11 13 0 1 0 1 1 4 0 0 3 9 5 5 1 6 2 2 2
split_gain=1.87873 6.62341 6.87917 7.28 6.02109 6.19253 4.72323 5.24132 5.78362 6.09866 4.42029 6.04056 2.79737 2.27067 11.4677 8.31248 7.5691 7.27715 4.41914 3.13593 11.9728 5.54245 7.69693 4.81984 4.00751 6.34978 6.11234 3.71064 8.23793 4.4384
threshold=0.052634953363097765 0.01810335938039476 0.019530367386465967 0.0023060181387046801 0.04200118787817176 1.7869731151419084 -0.0018523187419122731 36.533557477208412 -0.026406588977136266 18.670000076293949 3.9024999999999994 0.0058340837106862784 6.0175000000000098 0.020030198982984086 17.920000076293949 0.015930434781081141 24.085000038146976 16.614999771118168 0.0028329640832054363 1.0000000180025095e-35 0.0048728640195763182 61.01127846160886 0.019406085211475913 -0.0063492113895119986 0.039412168095249285 29.94999980926514 1.0709742060818541 -0.0021054880978360366 -0.0026890767142839444 0.00068565628859187141
decision_type=2 2 2 2 2 2 2 2 2 2 2 2 2 2 2 2 2 2 2 2 2 2 2 2 2 2 2 2 2 2
left_child=4 2 -2 6 13 -6 7 12 -9 -10 -3 -12 -4 15 17 19 -16 18 -15 24 -21 23 -23 -22 27 26 -26 28 -1 -29
right_child=1 10 3 -5 5 -7 -8 8 9 -11 11 -13 -14 14 16 -17 -18 -19 -20 20 21 22 -24 -25 25 -27 -28 29 -30 -31
leaf_value=-0.0033609621658487812 0.012274912309031586 0.030212121572216349 -0.0017106285600607491 -0.020800186709209047 -0.030167510718041638 -0.0034692129522610631 0.017235398200095817 -0.028205749947142415 -0.021266791845479513 0.0051279074443973246 0.024785248195027011 -0.0031148851742166489 0.017140135718723248 -0.0083693332909487699 0.025277178510265265 -0.017798974984325627 0.0011348597754349673 -0.023854030555128494 0.015054255990999256 0.024147055181371228 0.003570502062838701 0.026783649691376303 -0.0041967882489024021 -0.022148272827248319 0.0041316071909890135 -0.014652539622514407 0.025523862939076183 0.0047135210920642096 -0.030277915173082353 -0.0024882787459126147
leaf_weight=64.290752790868282 31.500887855887413 10.805503413081167 14.814206451177599 18.482625961303711 11.819082304835318 23.10166098177433 12.200830318033693 10.869874015450476 11.550441846251486 24.782551556825638 11.451129719614984 17.903211981058121 13.579203940927981 16.112241685390476 27.067289516329765 23.757297962903976 20.569714121520519 14.439191296696661 13.177469581365584 22.916694059967995 11.25630931556225 11.403143793344499 19.662775471806526 15.712083742022513 46.754827603697777 11.454364910721777 16.181139066815376 108.66415153443813 12.170269921422003 264.44728288054466
leaf_count=281 140 46 66 80 51 99 54 49 50 113 54 77 63 67 119 101 94 60 55 105 52 50 87 68 209 53 75 467 51 1145
internal_value=0 0.00308688 -3.7949e-05 -0.00368743 -0.000339781 -0.0125054 -8.49367e-05 -0.00288035 -0.00900689 -0.0032631 0.0138076 0.00776896 0.00730479 0.000250232 0.0046694 -0.000392013 0.0148525 -0.00642377 0.00216896 0.000291626 0.005787 -0.00146306 0.00717498 -0.0114135 -0.000557396 0.00589246 0.00963166 -0.00162465 -0.00764532 -0.000390842
internal_weight=0 177.94 137.781 106.28 754.958 34.9207 87.7971 75.5963 47.2029 36.333 40.1598 29.3543 28.3934 720.037 91.3659 628.671 47.637 43.7289 29.2897 604.914 80.951 58.0343 31.0659 26.9684 523.963 74.3903 62.936 449.572 76.461 373.111
internal_count=4081 792 615 475 3289 150 395 341 212 163 177 131 129 3139 395 2744 213 182 122 2643 362 257 137 120 2281 337 284 1944 332 1612
is_linear=0
shrinkage=0.03


Tree=192
num_leaves=31
num_cat=0
split_feature=0 2 10 0 14 13 14 11 3 3 11 0 1 0 5 6 13 12 1 1 14 6 13 1 4 13 10 4 5 0
split_gain=1.7703 6.50641 6.70677 5.68589 7.72017 6.92546 4.3832 4.29082 5.86465 5.56044 5.40487 4.11131 9.67927 7.81297 5.0111 6.22373 4.00313 3.39955 3.01786 5.30563 6.11095 3.90654 3.18107 5.70573 4.60879 4.17511 4.75078 3.74811 2.86397 2.81124
threshold=0.052634953363097765 0.0035653983934151963 0.0093337314626177354 0.036152336246047863 1.6356264779032177 4.1153571428571469 4.3554334405980377 0.010111649579454209 66.140984998799766 36.533557477208412 -0.026406588977136266 0.020030198982984086 17.920000076293949 0.015930434781081141 -0.028446713749276927 0.9583789105612226 3.8339285714285709 36405345.000000007 17.335000038146976 17.015000343322757 -1.5392433029527612 0.69307063392670887 5.4828571428571538 17.840000152587894 0.013140389383088593 7.0421428571428626 -0.3460556171497372 -0.010225281938248785 -0.0020909873622870774 0.13518549268873961
decision_type=2 2 2 2 2 2 2 2 2 2 2 2 2 2 2 2 2 2 2 2 2 2 2 2 2 2 2 2 2 2
left_child=3 2 -2 11 -5 -6 -7 8 9 29 -11 13 16 18 -14 -16 -13 -15 19 20 -1 -22 23 -20 -25 27 -27 -24 -12 -4
right_child=1 -3 7 4 5 6 -8 -9 -10 10 28 12 14 17 15 -17 -18 -19 22 -21 21 -23 25 24 -26 26 -28 -29 -30 -31
leaf_value=0.020846288740411351 0.011555885392038133 0.018468753117571481 0.017932878969785123 -0.025123516918155665 -0.019851530717418821 0.021192510134789209 -0.0047936047519690408 -0.017680450152161069 0.018640942110892542 -0.027437415012804823 0.001068443701612346 0.0087674294906402231 0.034645675816444836 -0.0057745714974979292 0.024971837567858448 -0.0030243211415605397 -0.013070686399864624 -0.028461005207746071 -0.017390179860043448 0.019589384214558414 -0.0092046091434708818 0.002039784416600657 0.0047568070729558229 0.00080084285637081287 0.014598195669508296 0.017051739109306435 -0.0021995848965178518 -0.011140172175107065 -0.013767339311828639 -0.0015581206016024617
leaf_weight=14.043359667062758 39.485642053186893 21.507008850574493 13.381894305348398 18.959749311208725 12.078028112649916 11.618652030825617 11.749526754021643 15.080293342471121 12.58115942776203 10.801232770085333 33.617164686322205 12.022035166621206 10.759661667048929 11.755747795104982 13.948950417339804 14.65464888513088 20.329815834760666 12.026235461235045 12.390818744897841 15.763348013162611 32.343078017234802 198.29754495620728 16.024720773100853 94.973741054534912 28.276196211576462 13.049922615289686 99.50043610483408 79.920630104839802 17.971438437700279 13.258589290082453
leaf_count=66 175 98 61 82 50 50 51 64 54 49 150 50 52 50 61 64 85 51 52 71 137 856 71 408 126 60 448 348 81 60
internal_value=0 0.00299889 0.000868554 -0.000329559 -0.00967168 -0.00140668 0.00812668 -0.00274778 -0.0005316 -0.00324093 -0.00814009 0.000396453 0.00720161 -0.000380216 0.0171933 0.0106284 -0.00495558 -0.0172468 0.00028325 0.00271965 0.00163284 0.000462966 -0.00156065 0.00201534 0.00396625 -0.00388708 3.25563e-05 -0.00848507 -0.00409976 0.00823249
internal_weight=0 177.684 156.177 754.487 54.406 35.4462 23.3682 116.692 101.611 89.0303 62.3898 700.081 71.7151 628.366 39.3633 28.6036 32.3519 23.782 604.584 260.447 244.684 230.641 344.136 135.641 123.25 208.496 112.55 95.9454 51.5886 26.6405
internal_count=4081 792 694 3289 233 151 101 519 455 401 280 3056 312 2744 177 125 135 101 2643 1130 1059 993 1513 586 534 927 508 419 231 121
is_linear=0
shrinkage=0.03


Tree=193
num_leaves=27
num_cat=0
split_feature=0 0 14 2 0 10 9 1 1 0 3 11 14 0 2 6 3 3 0 9 2 0 5 1 5 6
split_gain=1.66827 7.33413 6.66404 6.62885 6.66432 4.85178 3.01604 5.5451 5.30928 5.24058 4.54559 3.98389 2.73897 2.29773 2.45336 3.69117 2.3896 3.77504 4.38386 3.60979 4.95785 6.78398 3.2855 6.21688 3.8077 1.68848
threshold=0.049413025728230815 0.04200118787817176 6.5545590324263463 0.0035653983934151963 0.062038827184822905 0.044700816898834657 0.016813711020305603 18.615000724792484 19.954999923706058 0.082777995482000835 47.02255419828608 0.0058340837106862784 2.4795119211534469 0.038811658900465458 -0.0086296492542182485 0.9899288474747836 46.098573788981774 50.503555189470426 -0.051474636784154308 0.0098415502886567436 0.0099189919442340679 -0.083218548059739703 -0.027906020963858354 15.875000000000002 -0.017715659249246115 0.91048769013673747
decision_type=2 2 2 2 2 2 2 2 2 2 2 2 2 2 2 2 2 2 2 2 2 2 2 2 2 2
left_child=1 13 3 4 5 -2 7 9 -9 -6 -10 -8 -3 14 15 -1 19 18 -18 20 21 -16 23 -19 -24 -20
right_child=2 12 -4 -5 6 -7 11 8 10 -11 -12 -13 -14 -15 16 -17 17 22 25 -21 -22 -23 24 -25 -26 -27
leaf_value=-0.0050507472394327501 0.030727966624384248 -0.02616548633279098 -0.017476160905754424 0.020675740806733563 0.0017253110271209429 0.0037939670831530995 0.021549670807656757 0.021566550355507735 0.0033398582209537356 -0.024808605082696965 -0.014437995188003434 -0.0022219989621804557 -0.006996955057554842 0.013380738218496276 0.015798627790738092 0.017070335483662439 -0.0030730369634627331 -0.022976837453003347 0.010154305550386485 -0.01909536464807195 -0.018284551874548673 -0.0032513297225020849 0.0094410030545673922 -0.0011819898173533138 -8.0727208301550367e-05 0.025948546959255681
leaf_weight=10.995455123484136 11.610166966915132 12.242754325270655 13.46774238348007 19.994189009070396 11.197806715965273 12.49964666366577 11.822069555521013 10.270493015646933 45.927010960876942 16.675130248069763 18.024106904864311 13.695399627089499 14.842355817556379 11.781187400221823 19.86763559281826 17.744809314608574 15.345335155725477 15.46500004827976 13.338553451001646 12.428413227200506 15.501607760787008 109.83608444780111 42.045900106430054 49.419402956962585 374.1625903621316 11.212473005056379
leaf_count=51 51 53 59 92 47 54 56 44 208 75 82 58 63 51 89 85 67 65 59 54 76 475 180 217 1619 51
internal_value=0 -0.000336271 0.00284491 0.0044387 0.00229895 0.0167641 -0.000433969 -0.00273972 0.00154479 -0.0141487 -0.00167069 0.00879125 -0.0156613 0.000240916 2.20711e-05 0.00860725 -0.000341518 0.0006377 0.00950549 -0.0035779 -0.00224972 -0.000333313 -9.76935e-05 -0.00637673 0.00088117 0.0173675
internal_weight=0 746.23 185.184 171.716 151.722 24.1098 127.612 102.095 74.2216 27.8729 63.9511 25.5175 27.0851 719.144 707.363 28.7403 678.623 520.989 39.8964 157.634 145.205 129.704 481.093 64.8844 416.208 24.551
internal_count=4081 3255 826 767 675 105 570 456 334 122 290 114 116 3139 3088 136 2952 2258 177 694 640 564 2081 282 1799 110
is_linear=0
shrinkage=0.03


Tree=194
num_leaves=31
num_cat=0
split_feature=0 9 10 11 0 5 11 3 11 1 13 11 14 4 0 1 0 5 6 1 12 0 0 3 9 5 5 1 6 6
split_gain=1.59306 5.9881 5.99514 6.6439 5.27072 7.56161 4.49136 4.54361 5.10471 5.57289 4.10565 5.53579 3.9859 5.50755 3.84789 9.1068 7.35714 4.8333 6.02068 3.83316 3.18043 2.97765 11.2929 5.20048 7.29094 4.52296 3.78253 5.87605 5.85302 2.77619
threshold=0.052634953363097765 0.01810335938039476 0.019530367386465967 0.0023060181387046801 0.036152336246047863 0.0084911651206574529 -0.0018523187419122731 36.533557477208412 -0.026406588977136266 18.670000076293949 3.9024999999999994 0.0058340837106862784 1.6356264779032177 -0.0020024421275299238 0.020030198982984086 17.920000076293949 0.015930434781081141 -0.024632541903620905 0.97592031283167147 15.654999732971193 36405345.000000007 1.0000000180025095e-35 0.0048728640195763182 61.01127846160886 0.019406085211475913 -0.0063492113895119986 0.039412168095249285 29.94999980926514 1.0709742060818541 1.2067187095623797
decision_type=2 2 2 2 2 2 2 2 2 2 2 2 2 2 2 2 2 2 2 2 2 2 2 2 2 2 2 2 2 2
left_child=4 2 -2 6 14 12 7 -4 -9 -10 -3 -12 -6 -14 16 19 21 -17 -19 -16 -18 26 -23 25 -25 -24 29 28 -28 -1
right_child=1 10 3 -5 5 -7 -8 8 9 -11 11 -13 13 -15 15 17 20 18 -20 -21 -22 22 23 24 -26 -27 27 -29 -30 -31
leaf_value=-0.00053576808525020191 0.011396572449466577 0.028953903329258138 0.0066830226249546499 -0.019933663238430415 -0.031156663893514489 0.0075882417977313227 0.016827851663831783 -0.026579892072049131 -0.020365498262410051 0.0049064159130270228 0.02366236214798851 -0.0031524199102912808 0.0036966826839255002 -0.023971001933408245 0.0034717663849126727 0.031850053865865174 -0.0056332320549127022 0.023413715254754885 -0.0052631992477214619 -0.017694626569780277 -0.027572547090929118 0.023557896958113302 0.0035041491468898577 0.026162344862749657 -0.0040482396340814483 -0.021409746351709634 0.0039565360170283901 -0.014082905412913353 0.024958902682299645 -0.006887816268084445
leaf_weight=375.11803356558084 31.350675776600838 10.719809398055075 28.267445504665375 18.383460864424706 11.835966691374777 16.549697712063789 12.155114419758318 10.853849880397318 11.511792495846747 24.710220001637936 11.317047894001009 17.8706209436059 12.945281192660332 12.955661982297897 19.70232780277729 12.78300056606531 11.757451608777048 13.456482961773874 12.911005347967146 12.640586391091345 12.032898008823393 22.742301240563393 11.250535972416403 11.331974923610689 19.668375954031944 15.723976939916609 46.645586267113686 11.397915750741957 16.051851496100426 74.168372698128223
leaf_count=1620 140 46 129 80 51 72 54 49 50 113 54 77 55 55 82 62 50 59 56 53 51 105 52 50 87 68 209 53 75 324
internal_value=0 0.00284764 -0.000126806 -0.00353878 -0.00031405 -0.0093189 -9.42016e-05 -0.00282423 -0.00853301 -0.0031253 0.0130761 0.00724458 -0.0167336 -0.0101427 0.000384913 0.00697944 -0.000365959 0.0167112 0.00937188 -0.0048007 -0.0167299 0.000278478 0.00564176 -0.00138636 0.00699504 -0.0110187 -0.00054866 0.00573148 0.00933358 -0.00158437
internal_weight=0 177.14 137.233 105.882 753.669 54.2866 87.4984 75.3433 47.0759 36.222 39.9075 29.1877 37.7369 25.9009 699.383 71.4934 627.889 39.1505 26.3675 32.3429 23.7903 604.099 80.7172 57.9749 31.0004 26.9745 523.382 74.0954 62.6974 449.286
internal_count=4081 792 615 475 3289 233 395 341 212 163 177 131 161 110 3056 312 2744 177 115 135 101 2643 362 257 137 120 2281 337 284 1944
is_linear=0
shrinkage=0.03


Tree=195
num_leaves=18
num_cat=0
split_feature=11 1 1 1 0 5 4 0 11 11 1 7 6 5 5 8 11
split_gain=1.81855 1.93555 3.91554 2.39985 1.8048 10.014 3.71449 2.83554 7.37656 6.76336 4.87035 4.00366 3.32371 2.6207 3.48879 1.48031 0.707704
threshold=-0.062107094661673794 34.739999771118171 41.274999618530281 31.775000572204593 -0.092486952719352575 -0.020691752621822376 0.02864538389136451 -0.065060437714217864 0.017676249076480247 -0.0090271989173932848 28.184999465942386 0.98225665812677254 0.85893603669484031 0.03372554188947164 -0.0030751617826691442 1.1328949057286539 0.037052538944385101
decision_type=2 2 2 2 2 2 2 2 2 2 2 2 2 2 2 2 2
left_child=-1 3 -3 4 5 -2 7 8 9 -6 11 -9 -12 14 -7 -5 -8
right_child=1 2 -4 15 6 13 16 10 -10 -11 12 -13 -14 -15 -16 -17 -18
leaf_value=-0.0088338399609237117 -0.016815049516954325 0.020750072803412591 -0.0039097570177487441 -0.0014277033990453196 -0.017374679651072533 0.020228363135610456 -0.0061894567139347354 0.00026986866962253715 -0.026346922977225268 0.0078401764374928917 -0.0014306246190309338 0.0088410797678801396 0.018539539715165785 0.023681569062944038 -0.00074714077182745436 -0.016676480912776265 -0.016869205796755479
leaf_weight=17.374802373349667 13.112770631909369 12.689877755939962 10.665604777634142 11.790044642984869 13.809616550803183 12.218146890401838 11.379342406988146 640.87506295740604 12.019951596856115 31.214393362402916 10.851302355527876 53.112135767936707 24.291864342987537 14.177814871072767 17.159498870372776 11.146504700183867 10.965678259730337
leaf_count=82 55 70 52 54 60 54 50 2772 52 136 49 227 113 69 77 53 51
internal_value=0 0.000963856 0.00948882 0.00073967 0.000993583 0.00616913 0.000630835 0.000973647 -0.00546771 0.000106359 0.00147759 0.000925839 0.0123733 0.0130887 0.00797656 -0.00883817 -0.0114305
internal_weight=0 911.48 23.3555 888.124 865.188 56.6682 808.519 786.174 57.044 45.024 729.13 693.987 35.1432 43.5555 29.3776 22.9365 22.345
internal_count=4076 3994 122 3872 3765 255 3510 3409 248 196 3161 2999 162 200 131 107 101
is_linear=0
shrinkage=0.03


Tree=196
num_leaves=15
num_cat=0
split_feature=11 1 0 1 0 5 11 12 11 5 11 6 10 4
split_gain=1.71076 1.82866 4.36909 2.25749 1.70467 9.44634 3.59242 2.82994 2.76426 2.56892 2.97958 2.38417 3.73792 1.29012
threshold=-0.062107094661673794 34.739999771118171 -0.036402596487612009 31.775000572204593 -0.092486952719352575 -0.021524028612266984 0.047585706381605426 55295018.000000007 0.039282820964454353 0.035169853346746945 0.0027503383296704213 0.55347975686968043 -0.45777606806132293 -0.0038448255990255471
decision_type=2 2 2 2 2 2 2 2 2 2 2 2 2 2
left_child=-1 3 -3 4 5 -2 8 -8 11 10 -7 -6 -13 -5
right_child=1 2 -4 13 6 9 7 -9 -10 -11 -12 12 -14 -15
leaf_value=-0.0085658524695054767 -0.016868777361160263 -0.0064672876527276362 0.019992878548407467 -0.0019587843478379905 -0.0092721333334809895 0.017556164900953387 -0.0020366872472645545 -0.021267696068751164 0.011544581656612554 0.023749858859232493 -0.001102206130496884 0.015273978473057391 0.00065727707039159983 -0.016224241610821546
leaf_weight=17.380738474428654 12.623154133558272 9.4636239558458346 13.81477704644203 12.311920441687109 21.011274285614491 14.827937781810762 16.978371068835262 11.586499348282812 21.730381555855274 13.02907522022724 16.030164733529091 16.097745135426521 720.88909737020731 10.633310109376906
leaf_count=82 53 43 79 57 90 67 76 52 97 64 71 70 3125 50
internal_value=0 0.0009355 0.00923574 0.000717852 0.000964272 0.00600164 0.000612094 -0.00983718 0.000994897 0.0125798 0.00786352 0.000692457 0.000976545 -0.0085697
internal_weight=0 911.027 23.2784 887.749 864.804 56.5103 808.293 28.5649 779.728 43.8872 30.8581 757.998 736.987 22.9452
internal_count=4076 3994 122 3872 3765 255 3510 128 3382 202 138 3285 3195 107
is_linear=0
shrinkage=0.03


Tree=197
num_leaves=31
num_cat=0
split_feature=8 0 12 4 8 12 7 4 6 9 10 0 1 4 8 12 10 11 1 10 0 2 10 8 1 1 0 0 1 4
split_gain=1.70688 4.57301 3.8598 4.07642 3.6698 3.00282 2.84855 5.59347 5.05163 6.43984 4.53347 6.88771 6.62846 4.97998 4.27691 5.34872 5.32665 5.08351 4.1384 3.26226 3.22634 3.13778 3.01459 2.35194 5.04087 9.07584 4.34736 6.54933 4.04208 4.31972
threshold=0.93180940287406755 -0.085135606280602835 64723900.000000007 0.0089128929309675326 0.81921498188505115 74326700.000000015 0.93977149518577496 -0.0012833998019791679 0.77033526239434347 0.024946442517397197 -0.17252330176431521 0.001198721949970061 16.925000190734867 0.0034055115032467502 0.88373840123612257 5798553.5000000009 0.068267455855898787 -0.0021582021866952679 16.614999771118168 0.092247036056139278 -0.0040932791442906393 0.001951373876477686 -0.10893889206352834 1.1576994785123047 15.97499990463257 14.994999885559084 -0.026493739570624116 -0.046486410494738332 12.88000011444092 -0.0025970538177605969
decision_type=2 2 2 2 2 2 2 2 2 2 2 2 2 2 2 2 2 2 2 2 2 2 2 2 2 2 2 2 2 2
left_child=1 -1 6 4 -4 -6 7 14 18 -10 13 12 -12 -9 15 17 -17 -3 -8 -13 21 -11 -20 24 25 26 27 -2 -28 -30
right_child=23 2 3 -5 5 -7 8 10 9 20 11 19 -14 -15 -16 16 -18 -19 22 -21 -22 -23 -24 -25 -26 -27 28 -29 29 -31
leaf_value=0.020069073976745701 -0.0057851401871640276 -0.0088904318792239808 0.0022006566695363262 -0.0036314828650836984 0.031201857933479706 0.011706487272218817 0.014394055350457263 0.0033191915645694402 -0.027062225734445833 -0.0072028687571950249 -0.022112244973802563 0.0040053135882448998 0.003493113507183284 0.026664212594195786 0.0078999457201507951 -0.024609384960990813 -0.0022229267207660576 0.01773885867900207 0.0054137713418906152 0.023932326686012778 -0.015169950242230289 0.013738295864968357 -0.015458363423448744 0.0022489371454533897 -0.004443153006780191 0.018402723839317202 0.0078065674965138825 0.022684071991893678 0.0025704517283313038 -0.015432486515550431
leaf_weight=12.61724331974983 14.445946007966997 14.08391208201647 18.259956680238247 18.916030362248421 11.61153204739094 18.344282560050488 18.586784422397614 14.92653204500675 14.618368044495581 13.872629165649416 13.909472614526747 15.1895037740469 26.309735327959061 18.314670264720917 22.837767571210861 20.781924709677696 17.724463179707527 11.906118437647818 13.392942845821382 14.407036289572714 14.466846033930777 12.018774911761282 11.641033582389353 204.91219414025545 228.57108976691961 27.126402661204338 16.30425637960434 14.645750194787977 18.246487990021706 35.012820690870285
leaf_count=57 63 64 83 84 52 82 79 63 62 59 59 66 113 81 100 91 79 52 57 63 62 51 51 919 1004 118 72 64 78 148
internal_value=0 0.00231983 0.00169098 0.00817108 0.0128015 0.0192633 0.00018566 0.00232906 -0.00395323 -0.0100019 0.00706266 0.00272096 -0.00536228 0.0161814 -0.00325674 -0.00720725 -0.0143049 0.00330853 0.00367014 0.0137054 -0.00382243 0.00251801 -0.00429197 -0.000309409 -0.00178883 0.00303463 -0.00119101 0.00854723 -0.00526357 -0.00926473
internal_weight=0 368.738 356.12 67.1318 48.2158 29.9558 288.989 190.391 98.5974 54.9766 103.057 69.8157 40.2192 33.2412 87.3342 64.4964 38.5064 25.99 43.6208 29.5965 40.3583 25.8914 25.034 559.265 354.353 125.782 98.6553 29.0917 69.5636 53.2593
internal_count=4076 1610 1553 301 217 134 1252 831 421 234 445 301 172 144 386 286 170 116 187 129 172 110 108 2466 1547 543 425 127 298 226
is_linear=0
shrinkage=0.03


Tree=198
num_leaves=16
num_cat=0
split_feature=11 1 0 1 5 10 9 1 2 6 0 0 10 8 7
split_gain=1.60948 1.73037 4.16473 2.11624 2.66386 1.83144 5.05629 6.88042 4.87008 3.52467 3.45186 4.2966 3.82999 2.16834 1.49546
threshold=-0.062107094661673794 34.739999771118171 -0.036402596487612009 31.775000572204593 -0.074484169905029526 0.57211506114111277 0.018459026002070836 15.654999732971193 0.013185002012259183 1.2546656371629739 0.10454788605897782 0.052634953363097765 0.35825793985133497 0.96517082491168826 0.4505217279263059
decision_type=2 2 2 2 2 2 2 2 2 2 2 2 2 2 2
left_child=-1 3 -3 4 -2 8 7 -7 10 -9 11 -6 -12 -8 -5
right_child=1 2 -4 14 5 6 13 9 -10 -11 12 -13 -14 -15 -16
leaf_value=-0.0083276241075162082 0.016600673459284534 -0.006341580662566149 0.019543535670583912 -0.0010254857946645202 0.00027682836032544007 -0.017517297516934913 0.02409297307886412 0.018650623966891301 -0.015972266966532114 0.00026804879706140435 -0.0013615387937465182 0.0079580693363104152 -0.023009361144259492 0.0070235374311973216 -0.016362085580822274
leaf_weight=17.387341260910034 9.6343258470296842 9.4499005079269427 13.710080511867998 12.035145275294783 647.3477600812912 15.053074121475218 13.621840402483942 13.636265099048613 16.255940988659859 30.12840361148119 20.909804560244083 72.922613233327866 11.347063362598417 13.176688879728315 10.908695414662359
leaf_count=82 44 43 79 56 2804 66 61 60 74 133 93 321 51 58 51
internal_value=0 0.000886565 0.00898171 0.000675191 0.000913981 0.000737096 0.00489918 -2.19057e-05 0.000273582 0.00599572 0.000624521 0.0010545 -0.00897664 0.0157 -0.0083173
internal_weight=0 910.138 23.16 886.978 864.034 854.399 85.6163 58.8177 768.783 43.7647 752.527 720.27 32.2569 26.7985 22.9438
internal_count=4076 3994 122 3872 3765 3721 378 259 3343 193 3269 3125 144 119 107
is_linear=0
shrinkage=0.03


Tree=199
num_leaves=17
num_cat=0
split_feature=11 1 0 1 1 10 13 1 0 6 13 1 11 5 4 14
split_gain=1.51413 1.63759 3.95301 1.99086 1.70867 3.76829 2.45812 2.99197 3.40477 7.27672 2.41373 2.02661 4.57615 4.54587 1.18037 0.976797
threshold=-0.062107094661673794 34.739999771118171 -0.036402596487612009 31.775000572204593 28.184999465942386 0.068267455855898787 10.616785714285728 25.960000038146976 -0.024710828440772322 0.85893603669484031 7.0785714285714247 23.480000495910648 -0.035771416284361805 -0.010784771534524727 -0.0038448255990255471 -2.0621130168606432
decision_type=2 2 2 2 2 2 2 2 2 2 2 2 2 2 2 2
left_child=-1 3 -3 4 6 10 7 11 -9 -10 -6 12 -2 -13 -5 -7
right_child=1 2 -4 14 5 15 -8 8 9 -11 -12 13 -14 -15 -16 -17
leaf_value=-0.0080755074325982376 0.020262194753324483 -0.0061523449859710207 0.019107613345763434 -0.0017437314964238015 0.0082943408577209176 0.009264577806913624 0.011087026151859188 0.0044163280695186588 -0.029033609685201418 -0.0014253411386578689 -0.0094598580322737928 -0.0034635868268236983 2.1366696074122385e-05 0.013018373744305985 -0.015387740172953746 0.02197368590795705
leaf_weight=17.3921914473176 10.206179454922674 9.4483703523874301 13.603805951774119 12.315815180540087 13.096243903040888 10.852097727358343 19.479180909693241 17.446076020598412 13.664389275014399 23.146556720137596 14.546906709671019 26.207989826798439 668.80846226215363 35.407959818840027 10.633745044469832 10.91903145611286
leaf_count=82 46 43 79 57 60 50 91 76 63 102 66 119 2884 157 50 51
internal_value=0 0.000860372 0.00875434 0.000655154 0.000886857 0.00630353 0.000558183 0.000300168 -0.0065 -0.0116737 -0.00104861 0.000798334 0.000325604 0.00600787 -0.00806572 0.0156387
internal_weight=0 909.783 23.0522 886.731 863.781 49.4143 814.367 794.888 54.257 36.8109 27.6432 740.631 679.015 61.6159 22.9496 21.7711
internal_count=4076 3994 122 3872 3765 227 3538 3447 241 165 126 3206 2930 276 107 101
is_linear=0
shrinkage=0.03


Tree=200
num_leaves=21
num_cat=0
split_feature=3 6 5 10 9 10 12 3 2 4 14 0 0 2 7 8 2 8 14 14
split_gain=2.132 3.09161 4.06205 3.7499 2.92418 5.17106 3.96826 3.90995 3.366 8.16577 4.19843 3.16593 3.80053 2.92143 2.401 6.93995 6.41801 4.95226 2.68032 5.9675
threshold=31.157654839526099 1.1921273118775688 -0.012726442082290677 0.21583702679876074 -0.033541885148871402 0.022062404800122008 57189900.000000007 37.29985065059217 -0.0091374690482158433 -0.0041400226465883585 3.6137159371461451 -0.14344495366535867 -0.11785057199633607 0.00028052841742199079 0.96449279163957591 0.87630553643739284 0.0047084734028374937 0.66726332121445764 8.4144457860761275 7.1632633654261131
decision_type=2 2 2 2 2 2 2 2 2 2 2 2 2 2 2 2 2 2 2 2
left_child=1 2 -1 13 5 6 -2 -7 9 10 -6 -10 -13 -3 18 17 -17 -16 19 -14
right_child=4 3 -4 -5 8 7 -8 -9 11 -11 -12 12 14 -15 15 16 -18 -19 -20 -21
leaf_value=0.00051278231589146071 -0.010158001349685159 -0.018564036043005834 0.024583775371927959 0.010916972427667909 0.027970481819905926 -0.0037203904306463403 0.011644574129706329 -0.02699496995468928 0.016346377274220735 -0.0099827300136204559 0.0042989916258689429 -0.01770165015940086 0.00061486970357327081 0.0023436600756120544 -0.014374775030183648 -0.016796537664699088 0.0057304770683597565 0.0079787572372100966 0.012831788400356658 -0.019297735187449191
leaf_weight=11.706924490630628 13.989757403731348 11.294283747673036 13.685552462935446 17.139095716178417 15.925833612680437 11.70208925753832 16.229146145284176 14.601821452379225 10.129831448197363 14.297403648495672 11.695580720901487 11.433737665414808 588.97703018039465 12.867602236568926 11.176087006926535 45.855444818735123 15.140740662813185 44.181882843375206 15.399163112044333 13.863829851150511
leaf_count=56 63 49 62 78 79 52 75 67 45 66 56 50 2570 58 51 194 65 189 67 59
internal_value=0 0.00524853 0.0134861 0.000183938 -0.00032065 -0.0069147 0.00155113 -0.0166406 0.000146366 0.00842117 0.0179474 -0.000312361 -0.000538559 -0.00742948 -0.00027142 -0.00422491 -0.0112048 0.00346586 0.000472636 0.00015693
internal_weight=0 66.6935 25.3925 41.301 854.599 56.5228 30.2189 26.3039 798.077 41.9188 27.6214 756.158 746.028 24.1619 734.594 116.354 60.9962 55.358 618.24 602.841
internal_count=4051 303 118 185 3748 257 138 119 3491 201 135 3290 3245 107 3195 499 259 240 2696 2629
is_linear=0
shrinkage=0.03


Tree=201
num_leaves=23
num_cat=0
split_feature=1 1 8 14 2 1 4 14 0 0 12 1 1 5 1 0 4 7 7 13 14 6
split_gain=2.05221 5.27189 3.64695 7.16518 9.8651 4.70911 8.7362 5.54864 5.07096 4.06487 3.6976 3.586 6.21176 4.21509 3.31636 5.36014 5.1167 3.66364 5.22323 6.46133 3.51328 2.26816
threshold=14.715000152587892 14.84500026702881 1.0866588275953342 3.3384741181620692 0.001524012365889389 13.894999980926515 -0.0032918570536902832 1.5646997425993721 -0.030643505666422041 -0.016284077904727075 34276588.500000007 15.034999847412111 15.484999656677248 0.0050208760107005599 16.255000114440922 -0.00071597997566119609 0.0074468327124949116 0.99313830801737479 0.97015740970681363 4.5757142857142785 8.4144457860761275 0.91746474193540672
decision_type=2 2 2 2 2 2 2 2 2 2 2 2 2 2 2 2 2 2 2 2 2 2
left_child=2 -2 5 4 -4 7 -7 -1 -9 -10 -11 -3 13 -13 15 16 -14 18 20 -20 -16 -12
right_child=1 11 3 -5 -6 6 -8 8 9 10 21 12 14 -15 17 -17 -18 -19 19 -21 -22 -23
leaf_value=0.013304811711462019 0.02040194458366628 -0.015279204187722321 0.013845010765348468 0.024801884709093766 -0.024229261938722133 0.0051345803971936345 -0.027215842527874127 0.0087342374344878022 -0.026115799203992891 0.0034586329881341302 -0.022763453558995034 0.0047179001093693024 0.01042530382950216 0.027941947093832034 0.0007191392207467382 -0.019720158555075466 -0.013280824212185087 0.01471094802075794 0.0060138252769728392 -0.019304586754392856 0.017241451639597588 -0.0043672232836215663
leaf_weight=17.28891983628273 12.062244176864622 12.886183083057402 13.208029553294184 11.581331849098204 11.420301556587217 11.880953729152678 20.434485614299774 17.026101186871529 11.213019952178 20.499660834670067 12.470458358526232 17.075065523386005 18.913747817277908 11.960152357816694 587.90971751511097 19.261409133672714 14.458234339952467 16.396027445793152 14.143329754471777 25.298814594745636 11.815584868192671 11.683050453662871
leaf_count=75 53 56 61 50 50 52 85 73 48 87 52 73 82 55 2606 82 63 72 60 112 52 52
internal_value=0 0.000726413 -0.0030234 0.00534108 -0.00381025 -0.00549592 -0.015322 -0.00197484 -0.00559894 -0.0099672 -0.00591206 0.000410021 0.000684255 0.0142843 0.000126669 -0.00711856 0.00015475 0.000708368 0.000349172 -0.0102258 0.00104466 -0.0138652
internal_weight=0 762.181 158.706 36.2097 24.6283 122.497 32.3154 90.1812 72.8923 55.8662 44.6532 750.118 737.232 29.0352 708.197 52.6334 33.372 655.563 639.167 39.4421 599.725 24.1535
internal_count=4051 3366 685 161 111 524 137 387 312 239 191 3313 3257 128 3129 227 145 2902 2830 172 2658 104
is_linear=0
shrinkage=0.03


Tree=202
num_leaves=26
num_cat=0
split_feature=3 6 1 10 9 10 12 3 2 4 14 2 4 4 10 7 10 9 8 9 2 9 10 1 2
split_gain=1.99622 2.9244 4.71514 3.53241 2.78083 4.86686 3.74377 3.70164 3.16926 7.7399 4.02602 2.74811 2.10299 6.78985 3.74882 4.82476 7.50007 2.76169 2.95639 7.3397 4.98889 5.95516 4.21901 2.89746 2.33443
threshold=31.157654839526099 1.1921273118775688 21.44999980926514 0.21583702679876074 -0.033541885148871402 0.022062404800122008 57189900.000000007 37.29985065059217 -0.0091374690482158433 -0.0041400226465883585 3.6137159371461451 0.00028052841742199079 -0.0079614137033893733 -0.0091583638335366851 -0.14289192542594323 0.3335783108954215 0.25464517577188234 -0.025232403373423914 1.1576994785123047 -0.017743458969326883 0.0022850511901552676 -0.0034077489741204388 -0.024820069338550962 14.715000152587892 -0.00071485060541216555
decision_type=2 2 2 2 2 2 2 2 2 2 2 2 2 2 2 2 2 2 2 2 2 2 2 2 2
left_child=1 2 -1 11 5 6 -2 -7 9 10 -6 -3 13 14 24 -16 -17 -14 19 -19 22 -22 -20 -21 -10
right_child=4 3 -4 -5 8 7 -8 -9 12 -11 -12 -13 17 -15 15 16 -18 18 20 23 21 -23 -24 -25 -26
leaf_value=-0.0019912191422430132 -0.0099032348873069765 -0.018026296843240929 0.024210482929124304 0.010588838464037863 0.027384464168007827 -0.0036305715937312317 0.011277811100618254 -0.026293470182457809 -0.0014218742713099574 -0.0097066429122964638 0.0041531793285797735 0.0022524755925470222 -0.014185353369474706 -0.025415776764579231 0.014611439345890646 0.008935473047668268 -0.013231228084747105 -0.024041783072429691 0.022344020737681842 -0.0036339083398331199 0.0153480263253097 -0.0072910546528526399 0.003203485445324292 0.0015718613430624161 -0.018151326289689705
leaf_weight=10.725941672921183 13.991972334682943 11.295757234096529 14.588501468300818 17.103344447910786 15.788697905838491 11.701392635703089 16.212413497269154 14.554335094988344 13.862511225044729 14.305761665105818 11.680990621447561 12.863689139485357 11.509152472019194 11.958109155297278 20.091154530644417 26.477693639695644 28.550070576369762 11.38464145362377 21.946716323494911 127.11220516264439 14.740785434842108 35.986465930938721 19.639027014374733 396.00829388201237 16.373574435710907
leaf_count=47 63 49 71 78 79 52 75 67 61 66 56 58 50 51 89 116 127 50 96 545 64 159 88 1723 71
internal_value=0 0.00508126 0.0131086 0.000156534 -0.00031219 -0.00674621 0.00146584 -0.0161933 0.000143363 0.00818704 0.0175058 -0.00722887 -0.00030133 -0.00399306 -0.00156152 0.00202877 -0.00256528 0.000377144 0.00064453 -0.000211693 0.00560218 -0.000712385 0.0133048 0.00030692 -0.0104813
internal_weight=0 66.5772 25.3144 41.2628 853.876 56.4601 30.2044 26.2557 797.416 41.7755 27.4697 24.1594 755.64 117.313 105.355 75.1189 55.0278 638.327 626.818 534.505 92.313 50.7273 41.5857 523.12 30.2361
internal_count=4051 303 118 185 3748 257 138 119 3491 201 135 107 3290 515 464 332 243 2775 2725 2318 407 223 184 2268 132
is_linear=0
shrinkage=0.03


Tree=203
num_leaves=22
num_cat=0
split_feature=3 6 1 10 3 3 3 9 8 0 7 5 6 14 1 1 11 13 3 10 14
split_gain=1.88179 2.76357 4.47443 3.32777 2.64769 4.05497 3.61097 4.02783 3.35304 3.29849 2.98207 2.51649 3.60599 2.34542 2.23781 8.68379 4.28074 4.03175 4.52424 2.03726 0.828891
threshold=31.157654839526099 1.1921273118775688 21.44999980926514 0.21583702679876074 34.494409581947664 37.29985065059217 44.551279350480428 -0.0026385709194588487 1.1835036346415178 1.0000000180025095e-35 0.31945700220858758 0.021914320243661693 1.0488100783297427 -0.42403820342362281 21.704999923706058 21.309999465942386 0.040772939037665885 3.203214285714286 64.388870347365454 -0.032325825610032714 -1.8905139194351406
decision_type=2 2 2 2 2 2 2 2 2 2 2 2 2 2 2 2 2 2 2 2 2
left_child=1 2 -1 20 13 9 7 8 11 -6 -8 12 -7 -2 15 16 -12 -16 -19 -10 -3
right_child=4 3 -4 -5 5 6 10 -9 19 -11 14 -13 -14 -15 17 -17 -18 18 -20 -21 -22
leaf_value=-0.0019309892030059421 -0.0011123234154044445 -0.012624782901121852 0.023622701300235381 0.010291240778902129 0.0017777937960239557 -0.030604436193978662 0.012238180355567792 0.0055413144863647127 0.005579879867456429 0.021432437287405546 -0.0007547834893353617 -0.0027041210106258781 -0.01018016866484244 -0.016959614169445521 0.021653099929331947 -0.021215611861620295 0.014052428768726633 0.0054663292578892219 -0.0051474273511744025 -0.01021555777776135 -0.0015099475654407758
leaf_weight=10.728640466928484 17.939988359808922 11.959762260317804 14.504238240420817 17.070499025285244 16.973555289208893 13.588706508278849 18.540313646197319 21.520967453718185 16.505063816905025 14.042266458272932 467.48995067179203 11.832067131996153 18.199735954403877 15.814918778836725 9.8361759781837446 18.36150261759758 18.257996805012226 106.65843278169632 54.673065520823002 13.247468650341032 12.196834400296209
leaf_count=47 82 53 71 78 75 59 85 95 74 63 2013 53 80 68 43 78 84 495 242 59 54
internal_value=0 0.00493806 0.0127577 0.0001521 -0.000302886 3.61857e-05 -0.000382235 -0.00587103 -0.00921838 0.0106763 0.000368473 -0.0145149 -0.018911 -0.00853713 4.25798e-05 -0.000963749 -0.000198219 0.00300634 0.00186947 -0.00145312 -0.00701282
internal_weight=0 66.46 25.2329 41.2271 853.482 819.727 788.711 94.894 73.373 31.0158 693.817 43.6205 31.7884 33.7549 675.277 504.109 485.748 171.168 161.331 29.7525 24.1566
internal_count=4051 303 118 185 3748 3598 3460 420 325 138 3040 192 139 150 2955 2175 2097 780 737 133 107
is_linear=0
shrinkage=0.03


Tree=204
num_leaves=29
num_cat=0
split_feature=7 3 1 5 1 2 9 0 0 1 0 1 1 4 6 5 1 1 7 13 1 9 3 7 0 1 10 12
split_gain=1.80516 3.50375 6.29496 4.24134 2.95893 3.79745 4.16048 3.869 2.93081 2.85621 2.31724 4.32225 9.98643 6.11089 3.3715 2.76546 3.60523 5.62197 6.79387 5.12643 4.7478 4.82404 3.97762 5.77707 4.41916 3.0519 2.85678 1.65538
threshold=0.96449279163957591 72.905895746930895 13.675000190734865 -0.0011213576601517559 13.675000190734865 0.0015910936349125269 0.044851297836259525 -0.024710828440772322 -0.11785057199633607 22.894999504089359 -0.068891693483906544 18.85000038146973 21.539999961853031 0.014122399015316868 0.86467196155370918 0.092904732261215386 18.765000343322757 17.285000801086429 0.85892600325948909 3.1307142857142893 16.954999923706058 0.022089943592310316 63.490655889109554 0.82431367637386954 0.047142331582309634 17.765000343322757 -0.052682977344075836 38885658.500000007
decision_type=2 2 2 2 2 2 2 2 2 2 2 2 2 2 2 2 2 2 2 2 2 2 2 2 2 2 2 2
left_child=8 4 -3 -4 -2 7 -7 -6 9 -1 11 13 -13 -10 -14 16 17 20 25 -18 21 -12 23 -21 -24 -19 -22 -5
right_child=1 2 3 27 5 6 -8 -9 10 -11 15 12 14 -15 -16 -17 19 18 -20 22 26 -23 24 -25 -26 -27 -28 -29
leaf_value=-0.00046010009969419584 0.0057028655765860945 -0.016152779211409479 -0.0042073920260306307 0.008765307984096157 -0.031923418286843717 0.0041104099000328588 -0.017716696603186692 -0.0075282910728725399 0.0047574097644789114 -0.020368942141599695 -0.0039162726781722841 -0.026557792970382358 0.02010347799099732 0.032377859302919462 4.0000343558149699e-05 -0.012737553946827407 0.023920343860053678 -0.016065630744169758 -0.025382474540449628 0.0023180113027342296 0.0025005374336614056 0.005056120110149929 -0.0084570163648322958 0.016870922596395707 0.0098825875937793416 0.00042379530460492855 0.023213657783102679 0.024721686540419997
leaf_weight=14.663835406303408 12.118755400180815 12.069882705807684 14.165951877832411 11.934312537312509 11.863516107201578 20.801378816366196 12.632466942071913 11.545078247785566 20.86826299130917 11.628445856273173 157.12772691249847 9.9733414947986585 12.35595788061619 11.014128789305685 19.331363700330257 14.155236899852751 10.022595897316931 13.554744914174078 17.375569999217987 247.88529770821333 11.642778545618059 82.115069329738617 52.734852530062199 27.248565159738064 15.24309068918228 39.656253039836884 12.349105879664419 11.48070967197418
leaf_count=65 51 51 61 51 51 89 56 50 93 55 678 43 56 53 88 64 44 58 73 1123 50 356 227 123 67 171 54 50
internal_value=0 -0.00338046 0.00269616 0.00874987 -0.00775553 -0.0106248 -0.00413663 -0.0198918 0.000585077 -0.0092653 0.000919406 0.00598553 -0.000376829 0.0142992 0.00786343 0.000387995 0.000658456 -0.00157685 -0.00909513 0.00277151 0.000439189 -0.000836687 0.00215373 0.0037593 -0.00434462 -0.00377665 0.013162 0.0165889
internal_weight=0 118.612 49.6509 37.581 68.9612 56.8424 33.4338 23.4086 800.946 26.2923 774.654 73.5431 41.6607 31.8824 31.6873 701.111 686.956 333.821 70.5866 353.134 263.235 239.243 343.112 275.134 67.9779 53.211 23.9919 23.415
internal_count=4051 510 213 162 297 246 145 101 3541 120 3421 333 187 146 144 3088 3024 1440 302 1584 1138 1034 1540 1246 294 229 104 101
is_linear=0
shrinkage=0.03


Tree=205
num_leaves=31
num_cat=0
split_feature=10 3 8 2 3 2 10 0 1 1 6 7 3 7 4 10 0 6 6 9 8 0 11 13 5 6 3 9 3 5
split_gain=2.01877 4.76641 3.21971 6.36431 5.82795 4.51435 4.33047 3.0673 3.00474 4.38666 2.32222 4.16364 5.02599 4.35499 3.50571 5.01693 4.0742 3.0532 2.68962 5.07782 4.78234 4.61482 4.36559 8.1208 6.91966 4.50775 3.71826 4.50862 8.4148 7.08385
threshold=-0.2786046994947759 76.340581665717011 1.1752024704963879 0.0019172626296394492 44.325218772607066 0.0030782411129276874 -0.35066475629091826 -0.022575888600263435 19.010000228881839 16.025000572204593 0.72926609464838965 0.80923680757295646 56.022972643657617 0.47999780773595829 0.009212490059530511 -0.10341728281921746 -0.019405172348413376 0.68474085470704826 1.0016349145204366 0.017400458065285344 1.1651545181097267 0.085589081342127962 0.01362713609411881 4.5053571428571431 0.0062552645739063504 1.2346883569862173 35.686126368738613 -0.0016373112236089391 57.579889094156677 -0.015105578870372614
decision_type=2 2 2 2 2 2 2 2 2 2 2 2 2 2 2 2 2 2 2 2 2 2 2 2 2 2 2 2 2 2
left_child=1 2 4 -4 -1 6 8 -8 9 -6 11 12 13 -2 16 -16 -13 -18 21 -20 22 26 23 -21 -24 -26 -12 -28 29 -29
right_child=10 -3 3 -5 5 -7 7 -9 -10 -11 18 14 -14 -15 15 -17 17 -19 19 20 -22 -23 24 -25 25 -27 27 28 -30 -31
leaf_value=-0.020951267211643008 -0.0074755349090706727 0.020696334083424566 0.026087822019996546 -0.0010048135484324212 -0.0026156771594728219 0.013749031156098721 -0.0049721899915498319 0.015635422754368827 0.0020328562439163736 -0.027667772350886813 0.011103550199815574 -0.0070517918411946599 -0.017544756388418643 0.017925368652264836 0.031578632108157749 0.0035885049267447493 0.020248766495633782 0.00020890950885319676 -0.0014110049468777103 0.03486213220428154 -0.010987935294142631 -0.018800552368211366 -0.012224359135157186 0.0059722397016363131 0.021967174374974356 -0.0013252258682609707 -0.010727885126959893 0.028607626381791353 -0.00445024347975863 0.0031214682005303736
leaf_weight=11.481177769601343 12.997558064758779 13.213060319423674 13.184034109115599 19.121274217963219 13.150799587368967 21.463494077324867 10.906209342181684 16.091483034193516 15.968570977449415 12.058693423867224 17.825023293495178 19.561595588922501 15.27921514213085 11.40545868128538 11.617191240191461 11.437406137585638 14.607106015086176 12.872027203440664 256.37068440765142 14.048809066414831 12.094785608351229 15.838169828057287 16.95206506550312 23.247436054050922 16.973329633474354 13.366646379232405 54.972421139478683 12.804867789149283 169.19817887991667 42.040434196591377
leaf_count=51 60 57 61 86 56 96 49 69 71 51 80 83 68 53 52 51 64 58 1141 61 54 72 73 104 77 58 238 58 726 186
internal_value=0 0.00350892 0.00180686 0.0100519 -0.000827204 0.00175033 -0.00202718 0.0073106 -0.00814933 -0.0145991 -0.00032945 0.00371326 -0.00405186 0.00439632 0.00810923 0.0176927 0.00341238 0.0108615 -0.000996081 0.000798427 0.00665709 -0.0030223 0.00918005 0.0168545 0.00312768 0.0117054 -0.00218044 -0.0030291 -0.00114008 0.00907178
internal_weight=0 146.639 133.426 32.3053 101.12 89.6393 68.1758 26.9977 41.1781 25.2095 775.51 109.778 39.6822 24.403 70.0953 23.0546 47.0407 27.4791 665.733 353.054 96.6831 312.679 84.5883 37.2962 47.292 30.34 296.841 279.016 224.043 54.8453
internal_count=4064 647 590 147 443 392 296 118 178 107 3417 489 181 113 308 103 205 122 2928 1568 427 1360 373 165 208 135 1288 1208 970 244
is_linear=0
shrinkage=0.03


Tree=206
num_leaves=31
num_cat=0
split_feature=10 3 8 2 3 2 10 0 1 1 6 8 11 9 1 4 1 5 8 0 5 10 6 2 13 12 5 4 10 3
split_gain=1.90213 4.49371 3.03796 6.03974 5.48358 4.26027 4.07576 2.89319 2.82579 4.12505 2.18782 3.98304 3.73777 5.3345 3.93577 4.7436 3.7999 2.98564 2.65633 7.79908 7.53037 2.84703 3.11358 4.76193 3.78338 2.043 3.33571 2.47616 2.42821 2.13299
threshold=-0.2786046994947759 76.340581665717011 1.1752024704963879 0.0019172626296394492 44.325218772607066 0.0030782411129276874 -0.35066475629091826 -0.022575888600263435 19.010000228881839 16.025000572204593 0.72926609464838965 0.78209130267480076 -0.0027606855753162236 0.014718152972571953 16.085000038146976 0.0094560379479491381 17.894999504089359 -0.006649057841528693 0.76947062916986519 0.022589278980851283 -0.0089215530406352977 -0.25240769918598566 0.78694860530778055 -0.00027539303552432179 5.2517857142857176 115252950.00000001 -0.035600807767522662 0.031875361395310338 -0.20014891011645894 38.230784299559964
decision_type=2 2 2 2 2 2 2 2 2 2 2 2 2 2 2 2 2 2 2 2 2 2 2 2 2 2 2 2 2 2
left_child=1 2 4 -4 -1 6 8 -8 9 -6 11 17 -13 16 -15 -16 -14 -2 19 20 -12 -20 23 -23 -25 27 -27 28 -24 -28
right_child=10 -3 3 -5 5 -7 7 -9 -10 -11 18 12 13 14 15 -17 -18 -19 21 -21 -22 22 25 24 -26 26 29 -29 -30 -31
leaf_value=-0.020321634647179378 0.0038668027561662125 0.020112710681885162 0.025466954210219654 -0.00097460884213280291 -0.0025367303547141132 0.013376945625502222 -0.0048194328864025878 0.015198948174577493 0.0019722917535938927 -0.026826686089780855 -0.016890939715715935 -0.013701880583460896 0.0026821077967192361 0.0097199156625693405 -0.021602180151043898 0.0033377318842990633 0.025685785957957369 0.023362175861041296 -0.012785773251724631 -0.021959268214991546 0.011823471427101962 0.0052798465642584771 -0.0070139717616317732 -0.02752847854000184 -0.004402483775655712 -0.019748607686239015 0.0094583474136387142 0.014693594480525565 0.0012466683300376305 -0.0090766833087255298
leaf_weight=11.481781788170336 14.612776160240175 13.188944458961485 13.101548746228216 19.122431933879852 13.153234049677851 21.399675086140633 10.914211936295034 16.057501569390297 15.965215317904947 12.063576117157934 12.975829437375067 14.280711978673933 13.27925628423691 13.571763500571249 14.770250275731089 12.822235420346258 12.590242147445677 13.696678191423414 16.238207615911961 20.484387822449207 22.425701938569546 15.086282812058924 34.351945430040359 12.759615108370783 12.707730188965796 11.483894526958464 11.120045803487303 11.620172351598738 472.98240602761507 11.231861993670462
leaf_count=51 67 57 61 86 56 96 49 69 71 51 56 67 59 59 64 55 56 62 70 91 101 66 147 54 56 54 50 54 2079 50
internal_value=0 0.00340852 0.00175527 0.00977594 -0.000802823 0.00169971 -0.00196683 0.00709843 -0.00790403 -0.0141569 -0.000319515 0.00360749 0.000233391 0.00320213 -0.00350683 -0.0100126 0.0138776 0.0132991 -0.000966418 -0.00722627 0.00129869 -0.000392522 -5.33521e-05 -0.00807684 -0.015989 0.000535264 -0.00660725 0.00100096 0.000687335 0.000144471
internal_weight=0 146.448 133.259 32.224 101.035 89.5534 68.1537 26.9717 41.182 25.2168 775.092 109.624 81.3145 67.0337 41.1642 27.5925 25.8695 28.3095 665.468 55.8859 35.4015 609.582 593.344 40.5536 25.4673 552.79 33.8358 518.955 507.334 22.3519
internal_count=4064 647 590 147 443 392 296 118 178 107 3417 489 360 293 178 119 115 129 2928 248 157 2680 2610 176 110 2434 154 2280 2226 100
is_linear=0
shrinkage=0.03


Tree=207
num_leaves=27
num_cat=0
split_feature=6 0 0 14 1 1 8 8 5 2 2 3 0 9 14 1 1 6 14 1 14 3 10 6 9 12
split_gain=1.82279 3.60237 4.24571 2.11147 5.19745 8.35799 4.91308 7.52742 7.15819 6.67955 4.88848 4.13135 3.68579 3.55617 2.9672 7.16748 6.04402 5.70747 5.69564 5.46273 4.67553 4.30522 4.24782 3.49511 3.50106 2.63724
threshold=2.0320352604408378 0.20137960547918801 0.15797637088179853 1.1050977733918106 25.32499980926514 26.284999847412113 1.1618053623593532 1.1058880882549158 -0.036123764420281805 -0.00099362184036690246 -0.0034885212238337641 51.344402961647397 0.036152336246047863 0.0054230052457372455 3.0505671757387578 22.310000419616703 17.445000648498539 0.71110888508747039 5.4468239169103212 16.404999732971195 3.5223271189883008 77.992156526179869 -0.072213049893480416 0.60345445437249179 0.014227798859049014 3050143.5000000005
decision_type=2 2 2 2 2 2 2 2 2 2 2 2 2 2 2 2 2 2 2 2 2 2 2 2 2 2
left_child=1 2 3 4 6 -6 7 8 -1 -8 12 -12 -7 -11 17 16 19 23 22 -16 -18 25 -17 -5 -25 -19
right_child=-2 -3 -4 14 5 10 9 -9 -10 13 11 -13 -14 -15 15 18 20 21 -20 -21 -22 -23 -24 24 -26 -27
leaf_value=0.024518465742858382 -0.0093254434263988859 0.015989596238733594 -0.016247109447256509 -0.0056429191045686156 -0.02294948964514994 0.0010469940097154187 0.027075650544801336 -0.013796876619060925 0.0024078041078104163 0.011375065932368934 0.0011811401706080006 0.019684323340148035 -0.019220295311230332 -0.0077660558047068845 -0.00040386576734341499 0.025753728976312607 0.0079631478474525529 -0.017648516359165752 -0.0042029413875578868 0.011680144049939398 -0.0091326252743464172 0.010112656553364265 0.0075021427952989064 0.026186043392443081 0.0027524422503372968 -0.005922760617385503
leaf_weight=15.103272721171377 17.497410491108894 13.230763040482996 13.872322611510752 12.208036556839941 15.918497756123541 16.882703617215157 19.175449848175049 22.233267396688461 103.36493631452322 29.440177544951439 41.972283683717251 14.65129693597555 15.480928525328634 12.421184830367563 156.59335722029209 20.655108660459518 16.986295133829117 20.016044527292252 18.15325354039669 42.890883207321167 94.48078715801239 13.603239953517912 25.825899384915829 11.239896155893804 11.722450092434881 125.49773383885622
leaf_count=67 76 66 64 54 70 79 87 99 456 131 199 70 72 57 671 94 73 85 81 184 405 58 120 51 50 545
internal_value=0 0.000450698 0.000219797 0.000480413 0.00248768 -0.00292851 0.00530415 0.0022206 0.00522665 0.0124123 0.000652949 0.00596882 -0.00864773 0.00569548 -0.000599682 0.000957263 -0.000932185 -0.00360948 0.0100473 0.0021943 -0.00652743 -0.0060269 0.0156127 0.00732732 0.014223 -0.00753569
internal_weight=0 903.62 890.389 876.517 306.644 104.906 201.738 140.701 118.468 61.0368 88.9872 56.6236 32.3636 41.8614 569.873 375.586 310.951 194.287 64.6343 199.484 111.467 159.117 46.481 35.1704 22.9623 145.514
internal_count=4064 3988 3922 3858 1387 490 897 622 523 275 420 269 151 188 2471 1628 1333 843 295 855 478 688 214 155 101 630
is_linear=0
shrinkage=0.03


Tree=208
num_leaves=31
num_cat=0
split_feature=10 3 9 3 8 0 6 6 3 5 6 7 6 0 9 4 0 8 0 5 10 6 5 12 5 4 10 3 10 5
split_gain=1.74181 4.23086 3.02728 7.41603 5.08075 3.37504 3.59418 5.2148 3.75952 2.09419 1.98006 3.86148 4.77206 5.16815 3.44862 3.66325 3.68216 2.50768 7.31562 7.07398 2.68326 2.91776 3.154 1.884 3.13186 2.32765 2.31428 2.00227 1.11231 0.1562
threshold=-0.2786046994947759 76.340581665717011 0.0032652129518992994 54.83251963656982 1.146083648849592 0.0064501536781338418 0.61940465136717326 0.71325310182530799 61.326894297885126 0.0016444861583549966 0.72926609464838965 0.80923680757295646 0.62477719968011047 -0.0073448186496602999 0.01117425500183278 0.009212490059530511 -0.017881247134704566 0.76947062916986519 0.022589278980851283 -0.006071236509653132 -0.25240769918598566 0.78694860530778055 0.00076076103357231039 115252950.00000001 -0.035600807767522662 0.031875361395310338 -0.20014891011645894 38.230784299559964 -0.093533138665119461 -0.004567263240002061
decision_type=2 2 2 2 2 2 2 2 2 2 2 2 2 2 2 2 2 2 2 2 2 2 2 2 2 2 2 2 2 2
left_child=1 2 3 4 -1 6 -4 -8 -9 -6 11 12 -2 -14 -13 16 -16 18 19 -12 -19 22 -22 25 -25 26 -23 -26 -24 -18
right_child=10 -3 5 -5 9 -7 7 8 -10 -11 17 14 13 -15 15 -17 29 20 -20 -21 21 23 28 24 27 -27 -28 -29 -30 -31
leaf_value=-0.0099032260330013267 -0.017318734479086367 0.019490587160757574 0.016425946718673465 0.028844825493584737 0.0020616740372210408 -0.0125138221265887 -0.017674970668684828 0.013178824333930229 -0.0069095750712347215 0.020402274495257205 -0.013317890611903175 0.023232053766167025 0.016903838994196844 -0.010736373994899816 -0.010834644676041149 0.015528151291916826 0.0051026970594184925 -0.0123994094975902 -0.02128682814574185 0.013605372743835534 0.0022285343795435636 -0.0068430699854831589 -0.0084964612730879744 -0.019071470814662823 0.0092430883619661446 0.014268420189485369 0.0012222424971430081 -0.008728582978205222 -0.021443696700693158 0.010107921682798419
leaf_weight=19.276129230856895 15.099984571337698 13.156070947647093 11.789082348346708 11.242774099111555 11.36791877448559 20.531100444495678 13.729473307728766 18.834879502654076 15.111930310726164 11.049132190644739 16.232674583792686 10.833285138010977 13.16759304702282 11.324253149330616 17.223492369055748 19.323741748929024 11.220749840140343 16.235502123832703 20.462928868830204 19.138731427490711 16.625995315611362 34.346522748470306 12.295006737113001 11.470453195273874 11.108535602688791 11.597894325852392 472.63119775801897 11.209585741162298 11.612212866544722 11.225109808146954
leaf_count=85 70 57 52 51 51 89 60 84 65 53 70 50 58 53 72 86 50 70 91 87 73 147 53 54 50 54 2079 50 50 50
internal_value=0 0.00326203 0.00165592 0.00722126 0.00139036 -0.00202683 0.00159393 -0.00207364 0.00423617 0.0111016 -0.00030939 0.00343031 -0.00405415 0.00412388 0.00767403 0.00481701 -0.000400607 -0.000924745 -0.00700978 0.00124973 -0.000366979 -3.74911e-05 -0.00780647 0.000532607 -0.00633128 0.000979834 0.000675837 0.000216567 -0.0147852 0.0076058
internal_weight=0 146.088 132.932 52.936 41.6932 79.9965 59.4654 47.6763 33.9468 22.4171 774.385 109.418 39.5918 24.4918 69.8264 58.9931 39.6694 664.967 55.8343 35.3714 609.133 592.897 40.5332 552.364 33.7886 518.576 506.978 22.3181 23.9072 22.4459
internal_count=4064 647 590 240 189 350 261 209 149 104 3417 489 181 111 308 258 172 2928 248 157 2680 2610 176 2434 154 2280 2226 100 103 100
is_linear=0
shrinkage=0.03


Tree=209
num_leaves=27
num_cat=0
split_feature=6 0 0 14 1 1 8 2 5 2 8 3 0 14 1 1 14 6 1 14 10 3 6 9 8 10
split_gain=1.68042 3.42521 4.01921 1.97852 4.90804 7.82236 4.63165 5.79281 5.1074 4.56332 4.00309 3.86609 3.45575 2.78297 6.76977 5.67837 5.37756 5.25693 5.15963 4.41316 4.05883 4.04136 3.30272 3.28971 2.68543 2.53073
threshold=2.0320352604408378 0.20137960547918801 0.15797637088179853 1.1050977733918106 25.32499980926514 26.284999847412113 1.191587384490979 -0.00099362184036690246 -0.036123764420281805 -0.0034885212238337641 0.78209130267480076 51.344402961647397 0.036152336246047863 3.0505671757387578 22.310000419616703 17.445000648498539 5.4468239169103212 0.71110888508747039 16.404999732971195 3.5223271189883008 -0.072213049893480416 77.992156526179869 0.60345445437249179 0.014227798859049014 1.2407451421735107 0.23815278346121851
decision_type=2 2 2 2 2 2 2 2 2 2 2 2 2 2 2 2 2 2 2 2 2 2 2 2 2 2
left_child=1 2 3 4 6 -6 8 -8 -1 12 -10 -11 -7 17 15 18 20 22 -15 -17 -16 25 -5 -24 -9 -19
right_child=-2 -3 -4 13 5 9 7 24 10 11 -12 -13 -14 14 16 19 -18 21 -20 -21 -22 -23 23 -25 -26 -27
leaf_value=0.018064713929321009 -0.0089574132194083327 0.015612046191798751 -0.015848572072264158 -0.0055979125156106046 -0.022263869420769102 0.00099853997183219773 0.028518358341327703 0.018580253104476328 0.018219872284057494 0.0011132284780984551 -0.0009522156213517196 0.019040030450666445 -0.018634035771606359 -0.00040726542570116033 0.025155685701389568 0.0077473611533239607 -0.0040703534784505965 -0.0096411825688212764 0.011346960385926121 -0.0088694835756640972 0.0072742339429936525 0.009824385306751289 0.025402490723165954 0.0026326649810674892 0.00068383047160561802 -0.00064585419909941291
leaf_weight=16.90136431157589 17.500377133488655 13.176382094621657 13.820248097181318 12.188494339585302 15.873357236385344 16.875249683856964 15.179097563028334 11.018841736018656 10.645011611282824 41.949194677174091 123.71822869777679 14.593598932027815 15.463211186230181 156.52175541222095 20.506860092282295 16.968395754694939 18.155109010636806 107.35891738533974 42.801192328333855 94.463119789958 25.795174576342106 13.589155569672583 11.148567363619806 11.707418546080588 23.943682596087456 38.151252523064613
leaf_count=75 76 66 64 54 70 79 70 52 49 199 545 70 72 671 94 73 81 463 184 405 120 58 51 50 106 167
internal_value=0 0.000428509 0.00020355 0.000456937 0.00240174 -0.0028651 0.00514111 0.0130428 0.00252182 0.000599341 0.000566705 0.00574011 -0.00838913 -0.000588848 0.000919868 -0.000915389 0.00976783 -0.00350467 0.00211675 -0.00633913 0.0151938 -0.00582153 0.00701374 0.0137392 0.00632409 -0.0072827
internal_weight=0 902.513 889.336 875.516 306.161 104.755 201.406 50.1416 151.265 88.8813 134.363 56.5428 32.3385 569.355 375.212 310.754 64.4571 194.144 199.323 111.432 46.302 159.099 35.0445 22.856 34.9625 145.51
internal_count=4064 3988 3922 3858 1387 490 897 228 669 420 594 269 151 2471 1628 1333 295 843 855 478 214 688 155 101 158 630
is_linear=0
shrinkage=0.03


Tree=210
num_leaves=13
num_cat=0
split_feature=7 8 7 0 11 1 1 0 10 6 4 6
split_gain=1.79056 5.96509 2.20484 1.81977 3.19288 2.16936 3.53301 2.07036 4.03088 3.23649 3.12802 2.11503
threshold=0.99313830801737479 0.88152793736764234 0.98801625828228257 0.18050543084845863 -0.022439983579000674 41.274999618530281 33.649999618530281 0.1219111188443356 0.54870607106951175 1.3456319819811859 -0.028286978358775191 1.6291637224657205
decision_type=2 2 2 2 2 2 2 2 2 2 2 2
left_child=2 -2 3 5 -5 6 7 9 -9 10 -1 -11
right_child=1 -3 -4 4 -6 -7 -8 8 -10 11 -12 -13
leaf_value=-0.014174723630338039 0.02129168284098136 -0.0056756998997236855 -0.010709479283580537 0.0016819728294751358 -0.020192789084545616 -0.010810795177783319 0.016139288220217127 -0.0011754464870491199 0.02218923987460563 -0.0087010037865329071 0.0010782823701233925 0.0012540758425592569
leaf_weight=12.313526287674902 14.476619303226473 15.0635949075222 16.870684623718262 13.806790016591551 10.628115288913248 15.069204621016977 13.086369432508944 15.975431360304357 11.378723680973051 57.020681783556938 699.26535851508379 28.964071840047836
leaf_count=56 65 64 74 66 52 74 71 71 50 249 3061 127
internal_value=0 0.00754007 3.30814e-05 0.000239614 -0.00783259 0.00047083 0.000673699 0.000428355 0.00854375 0.00015002 0.000814337 -0.00534762
internal_weight=0 29.5402 894.379 877.508 24.4349 853.073 838.004 824.918 27.3542 797.564 711.579 85.9848
internal_count=4080 129 3951 3877 118 3759 3685 3614 121 3493 3117 376
is_linear=0
shrinkage=0.03


Tree=211
num_leaves=14
num_cat=0
split_feature=7 8 7 1 5 4 10 13 14 14 3 12 12
split_gain=1.68706 5.62878 2.11305 4.78968 3.1714 4.6758 4.48441 2.02843 1.79269 4.46355 2.73812 2.08987 2.36855
threshold=0.99313830801737479 0.88152793736764234 0.97015740970681363 20.814999580383304 0.027263353933561444 0.0065618464125742912 0.054820465793136382 2.1739285714285699 8.6460355032418619 7.1632633654261131 84.729029028023703 137858650.00000003 97253018.000000015
decision_type=2 2 2 2 2 2 2 2 2 2 2 2 2
left_child=2 -2 7 4 5 -4 -7 -1 9 10 11 12 -9
right_child=1 -3 3 -5 -6 6 -8 8 -10 -11 -12 -13 -14
leaf_value=0.012265497190296499 0.020708212882009903 -0.0055047184520878052 0.011011529710610564 -0.017987809561485248 0.013576581588017254 -0.020083155382495242 0.0033681963201948779 3.3592008504288209e-05 0.010768645752766877 -0.014196570033326311 0.014545341959131538 -0.009606647011996941 0.0070514035376437727
leaf_weight=12.911537528038023 14.438555210828783 15.06550958752632 12.921028122305868 18.621708542108536 11.565297991037367 18.018450334668163 12.381244137883185 696.81959913671017 14.40442271530628 19.206570446491241 12.197671785950659 18.999359168112278 46.15013936907053
leaf_count=62 65 64 54 82 51 77 52 3072 63 83 52 87 216
internal_value=0 0.00732324 3.21115e-05 -0.00484073 -0.000380195 -0.00410622 -0.0105318 0.000468564 0.000280001 8.95702e-05 0.000444 0.000218264 0.000469509
internal_weight=0 29.5041 894.197 73.5077 54.886 43.3207 30.3997 820.689 807.778 793.373 774.167 761.969 742.97
internal_count=4080 129 3951 316 234 183 129 3635 3573 3510 3427 3375 3288
is_linear=0
shrinkage=0.03


Tree=212
num_leaves=19
num_cat=0
split_feature=7 8 7 1 14 1 1 1 0 7 7 14 1 2 5 7 3 6
split_gain=1.58963 5.31193 2.00429 1.76342 7.25987 3.75865 5.83714 4.52793 5.66469 1.84859 3.81315 2.78292 3.00192 6.35405 5.87827 4.59927 6.1429 3.50145
threshold=0.99313830801737479 0.88152793736764234 0.98801625828228257 15.484999656677248 -1.2873525274397937 15.144999980926515 14.84500026702881 14.715000152587892 0.015930434781081141 0.97015740970681363 0.97705925381774017 8.4144457860761275 20.360000610351566 -0.0077184060785990298 0.02882833189284623 0.92210906047783181 66.140984998799766 1.2174862589727462
decision_type=2 2 2 2 2 2 2 2 2 2 2 2 2 2 2 2 2 2
left_child=2 -2 3 4 -1 6 7 8 -6 11 -11 12 13 -5 -15 17 -17 -14
right_child=1 -3 -4 9 5 -7 -8 -9 -10 10 -12 -13 15 14 -16 16 -18 -19
leaf_value=0.028568449248053629 0.020142489577254161 -0.0053389775780900324 -0.010219403993510833 0.016354338576713746 0.0038551750441566269 0.014465931161814605 -0.017825738451052335 0.019940467517770843 -0.009774499519007291 -0.020106157315169178 0.00067546989724849972 0.013680418685652116 0.0024338292521010507 -0.0021464214370883385 -0.015751466365099068 0.027240752132252768 0.00069596508849213083 -0.0042993069902938679
leaf_weight=9.3211354687809926 14.399354055523874 15.06717339158058 16.844067215919495 14.821429580450056 106.42455577850342 18.033235922455788 14.972778230905531 11.45526874065399 36.980192989110947 12.964498132467268 20.529467269778252 12.85168297588825 222.84410314261913 230.39356215298176 32.629960238933563 13.913583412766458 17.992555543780327 101.02330169081688
leaf_count=44 65 64 74 67 464 79 65 50 158 56 89 56 1019 985 143 62 78 462
internal_value=0 0.007113 3.11635e-05 0.000228007 0.00272585 0.00144365 6.09128e-05 0.0017903 0.000340452 -0.000496359 -0.00736847 -0.000140312 -0.000420638 -0.00275728 -0.00383423 0.00140419 0.0122716 0.000333576
internal_weight=0 29.4665 893.995 877.151 197.187 187.866 169.833 154.86 143.405 679.964 33.494 646.47 633.618 277.845 263.024 355.774 31.9061 323.867
internal_count=4080 129 3951 3877 860 816 737 672 622 3017 145 2872 2816 1195 1128 1621 140 1481
is_linear=0
shrinkage=0.03


Tree=213
num_leaves=23
num_cat=0
split_feature=4 9 9 3 9 6 2 1 10 7 13 4 10 0 4 4 14 2 0 2 2 12
split_gain=1.52296 3.56943 4.04018 2.79026 3.66548 3.47104 4.79003 3.27779 3.02952 2.89226 2.77625 2.07004 4.0432 3.8865 3.18849 2.62097 3.96267 3.03393 6.87501 3.00825 2.96061 2.07301
threshold=-0.014859775681617891 -0.067198257574149198 -0.044605324451516097 29.281260823127351 -0.041895780483363225 1.6291637224657205 -0.0022364021723193907 27.900000572204593 0.11188836069500209 0.50917325691412052 5.8278571428571411 -0.009983234510343773 -0.14289192542594323 0.063610166612837152 -0.0074612777617738537 -0.0046348470705437341 2.0743162392587884 -0.0058502652208250296 -0.0081307282450703271 -0.0014309440274360326 0.00073418487699443717 53737143.000000007
decision_type=2 2 2 2 2 2 2 2 2 2 2 2 2 2 2 2 2 2 2 2 2 2
left_child=3 -2 -3 7 8 6 9 -1 -5 -6 -8 12 -4 -14 21 16 -16 18 -17 -18 -19 -13
right_child=1 2 11 4 5 -7 10 -9 -10 -11 -12 14 13 -15 15 17 19 20 -20 -21 -22 -23
leaf_value=-0.0046992699039001811 -0.015584798650515206 0.014638923780475323 -0.0076949645705914728 -0.0057942612048400028 -0.004728092172845485 0.012631619922270151 -0.023627691718575986 0.017056563804625322 -0.026703101776770665 0.012755821832977157 -0.0051889659811490945 -0.015209033197353429 0.020253034103603431 0.0016075701407367213 0.017891588065172912 -0.023063098158168854 0.013735638528346514 0.0032806678810994973 0.0025737224792355051 -0.0050359665270314317 -0.001083907730167296 0.00078189432179516115
leaf_weight=12.43942151963711 11.8790325820446 19.028497993946075 13.825322493910788 14.358353041112425 19.129772692918777 12.655562005937098 13.213360361754896 12.491271473467348 11.026025727391241 15.346698150038717 16.559396080672741 19.364046499133114 20.515822514891624 19.744248658418655 19.267808437347412 16.0540412068367 11.303439944982527 230.40115197002888 22.762487702071667 23.991197437047958 356.00013744831085 11.707461982965468
leaf_count=55 58 92 59 65 88 60 59 59 50 74 74 83 92 87 86 71 50 997 102 104 1564 51
internal_value=0 0.000736867 0.000984181 -0.00279813 -0.00499153 -0.00172882 -0.00455749 0.00620127 -0.0148763 0.00305462 -0.0133722 0.000644507 0.0063023 0.011109 0.000214032 0.00064359 0.00694934 9.32903e-05 -0.00802935 0.000975817 0.000630964 -0.0091838
internal_weight=0 795.845 783.966 127.22 102.289 76.9048 64.2492 24.9307 25.3844 34.4765 29.7728 764.937 54.0854 40.2601 710.852 679.78 54.5624 625.218 38.8165 35.2946 586.401 31.0715
internal_count=4080 3496 3438 584 470 355 295 114 115 162 133 3346 238 179 3108 2974 240 2734 173 154 2561 134
is_linear=0
shrinkage=0.03


Tree=214
num_leaves=23
num_cat=0
split_feature=4 5 0 0 9 9 9 13 1 9 2 4 10 11 4 4 14 2 2 0 2 12
split_gain=1.43481 4.79942 3.60317 4.68099 3.58358 3.35608 3.81441 2.69357 3.39854 2.60526 4.24407 1.95133 3.8121 3.75797 3.0019 2.47146 4.70109 3.79315 2.60877 6.77742 3.0707 1.95325
threshold=-0.014859775681617891 -0.0089215530406352977 0.025276442841954298 0.073559273058729127 -0.025232403373423914 -0.067198257574149198 -0.044605324451516097 7.3174999999999999 23.365000724792484 -0.019797014356367711 -0.006250606762707135 -0.009983234510343773 -0.14289192542594323 -0.0071536758668451763 -0.0074612777617738537 -0.0044442083846367711 1.7302274771807895 -0.0014309440274360326 -0.0058502652208250296 -0.0081307282450703271 0.00073418487699443717 53737143.000000007
decision_type=2 2 2 2 2 2 2 2 2 2 2 2 2 2 2 2 2 2 2 2 2 2
left_child=1 2 4 -4 -1 -2 -7 8 -5 10 -3 12 -8 -14 21 16 -16 -18 19 -17 -20 -13
right_child=5 9 3 7 -6 6 11 -9 -10 -11 -12 14 13 -15 15 18 17 -19 20 -21 -22 -23
leaf_value=0.019356648056249134 -0.015104649952660663 -0.019412791147438484 -0.01654311874265102 0.0070182588519170806 -0.0010431082232660457 0.014243258503994081 -0.0074607544215277103 0.013969346158992736 -0.01537327478760366 -0.021706668705643303 0.0040337653016532552 -0.014766825537806666 0.0015117570319815282 0.01986442263617471 0.019251479193906903 -0.022383163471089963 0.01453014610768253 -0.0054395425472294253 0.0032778883856351398 0.0031338967376210894 -0.001179281813696778 0.00075850444732698862
leaf_weight=16.098994284868244 11.888792179524897 11.973122783005236 16.602960608899593 13.452539399266245 14.944531455636023 18.971259720623493 13.831454902887343 12.489035971462725 11.16261440515518 13.742063365876673 16.555300354957584 19.345880463719372 19.840949572622776 20.330905258655548 18.055215626955032 16.045586720108986 12.449707150459288 27.403155788779259 229.1440217345953 22.510221734642982 354.05250715464354 11.706444099545477
leaf_count=75 58 55 76 60 67 92 59 59 55 64 73 83 88 91 81 71 55 119 992 101 1555 51
internal_value=0 -0.00271849 0.00139987 -0.00330298 0.00953609 0.000715081 0.000955072 0.00262157 -0.00313598 -0.0109756 -0.00580654 0.000625415 0.00612302 0.0108 0.000207681 0.000624429 0.0065522 0.000798824 7.23352e-05 -0.00748542 0.000571987 -0.00891392
internal_weight=0 127.021 84.7507 53.7072 31.0435 795.576 783.687 37.1042 24.6152 42.2705 28.5284 764.716 54.0033 40.1719 710.713 679.66 57.9081 39.8529 621.752 38.5558 583.197 31.0523
internal_count=4080 584 392 250 142 3496 3438 174 115 192 128 3346 238 179 3108 2974 255 174 2719 172 2547 134
is_linear=0
shrinkage=0.03


Tree=215
num_leaves=20
num_cat=0
split_feature=12 1 7 14 10 7 8 1 0 1 0 1 3 8 8 1 13 3 8
split_gain=1.70463 1.95781 1.67757 3.64657 3.02336 3.14871 3.64041 3.30622 6.93851 5.44649 3.99061 7.41598 2.91479 2.70433 2.76272 6.52937 8.05827 3.81479 3.86252
threshold=1924252.0000000002 12.405000209808351 0.94300531300237378 8.6460355032418619 0.58365529648148329 0.99313830801737479 0.87820220004773331 16.614999771118168 -0.0035982639296382453 15.434999942779543 -0.03910726371480721 21.954999923706058 74.836138787626012 0.64884852692703376 0.8320350620013971 16.925000190734867 4.4057142857142919 77.346432029755718 1.0530948321780607
decision_type=2 2 2 2 2 2 2 2 2 2 2 2 2 2 2 2 2 2 2
left_child=-1 -2 3 13 5 7 -7 8 9 -4 -9 -12 -10 -3 15 -15 -17 18 -16
right_child=1 2 4 -5 -6 6 -8 10 12 -11 11 -13 -14 14 17 16 -18 -19 -20
leaf_value=-0.01004330379294343 0.01142765126053907 0.015075732392989464 -0.016216049226399024 0.016774808427826752 0.011484970823181107 0.018285251094612331 -0.005045411220247791 0.00013239468526190501 0.019993342793350133 0.0068189621641058969 -0.023414006059897841 0.0035234640682357669 -4.4714945316414732e-05 -0.021465362090463735 0.0037966596894697456 0.011461612859045532 -0.0091735671398247287 -0.013618630609667198 -0.0010649921898652349
leaf_weight=14.830459848046301 13.790588378906248 11.106504917144774 27.742377191781998 12.440191343426703 12.64481461048126 11.645096972584726 12.459227979183195 21.989702433347702 14.725502952933313 13.850139960646628 31.305005192756653 13.02515212446451 11.743888929486273 17.082375645637512 282.62710517644882 28.672138303518295 41.954004995524883 15.913639754056929 306.6618936508894
leaf_count=65 63 53 118 55 56 53 53 98 63 59 134 58 50 73 1248 125 189 68 1373
internal_value=0 0.000210905 3.66292e-05 0.000674048 -0.00263199 -0.00375831 0.00622592 -0.0055492 -0.000904196 -0.00854548 -0.0103162 -0.0154992 0.0111029 0.000389543 0.000154141 -0.00482186 -0.000796291 0.000875284 0.00126669
internal_weight=0 901.379 887.589 716.458 171.131 158.486 24.1043 134.382 68.0619 41.5925 66.3199 44.3302 26.4694 704.018 692.911 87.7085 70.6261 605.203 589.289
internal_count=4054 3989 3926 3184 742 686 106 580 290 177 290 192 113 3129 3076 387 314 2689 2621
is_linear=0
shrinkage=0.03


Tree=216
num_leaves=21
num_cat=0
split_feature=12 1 6 14 9 14 7 6 12 1 12 2 14 8 8 0 1 1 10 9
split_gain=1.60424 1.84732 1.62136 4.79144 5.8308 5.56703 2.25494 3.32473 3.28928 4.04188 3.48636 4.84072 3.93985 2.74865 6.51784 6.08857 4.5659 4.4345 4.15138 2.001
threshold=1924252.0000000002 12.405000209808351 0.6585272173412392 -1.8905139194351406 0.019406085211475913 2.7131949245142706 0.91853136810619451 0.68911619315118899 79282400.000000015 23.229999542236332 17161212.500000004 -0.00085254553666810971 4.1068081183577378 0.84878520393539658 0.93180940287406755 -0.016862044087486924 16.925000190734867 15.484999656677248 -0.10341728281921746 0.033119004649323387
decision_type=2 2 2 2 2 2 2 2 2 2 2 2 2 2 2 2 2 2 2 2
left_child=-1 -2 3 -3 5 -5 7 -4 9 10 11 -8 -12 15 18 -9 -17 -16 -15 -6
right_child=1 2 6 4 19 -7 8 13 -10 -11 12 -13 -14 14 17 16 -18 -19 -20 -21
leaf_value=-0.0097439838228866819 0.011115334963436347 -0.008051677639135401 -0.01297968511086958 0.010283792184893307 0.027617385682966834 -0.01730852515429598 -0.026264864492466306 -0.017248500012343824 -0.017364838642883334 0.01110609212006286 0.0057419222619852052 -0.0047845835042214045 -0.0056015718360812742 0.019031441522104644 0.0068959483296579579 -0.015269597590503382 0.004727005035974465 -0.0012747658535243336 0.0049385097189547792 0.011671868332496317
leaf_weight=14.827491998672484 13.753304824233053 21.066433787345886 15.972226321697233 15.510105676949026 11.52706488966942 11.431288130581377 12.640319004654883 23.076366543769836 13.673033058643339 18.690205097198486 48.579175159335136 37.319303572177887 63.678888544440269 26.229549899697304 72.243105947971344 12.851674944162367 51.292752489447594 346.57003488391638 66.520492121577263 18.371349051594734
leaf_count=65 63 98 70 72 50 51 53 97 61 84 214 161 273 116 315 55 233 1549 294 80
internal_value=0 0.00020473 3.56025e-05 0.0041691 0.00869847 -0.00142368 -0.000362286 0.000528602 -0.00317694 -0.00210462 -0.00362672 -0.0102193 -0.000692725 0.000888928 0.00172821 -0.00403357 0.00072058 0.00013464 0.00892397 0.0178195
internal_weight=0 900.997 887.243 77.9062 56.8398 26.9414 809.337 614.756 194.581 180.908 162.218 49.9596 112.258 598.784 511.563 87.2208 64.1444 418.813 92.75 29.8984
internal_count=4054 3989 3926 351 253 123 3575 2729 846 785 701 214 487 2659 2274 385 288 1864 410 130
is_linear=0
shrinkage=0.03


Tree=217
num_leaves=18
num_cat=0
split_feature=13 4 12 1 6 13 2 2 14 6 0 7 12 1 8 8 0
split_gain=1.66267 1.72941 1.64944 1.80481 1.82136 6.65245 2.81864 2.63797 1.95966 1.94414 4.55825 2.21188 3.06944 3.697 2.57442 6.62149 5.91482
threshold=12.431785714285722 0.005698781534620668 1924252.0000000002 12.405000209808351 0.6585272173412392 5.348571428571435 0.0020122980621865142 -0.0019510131875457692 2.7555198390780196 0.68911619315118899 -0.0056883492500176538 0.91853136810619451 79282400.000000015 23.229999542236332 0.84878520393539658 0.93180940287406755 -0.016862044087486924
decision_type=2 2 2 2 2 2 2 2 2 2 2 2 2 2 2 2 2
left_child=2 -2 -1 -4 5 8 7 -7 -5 10 -6 14 13 -13 16 -16 -11
right_child=1 -3 3 4 9 6 -8 -9 -10 11 -12 12 -14 -15 15 -17 -18
leaf_value=-0.010143963462228334 -7.2459876222851524e-05 0.017291605646052657 0.010811280604677807 0.020748561862870957 -0.02025179584457034 -0.0079318584889323633 -0.012615951669725678 0.01225432793632744 0.005742065964714535 -0.017260940752210598 0.0047791631221663789 -0.0036063081903916407 -0.016853374178436298 0.010727514259361456 0.0086713654892540456 -0.00022329290108043487 0.00052317126862602768
leaf_weight=14.625248730182646 10.508584782481195 10.146663963794706 13.716463655233381 18.975552394986153 14.058651462197306 10.566946215927603 17.814655482769012 12.987610042095183 13.336115598678587 22.862381234765053 12.255515679717062 151.45247670263052 13.665454626083372 18.133490100502968 92.59230013936758 403.9185605943203 63.804556950926781
leaf_count=64 52 51 63 85 60 50 80 57 59 96 53 656 61 81 410 1790 286
internal_value=0 0.00845745 -0.000151802 1.42375e-05 -0.000156692 0.00435503 -0.00361162 0.00319849 0.0145549 -0.00057603 -0.00859392 -0.000300748 -0.00317578 -0.00207362 0.00060267 0.00143544 -0.0041682
internal_weight=0 20.6552 894.766 880.141 866.424 73.6809 41.3692 23.5546 32.3117 792.743 26.3142 766.429 183.251 169.586 583.178 496.511 86.6669
internal_count=4054 103 3951 3887 3824 331 187 107 144 3493 113 3380 798 737 2582 2200 382
is_linear=0
shrinkage=0.03


Tree=218
num_leaves=22
num_cat=0
split_feature=13 0 6 9 2 2 1 0 2 9 2 12 12 6 8 5 10 2 9 13 4
split_gain=1.56745 1.66675 4.90359 3.44327 3.32753 3.70632 2.61918 2.12325 4.58375 2.14834 3.43186 3.00529 4.6862 3.91694 2.96505 8.19555 5.87527 4.78537 2.98261 3.92214 1.63657
threshold=12.431785714285722 0.10454788605897782 1.0816939201168063 -0.031421108013699788 -0.0070909580168965732 0.00022021123227199832 34.739999771118171 0.083812216488613714 -0.0030203998640230666 0.012260354152565102 0.01099093388115681 3708164.0000000005 34276588.500000007 0.95526165375518002 1.0987706604781438 0.0028353066509566598 0.0061763980112887759 0.0011695899499801932 0.01396585645483084 4.5757142857142785 0.005698781534620668
decision_type=2 2 2 2 2 2 2 2 2 2 2 2 2 2 2 2 2 2 2 2 2
left_child=1 6 -3 -4 -5 -6 7 9 -9 10 11 13 -13 -1 18 17 -17 -16 -11 -20 -2
right_child=20 2 3 4 5 -7 -8 8 -10 14 -12 12 -14 -15 15 16 -18 -19 19 -21 -22
leaf_value=0.00094456746047499201 -7.0285886490657691e-05 -0.019729077074910541 -0.0099673044799549349 0.017200803305820567 -0.013225790696883424 0.01065162779229745 0.013713242716926314 -0.0039040204569504456 0.022341418505383161 -0.013544569681124817 -0.012038041137727508 0.0094427047336970958 0.00097346844916346446 -0.013358489615086231 -0.0060722433877731224 -0.0094274709214846666 0.017725425680499684 -0.029075342065698135 0.0040379585220881187 -0.0027796400226824313 0.016837617484265547
leaf_weight=62.902922794222832 10.508614309132101 15.077166192233561 21.816621065139771 13.104716695845125 12.096141129732134 11.331774294376372 12.783495880663393 12.35266934335232 11.625448122620581 15.482039451599119 16.543211534619331 82.410864755511284 205.23059614747763 23.73344474285841 15.502356328070162 14.692823648452761 14.011217981576918 17.136518210172653 126.37897163629532 190.30892463028431 10.108228661119936
leaf_count=276 52 70 97 63 53 50 71 55 50 67 77 367 909 103 67 64 64 73 539 836 51
internal_value=0 -0.00014723 -0.00447767 -0.000536775 0.00509496 -0.0016766 0.000240019 2.69398e-05 0.00882071 -0.000241897 0.00133358 0.00192461 0.00339995 -0.00297366 -0.0018066 -0.00786636 0.00382659 -0.0181497 -0.000687524 -5.89769e-05 0.00821949
internal_weight=0 894.522 73.4264 58.3493 36.5326 23.4279 821.096 808.312 23.9781 784.334 390.821 374.278 287.641 86.6364 393.513 61.3429 28.704 32.6389 332.17 316.688 20.6168
internal_count=4054 3951 333 263 166 103 3618 3547 105 3442 1732 1655 1276 379 1710 268 128 140 1442 1375 103
is_linear=0
shrinkage=0.03


Tree=219
num_leaves=17
num_cat=0
split_feature=13 4 6 1 0 0 1 1 5 1 8 3 4 2 4 6
split_gain=1.47765 1.57729 3.12001 1.78217 6.57318 6.60566 4.99392 5.51151 7.26638 2.58426 5.27968 5.38527 3.13395 4.65799 1.54867 1.18807
threshold=12.431785714285722 0.027964427814016649 1.0535588578822568 31.405000686645511 0.025276442841954298 -0.047805496744436175 30.135000228881839 28.184999465942386 -0.012726442082290677 26.545000076293949 0.88806977547458288 40.253467161628585 -0.028286978358775191 -0.010983103914892994 0.005698781534620668 1.2067187095623797
decision_type=2 2 2 2 2 2 2 2 2 2 2 2 2 2 2 2
left_child=1 3 -3 6 5 -5 7 9 -9 12 -11 -12 -1 -14 -2 -6
right_child=14 2 -4 4 15 -7 -8 8 -10 10 11 -13 13 -15 -16 -17
leaf_value=-0.013742904437418969 -6.8176915622920615e-05 -0.014754342399031653 0.0033464943481828426 -0.00030746431825941673 -0.012913731357054399 0.032113413642291463 -0.016911458384466081 -0.0044326125545343523 0.02902877049421947 -0.025547563825921056 -0.015451770628833173 0.011819697733613908 0.015446597021586655 -3.8274487412385253e-05 0.01639522240661127 0.00075901963628763358
leaf_weight=14.494740188121794 10.508642919361593 18.640229031443596 15.864693596959112 10.419340625405313 10.433211177587511 12.371931686997412 15.808835379779337 10.400184564292433 13.323203384876249 10.938399940729139 12.077992290258409 14.153327316045759 17.928236946463585 704.6382887288928 10.070136703550814 12.660245880484579
leaf_count=65 52 87 72 49 50 66 72 50 62 51 53 63 86 3063 51 62
internal_value=0 -0.000142789 -0.00643193 0.000109647 0.00586206 0.0172918 -0.000214708 0.000116083 0.0143595 -0.000320353 -0.00803847 -0.000737222 6.88691e-05 0.000345934 0.00798812 -0.00541808
internal_weight=0 894.153 34.5049 859.648 45.8847 22.7913 813.763 797.954 23.7234 774.231 37.1697 26.2313 737.061 722.567 20.5788 23.0935
internal_count=4054 3951 159 3792 227 115 3565 3493 112 3381 167 116 3214 3149 103 112
is_linear=0
shrinkage=0.03


Tree=220
num_leaves=31
num_cat=0
split_feature=5 9 10 9 7 0 9 13 8 11 11 3 3 10 6 11 0 1 1 5 13 13 13 13 3 13 13 8 12 9
split_gain=2.00124 1.71244 3.91572 3.50734 2.93192 2.56833 5.68281 4.11201 4.42426 3.31126 7.10591 6.68003 6.3122 5.53273 3.32676 3.0719 2.69403 2.53808 7.33366 7.59751 7.16217 8.2181 2.1296 3.16548 2.56868 6.56508 4.14955 3.0626 2.70043 1.66338
threshold=0.10853746960592482 0.0098415502886567436 -0.35578793408051718 0.0091067108891471644 0.56424333336124544 0.052634953363097765 0.017709603334238769 3.9024999999999994 0.96517082491168826 0.0062731516120386752 0.004391028645456708 70.729001168457685 60.391490378646985 -0.46886601528534105 0.83830941150761973 -0.0004804699107665566 -0.0035982639296382453 15.97499990463257 15.144999980926515 -0.010068832313963714 3.4253571428571443 4.5757142857142785 2.9035714285714298 2.6900000000000062 61.01127846160886 4.0721428571428673 3.3364285714285664 0.89148877528331483 97253018.000000015 -0.024223960934413365
decision_type=2 2 2 2 2 2 2 2 2 2 2 2 2 2 2 2 2 2 2 2 2 2 2 2 2 2 2 2 2 2
left_child=1 2 4 22 29 9 -7 -8 -9 10 11 12 14 -11 -3 -13 -14 18 19 -15 -19 -22 23 -4 26 -26 -24 -27 -28 -1
right_child=-2 5 3 -5 -6 6 7 8 -10 13 -12 15 16 17 -16 -17 -18 20 -20 -21 21 -23 24 -25 25 27 28 -29 -30 -31
leaf_value=0.013351707867984734 -0.011488110906098312 0.0097803119822107223 0.0030566912685952717 0.01732561636654071 0.022706834337330659 -0.01151161128522965 0.027318106155126337 -0.0040229263720243658 0.020187069607976785 -0.021431865814017952 -0.027901894626850488 0.021586627910927164 -0.0099528565552940967 0.023388452584197479 -0.0076514023251983958 -3.8678268171194626e-05 -0.027644837488768354 -0.01878479464093356 0.021021020732380699 -0.0028205761492055854 0.012109212919790249 -0.0032727405599904135 0.014968687143557941 -0.018523887791851813 -0.00705620298293054 0.0054092705619402303 -0.001946727401262532 0.025393062880756854 0.0058233049680453536 -0.0029608284053925849
leaf_weight=10.629629023373125 13.141737118363379 17.052405416965485 11.703118786215784 11.251915171742437 12.763542763888834 13.485909722745417 10.321313127875326 17.747999832034115 11.006539121270178 10.636334925889967 12.148637741804121 11.291989967226984 16.469586715102199 11.447628438472746 23.339587211608887 12.408060580492018 14.624879598617552 19.365125492215157 19.306024990975857 76.309973552823067 41.321488872170448 128.38405648618937 15.833468854427336 12.816414341330526 17.041791364550591 12.366892948746683 266.28373055160046 15.619203001260756 47.425582312047482 11.951305359601976
leaf_count=50 61 78 53 51 60 62 45 79 52 46 51 50 71 49 102 52 62 82 86 333 177 568 71 55 73 54 1182 71 224 52
internal_value=0 0.000302875 0.00163283 0.000807551 0.0112141 -0.000967285 0.0052796 0.0110746 0.00524407 -0.00176019 -0.00629541 -0.00353778 -0.00811377 -0.000173377 -0.000292205 0.0102648 -0.0182741 0.00059017 0.00428097 0.000598287 -0.00149979 0.000472601 0.000341842 -0.00822353 0.000902535 0.00762339 -1.57854e-05 0.0165623 -0.000772078 0.00471805
internal_weight=0 912.354 445.687 410.342 35.3445 466.668 52.5618 39.0759 28.7545 414.106 107.335 95.1865 71.4865 306.771 40.392 23.7001 31.0945 296.134 107.064 87.7576 189.071 169.706 399.09 24.5195 374.571 45.0279 329.543 27.9861 313.709 22.5809
internal_count=4102 4041 1996 1834 162 2045 238 176 131 1807 466 415 313 1341 180 102 133 1295 468 382 827 745 1783 108 1675 198 1477 125 1406 102
is_linear=0
shrinkage=0.03


Tree=221
num_leaves=31
num_cat=0
split_feature=5 9 10 9 7 0 9 13 8 5 1 1 4 5 8 5 12 0 0 7 1 10 6 14 12 10 4 12 3 0
split_gain=1.88466 1.61197 3.6964 3.31158 2.78809 2.41954 5.35555 3.89854 4.1816 3.04223 3.44718 7.26229 6.51664 6.49756 5.15744 4.65311 3.3282 3.82214 5.70304 4.98283 3.14079 2.02747 3.26363 5.11706 3.16045 6.47206 4.53365 3.83409 3.16798 2.12706
threshold=0.10853746960592482 0.0098415502886567436 -0.35578793408051718 0.0091067108891471644 0.56424333336124544 0.052634953363097765 0.017709603334238769 3.9024999999999994 0.96517082491168826 0.0046595079079827526 12.88000011444092 14.715000152587892 0.0038664406322669325 0.066915968095056858 0.97992194162855528 0.014409708898704967 2398501.0000000005 0.032396355095536851 0.022589278980851283 0.86494811472568622 13.894999980926515 -0.20014891011645894 0.8442986004520926 2.1028619754937163 3924654.0000000005 -0.10341728281921746 -0.0081334865222202884 7627909.0000000009 23.690989695168479 0.078704974696769084
decision_type=2 2 2 2 2 2 2 2 2 2 2 2 2 2 2 2 2 2 2 2 2 2 2 2 2 2 2 2 2 2
left_child=1 2 4 21 -1 9 -7 -8 -9 16 -11 14 15 -14 -12 -13 -3 18 20 -19 -18 22 -4 -24 25 -23 -27 29 -29 -26
right_child=-2 5 3 -5 -6 6 7 8 -10 10 11 12 13 -15 -16 -17 17 19 -20 -21 -22 24 23 -25 27 26 -28 28 -30 -31
leaf_value=0.0045802016909351579 -0.011153013756340346 -0.017028419493395536 0.0034833667528667103 0.016860615959792914 0.022157678085984237 -0.011159957834499058 0.026630628468499361 -0.0039010268125389538 0.019664666106458447 0.014186475255293127 0.00049492799394012979 0.0050054499373551444 0.0094638674998858471 -0.01449692253670096 -0.025573684485525765 -0.018740454931509883 0.0049389693704727936 -0.0014376440637259109 0.018084881625836793 -0.02839691266899963 -0.0048177878901555175 0.01455245811321767 -0.00088045796134258276 -0.022468154530741045 0.014787349545933212 0.0064707555005001248 -0.014149202278152672 -0.01315804454231205 0.0020491929431791533 0.00014103930264026574
leaf_weight=22.563606910407543 13.13065831363201 16.203385770320892 28.324785299599171 11.215917363762854 12.688625082373617 13.493411011993883 10.270896285772322 17.753426894545559 10.960669077932833 16.896568119525909 12.265246585011484 12.472880095243456 87.214477993547916 11.532575905323027 15.41424824297428 18.358276441693306 37.066579639911652 13.181041285395624 12.46215610206127 11.600718170404432 149.29279329627752 12.801988795399664 23.993346266448498 16.802601471543312 32.526490546762943 12.607728146016596 40.180495277047157 13.112354576587675 206.34071063995361 12.298339694738386
leaf_count=102 61 69 127 51 60 62 45 79 52 77 52 54 388 53 66 79 160 58 54 51 646 56 107 72 146 57 175 61 926 56
internal_value=0 0.000294187 0.00158488 0.000783751 0.010907 -0.000938443 0.00513003 0.0107683 0.00509441 -0.00170775 0.00131012 -7.33788e-05 0.00290627 0.00666551 -0.0140222 -0.00913394 -0.00389942 -0.00294802 -0.00156328 -0.0140577 -0.00287718 0.000331817 -0.00433999 -0.00977177 0.00131075 -0.00458361 -0.00922441 0.00277365 0.00114056 0.0107689
internal_weight=0 911.896 445.457 410.205 35.2522 466.439 52.4784 38.985 28.7141 413.961 174.154 157.258 129.578 98.7471 27.6795 30.8312 239.807 223.603 198.822 24.7818 186.359 398.989 69.1207 40.7959 329.868 65.5902 52.7882 264.278 219.453 44.8248
internal_count=4102 4041 1996 1834 162 2045 238 176 131 1807 769 692 574 441 118 133 1038 969 860 109 806 1783 306 179 1477 288 232 1189 987 202
is_linear=0
shrinkage=0.03


Tree=222
num_leaves=30
num_cat=0
split_feature=5 9 10 9 2 9 12 12 10 8 12 4 5 11 11 8 13 13 0 8 13 13 3 13 13 8 12 9 4
split_gain=1.77488 1.51753 3.48857 3.12683 2.75751 5.16631 2.42003 3.50199 6.28824 3.45798 3.44349 2.91435 3.23506 2.91345 3.69767 5.70852 5.1841 2.71645 2.55838 2.52258 1.94422 2.99344 2.42818 6.18673 3.90548 2.92596 2.55992 1.92209 3.00023
threshold=0.10853746960592482 0.0098415502886567436 -0.35578793408051718 0.0091067108891471644 0.0040000622467581369 -0.0074277501496914913 92492650.000000015 50874161.000000007 0.048239351423312267 0.84199094780415951 78129350.000000015 -0.0055703198069405593 -0.023540257975630082 -0.0035336751470934065 0.0062731516120386752 0.66726332121445764 3.4253571428571443 5.0592857142857115 -0.015492748860270853 1.013858780600543 2.9035714285714298 2.6900000000000062 61.01127846160886 4.0721428571428673 3.3364285714285664 0.89148877528331483 97253018.000000015 0.043453824945047244 0.0029038397387973762
decision_type=2 2 2 2 2 2 2 2 2 2 2 2 2 2 2 2 2 2 2 2 2 2 2 2 2 2 2 2 2
left_child=1 2 4 20 5 -1 7 11 9 18 27 12 -3 -13 16 -16 -15 -11 -9 -19 21 -4 24 -24 -22 -25 -26 28 -10
right_child=-2 6 3 -5 -6 -7 -8 8 10 17 -12 13 -14 14 15 -17 -18 19 -20 -21 22 -23 23 25 26 -27 -28 -29 -30
leaf_value=-0.0086254086376717116 -0.01082787241670701 -0.0023792697825648491 0.003109637190968064 0.016408461480727939 0.023072221328944625 0.019112946288258249 -0.011347556525698615 -0.022197245039629721 0.0097455585076012038 -0.0071846644655906879 -0.0023311458239607891 0.010542736016226038 -0.021111414177576872 0.0074403027618390729 -0.017633215984518467 0.0010516803015368089 -0.015891712733556041 0.013138352904782644 -0.0021294544160897662 -0.0030545163492817838 0.014520228997861732 -0.017865565371221713 -0.0068320198702654716 0.0052227156777972152 -0.001910397748151538 0.024793559027639984 0.005656346968560026 0.0048569576089764815 0.027242435843591345
leaf_weight=12.352226026356218 13.119372978806494 18.886761054396629 11.711743071675302 11.179790049791334 10.982692778110502 11.831503137946131 19.17262152582407 11.388547450304033 19.024461053311825 19.853303194046021 14.898772209882734 17.622596919536591 14.799393385648726 11.541342869400976 15.941537946462629 191.39313678443432 33.296936571598053 21.560733765363693 11.481939621269701 14.468938097357748 15.798491358757017 12.833574086427687 17.046976625919342 12.354649528861048 266.23800636082888 15.502225950360296 47.403940103948116 14.38677543401718 16.443867288529873
leaf_count=56 61 85 53 51 51 55 88 50 87 85 67 79 65 50 71 828 141 96 52 63 71 55 73 54 1182 71 224 64 74
internal_value=0 0.000285685 0.00153828 0.000760624 0.0106063 0.00494514 -0.000910677 -0.00046301 0.00339852 -0.00229586 0.010324 -0.00228901 -0.0106089 -0.00125021 -0.00207433 -0.000384963 -0.00988607 0.00172571 -0.0121224 0.00663556 0.000322058 -0.00785729 0.000858368 0.00740281 -3.36621e-05 0.0161138 -0.000766758 0.0141059 0.0178575
internal_weight=0 911.397 445.236 410.069 35.1664 24.1837 466.162 446.989 143.507 78.7535 64.7539 303.482 33.6862 269.796 252.173 207.335 44.8383 55.883 22.8705 36.0297 398.89 24.5453 374.344 44.9039 329.44 27.8569 313.642 49.8551 35.4683
internal_count=4102 4041 1996 1834 162 111 2045 1957 638 346 292 1319 150 1169 1090 899 191 244 102 159 1783 108 1675 198 1477 125 1406 225 161
is_linear=0
shrinkage=0.03


Tree=223
num_leaves=20
num_cat=0
split_feature=5 7 1 1 14 1 3 2 14 1 0 2 9 1 1 8 11 3 10
split_gain=1.67152 1.44802 4.22676 5.51481 6.45366 4.42514 2.26437 2.21344 2.92185 9.36266 2.04954 2.8577 1.99313 3.40922 6.85788 4.32169 2.65932 7.1102 3.91875
threshold=0.10853746960592482 0.13730203229530211 22.545000076293949 26.284999847412113 -2.6949354813847206 18.670000076293949 29.868141181549394 -0.010614183218576158 3.2339973669779618 26.404999732971195 0.11080075804373725 -0.0031073759511710845 0.012260354152565102 22.399999618530277 21.020000457763675 1.3140833421056917 0.0060143995932879788 71.638868382983958 -0.45777606806132293
decision_type=2 2 2 2 2 2 2 2 2 2 2 2 2 2 2 2 2 2 2
left_child=1 2 5 -4 -5 -1 -3 8 9 -8 12 -12 13 14 -9 -15 17 -14 -18
right_child=-2 6 3 4 -6 -7 7 10 -10 -11 11 -13 16 15 -16 -17 18 -19 -20
leaf_value=-1.7229522062638034e-05 -0.010512354588799563 -0.0095652405277773071 -0.015638942356822734 -0.0057971021888863564 0.019661024024776246 0.024357694896080698 0.034649692484125846 0.0018395477005753546 -0.0050878544368217231 -0.0048199734818072468 -0.018025894283680555 0.00066662983946702212 -0.010252880076697878 0.01082350025072522 -0.014510741556989412 -0.0074806324601802048 -0.016606396741051827 0.0077802403084270347 0.00080855401883070757
leaf_weight=11.89223486185074 13.107919171452521 22.105087846517563 15.819907963275908 20.036339305341244 16.213946960866451 15.362424239516256 10.427127137780191 233.76984332501888 10.531601205468176 11.239202581346033 13.571027196943762 16.085144504904747 74.249142944812775 62.484084069728851 25.617841497063637 14.258143022656439 12.100641295313833 26.773891657590866 298.41517892479897
leaf_count=53 61 99 71 91 81 71 53 1020 51 57 61 72 323 290 110 67 52 116 1303
internal_value=0 0.000277418 0.00415017 -0.000859926 0.00558975 0.013722 -9.19843e-05 0.000166695 0.00787445 0.0141752 -0.000152571 -0.0078873 0.000154226 0.00186813 0.000224748 0.00742273 -0.00124563 -0.00547361 0.000129902
internal_weight=0 910.953 79.3249 52.0702 36.2503 27.2547 831.628 809.523 32.1979 21.6663 777.325 29.6562 747.669 336.13 259.388 76.7422 411.539 101.023 310.516
internal_count=4102 4041 367 243 172 124 3674 3575 161 110 3414 133 3281 1487 1130 357 1794 439 1355
is_linear=0
shrinkage=0.03


Tree=224
num_leaves=31
num_cat=0
split_feature=5 7 13 6 6 0 5 14 7 7 13 11 12 5 0 4 4 0 8 9 0 10 8 0 4 6 6 6 9 1
split_gain=1.60036 2.02982 1.60283 1.5457 3.39888 3.56249 3.34132 9.40005 4.73403 3.35767 5.1004 4.46195 4.54335 5.61098 4.04023 5.14712 3.87404 3.33497 5.97127 8.07772 3.9168 5.86412 6.0262 5.6423 4.20947 3.33375 2.75303 3.04666 2.40089 1.16303
threshold=0.089411757922354354 0.56424333336124544 12.431785714285722 0.87602529147408992 0.8442986004520926 -0.015879360092297786 0.030667799412861744 -1.474081912700796 0.76285963080506425 0.84751596853399136 5.763214285714291 -0.0029279737278016245 3538611.5000000005 -0.006071236509653132 0.032396355095536851 0.011973992038004979 0.012161052496934445 0.022589278980851283 0.75271544192654238 0.022807046235651777 -0.035621573523768706 -0.43901047256347253 0.78209130267480076 -0.041863339879514398 0.00079024192816545835 0.7669508276803968 1.3166479122609211 0.96692956206657188 0.019089280344410046 17.695000648498539
decision_type=2 2 2 2 2 2 2 2 2 2 2 2 2 2 2 2 2 2 2 2 2 2 2 2 2 2 2 2 2 2
left_child=2 -2 3 4 17 -6 9 -8 -9 11 14 12 -5 -14 15 -11 -12 20 -19 25 23 -22 -23 24 -1 -20 27 -13 -10 -7
right_child=1 -3 -4 6 5 29 7 8 28 10 16 26 13 -15 -16 -17 -18 18 19 -21 21 22 -24 -25 -26 -27 -28 -29 -30 -31
leaf_value=0.011596439363136951 -0.016227206916477322 0.0016571131309832691 0.010090384671345869 -0.013402593004613468 0.00045062423625056447 -0.022504453449231653 0.024655056151336251 -0.013163812550100689 0.017999377451097431 0.006557879203783072 -0.024498542907420411 0.0015268553107732966 0.0036776588298790009 -0.008488349876339488 -0.012082921494804003 -0.0082490909893836051 -0.0034522380996423489 -0.013050216111493339 -0.0071593066603538834 0.026842116031532078 -0.025587101522337119 0.0099756200576939583 -0.0059420265140991586 0.021588752105390428 -0.0044824435831787657 0.013063795884394028 -0.002678391152309295 0.013945988765321628 4.1525494134123735e-05 -0.009554966558708149
leaf_weight=20.433121457695961 11.994784444570543 10.903522178530691 14.862063519656656 21.600043505430222 19.652256101369858 13.680164724588396 19.984697081148624 16.016548223793507 11.257714882493021 68.867503106594086 15.971173718571665 26.715453118085861 159.23431494832039 43.421829149127007 22.424713358283043 30.480227425694466 15.521068558096884 11.777748569846151 17.472423568367962 17.758022680878639 11.198554009199141 26.159462943673134 117.79217763245106 12.92203341424465 51.812516152858734 12.646288245916365 19.906890347599983 53.14181025326252 16.552149251103401 11.480437755584715
leaf_count=90 56 50 76 93 84 57 95 72 53 300 69 117 724 192 98 131 68 52 79 79 48 121 508 57 232 55 87 234 75 50
internal_value=0 -0.0077112 0.000319974 0.00015606 -0.0014138 -0.00912024 0.00115637 0.00760376 -0.000171578 0.000294378 -0.00336423 0.00202494 -0.000323143 0.00107093 -0.000581129 0.00201505 -0.0141258 -0.00026253 0.00608636 0.010794 -0.00183853 -0.00467615 -0.00304941 0.00333079 6.51219e-05 0.001332 0.0073031 0.00979129 0.00731105 -0.0165958
internal_weight=0 22.8983 900.743 885.881 344.785 44.8129 541.096 63.8111 43.8264 477.285 153.265 324.02 224.256 202.656 121.772 99.3477 31.4922 299.972 59.6545 47.8767 240.318 155.15 143.952 85.1677 72.2456 30.1187 99.7642 79.8573 27.8099 25.1606
internal_count=4102 106 3996 3920 1512 191 2408 295 200 2113 666 1447 1009 916 529 431 137 1321 265 213 1056 677 629 379 322 134 438 351 128 107
is_linear=0
shrinkage=0.03


Tree=225
num_leaves=16
num_cat=0
split_feature=1 0 1 5 8 8 0 9 5 11 11 2 9 2 5
split_gain=1.64372 4.08969 3.75456 3.52275 2.54023 2.51729 2.12726 5.77371 4.76167 3.71183 3.15069 2.33396 5.21664 2.88103 1.79964
threshold=33.649999618530281 -0.043016989851802016 31.775000572204593 -0.051988587084942965 0.62085585090414452 1.1151945535645109 -0.10208878064042463 -0.011743996750937844 0.00143739210190752 0.047585706381605426 0.039282820964454353 0.0095410312814245436 0.01810335938039476 0.0066471635843038945 0.07526325910461025
decision_type=2 2 2 2 2 2 2 2 2 2 2 2 2 2 2
left_child=2 -2 4 -3 -1 -4 7 -6 -9 10 11 13 -13 -8 -11
right_child=1 3 5 -5 6 -7 9 8 -10 14 -12 12 -14 -15 -16
leaf_value=0.013564854537594951 -0.008592800765156049 -0.0012661597874125707 -0.0021960616932422722 0.021781606098115341 0.022245746418087371 -0.022161921525268091 -0.00067471516168934181 -0.016219850635239032 0.011463336973569547 -0.020584266667766735 0.011138006896466159 -0.0036911699308927481 0.020943287008115243 -0.0087660761796719191 -0.0046711878132309837
leaf_weight=11.657320335507391 12.017281047999857 9.8474013581871986 10.822048217058184 15.152415372431278 13.345135912299154 11.968841165304182 686.69333995878696 11.438102349638941 10.941068008542059 11.952623739838602 20.44390144944191 17.470843449234966 13.885366842150686 42.028752014040947 13.758938804268835
leaf_count=54 59 48 49 87 60 54 3008 50 51 53 93 82 62 184 64
internal_value=0 0.00578958 -0.000664251 0.0127031 -0.000343404 -0.0126813 -0.000535971 0.00662768 -0.00268567 -0.000853393 -0.000483943 -0.000796539 0.00721763 -0.00114138 -0.0120688
internal_weight=0 37.0171 876.406 24.9998 853.615 22.7909 841.958 35.7243 22.3792 806.234 780.522 760.078 31.3562 728.722 25.7116
internal_count=4058 194 3864 135 3761 103 3707 161 101 3546 3429 3336 144 3192 117
is_linear=0
shrinkage=0.03


Tree=226
num_leaves=16
num_cat=0
split_feature=1 0 1 5 8 0 3 4 11 11 2 4 2 10 6
split_gain=1.55835 5.29885 2.6848 2.64159 2.39227 2.00484 4.85283 3.91134 3.49588 2.96837 2.19829 5.13705 2.70693 1.74061 1.69956
threshold=34.739999771118171 -0.043016989851802016 31.775000572204593 -0.036123764420281805 0.62085585090414452 -0.10208878064042463 43.410507986040862 0.014767585446196609 0.047585706381605426 0.039282820964454353 0.0095410312814245436 0.015863128905131866 0.0066471635843038945 -0.023287499245433437 1.1994834767472893
decision_type=2 2 2 2 2 2 2 2 2 2 2 2 2 2 2
left_child=2 -2 4 -3 -1 6 -6 -8 9 10 12 -12 -7 -10 -4
right_child=1 3 14 -5 5 8 7 -9 13 -11 11 -13 -14 -15 -16
leaf_value=0.013170458120096852 -0.010281768480865041 0.0030109392250159796 -0.0037688268145116594 0.024467775713180557 0.022073178379752215 -0.00065443440565393282 -0.01254194620749359 0.011899469023238081 -0.018408260738864854 0.010819597011923249 0.016863942984144498 -0.0079720918297610313 -0.0084933039273995103 -0.0026039559084984759 -0.019073995726733146
leaf_weight=11.646380111575125 11.521691039204596 9.208231680095194 16.270983532071117 11.757212802767755 11.905918359756468 686.73395643383265 12.919449955224993 10.834404081106184 14.812886267900469 20.414627991616726 18.891960412263874 12.424923330545424 42.076455146074295 10.87730824947357 10.907073453068731
leaf_count=54 56 48 76 67 53 3008 57 51 67 93 85 59 184 50 50
internal_value=0 0.00606194 -0.000628649 0.0150437 -0.000333081 -0.000519883 0.00644115 -0.00139394 -0.000827771 -0.000469382 -0.000772568 0.00701029 -0.001107 -0.0117167 -0.00991108
internal_weight=0 32.4871 880.716 20.9654 853.538 841.892 35.6598 23.7539 806.232 780.542 760.127 31.3169 728.81 25.6902 27.1781
internal_count=4058 171 3887 115 3761 3707 161 108 3546 3429 3336 144 3192 117 126
is_linear=0
shrinkage=0.03


Tree=227
num_leaves=16
num_cat=0
split_feature=1 0 1 5 8 8 0 3 4 11 11 2 4 2 5
split_gain=1.48769 3.64292 3.36905 3.22421 2.34226 2.25299 1.88872 4.58197 3.68184 3.29141 2.79662 2.07188 4.84784 2.54356 1.70167
threshold=33.649999618530281 -0.043016989851802016 31.775000572204593 -0.051988587084942965 1.1151945535645109 0.62085585090414452 -0.10208878064042463 43.410507986040862 0.014767585446196609 0.047585706381605426 0.039282820964454353 0.0095410312814245436 0.015863128905131866 0.0066471635843038945 0.07526325910461025
decision_type=2 2 2 2 2 2 2 2 2 2 2 2 2 2 2
left_child=2 -2 5 -3 -4 -1 7 -7 -9 10 11 13 -13 -8 -11
right_child=1 3 4 -5 -6 6 9 8 -10 14 -12 12 -14 -15 -16
leaf_value=0.012787908478536367 -0.0080378028226737661 -0.0012220463019778063 -0.001907052371279276 0.020896281422054196 -0.021171734402060619 0.021474633622680213 -0.00063476448693051773 -0.012147620131717118 0.011576943275414611 -0.019668774197089851 0.010510312998838317 0.016407720898218379 -0.0077389135434641192 -0.0082295600916332291 -0.0041827034250065363
leaf_weight=11.635110154747961 11.993577674031256 9.8440297022461891 10.826433271169664 14.923566982150078 11.949239164590834 11.871159866452215 686.77323789149523 12.938370957970621 10.802644833922384 11.919229656457903 20.385352149605751 18.835603997111324 12.415460899472235 42.121487990021706 13.756694436073301
leaf_count=54 59 48 49 87 54 53 3008 57 51 53 93 85 59 184 64
internal_value=0 0.00553342 -0.000626956 0.0121052 -0.0120143 -0.00032307 -0.000504281 0.00625685 -0.00135246 -0.000802937 -0.000455276 -0.000749348 0.00681472 -0.00107365 -0.0113716
internal_weight=0 36.7612 876.23 24.7676 22.7757 853.454 841.819 35.6122 23.741 806.207 780.531 760.146 31.2511 728.895 25.6759
internal_count=4058 194 3864 135 103 3761 3707 161 108 3546 3429 3336 144 3192 117
is_linear=0
shrinkage=0.03


Tree=228
num_leaves=17
num_cat=0
split_feature=1 10 0 1 8 8 0 11 5 5 14 11 8 2 5 5
split_gain=1.40432 3.61352 3.71246 3.17221 2.20886 2.12188 1.79818 4.16777 3.4654 3.54187 3.55647 2.83044 2.18775 3.57593 2.34866 1.36053
threshold=33.649999618530281 -0.16699899281524591 -0.017881247134704566 31.775000572204593 1.1151945535645109 0.62085585090414452 -0.085135606280602835 0.047585706381605426 -0.021524028612266984 -0.0030751617826691442 1.2569840496865208 0.039282820964454353 0.71339329522537864 -0.00022410976941848208 -0.017333717942140777 0.07526325910461025
decision_type=2 2 2 2 2 2 2 2 2 2 2 2 2 2 2 2
left_child=3 -2 -3 5 -5 -1 8 11 -7 -10 -11 12 13 -8 -14 -9
right_child=1 2 -4 4 -6 6 7 15 9 10 -12 -13 14 -15 -16 -17
leaf_value=0.012416786291772447 0.021032580117381738 -0.01422733633003175 0.0086284085716924388 -0.001849698555473274 -0.020563008855102718 -0.0075686056013255214 -0.020198615545881211 -0.020500146613548303 0.020265160858345867 0.013425709570530825 -0.0067297018624251272 0.010681824179930121 0.0022495031586702999 0.00060833350732103638 -0.00156466392465318 -0.0063006167364347138
leaf_weight=11.623559802770613 9.749979190528391 10.486711181700231 16.396961092948914 10.827255740761759 11.934111535549162 16.261330366134644 13.474032342433931 11.660249948501589 15.456203579902647 14.866139210760595 16.764333054423332 19.87108126282692 204.96077130734921 16.582995727658272 499.16061326861382 12.673859506845472
leaf_count=54 51 52 91 49 54 70 58 52 69 73 76 91 911 73 2175 59
internal_value=0 0.00538709 -0.000287099 -0.000608187 -0.0116614 -0.000313368 -0.00048916 -0.000884728 0.00437135 0.0084948 0.00274323 -0.000490376 -0.00079276 -0.00871905 -0.000454408 -0.0131046
internal_weight=0 36.6337 26.8837 876.117 22.7614 853.355 841.732 778.384 63.348 47.0867 31.6305 754.049 734.178 30.057 704.121 24.3341
internal_count=4058 194 143 3864 103 3761 3707 3419 288 218 149 3308 3217 131 3086 111
is_linear=0
shrinkage=0.03


Tree=229
num_leaves=17
num_cat=0
split_feature=1 0 5 1 8 0 11 5 5 14 11 12 9 10 6 5
split_gain=1.32949 4.69241 2.93769 2.26582 1.99844 1.6941 3.92699 3.26603 3.35194 3.35505 2.66682 2.17635 4.33697 3.77536 1.5255 1.28624
threshold=34.739999771118171 -0.043016989851802016 -0.041707676800149411 31.775000572204593 0.62085585090414452 -0.085135606280602835 0.047585706381605426 -0.021524028612266984 -0.0030751617826691442 1.2569840496865208 0.039282820964454353 49154209.000000007 0.0088299846128931953 0.019530367386465967 1.1994834767472893 0.07526325910461025
decision_type=2 2 2 2 2 2 2 2 2 2 2 2 2 2 2 2
left_child=3 -2 -3 4 -1 7 10 -6 -9 -10 11 13 -13 -7 -5 -8
right_child=1 2 -4 14 5 6 15 8 9 -11 -12 12 -14 -15 -16 -17
leaf_value=0.012056694148887642 -0.0097629073770591941 0.001002897849498197 0.023883217717674831 -0.0032861081068543785 -0.0073424927437973353 0.00021831454206218303 -0.019929191102495605 0.019734602180883052 0.01306902067428036 -0.0065198559160238043 0.010377133949421783 -0.0021798923505880648 0.0051527471970855138 -0.0054141857371602115 -0.017799781728608549 -0.0061137451286756893
leaf_weight=11.611774668097494 11.45708943158388 8.7745838537812215 11.899150326848032 16.240380324423317 16.259267449378967 260.77340152859688 11.634865134954454 15.396500349044798 14.81451351940632 16.784474492073059 19.841351553797722 155.51909056305885 136.14823473244905 181.7475404292345 10.887185789644716 12.669476017355917
leaf_count=54 56 45 70 76 70 1128 52 69 73 76 91 694 598 797 50 59
internal_value=0 0.00563744 0.0141721 -0.000575371 -0.000303983 -0.000474528 -0.000858239 0.00424694 0.00825659 0.00266397 -0.000475665 -0.00076896 0.00124293 -0.00209501 -0.00911092 -0.0127274
internal_weight=0 32.1308 20.6737 880.328 853.2 841.589 778.334 63.2548 46.9955 31.599 754.03 734.188 291.667 442.521 27.1276 24.3043
internal_count=4058 171 115 3887 3761 3707 3419 288 218 149 3308 3217 1292 1925 126 111
is_linear=0
shrinkage=0.03


Tree=230
num_leaves=16
num_cat=0
split_feature=13 0 13 7 7 5 5 3 7 2 4 10 7 5 8
split_gain=1.80556 2.88722 2.71908 1.94422 2.89236 1.90443 1.86131 1.73476 2.73109 2.44129 1.78909 3.9277 2.80472 3.79827 1.80756
threshold=9.9485714285714284 -0.0040932791442906393 11.042857142857146 0.99711054701574164 0.99313830801737479 -0.016566708787010494 0.03372554188947164 28.372727999299027 0.042493772202138451 -0.0012261675552026673 -0.028286978358775191 0.07990641549749268 0.15613009983830087 -0.014532759895688028 1.3555682558103663
decision_type=2 2 2 2 2 2 2 2 2 2 2 2 2 2 2
left_child=3 2 -2 4 7 -3 -4 9 -9 -1 11 -10 13 -12 -14
right_child=1 5 6 -5 -6 -7 -8 8 10 -11 12 -13 14 -15 -16
leaf_value=-0.0018840984040995477 0.01114901684020842 0.0044568636133889891 -0.014315903264150468 -0.012064962733250872 0.012195554056488875 0.02264490884407027 0.0027865869787445595 -0.012481006271648642 0.0045428090775698872 0.01341695983973366 0.019534594255888296 -0.020617172261160163 -0.00021988219181107231 -0.0030554497793934018 -0.0078703205632716933
leaf_weight=18.407632447779179 12.768594346940516 9.7611996755003947 11.954052478075029 12.475948944687842 16.781599313020706 11.04284033179283 10.99483674764633 17.271314762532711 10.551702268421652 19.145477488636971 14.808198846876623 11.86163818836212 699.12455436587334 12.232247963547705 28.94544680416584
leaf_count=85 61 48 58 54 75 54 51 77 50 90 69 57 3072 55 130
internal_value=0 0.00522687 5.21393e-05 -0.000308133 -0.000135394 0.0141111 -0.00612208 -0.000384008 -0.000681711 0.00591675 -0.00041961 -0.00877241 -0.000171681 0.00931557 -0.000524036
internal_weight=0 56.5215 35.7175 861.606 849.13 20.804 22.9489 832.348 794.795 37.5531 777.524 22.4133 755.11 27.0404 728.07
internal_count=4086 272 170 3814 3760 102 109 3685 3510 175 3433 107 3326 124 3202
is_linear=0
shrinkage=0.03


Tree=231
num_leaves=21
num_cat=0
split_feature=13 0 3 3 7 7 5 14 3 8 1 11 14 1 1 0 0 8 3 7
split_gain=1.70142 2.72642 2.62 1.87021 1.8295 2.72674 1.8068 1.66166 5.72339 5.70358 3.45872 5.10232 3.17019 2.46932 5.32822 5.77031 4.21033 2.46383 4.83463 2.79742
threshold=9.9485714285714284 -0.0040932791442906393 48.014227738272311 39.766214194562458 0.99711054701574164 0.99313830801737479 -0.016566708787010494 5.2505289095381995 78.979972210195896 1.1651545181097267 12.88000011444092 0.01124543757602803 5.1043710494480043 15.484999656677248 14.715000152587892 0.0076006299067855618 0.0088768121670586026 0.67944378261627092 66.366816012311503 0.91853136810619451
decision_type=2 2 2 2 2 2 2 2 2 2 2 2 2 2 2 2 2 2 2 2
left_child=4 2 3 -2 5 7 -3 12 9 10 -9 -12 13 14 15 -1 -16 19 -19 -15
right_child=1 6 -4 -5 -6 -7 -8 8 -10 -11 11 -13 -14 17 16 -17 -18 18 -20 -21
leaf_value=0.0047602117156508358 0.0018663402547238084 0.0043267802991953019 0.012302126392865129 -0.014764236810948133 -0.011704068937694764 0.011853449490153222 0.022064813250989992 0.016684318010848603 -0.018334639882718579 -0.019950581809527367 0.0035258871286810239 -0.011131290390450794 0.014691285057470398 0.020238037269278409 0.006487931606990226 -0.011419653557311837 0.027707562501572809 -8.0668421050792221e-05 -0.0079219334751010426 -0.00049580202201257606
leaf_weight=62.346891775727272 14.040665403008463 9.7531518265604991 10.908158563077448 10.741685032844542 12.474839285016058 16.748467445373535 10.993916578590868 11.578325137495993 19.627275198698044 12.828848347067831 76.205264087766409 29.708132222294807 13.422818049788473 10.332867532968523 29.019526317715645 29.095363333821297 11.852854833006857 427.94205396622419 84.78868705034256 13.518874287605284
leaf_count=273 68 48 53 49 54 75 54 52 85 57 334 128 59 50 131 126 52 1915 363 60
internal_value=0 0.00507789 5.05855e-05 -0.00534203 -0.000298885 -0.000131305 0.0137262 -0.000372485 -0.00323195 -0.000957372 0.00111649 -0.000585372 0.000255916 -3.37595e-05 0.00363691 -0.000387945 0.0126416 -0.0009389 -0.00137735 0.00848635
internal_weight=0 56.4376 35.6905 24.7824 861.491 849.016 20.7471 832.268 149.948 130.321 117.492 105.913 682.32 668.897 132.315 91.4423 40.8724 536.582 512.731 23.8517
internal_count=4086 272 170 117 3814 3760 102 3685 656 571 514 462 3029 2970 582 399 183 2388 2278 110
is_linear=0
shrinkage=0.03


Tree=232
num_leaves=23
num_cat=0
split_feature=13 0 3 1 4 0 11 11 2 10 10 1 1 4 10 12 9 1 14 1 3 5
split_gain=1.60351 2.57439 2.85068 1.93516 1.74885 4.65792 2.08627 3.76393 2.93003 1.99086 6.83635 4.14992 14.2181 8.81823 6.19211 4.05253 7.09557 4.01829 2.85414 5.95135 3.5894 1.71433
threshold=9.9485714285714284 -0.0040932791442906393 48.410056236758798 28.860000610351566 0.027964427814016649 -0.049062864046678582 0.039282820964454353 0.035326545266023197 0.00091013040321648731 0.025381143805024878 0.048239351423312267 19.115000724792484 17.285000801086429 0.01060857156958739 -0.015812776198047714 48327417.000000007 0.017400458065285344 16.48499965667725 3.0806889735981113 22.310000419616703 60.890750031565155 -0.016566708787010494
decision_type=2 2 2 2 2 2 2 2 2 2 2 2 2 2 2 2 2 2 2 2 2 2
left_child=4 2 3 -2 6 -6 7 9 -8 11 -11 12 14 -14 -1 17 -17 -12 20 -20 -13 -3
right_child=1 21 -4 -5 5 -7 8 -9 -10 10 15 18 13 -15 -16 16 -18 -19 19 -21 -22 -23
leaf_value=0.001147052560976976 0.0033555944195799272 0.0042004154039287905 0.013191266174319382 -0.01330546296408738 0.0052350846553010878 -0.018954078485539146 -0.0025154407650288774 -0.016304363487535688 0.014777154787754199 -0.01790481412429373 -0.0096014679047310581 0.0040884542242575796 -0.020349921553965096 0.0064445828077955986 0.020412296941957207 -0.0014445664179481535 0.012447162088994813 -0.00023602004219664847 0.00052240940618061805 0.018246756800878425 -0.011055442759489624 0.021500533240848649
leaf_weight=177.43266099691391 11.903838083148004 9.7452887743711489 10.486043475568293 13.266449593007563 13.540779858827593 15.215164266526697 15.928957402706144 13.100292116403578 19.755282983183861 22.134663909673691 66.736997023224831 92.784131981432438 45.852801144123077 14.565937936305998 16.403362914919853 107.04217956960201 47.899391733109951 107.88352248817682 33.262695863842964 34.979398757219315 16.607278987765312 10.944730944931505
leaf_count=761 55 48 51 64 64 70 71 58 90 96 294 420 197 64 71 485 217 480 143 161 72 54
internal_value=0 0.00493385 4.91467e-05 -0.00542591 -0.000289971 -0.00756373 -3.86832e-05 -0.000356549 0.00705798 -8.99268e-05 -0.00176564 0.00127465 -0.00118336 -0.0138902 0.00277737 -0.000681674 0.00284999 -0.00381534 0.0047929 0.00960752 0.00178938 0.0133519
internal_weight=0 56.3464 35.6563 25.1703 861.125 28.7559 832.37 796.685 35.6842 783.585 351.697 431.888 254.255 60.4187 193.836 329.562 154.942 174.621 177.634 68.2421 109.391 20.69
internal_count=4086 272 170 119 3814 134 3680 3519 161 3461 1572 1889 1093 261 832 1476 702 774 796 304 492 102
is_linear=0
shrinkage=0.03


Tree=233
num_leaves=16
num_cat=0
split_feature=13 0 3 3 7 7 3 7 2 4 10 7 5 8 5
split_gain=1.51197 2.43013 2.68794 1.85184 1.69588 2.52631 1.647 2.58071 2.32385 1.70798 3.66611 2.64399 3.57905 1.71782 1.62672
threshold=9.9485714285714284 -0.0040932791442906393 48.410056236758798 39.766214194562458 0.99711054701574164 0.99313830801737479 28.372727999299027 0.042493772202138451 -0.0012261675552026673 -0.028286978358775191 0.07990641549749268 0.15613009983830087 -0.014532759895688028 1.3555682558103663 -0.016566708787010494
decision_type=2 2 2 2 2 2 2 2 2 2 2 2 2 2 2
left_child=4 2 3 -2 5 6 8 -8 -1 10 -9 12 -11 -13 -3
right_child=1 14 -4 -5 -6 -7 7 9 -10 11 -12 13 -14 -15 -16
leaf_value=-0.0018119113146120443 0.0019745764486128106 0.0040776659922579462 0.012824501978934902 -0.014424367983837788 -0.011265995080878935 0.01143301466409905 -0.012111467894018471 0.0043148381541786331 0.01312573591873718 0.019027575896925879 -0.019998752792461206 -0.0001898501532059246 -0.0029235743889716131 -0.0076482403850612734 0.020951421649585914
leaf_weight=18.414681866765022 14.024790301918985 9.7376083955168742 10.462711848318575 11.10446275770664 12.465951934456823 16.699808776378632 17.27218833565712 10.548354364931585 19.090164996683598 14.748702861368658 11.853651538491247 698.47407928854227 12.22673463821411 28.944440558552742 10.895387865602968
leaf_count=85 68 48 51 51 54 75 77 50 90 69 57 3072 55 130 54
internal_value=0 0.00479641 4.76858e-05 -0.00527202 -0.00028131 -0.000119882 -0.00035189 -0.000642046 0.00579143 -0.000387022 -0.0085503 -0.00014461 0.00907812 -0.000486624 0.012988
internal_weight=0 56.225 35.592 25.1293 860.739 848.273 831.573 794.068 37.5048 776.796 22.402 754.394 26.9754 727.419 20.633
internal_count=4086 272 170 119 3814 3760 3685 3510 175 3433 107 3326 124 3202 102
is_linear=0
shrinkage=0.03


Tree=234
num_leaves=23
num_cat=0
split_feature=13 0 3 1 4 0 11 11 6 10 10 1 1 4 10 12 9 12 14 1 3 5
split_gain=1.42498 2.29463 2.53356 1.82984 1.64319 4.39665 1.96411 3.52863 3.07708 1.82168 6.45911 3.89075 13.4024 8.33658 5.8438 3.84281 6.63653 3.83074 2.71603 5.63263 3.35601 1.54369
threshold=9.9485714285714284 -0.0040932791442906393 48.410056236758798 28.860000610351566 0.027964427814016649 -0.049062864046678582 0.039282820964454353 0.035326545266023197 0.89630361870902575 0.025381143805024878 0.048239351423312267 19.115000724792484 17.285000801086429 0.01060857156958739 -0.015812776198047714 48327417.000000007 0.017400458065285344 29733565.000000004 3.0806889735981113 22.310000419616703 60.890750031565155 -0.016566708787010494
decision_type=2 2 2 2 2 2 2 2 2 2 2 2 2 2 2 2 2 2 2 2 2 2
left_child=4 2 3 -2 6 -6 7 9 -8 11 -11 12 14 -14 -1 17 -17 -12 20 -20 -13 -3
right_child=1 21 -4 -5 5 -7 8 -9 -10 10 15 18 13 -15 -16 16 -18 -19 19 -21 -22 -23
leaf_value=0.0011107512672681203 0.003411031881030755 0.0039584320377514569 0.012467780238435094 -0.012805167600358106 0.0051004169169502631 -0.01841902652086741 -2.5011896079950565e-05 -0.015779928133979781 0.018145400743169973 -0.017371109147851751 -0.0011815304237935223 0.0039309289734984001 -0.019778136937581625 0.0062788997172061036 0.019853056891685907 -0.0013385055352421089 0.012105586583839843 -0.011582865111622547 0.00050853085428764755 0.017769476122498046 -0.010713476912911107 0.020416877499730451
leaf_weight=177.40721081197262 11.909496560692789 9.7301082611084002 10.439559310674666 13.208252146840094 13.535190567374231 15.171571671962736 22.134232237935066 13.098690524697302 13.506022289395331 22.131326735019684 132.70636556297541 92.70789573341608 45.822040721774101 14.562305495142935 16.352497071027756 107.03575541079044 47.805633209645748 41.938251882791519 33.258990436792374 34.836409822106361 16.606688991189003 10.845983065664766
leaf_count=761 55 48 51 64 64 70 99 58 62 96 590 420 197 64 71 485 217 184 143 161 72 54
internal_value=0 0.00466042 4.63455e-05 -0.00511631 -0.000272868 -0.00732965 -2.93592e-05 -0.000337753 0.00686074 -7.94799e-05 -0.0016824 0.00122653 -0.00115343 -0.0134942 0.00269252 -0.000628599 0.00281222 -0.00367925 0.00463588 0.00933893 0.0017062 0.0126339
internal_weight=0 56.1334 35.5573 25.1177 860.617 28.7068 831.91 796.27 35.6403 783.171 351.617 431.554 254.144 60.3843 193.76 329.486 154.841 174.645 177.41 68.0954 109.315 20.5761
internal_count=4086 272 170 119 3814 134 3680 3519 161 3461 1572 1889 1093 261 832 1476 702 774 796 304 492 102
is_linear=0
shrinkage=0.03


Tree=235
num_leaves=28
num_cat=0
split_feature=14 1 0 0 13 13 14 3 1 6 10 2 0 3 14 5 10 6 12 1 6 5 2 2 14 0 6
split_gain=2.69502 3.98864 4.01583 6.82273 5.10677 5.48017 3.97751 5.06672 3.78377 3.83056 3.46462 3.25763 4.94387 4.93388 3.0963 2.94476 2.46538 4.1278 2.40616 2.32861 2.57047 3.78035 2.39082 2.58784 2.19633 1.69273 1.62793
threshold=-2.6949354813847206 21.954999923706058 0.15317171947823541 0.047719481656867353 7.8225000000000042 7.0785714285714247 3.0806889735981113 63.732859550208467 21.309999465942386 0.82034052323042939 -0.072213049893480416 -0.0036773137751762511 -0.031851726960493258 45.569905976580607 -8.8041099764369388 0.040087443057630796 0.051990496812772687 1.1278751975931891 1924252.0000000002 12.405000209808351 0.61940465136717326 0.012597117865811193 -0.0086296492542182485 -0.00075819403410060983 -4.6922334487514847 0.036152336246047863 0.92237768023835442
decision_type=2 2 2 2 2 2 2 2 2 2 2 2 2 2 2 2 2 2 2 2 2 2 2 2 2 2 2
left_child=11 8 3 4 5 6 7 -3 18 -10 -8 14 15 26 -1 24 -5 -18 -2 -20 21 -21 -22 -24 -13 -16 -14
right_child=1 2 -4 16 -6 -7 10 -9 9 -11 -12 12 13 -15 25 -17 17 -19 19 20 22 -23 23 -25 -26 -27 -28
leaf_value=0.0040138265361306632 -0.013855223163341949 0.0018539148163936921 -0.0091082663515856411 0.028718061556610382 -0.016310729565600448 0.024212970682554034 0.015499829775603229 -0.019304910292026693 0.0031486841083648437 -0.018195767186106413 0.00040768882589758423 -0.0048712786476283118 -0.0091147404203252499 0.020305870470937921 -0.0081725111708208144 0.002794578866180052 -0.0036501573915394703 0.021168540991118177 0.01302910437345574 0.019474969831565794 0.010397157248070823 -0.0033824759426828743 -0.0038877625701728181 0.00081695382095768273 -0.022291265674196894 -0.021181950297180542 0.0070283565503627748
leaf_weight=10.795596607029436 10.672189578413962 48.534518927335739 17.449088856577873 11.712054222822188 11.418324477970598 11.684776425361632 29.58767456561327 12.89090523123741 12.022804692387579 20.418944031000137 25.478089675307274 13.176468320190908 11.833094209432604 16.081408075988293 19.122861117124557 16.233560889959335 9.4748668596148509 16.594122245907784 13.089320972561834 14.702052578330042 18.293280512094498 11.689963877201079 152.83472086489201 337.77376262843609 12.8826936930418 17.006927065551281 10.711390614509581
leaf_count=53 46 224 83 55 51 54 138 57 52 89 113 65 53 76 87 82 47 80 61 65 84 50 655 1473 58 79 50
internal_value=0 0.0009012 0.00462416 0.00597507 0.00291412 0.00462673 0.00266211 -0.00258653 -0.00032505 -0.0102856 0.00851693 -0.00379531 -0.000148507 0.00761082 -0.0100839 -0.00723509 0.0172848 0.0121481 0.000252956 0.000527518 0.000221821 0.00935059 -0.000251603 -0.000648663 -0.0134831 -0.0142963 -0.00144479
internal_weight=0 786.321 194.824 177.375 139.594 128.176 116.491 61.4254 591.497 32.4417 55.0658 127.844 80.9186 38.6259 46.9254 42.2927 37.781 26.069 559.055 548.383 535.294 26.392 508.902 490.608 26.0592 36.1298 22.5445
internal_count=4080 3477 902 819 637 586 532 281 2575 141 251 603 384 179 219 205 182 127 2434 2388 2327 115 2212 2128 123 166 103
is_linear=0
shrinkage=0.03


Tree=236
num_leaves=31
num_cat=0
split_feature=5 5 5 2 10 0 0 8 7 11 2 10 2 7 6 13 1 0 7 5 3 7 6 2 3 8 0 0 3 11
split_gain=1.79662 6.04704 4.42994 4.61666 5.16809 4.43721 5.07404 4.38117 4.13097 4.18721 3.78244 5.29624 4.40563 5.04732 3.74454 4.41106 5.84302 5.31731 8.70154 5.04806 3.72442 6.45079 3.65063 3.79782 3.40466 5.39107 3.7018 4.88657 4.44826 3.54421
threshold=0.012925600814916673 0.016108492940620559 0.0046595079079827526 -0.0020172533446689437 -0.17525629231486126 -0.0092975524944055015 -0.012624335469893831 0.74937790321610176 0.95103252923381165 0.0072189407704036377 0.0046062663681683373 -0.319695557908518 -0.0016852878282460984 0.84456412033451334 0.88749717581887944 4.3382142857142814 14.614999771118166 0.0048728640195763182 0.92210906047783181 0.026513761022226693 39.320624832251198 0.58170596773547889 0.76417634579893601 0.0059185413375758113 47.245910043835515 0.87029170229588992 -0.025115816825805323 -0.061118747411496192 64.263764922044189 0.010484070876399911
decision_type=2 2 2 2 2 2 2 2 2 2 2 2 2 2 2 2 2 2 2 2 2 2 2 2 2 2 2 2 2 2
left_child=2 -2 5 -4 -5 6 10 -3 9 -6 12 -12 13 -1 24 -16 -17 18 -18 -19 -14 -22 -13 -24 29 -26 27 -27 -28 -9
right_child=1 7 3 4 8 -7 -8 14 -10 -11 11 22 20 -15 15 16 17 19 -20 -21 21 -23 23 -25 25 26 28 -29 -30 -31
leaf_value=-0.00091835786437691256 -0.015578878204133929 0.01534263278563331 -0.0062179112354644721 -0.001548491264983328 0.011770961616828128 0.0025358171674998748 -0.022358017147562748 -0.0017250137607496832 0.0031774904905329583 0.032524041860802086 0.011279579036984639 0.0051781289614976659 -0.011620481644272705 -0.022885978400129618 0.013439710415325296 -0.023184864379429258 0.0013397848556797863 0.0075329763424012448 0.03030639019345803 -0.017547677715180003 0.023850474210508656 0.002571069425973435 -0.029263452198403012 -0.0098930903019297314 -0.014620484254242101 -0.004480322856709947 -0.0099868060584831671 0.022490827526359614 0.012017094066748842 -0.02287692726622529
leaf_weight=33.436295241117477 25.857770010828972 15.057255029678343 18.334801614284515 21.953254610300064 18.458579659461975 298.89080594107509 11.526507198810576 12.245358347892763 15.904496401548384 16.635612413287163 11.218620754778383 10.238271482288836 12.371413812041281 13.101654171943663 25.400678038597107 9.3179891407489759 47.114166513085365 11.456580601632597 11.639245450496672 19.542868308722973 15.150751411914824 83.395505748689175 11.926557824015616 38.56937151402235 23.242434069514275 10.33644722402096 27.893823444843292 14.564263790845869 11.752435609698294 17.065588049590588
leaf_count=150 112 72 81 96 85 1346 49 54 70 79 50 46 54 55 112 41 218 51 54 88 66 360 50 176 101 50 120 65 51 78
internal_value=0 -0.00175114 0.00112741 0.0072395 0.0106217 9.38308e-05 -0.00293556 -0.000357869 0.0158606 0.0216085 -0.00195969 -0.00765816 0.000644345 -0.00710282 -0.00133649 0.00228629 -0.000573325 0.00177417 0.00707817 -0.00827853 0.00389484 0.00584262 -0.0111563 -0.0144681 -0.00518731 -0.00223152 0.00222956 0.0112949 -0.00346414 -0.0140402
internal_weight=0 282.487 631.112 91.2867 72.9519 539.826 240.935 256.629 50.9987 35.0942 229.408 71.9528 157.456 46.5379 241.572 124.472 99.0709 89.7529 58.7534 30.9994 110.918 98.5463 60.7342 50.4959 117.1 87.7894 64.547 24.9007 39.6463 29.3109
internal_count=4080 1267 2813 411 330 2402 1056 1155 234 164 1007 322 685 205 1083 564 452 411 272 139 480 426 272 226 519 387 286 115 171 132
is_linear=0
shrinkage=0.03


Tree=237
num_leaves=31
num_cat=0
split_feature=14 1 0 0 13 13 14 3 1 6 8 0 10 10 1 14 14 10 1 1 8 1 12 14 13 6 10 5 5 14
split_gain=2.45634 3.75098 3.82199 6.43604 4.78579 5.19131 3.643 4.80701 3.56653 3.61634 3.13848 5.60934 3.13441 3.08188 3.52642 6.44376 5.36871 3.3556 4.06771 2.36697 3.26774 3.29692 3.4413 3.25868 3.07089 3.02527 2.7388 2.46055 1.94312 3.60361
threshold=-2.6949354813847206 21.954999923706058 0.15317171947823541 0.047719481656867353 7.8225000000000042 7.0421428571428626 3.0806889735981113 63.732859550208467 21.309999465942386 0.82034052323042939 1.1210095885525051 0.06810484490043868 -0.072213049893480416 -0.35578793408051718 19.875000000000004 -5.5535247479947349 -6.879288228861884 -0.16699899281524591 30.135000228881839 20.360000610351566 1.2133666019923708 19.954999923706058 1924252.0000000002 1.3716966491685822 4.6264285714285771 1.5381594845664099 0.012527091921901492 0.020277673156312962 0.031499030773043342 -3.7972743625982273
decision_type=2 2 2 2 2 2 2 2 2 2 2 2 2 2 2 2 2 2 2 2 2 2 2 2 2 2 2 2 2 2
left_child=13 8 3 4 5 6 7 -3 19 -10 11 -5 -8 -1 -15 16 17 -16 -19 20 21 22 -2 -21 -22 -24 -25 -26 29 -17
right_child=1 2 -4 10 -6 -7 12 -9 9 -11 -12 -13 -14 14 15 28 -18 18 -20 23 24 -23 25 26 27 -27 -28 -29 -30 -31
leaf_value=0.012065136511344674 -0.01661373890664241 0.0016777371734372618 -0.0089213857069952544 0.026542108956940997 -0.015793005050475904 0.022415655117494458 0.014755520851473873 -0.019269087220478886 0.0030618998433131371 -0.017684818032399675 0.028664240221305627 -0.0023383592801788158 0.00035479054100104101 0.0077076161416375927 0.0092998391703531628 -0.010810275237896568 0.015535219492829948 0.0019773202713846091 -0.019719370233150624 0.019686129328544678 0.004571961606007046 -0.014658981370949868 0.0016430794052290146 -0.0079386145443986651 -0.0065248412398321827 -0.012402058041546277 0.010972050845707865 -0.023908878978330186 -0.004608527553374246 -0.030710611325209587
leaf_weight=10.346805512905119 9.9746864289045316 47.741497240960598 17.451006751507521 10.878554329276087 11.412907063961027 13.045410402119158 29.215054288506508 12.426581740379332 12.007453247904776 20.422461405396461 13.094023689627646 13.643921434879301 25.454864859580994 16.798596478998661 10.071731142699713 19.284678086638447 14.218084760010241 13.454119831323629 18.429917551577091 12.868112891912459 12.104029864072798 12.73141899704933 438.0860256254673 13.953130647540094 18.925405040383342 14.251417458057402 13.621598795056341 11.957735762000082 10.759961634874342 14.234405979514124
leaf_count=51 43 221 83 54 51 60 137 55 52 89 65 63 113 77 50 90 66 64 89 56 54 54 1911 60 81 63 60 52 51 65
internal_value=0 0.000857929 0.00447315 0.00579441 0.0028209 0.00448209 0.00244486 -0.00264843 -0.000331214 -0.0100032 0.0168055 0.0104735 0.0080504 -0.00362992 -0.00501492 -0.00714249 -0.000396567 -0.00579557 -0.010564 0.000230425 -0.000315281 0.000401472 0.000816216 0.00722036 -0.008236 0.00120057 0.00140304 -0.0132558 -0.0157006 -0.0192613
internal_weight=0 785.267 194.364 176.913 139.296 127.883 114.838 60.1681 590.903 32.4299 37.6165 24.5225 54.6699 127.598 117.251 100.453 56.1739 41.9558 31.884 558.474 518.031 475.044 462.312 40.4428 42.9872 452.337 27.5747 30.8831 44.279 33.5191
internal_count=4080 3477 902 819 637 586 526 276 2575 141 182 117 250 603 552 475 269 203 153 2434 2258 2071 2017 176 187 1974 120 133 206 155
is_linear=0
shrinkage=0.03


Tree=238
num_leaves=31
num_cat=0
split_feature=5 5 5 2 10 0 0 8 7 11 6 13 1 1 8 2 10 12 2 12 5 11 3 8 0 0 3 11 7 0
split_gain=1.68645 5.65433 4.16203 4.38275 4.90367 4.15798 4.76541 4.14292 3.91712 4.03777 3.57575 4.11631 7.21205 5.91969 4.41203 3.57568 4.97062 4.17898 5.68509 3.56684 3.41283 3.25705 3.19085 5.07337 3.51388 4.59365 4.15095 3.35188 3.11539 2.98711
threshold=0.012925600814916673 0.016108492940620559 0.0046595079079827526 -0.0020172533446689437 -0.17525629231486126 -0.0092975524944055015 -0.012624335469893831 0.74937790321610176 0.95103252923381165 0.0072189407704036377 0.88749717581887944 4.3382142857142814 14.530000209808351 15.944999694824221 0.9092463331876226 0.0046062663681683373 -0.319695557908518 86009264.000000015 -0.0016852878282460984 5080596.0000000009 -0.0071461180515003378 0.00065851363118052408 47.245910043835515 0.87029170229588992 -0.025115816825805323 -0.061118747411496192 64.263764922044189 0.010484070876399911 0.94640574096913477 -0.0069696703351282965
decision_type=2 2 2 2 2 2 2 2 2 2 2 2 2 2 2 2 2 2 2 2 2 2 2 2 2 2 2 2 2 2
left_child=2 -2 5 -4 -5 6 15 -3 9 -6 22 -12 -13 -14 -15 17 -17 18 21 -18 -20 -1 27 28 25 -25 -26 -9 -24 -7
right_child=1 7 3 4 8 29 -8 10 -10 -11 11 12 13 14 -16 16 19 -19 20 -21 -22 -23 23 24 26 -27 -28 -29 -30 -31
leaf_value=-0.0042639474023835246 -0.015074627916581183 0.014950198864324941 -0.0060922892480590254 -0.0015251432632370897 0.011424507812032575 0.018104092110419086 -0.021667128529385148 -0.0016794646948277176 0.0031047046262987232 0.031874876735510926 0.013028169804397706 -0.027087713533775752 0.025524027206777614 0.015125577999514877 -0.0036467788327394697 0.010924383680777004 -0.026817092146467825 0.01527327506725547 0.0062435862191412171 -0.0075242700405108113 -0.0055537469267807043 -0.022554059050921008 -0.025285798431298516 -0.0042874716323610985 -0.0097204486618303956 0.021897645539071857 0.011550609729261871 -0.022272145223768702 -0.0033065069712345549 0.0018750704663363222
leaf_weight=23.876977980136871 25.857116714119911 14.986667171120642 18.323311373591423 21.943258285522461 18.41523677110672 10.582335591316221 11.531130298972128 12.232097774744036 15.895444378256796 16.45221221446991 25.329105138778687 8.417126536369322 8.6648767068982107 13.492155581712721 68.350089870393276 11.191290087997912 10.411130666732786 15.782613545656202 71.924001455307007 50.257344745099545 31.838831499218941 13.842791244387625 11.541928768157961 10.342132657766344 27.879049494862556 14.460167929530142 11.73117959499359 17.001441806554794 11.674857214093207 287.9712682813406
leaf_count=108 112 72 81 96 85 48 49 54 70 79 112 37 43 61 311 50 44 70 312 228 137 58 51 50 120 65 51 78 50 1298
internal_value=0 -0.00170451 0.00108679 0.00702026 0.0103249 8.50971e-05 -0.00284915 -0.000354615 0.0154473 0.021074 -0.00130589 0.00223714 -0.000525849 0.00194439 -0.00055205 -0.0019021 -0.00744628 0.000631225 -0.00100212 -0.0108351 0.00262366 -0.0109762 -0.00507299 -0.00220979 0.00212393 0.0109789 -0.0034207 -0.0136556 -0.0142332 0.00245031
internal_weight=0 281.96 630.239 91.0295 72.7062 539.21 240.656 256.103 50.7629 34.8674 241.116 124.253 98.9242 90.5071 81.8422 229.125 71.8598 157.265 141.483 60.6685 103.763 37.7198 116.863 87.6293 64.4125 24.8023 39.6102 29.2335 23.2168 298.554
internal_count=4080 1267 2813 411 330 2402 1056 1155 234 164 1083 564 452 415 372 1007 322 685 615 272 449 166 519 387 286 115 171 132 101 1346
is_linear=0
shrinkage=0.03


Tree=239
num_leaves=31
num_cat=0
split_feature=14 1 0 0 13 3 2 0 8 1 1 6 8 0 2 0 3 8 0 5 1 14 8 1 13 13 0 13 1 12
split_gain=2.21715 3.52931 3.62798 6.06222 4.5151 4.93666 8.99814 6.39024 5.40725 3.50781 3.33188 3.4048 3.01311 5.3465 2.99406 4.63149 4.57644 3.16689 3.02657 2.67039 2.22287 3.10351 3.03208 3.10176 3.38473 4.77162 4.24191 2.86814 2.38312 2.31933
threshold=-2.6949354813847206 21.954999923706058 0.15317171947823541 0.047719481656867353 7.8225000000000042 65.861025529946332 0.00028052841742199079 -0.0040932791442906393 1.0702412339598235 23.289999961853031 21.309999465942386 0.82849071495703686 1.1210095885525051 0.06810484490043868 -0.0036773137751762511 -0.031851726960493258 45.569905976580607 1.191587384490979 0.033504140313862958 0.040087443057630796 20.360000610351566 1.3716966491685822 1.2133666019923708 19.954999923706058 4.2553571428571404 4.3382142857142814 0.023528256562062814 4.6264285714285771 17.335000038146976 27972923.500000004
decision_type=2 2 2 2 2 2 2 2 2 2 2 2 2 2 2 2 2 2 2 2 2 2 2 2 2 2 2 2 2 2
left_child=14 10 3 4 5 6 8 -7 -3 -8 20 -12 13 -5 17 19 -17 18 -1 -16 22 -22 23 24 26 -26 -2 -24 -29 -23
right_child=1 2 -4 12 -6 7 9 -9 -10 -11 11 -13 -14 -15 15 16 -18 -19 -20 -21 21 29 27 -25 25 -27 -28 28 -30 -31
leaf_value=-0.0080092805813896245 0.00067599321227405874 0.031457739645307889 -0.0087210978598929161 0.025915511730356725 -0.015351497044223608 0.0040055253187626545 0.013647466533773533 -0.022996212134589977 0.007166605305333658 -0.0032298001154516527 0.0026056765662676572 -0.017378841536768028 0.028018074682368155 -0.0023464324374117777 -0.012784157933749738 -0.0011422523932883666 0.019864344875185926 0.0013992369477772138 -0.027544163141235312 0.0027550921012359014 0.019173094542878046 0.011411923970098495 0.004436314639676575 -0.014247894519575543 0.021860864608927465 0.0021912647454190135 -0.0087563105008839851 -0.0031840786659937531 -0.020025183203502748 -0.0061947863894824097
leaf_weight=19.697047725319866 147.41646601259708 18.216427281498909 17.455504730343819 10.786514885723593 11.407236762344835 23.023126065731049 14.755027428269385 11.999393641948698 15.070908427238463 44.54103047400713 12.470389336347578 19.94310200214386 12.978221900761126 13.6452599465847 25.948457166552544 22.480376146733761 15.960604734718798 15.871540755033491 11.194728523492811 16.146334148943424 12.826488733291624 11.732497677206995 12.079150557518004 12.721486583352087 11.632861047983168 242.25889577716589 60.530740335583687 13.235866084694864 17.641464248299599 15.803994029760359
leaf_count=90 643 91 83 54 51 101 66 53 73 202 54 87 65 63 123 103 76 74 55 82 56 51 54 54 51 1061 262 57 76 69
internal_value=0 0.000813797 0.00432559 0.00561645 0.00273158 0.00434811 0.00797729 -0.00524579 0.0204599 0.000969881 -0.000339634 -0.00969023 0.0163364 0.0101311 -0.00345467 5.1209e-05 0.00757964 -0.0094925 -0.0150884 -0.00682375 0.000203647 0.00698441 -0.000325208 0.000365665 0.000768199 0.00309249 -0.00206963 -0.0079576 -0.0128061 0.00130692
internal_weight=0 784.172 193.879 176.423 139.013 127.606 92.5834 35.0225 33.2873 59.2961 590.293 32.4135 37.41 24.4318 127.299 80.5358 38.441 46.7633 30.8918 42.0948 557.88 40.363 517.517 474.56 461.839 253.892 207.947 42.9565 30.8773 27.5365
internal_count=4080 3477 902 819 637 586 432 154 164 268 2575 141 182 117 603 384 179 219 145 205 2434 176 2258 2071 2017 1112 905 187 133 120
is_linear=0
shrinkage=0.03


Tree=240
num_leaves=14
num_cat=0
split_feature=12 5 6 14 2 3 13 11 3 5 14 11 12
split_gain=1.4379 3.81975 1.42609 1.6968 1.9887 1.63833 4.10459 6.05847 2.34016 5.07046 4.25347 2.40197 2.12593
threshold=2293553.5000000005 0.0011197949266646969 2.1317538714827493 -10.889036917911186 0.019030223929688096 79.319249679139816 2.9035714285714298 0.018182204933781202 72.080770667628386 -0.0268016578733371 4.771393706636375 0.054997022912856915 2634502.5000000005
decision_type=2 2 2 2 2 2 2 2 2 2 2 2 2
left_child=1 -1 3 -2 5 8 -7 -8 11 -10 -11 12 -5
right_child=2 -3 -4 4 -6 6 7 -9 9 10 -12 -13 -14
leaf_value=-0.014375439044790866 0.011460230509705694 0.0050365263326987604 -0.0090407070499278746 0.0084586624955786741 -0.011500746292964737 0.011423178354241377 -0.019409054001773784 0.0025259670142287372 0.02448735914151853 -0.0036609240702872316 0.011737931400717725 -0.012508395381741227 0.00011656305994086148
leaf_weight=20.659675896167755 12.289540715515612 16.337377682328224 14.668275907635687 28.693022087216377 12.804676741361616 11.601383462548254 22.943091869354248 22.393911793828011 11.090727433562277 39.787819907069206 27.166859686374664 13.088650494813917 658.02870209142566
leaf_count=90 63 74 65 125 64 50 99 99 51 173 118 61 2949
internal_value=0 -0.00580339 0.000234687 0.00039291 0.000232442 0.000412414 -0.00449982 -0.0085744 0.000771986 0.00569931 0.00258716 0.000222472 0.000465118
internal_weight=0 36.9971 874.557 859.888 847.599 834.794 56.9384 45.337 777.856 78.0454 66.9547 699.81 686.722
internal_count=4081 164 3917 3852 3789 3725 248 198 3477 342 291 3135 3074
is_linear=0
shrinkage=0.03


Tree=241
num_leaves=29
num_cat=0
split_feature=12 5 4 3 9 10 1 2 3 14 4 4 12 7 3 1 14 4 14 2 2 12 2 10 9 12 9 5
split_gain=1.35432 3.60002 1.3589 2.7713 4.25217 3.41619 2.85002 2.4206 4.27667 2.99909 2.17794 4.17864 3.9373 3.73687 4.74015 4.81156 3.32029 3.30691 3.67031 2.91229 6.61901 2.87737 2.62124 5.15157 3.00367 3.42181 2.70088 1.83411
threshold=2293553.5000000005 0.0011197949266646969 -0.017264988352319318 29.281260823127351 -0.033541885148871402 0.22027451181162208 27.900000572204593 -0.0021054880978360366 47.800621080143564 0.89393838065383202 -0.009983234510343773 -0.0074612777617738537 58248614.500000007 0.17100927998549514 56.561098397536163 19.954999923706058 2.0743162392587884 -0.0041400226465883585 1.7609795124127203 0.001524012365889389 -0.001577848359153283 41298250.000000007 -0.006053157551211239 0.082828082485070245 -0.024223960934413365 39219650.000000007 -0.010831304487432412 0.00143739210190752
decision_type=2 2 2 2 2 2 2 2 2 2 2 2 2 2 2 2 2 2 2 2 2 2 2 2 2 2 2 2
left_child=1 -1 3 6 5 -5 -2 9 -9 -6 13 12 -12 21 16 -16 -15 18 -13 20 -20 -4 23 27 25 -24 -26 -19
right_child=2 -3 10 4 7 -7 -8 8 -10 -11 11 17 -14 14 15 -17 -18 22 19 -21 -22 -23 24 -25 26 -27 -28 -29
leaf_value=-0.013966600476855976 -0.0043093948139221426 0.0048867222731811934 0.0049567174114944507 -0.0063669670158230307 0.020052915483762299 -0.027313591623495056 0.016574984142460145 0.0055849761505143095 -0.01943839816061033 -0.0011815883705054255 -0.018871382449916364 0.017677236698851573 0.0028583758417634699 0.002751562529974781 0.02200795938636551 -0.003741991076381897 -0.017061328828772728 -0.026335660573081822 0.010403691553180598 0.012921955727097695 -0.019876728262660865 0.02604487846274579 0.0060884328438785343 0.0052444980726611022 0.0090027937811029916 -0.012874428904824473 0.00050165515803923875 -0.0090248646243653065
leaf_weight=20.627004697918892 11.813497722148897 16.333125114440918 11.686241678893568 17.454131960868839 8.8384409472346324 11.707758501172064 11.710760965943335 11.943975612521173 12.664726324379442 18.549437947571278 19.519604206085209 20.383132949471474 12.192136794328688 15.687345921993257 14.61279706656933 11.808573529124258 14.788792490959166 10.24729308485985 13.743207365274428 14.338756039738653 12.322195738554003 11.606812410056589 12.120644077658651 16.158944442868233 36.16281546652317 29.188377134501934 481.21581539511681 11.911774180829523
leaf_count=90 52 74 53 82 46 54 55 54 58 89 85 94 54 71 64 54 67 47 62 65 52 56 55 73 162 136 2122 55
internal_value=0 -0.00563509 0.00022772 -0.0029792 -0.00560714 -0.0147765 0.00608719 -0.000464578 -0.00729316 0.00567107 0.000663878 0.000119654 -0.010517 0.0053433 0.00119968 0.0104995 -0.0068628 0.00063244 0.00729852 0.00206266 -0.00391112 0.0154648 -4.63028e-05 -0.00763677 0.000474295 -0.00731046 0.00109585 -0.0170301
internal_weight=0 36.9601 874.378 104.683 81.1585 29.1619 23.5243 51.9966 24.6087 27.3879 769.695 689.505 31.7117 80.1906 56.8975 26.4214 30.4761 657.793 60.7873 40.4042 26.0654 23.2931 597.006 38.318 558.688 41.309 517.379 22.1591
internal_count=4081 164 3917 490 383 136 107 247 112 135 3427 3062 139 365 256 118 138 2923 273 179 114 109 2650 175 2475 191 2284 102
is_linear=0
shrinkage=0.03


Tree=242
num_leaves=23
num_cat=0
split_feature=6 6 1 13 4 5 0 10 9 4 4 12 4 14 10 4 9 6 4 9 3 13
split_gain=1.27968 1.82054 2.43167 3.93341 2.33034 3.76661 3.75833 4.38001 3.22063 2.98876 3.68136 3.8239 3.31507 3.61596 3.24062 2.73099 4.69803 3.22716 2.25777 2.19079 2.06625 1.85314
threshold=2.1317538714827493 1.6291637224657205 20.814999580383304 6.0639285714285691 -0.014859775681617891 -0.0063492113895119986 0.013327299702617259 -0.17252330176431521 -0.033541885148871402 -0.009983234510343773 -0.0074612777617738537 58248614.500000007 -0.0041400226465883585 1.5202017672125641 -0.14289192542594323 -0.0012833998019791679 0.01084601761944526 1.3166479122609211 -0.024593226233536988 -0.0074277501496914913 47.800621080143564 5.1946428571428642
decision_type=2 2 2 2 2 2 2 2 2 2 2 2 2 2 2 2 2 2 2 2 2 2
left_child=1 4 -3 -4 5 6 7 -1 -8 14 11 -11 13 -12 -6 16 -14 -17 -7 -16 -10 -15
right_child=-2 2 3 -5 9 18 8 -9 20 10 12 -13 15 21 19 17 -18 -19 -20 -21 -22 -23
leaf_value=-0.0048456343342874681 -0.0088047868757359909 -0.0048351751760202979 0.023302118839535015 -6.1787358136046586e-05 -0.0042803114436607125 -0.0030743914898787063 -0.017811611356662704 0.021518816214817538 0.0099893316047786167 -0.017690713551798885 0.018107138838269386 0.0038825855515886194 0.0014699335079309875 -0.002368092917042102 0.0042878252636272375 0.00099798250711543982 -0.014210289583984594 -0.0085953400921601666 -0.018621209916102228 0.018576525995439953 -0.0070622229597358671 0.010474444788014393
leaf_weight=10.370991155505182 14.649415194988249 11.567895665764807 13.0642346739769 12.877780079841612 15.790373578667639 14.02484095841646 13.178216293454168 12.514898009598253 11.366672977805139 20.778348982334137 18.426287278532982 11.48019355535507 36.431882724165916 28.008295655250549 18.264787502586842 509.82166654616594 32.572219684720039 33.64163875579834 20.987699799239635 20.492687627673149 14.625249996781347 15.826326712965963
leaf_count=49 65 51 63 60 69 67 59 60 54 91 86 51 162 123 85 2267 141 148 97 92 70 71
internal_value=0 0.000134095 0.00660348 0.0117041 -0.000148534 -0.00452617 -8.72569e-05 0.00957148 -0.00573055 0.000409459 -0.000112583 -0.0100132 0.000360762 0.0069561 0.00717556 -0.000309692 -0.00593165 0.000404134 -0.0123937 0.0118429 0.000394688 0.00226866
internal_weight=0 896.113 37.5099 25.942 858.603 97.0686 62.056 22.8859 39.1701 761.535 706.987 32.2585 674.728 62.2609 54.5478 612.467 69.0041 543.463 35.0125 38.7575 25.9919 43.8346
internal_count=4081 4016 174 123 3842 456 292 109 183 3386 3140 142 2998 280 246 2718 303 2415 164 177 124 194
is_linear=0
shrinkage=0.03


Tree=243
num_leaves=31
num_cat=0
split_feature=12 5 8 12 12 1 4 7 0 9 4 9 3 11 11 10 7 2 13 4 0 5 1 0 0 9 12 1 12 4
split_gain=1.27504 3.38496 1.21185 2.88809 4.54211 4.15734 3.75798 3.89293 4.52431 4.07046 3.80008 3.53067 4.26382 3.51835 3.46841 2.7891 3.60333 2.71531 2.5563 9.76382 3.54213 4.15679 4.25198 6.6207 7.5887 3.97182 4.49113 4.63562 4.08999 3.99025
threshold=2293553.5000000005 0.0011197949266646969 0.99434422031624237 65138900.000000007 56440819.500000007 17.445000648498539 -0.0069406021281500632 0.46778857199869706 -0.024285433474319492 0.043453824945047244 -0.009983234510343773 0.03408267799036125 64.930031517637232 -0.023503376052307897 -0.0040556699522904518 0.41634503243814874 0.85892600325948909 -0.0021054880978360366 3.2653571428571517 0.0039722337732925892 -0.023233455827187496 0.04441703906201256 17.615000724792484 0.031068808896354997 0.0099479946771213763 0.044001479456512678 4142873.0000000005 17.505000114440922 33267706.000000004 0.0073191614979951644
decision_type=2 2 2 2 2 2 2 2 2 2 2 2 2 2 2 2 2 2 2 2 2 2 2 2 2 2 2 2 2 2
left_child=1 -1 3 4 6 -5 10 -8 9 -9 -2 12 -6 -7 -10 16 17 -15 19 -4 25 22 23 24 -22 26 29 -28 -29 -20
right_child=2 -3 18 5 11 13 7 8 14 -11 -12 -13 -14 15 -16 -17 -18 -19 20 -21 21 -23 -24 -25 -26 -27 27 28 -30 -31
leaf_value=-0.013561424881051743 -0.00066306381965976517 0.004731637634959646 0.020633940155410167 0.016161372943985813 -0.0050429557465404388 0.018378520336523884 0.018950153166899148 -0.0077148467965788853 0.017600611846488413 0.0080573829986144378 -0.018209133177531232 0.0028946279623205005 -0.028622505783670531 0.014032924340170434 0.0033351700811650232 0.011648960800939519 -0.014284958815359931 -0.0049813207100760544 -0.019881188716466439 -0.011031227823201421 -0.0072128573999669012 -0.01654557402286114 0.00050054026304512057 0.0057887319494885755 -0.032854722737675236 -0.014289816985799352 0.013926084991533978 0.013624938824727486 -0.001900066316518369 0.0043809714055443871
leaf_weight=20.584818333387375 36.590302482247353 16.32265231013298 20.019527688622475 26.024018093943596 15.791834294795992 10.222191900014876 12.789666697382925 60.518637523055077 17.135978296399117 19.462471947073936 15.952157154679297 14.473974972963331 12.260413631796835 11.357848551124333 146.29172947257757 12.954045183956621 18.695301868021488 16.694809138774875 13.226197272539141 15.587752640247343 37.920140489935875 21.724321022629738 130.6122885197401 20.766407683491707 14.306466847658156 12.87457726895809 39.097468122839928 19.600146234035492 69.163386903703213 11.324192926287649
leaf_count=90 171 74 93 117 71 51 57 264 77 85 70 66 52 54 639 58 85 75 57 72 163 101 598 90 60 56 178 90 316 51
internal_value=0 -0.00547116 0.000221466 0.00131238 5.23848e-05 0.00592522 0.00131847 0.00281736 0.00196967 -0.00387686 -0.00599014 -0.00913941 -0.0153485 0.00211558 0.00483095 -0.00066897 -0.00408232 0.00271709 -0.000923174 0.00677192 -0.00162463 -0.00407137 -0.0027404 -0.00853967 -0.0142369 0.00171093 0.00306256 0.00531914 0.00152806 -0.00868995
internal_weight=0 36.9075 873.438 447.215 351.267 95.9482 308.741 256.198 243.409 79.9811 52.5425 42.5262 28.0522 69.9242 163.428 59.702 46.748 28.0527 426.223 35.6073 390.616 225.33 203.605 72.993 52.2266 165.286 152.411 127.861 88.7635 24.5504
internal_count=4081 164 3917 1992 1552 440 1363 1122 1065 349 241 189 123 323 716 272 214 129 1925 165 1760 1012 911 313 223 748 692 584 406 108
is_linear=0
shrinkage=0.03


Tree=244
num_leaves=10
num_cat=0
split_feature=6 0 0 14 1 0 6 3 11
split_gain=1.23201 2.80097 1.64517 1.46976 2.61133 2.80352 2.24911 3.17443 1.99426
threshold=2.0320352604408378 0.20137960547918801 0.15797637088179853 -10.889036917911186 36.270000457763679 0.1219111188443356 1.3166479122609211 65.861025529946332 -0.035771416284361805
decision_type=2 2 2 2 2 2 2 2 2
left_child=1 2 3 -1 5 6 8 -8 -5
right_child=-2 -3 -4 4 -6 -7 7 -9 -10
leaf_value=0.010748362885059705 -0.0076834719275599922 0.013330573354976576 -0.010327038731522974 0.0095302675149087895 -0.01392563542976229 0.011880003779031372 -0.001552576264465917 -0.014890287528164554 0.00019057780116279115
leaf_weight=11.51007032394409 18.444067731499672 14.277799934148787 13.837407097220419 21.193095237016678 12.024131551384924 17.960028447210789 73.476300835609436 20.552188649773598 706.54520745575428
leaf_count=58 82 71 65 101 65 81 329 90 3139
internal_value=0 0.000149869 -6.46921e-05 9.98054e-05 -4.40931e-05 0.000154678 -0.000101583 -0.00446785 0.000462567
internal_weight=0 891.376 877.098 863.261 851.751 839.727 821.767 94.0285 727.738
internal_count=4081 3999 3928 3863 3805 3740 3659 419 3240
is_linear=0
shrinkage=0.03


Tree=245
num_leaves=17
num_cat=0
split_feature=1 1 0 0 6 9 12 10 7 1 5 11 3 1 10 5
split_gain=1.61869 4.17304 2.10001 2.6263 3.50218 4.35655 5.05252 3.376 3.15466 3.14504 3.97952 2.94678 5.95117 5.32986 2.31447 2.39665
threshold=34.069999694824226 41.274999618530281 0.18050543084845863 0.1219111188443356 1.2252496739639325 -0.044605324451516097 49154209.000000007 0.54870607106951175 0.095744182661236174 14.465000152587892 0.03372554188947164 -0.014002437955266676 52.161161938865789 24.729999542236332 0.66462596657290851 -0.021524028612266984
decision_type=2 2 2 2 2 2 2 2 2 2 2 2 2 2 2 2
left_child=2 -2 3 4 5 6 -1 -5 -7 -6 11 13 -13 -11 15 -10
right_child=1 -3 -4 7 9 8 -8 -9 14 10 -12 12 -14 -15 -16 -17
leaf_value=-0.0041521456699345344 0.018464727266268455 -0.0040087880670886247 -0.010027136339872986 -7.0767970367564129e-05 0.0061563364287252021 -0.014982953794394798 0.022392731607859876 0.020958130195447004 0.0033569154141347649 0.0059090366910130769 0.0084639928307368249 -0.02814478055178141 -0.0070306074108424203 -0.013523573161418584 0.010001309163332407 -0.0012418779317919322
leaf_weight=10.604519292712213 13.976023949682714 15.891799226403235 20.740431249141693 16.63729199022055 19.669837981462479 12.865399084985254 16.486026704311371 11.70464378595352 128.16044929623604 26.365911334753036 13.691687807440756 17.181341633200645 39.949129790067673 24.512437798082829 20.251782491803169 499.47128495573997
leaf_count=50 82 83 98 75 86 58 79 52 570 119 64 75 174 111 92 2200
internal_value=0 0.00650722 -0.00059448 -0.000366345 -0.00067328 0.000210601 0.0120018 0.00861374 -0.000272836 -0.00497381 -0.00677272 -0.0087042 -0.0133805 -0.00345331 1.92716e-05 -0.000302819
internal_weight=0 29.8678 878.292 857.552 829.21 687.839 27.0905 28.3419 660.749 141.37 121.701 108.009 57.1305 50.8783 647.884 627.632
internal_count=4068 165 3903 3805 3678 3049 129 127 2920 629 543 479 249 230 2862 2770
is_linear=0
shrinkage=0.03


Tree=246
num_leaves=17
num_cat=0
split_feature=1 1 0 0 6 9 12 10 7 1 5 2 10 10 5 0
split_gain=1.52709 3.95433 1.97602 2.47259 3.29695 4.11095 4.78337 3.18338 2.9665 2.96056 3.74596 4.15196 7.15645 2.1812 2.25554 1.9103
threshold=34.069999694824226 41.274999618530281 0.18050543084845863 0.1219111188443356 1.2252496739639325 -0.044605324451516097 49154209.000000007 0.54870607106951175 0.095744182661236174 14.465000152587892 0.03372554188947164 0.003883476925836966 0.6162156179179179 0.66462596657290851 -0.021524028612266984 -0.027716390352376493
decision_type=2 2 2 2 2 2 2 2 2 2 2 2 2 2 2 2
left_child=2 -2 3 4 5 6 -1 -5 -7 -6 11 12 -11 14 -10 -13
right_child=1 -3 -4 7 9 8 -8 -9 13 10 -12 15 -14 -15 -16 -17
leaf_value=-0.0040268800424302286 0.018024142821207085 -0.0038876756002926322 -0.0097269410761481098 -6.864539979599998e-05 0.0059762432568805134 -0.014525291296320719 0.021823414593976631 0.020360600819841274 0.0032575309904173846 0.00039713100765770195 0.0082199368254522523 -0.010279797281540584 -0.022007624910111809 0.0097171548666468172 -0.001204488656357838 -0.024685045094904844
leaf_weight=10.60633820295334 13.889454655349256 15.89521601051092 20.739130266010761 16.637276962399486 19.654936343431473 12.872525952756403 16.409789137542248 11.686967790126799 128.10919037461281 58.360135480761528 13.675507381558416 17.047372564673424 16.446975827217102 20.219177976250648 499.52555196732283 16.119444027543068
leaf_count=50 82 83 98 75 86 58 79 52 570 259 64 76 73 92 2200 71
internal_value=0 0.00633044 -0.000576724 -0.000355388 -0.000653173 0.000204364 0.0116748 0.00836074 -0.000264644 -0.00482689 -0.00657235 -0.00844588 -0.00452874 1.87074e-05 -0.000293727 -0.0172809
internal_weight=0 29.7847 878.11 857.371 829.047 687.743 27.0161 28.3242 660.726 141.304 121.649 107.974 74.8071 647.854 627.635 33.1668
internal_count=4068 165 3903 3805 3678 3049 129 127 2920 629 543 479 332 2862 2770 147
is_linear=0
shrinkage=0.03


Tree=247
num_leaves=16
num_cat=0
split_feature=1 1 0 0 10 6 9 12 9 3 0 12 7 10 5
split_gain=1.4522 3.30815 1.73516 1.96076 3.38609 2.92942 3.71123 4.78804 2.9732 5.28931 5.38672 3.44106 2.78682 2.05891 2.13258
threshold=33.649999618530281 41.274999618530281 0.18050543084845863 0.1219111188443356 0.54870607106951175 1.2252496739639325 -0.044605324451516097 49154209.000000007 -0.045949985888853621 37.81267873523317 0.078704974696769084 78129350.000000015 0.095744182661236174 0.66462596657290851 -0.021524028612266984
decision_type=2 2 2 2 2 2 2 2 2 2 2 2 2 2 2
left_child=2 -2 3 5 -5 6 7 -1 -7 -10 11 -11 -8 14 -14
right_child=1 -3 -4 4 -6 8 12 -9 9 10 -12 -13 13 -15 -16
leaf_value=-0.0047649131474172277 0.015521015205978634 -0.0037702604672374563 -0.0093024260175074598 -0.0014454969656209574 0.019782334444494693 -0.015501210339050282 -0.014082926343644617 0.02126950275078944 0.011098225152695996 0.00054857864408269764 -0.024570449997768969 -0.012629104788532837 0.0031610639412798015 0.0094409730060223702 -0.0011783791188063159
leaf_weight=10.409835517406465 16.10398343577981 15.898473620414732 20.006825067102909 16.086954221129421 11.668024763464926 19.327036932110786 12.878470249474047 16.33320040255785 20.405057415366173 64.247094675898552 11.939126834273337 24.68727046251297 128.05894458293915 20.186837404966354 499.44104604423046
leaf_count=49 93 83 95 72 52 88 58 79 91 285 52 110 570 92 2199
internal_value=0 0.00593732 -0.000569018 -0.000364818 0.00747855 -0.000627759 0.000179374 0.0111355 -0.00457319 -0.00283169 -0.00564948 -0.00310941 -0.000264185 1.05838e-05 -0.000292794
internal_weight=0 32.0025 875.676 855.669 27.755 827.914 687.308 26.743 140.606 121.279 100.873 88.9344 660.565 647.687 627.5
internal_count=4068 176 3892 3797 124 3673 3047 128 626 538 447 395 2919 2861 2769
is_linear=0
shrinkage=0.03


Tree=248
num_leaves=20
num_cat=0
split_feature=1 1 0 0 6 9 12 10 1 5 2 10 7 9 5 5 0 14 10
split_gain=1.371 3.56822 1.76145 2.20011 2.92874 3.6646 4.28273 2.82422 2.77055 3.52459 3.9157 6.70568 2.66495 2.58869 2.66892 2.52461 8.4516 4.00007 1.85301
threshold=34.069999694824226 41.274999618530281 0.18050543084845863 0.1219111188443356 1.2252496739639325 -0.044605324451516097 49154209.000000007 0.54870607106951175 14.465000152587892 0.03372554188947164 0.003883476925836966 0.6162156179179179 0.22859430081827556 -0.018995769219821265 -0.014240869639667473 -0.025575317542829486 0.056773196092559493 -7.5295492427935811 0.26018712999464894
decision_type=2 2 2 2 2 2 2 2 2 2 2 2 2 2 2 2 2 2 2
left_child=2 -2 3 4 5 6 -1 -5 -6 10 11 -10 13 14 -7 16 -14 -17 -12
right_child=1 -3 -4 7 8 12 -8 -9 9 -11 18 -13 15 -15 -16 17 -18 -19 -20
leaf_value=-0.0037737746516542992 0.017220328279331728 -0.0036564272277444733 -0.009183284888784813 -4.0010318544926315e-05 0.0059018519672002379 -0.012902328170028298 0.020730354969817046 0.019222423860796204 0.00051933949124403217 0.0081192504610070985 -0.022293565106471874 -0.021178155568603089 0.0011360751271216885 -0.019398884280748513 0.0065857263574133204 -0.016808375621739105 0.026819113276237021 -0.00018185572763338616 -0.007748532229951045
leaf_weight=10.608167514204981 13.73072036355734 15.901580259203909 20.737019717693329 16.632300876080993 19.6479232609272 11.919861547648907 16.256425082683563 11.647959679365156 58.316259317100048 13.656817078590391 20.265721410512924 16.431378588080406 84.368660375475883 12.151161730289457 13.474086344242096 13.362765043973921 13.357249632477759 512.04137433320284 12.901384159922598
leaf_count=50 82 83 98 75 86 53 79 52 259 64 89 73 373 55 60 62 64 2253 58
internal_value=0 0.00601724 -0.000543727 -0.000334683 -0.000615466 0.000192785 0.0110543 0.00789372 -0.00455051 -0.00623978 -0.00805694 -0.00425031 -0.000248869 -0.00801106 -0.00256192 0.000218822 0.00464645 -0.000604723 -0.0166358
internal_weight=0 29.6323 877.777 857.039 828.759 687.54 26.8646 28.2803 141.219 121.572 107.915 74.7476 660.675 37.5451 25.3939 623.13 97.7259 525.404 33.1671
internal_count=4068 165 3903 3805 3678 3049 129 127 629 543 479 332 2920 168 113 2752 437 2315 147
is_linear=0
shrinkage=0.03


Tree=249
num_leaves=17
num_cat=0
split_feature=1 0 0 0 0 10 6 9 12 9 3 0 12 7 10 0
split_gain=1.30334 3.07511 1.99364 1.53424 1.72778 3.02386 2.5943 3.29913 4.29909 2.76346 5.02753 5.03715 3.21729 2.54304 1.91297 1.94986
threshold=33.649999618530281 -0.047805496744436175 0.091738005227369426 0.18050543084845863 0.1219111188443356 0.54870607106951175 1.2252496739639325 -0.044605324451516097 49154209.000000007 -0.045949985888853621 37.81267873523317 0.078704974696769084 78129350.000000015 0.095744182661236174 0.66462596657290851 0.052634953363097765
decision_type=2 2 2 2 2 2 2 2 2 2 2 2 2 2 2 2
left_child=3 -2 -3 4 6 -6 7 8 -1 -8 -11 12 -12 -9 15 -15
right_child=1 2 -4 -5 5 -7 9 13 -10 10 11 -13 -14 14 -16 -17
leaf_value=-0.0045075592852807048 -0.0086084094643059921 0.019449411317256336 0.0013043004197768218 -0.0087494539421653396 -0.001400996473109199 0.018680029843163956 -0.014852434818781027 -0.013451354556198036 0.020205378191246213 0.01096006951129792 0.0006187414481040412 -0.023689579932121785 -0.012125776965469513 -0.00083155634876576248 0.0091123031419237926 0.0047791027563002788
leaf_weight=10.412514418363573 9.5442784652113932 12.82700262591243 9.4753686487674695 20.003270015120506 16.086223393678669 11.626906305551527 19.289751380681992 12.874453879892824 16.179613344371319 20.386568740010262 64.212314575910568 11.917686611413954 24.678910762071609 565.54841537773609 20.149929940700531 61.842363357543945
leaf_count=49 48 79 49 95 72 52 88 58 79 91 285 52 110 2491 92 278
internal_value=0 0.00564189 0.0117403 -0.000536547 -0.000344447 0.0070239 -0.000591217 0.000168381 0.0105287 -0.00430584 -0.00262722 -0.00537497 -0.00291952 -0.000248784 1.37102e-05 -0.00027851
internal_weight=0 31.8466 22.3024 875.209 855.206 27.7131 827.493 687.007 26.5921 140.485 121.195 100.809 88.8912 660.415 647.541 627.391
internal_count=4068 176 128 3892 3797 124 3673 3047 128 626 538 447 395 2919 2861 2769
is_linear=0
shrinkage=0.03


Tree=250
num_leaves=31
num_cat=0
split_feature=13 1 1 4 11 0 3 2 12 1 7 7 13 2 11 1 1 4 10 12 7 1 11 11 4 9 3 2 10 4
split_gain=1.99189 3.27203 10.8579 3.48687 5.10887 4.2942 5.78494 4.92518 4.46886 4.00228 3.79491 3.60572 3.34929 3.33088 3.73974 3.31942 3.75164 3.97978 5.68214 5.20872 4.8205 4.2131 2.95691 2.3208 2.17512 4.42173 7.11561 8.02001 5.22137 3.9887
threshold=5.5060714285714285 17.840000152587894 17.285000801086429 -0.0060066738474309203 -0.0093214381863025424 0.047142331582309634 63.490655889109554 0.0042052918135460143 35486061.500000007 24.729999542236332 0.56424333336124544 0.20682088133833201 4.1835714285714287 0.00382142582484614 0.0027503383296704213 16.954999923706058 16.614999771118168 0.011973992038004979 0.16927391818323581 3166751.0000000005 0.88277223925332149 15.144999980926515 -0.0071536758668451763 0.012854285699428704 -0.0039919947125309765 -0.022569893513175784 54.979991663327333 -0.0049015823006442723 -0.31591536819485688 -0.0055703198069405593
decision_type=2 2 2 2 2 2 2 2 2 2 2 2 2 2 2 2 2 2 2 2 2 2 2 2 2 2 2 2 2 2
left_child=1 2 15 4 9 6 13 8 -8 11 -6 -3 -7 22 -15 16 17 19 -19 20 -1 -21 -5 -24 29 -26 28 -28 -27 -2
right_child=24 3 -4 5 10 12 7 -9 -10 -11 -12 -13 -14 14 -16 -17 -18 18 -20 21 -22 -23 23 -25 25 26 27 -29 -30 -31
leaf_value=-0.014586936149293569 -0.00013309102586382435 0.024352658980540034 -0.021087989092946877 0.02734642528090362 -0.025285661601270229 0.029211804585009427 -0.0017400050580637198 0.012682765729268521 -0.024073292665896782 -0.0076006118969883059 -0.0024027184465389147 0.0023932412733284852 0.0067183399025606437 -0.011164985836165977 0.01253008603283895 0.012338607294006078 -0.012789687070341081 -0.017535594065986728 0.0078194422022281121 0.00169992057393191 0.004881028167613744 0.012386257013431618 0.0045034750666258254 0.021415045181532699 -0.012485917354827373 -0.010562267574036071 -0.027975287198968912 -0.0034030952047835387 0.0092068364112914847 0.018963019437609183
leaf_weight=26.509822309017181 139.39397278800607 11.763110369443895 22.10306741297245 12.239613026380537 10.958435922861101 12.310370251536371 24.592439353466034 12.602401435375212 11.997640669345854 14.70500775426626 16.113563798367977 15.727129712700842 11.545159243047236 11.74983584880829 12.238938450813292 20.658745512366295 19.554441869258881 22.254908293485641 12.379700154066084 98.250566199421883 20.146300747990608 50.15290080010891 22.132070988416672 10.899973109364508 40.074544414877892 14.791108220815657 13.277885079383848 119.93730119615793 64.275155492126942 10.592323705554007
leaf_count=114 651 54 97 56 48 55 105 56 51 69 73 70 52 53 56 92 83 96 56 432 87 219 97 50 191 67 59 534 292 49
internal_value=0 0.0011855 -0.000872888 0.00402642 -0.00149382 0.00671334 0.00437467 -0.003492 -0.00906294 0.0050322 -0.0116655 0.0117897 0.0183258 0.009962 0.000924107 0.000782553 -0.00017526 0.000898637 -0.00847276 0.00256261 -0.00618059 0.00531136 0.014751 0.010084 -0.00164567 -0.00334621 -0.00162081 -0.00585227 0.00550858 0.00121551
internal_weight=0 503.586 292.01 211.576 69.2672 142.308 118.453 49.1925 36.5901 42.1952 27.072 27.4902 23.8555 69.2604 23.9888 269.907 249.249 229.694 34.6346 195.06 46.6561 148.403 45.2717 33.032 402.342 252.356 212.281 133.215 79.0663 149.986
internal_count=4064 2221 1276 945 314 631 524 212 156 193 121 124 107 312 109 1179 1087 1004 152 852 201 651 203 147 1843 1143 952 593 359 700
is_linear=0
shrinkage=0.03


Tree=251
num_leaves=31
num_cat=0
split_feature=13 14 2 0 0 5 1 2 0 0 4 6 8 6 13 2 6 2 8 0 5 5 6 8 13 8 7 7 10 7
split_gain=1.87554 3.16725 3.0604 4.85103 2.81341 2.2753 2.76896 4.32242 4.01102 7.08004 3.7129 2.60482 2.24127 7.25594 5.18739 3.27495 3.03239 4.27602 2.95603 2.05503 1.97753 3.86005 7.88768 5.47083 5.0394 4.09013 3.42733 5.97976 4.59751 3.50643
threshold=5.5060714285714285 -2.2254924051538323 0.0075648708933439661 -0.056198841691910133 -0.10208878064042463 -0.051988587084942965 22.494999885559086 0.0055798182064543183 -0.0073448186496602999 0.040590291029849575 0.012934989867484982 0.80640198461121493 0.85378937129470844 0.77289923572014485 7.2917857142857159 -0.00019324396036475916 0.65091976251865147 0.000644868382888488 0.87820220004773331 -0.013478840566942428 -0.004298720826752477 0.023425962633050416 1.3456319819811859 1.191587384490979 10.616785714285728 1.2690608512440902 0.68680132113543901 0.35310384091255398 0.16248129638621381 0.14494553206575914
decision_type=2 2 2 2 2 2 2 2 2 2 2 2 2 2 2 2 2 2 2 2 2 2 2 2 2 2 2 2 2 2
left_child=1 -1 4 -4 -3 -6 7 10 11 -10 -7 -8 13 15 19 -2 17 -14 -18 -15 26 22 23 -22 25 -23 27 29 -29 -20
right_child=12 2 3 -5 5 6 8 -9 9 -11 -12 -13 16 14 -16 -17 18 -19 20 -21 21 24 -24 -25 -26 -27 -28 28 -30 -31
leaf_value=0.016474667927012725 -0.007550968222744407 0.014878041721558204 -0.0040009911249322466 0.02242659932291213 -0.014234708250559804 0.00096388802199309754 0.0042015941902803161 -0.015442180566580746 -0.018508830726772316 0.0095140366194784391 -0.0088521911953765246 0.023470734737597556 0.0039192541959661119 -0.032652894594913912 0.00038853445109351969 0.013346594390185471 0.012817925468603303 -0.019752662577304722 0.00045849684312030737 -0.015522051042323579 0.0055509784085830726 -0.0014783632657968916 -0.016139436757719179 0.025563809021183641 0.01471435708809876 -0.018098614015072109 -0.01212193209429893 0.017219007793464688 -0.0050656320219124628 -0.013200308535488248
leaf_weight=11.853905752301214 11.241026226431133 11.506824806332586 11.074512183666231 14.352828472852705 10.082964383065699 327.04360118508339 11.138242848217489 17.254810318350792 12.584967553615568 22.84211552888155 38.793765723705292 14.577091261744497 11.691742680966856 10.974666073918343 13.066212691366671 16.890528455376625 16.017993852496147 16.645172938704491 37.001545548439026 14.803460098803043 41.815205007791519 55.898468919098377 11.083790361881254 17.412959471344948 13.168073527514933 17.497514881193638 29.521595761179924 23.39664988219738 12.940495245158671 31.160496279597282
leaf_count=54 53 53 49 68 46 1425 52 75 57 108 168 66 55 49 63 79 71 75 177 68 185 256 52 77 65 80 130 106 58 144
internal_value=0 0.00115131 0.000781554 0.0109164 0.000228334 -0.000142709 0.000177142 -0.000769079 0.00610576 -0.000440689 -7.7019e-05 0.0151246 -0.00159673 -0.00660697 -0.0150101 0.00499618 -0.000595795 -0.00998569 0.000271158 -0.0228153 -0.00041972 0.00186652 0.00708799 0.0114347 -0.00237465 -0.00544061 -0.00309584 -0.000545916 0.00928293 -0.00578567
internal_weight=0 503.106 491.252 25.4273 465.824 454.318 444.235 383.092 61.1424 35.4271 365.837 25.7153 402.228 66.9759 38.8443 28.1316 335.252 28.3369 306.915 25.7781 290.897 156.876 70.312 59.2282 86.5641 73.396 134.021 104.499 36.3371 68.162
internal_count=4064 2221 2167 117 2050 1997 1951 1668 283 165 1593 118 1843 312 180 132 1531 130 1401 117 1330 715 314 262 401 336 615 485 164 321
is_linear=0
shrinkage=0.03


Tree=252
num_leaves=30
num_cat=0
split_feature=13 14 2 12 0 5 2 8 6 13 8 8 9 5 4 9 0 12 9 0 2 2 0 5 5 2 2 9 8
split_gain=1.76602 2.99083 2.89299 4.53253 2.45538 2.14807 2.70155 2.6683 7.03949 4.84047 3.28393 6.22048 5.40846 3.64286 4.03149 4.89908 3.6041 3.97509 2.94136 2.56686 4.24771 2.65672 2.64776 2.11653 2.81899 2.95378 4.34327 1.71473 1.14958
threshold=5.5060714285714285 -2.2254924051538323 0.0071912730548804489 6108762.5000000009 -0.095226239160924694 -0.074484169905029526 -0.0034885212238337641 0.83827464309853705 0.77595092327062354 7.0421428571428626 1.0530948321780607 1.07289760561711 0.023627588452894702 -0.038112824010654293 -0.00036493514793684007 0.011524286911554495 -0.041497584316919293 48513700.000000007 0.0394961725641172 0.069248847446099285 -0.0098877669284986487 0.0090059296321225498 0.12763802256548665 -0.051988587084942965 -0.039904685575107006 0.0055798182064543183 0.0048616218344732865 0.04124549545197876 0.96018352812636387
decision_type=2 2 2 2 2 2 2 2 2 2 2 2 2 2 2 2 2 2 2 2 2 2 2 2 2 2 2 2 2
left_child=1 -1 4 -4 -3 6 -2 8 -7 -10 12 -12 13 -9 28 -16 -14 18 -18 20 -13 -22 -21 -6 -25 26 -26 -19 -15
right_child=5 2 3 -5 23 7 -8 10 9 -11 11 19 16 14 15 -17 17 27 -20 22 21 -23 -24 24 25 -27 -28 -29 -30
leaf_value=0.016032028692299721 -0.0044203545165413752 0.012591404532145105 -0.0049771725692711452 0.019294712143688119 -0.01378292705913349 0.0046911115931067325 0.016757983743241504 -0.0077827494872220564 -0.028870482023711661 -0.0044119489572395079 -0.024960239802418908 -0.023420413443265037 -0.017653886806315685 0.026349841848396376 -0.002690008700489281 0.019350441943059491 -0.01811439936330175 0.017444529677084528 0.0015508078543483683 0.012024266546690778 -0.00066764457417486803 -0.011618493952511784 -0.0050185720386192205 0.013752122034339717 -0.00036865182526950476 -0.012201908834193757 0.016839715488820923 0.00085977918554236389 0.013317765375724027
leaf_weight=11.816329121589659 9.5900537744164485 13.912501111626623 11.285038888454439 17.919253289699554 10.100785136222838 21.217704746872187 12.469429627060888 11.536749720573424 16.340082198381428 13.13717559725046 11.59712991863489 9.5043172612786275 13.787579476833342 12.789702326059343 26.989777520298958 13.675353795289992 13.297049388289453 11.066829472780229 14.108211040496824 20.259351715445518 109.35550470650196 24.384478941559792 13.787693560123442 13.215683579444883 392.97922030091286 18.022769004106522 13.658983260393141 11.380517438054083 11.632761120796202
leaf_count=54 48 65 50 84 46 98 62 54 75 62 53 46 62 58 122 62 57 51 62 95 491 116 66 62 1719 79 62 50 53
internal_value=0 0.0011174 0.000758533 0.00991564 0.000179549 -0.00155002 0.007551 -0.00207856 -0.0084855 -0.01797 -0.00109179 -0.00367399 0.00238556 0.00775423 0.0105082 0.00472202 -0.00407844 -0.000323926 -0.00799076 -0.0022816 -0.00404146 -0.00266429 0.0051226 -0.000205917 0.000107273 -0.000317362 0.000209377 0.00903627 0.0201425
internal_weight=0 502.911 491.094 29.2043 461.89 401.907 22.0595 379.848 50.695 29.4773 329.153 188.888 140.265 76.6243 65.0876 40.6651 63.6402 49.8526 27.4053 177.291 143.244 133.74 34.047 447.977 437.877 424.661 406.638 22.4473 24.4225
internal_count=4064 2221 2167 134 2033 1843 110 1733 235 137 1498 867 631 349 295 184 282 220 119 814 653 607 161 1968 1922 1860 1781 101 111
is_linear=0
shrinkage=0.03


Tree=253
num_leaves=31
num_cat=0
split_feature=13 1 1 5 11 10 10 10 2 9 7 5 0 11 1 5 9 8 3 7 10 1 6 1 1 0 1 2 14 11
split_gain=1.66283 2.95295 10.312 3.29589 4.24241 3.52733 4.7761 3.59097 3.48169 4.76532 4.17257 4.52709 3.92568 3.20156 4.13768 3.34982 4.10472 4.04765 6.40233 4.57125 3.19083 2.86011 2.50563 2.25295 2.56982 6.11499 4.30918 5.01908 4.85626 3.56637
threshold=5.5060714285714285 17.840000152587894 17.285000801086429 -0.019900401247601115 -0.0077826512319121846 0.048239351423312267 0.38041769650184803 -0.24590541325817886 0.0042052918135460143 -0.00090469213236560309 0.89817552650186727 -0.008667013729244109 0.0064501536781338418 -0.011683701144708123 17.07499980926514 -0.020691752621822376 0.03276848524233867 0.78659694763557875 76.340581665717011 0.96200469298178992 0.068267455855898787 21.954999923706058 0.93756800987635824 13.614999771118166 16.125000000000004 -0.013014501998048876 17.840000152587894 0.0013121741186250594 3.302632684236078 0.0025019242374155763
decision_type=2 2 2 2 2 2 2 2 2 2 2 2 2 2 2 2 2 2 2 2 2 2 2 2 2 2 2 2 2 2
left_child=1 2 13 5 20 7 -7 -3 9 12 11 -11 -6 -1 15 16 -15 18 -17 -19 -5 -12 -10 -2 25 -25 27 -26 -29 -28
right_child=23 3 -4 4 8 6 -8 -9 22 10 21 -13 -14 14 -16 17 -18 19 -20 -21 -22 -23 -24 24 26 -27 29 28 -30 -31
leaf_value=-0.011799403721267032 0.012405171309367575 0.0042829429155956129 -0.020595491443587303 0.028096618460480977 0.0025505767552787889 0.018246235310595441 -0.0053836618094485009 -0.017296539445080337 0.023346752028656794 -0.0028580059171686031 -0.0093384953252622725 0.018902397509733923 -0.021180978652262726 0.020651450170539373 0.019038799088116103 -0.0057934170745139596 -0.0021856995316072341 0.0003825016046666903 0.023833805047415817 -0.010982858384992758 0.0064475785745877331 0.0081371321504773546 0.0045621749740349634 0.0027919708792089734 0.020944358316092402 -0.019516674033353339 0.00066893036213232693 -0.012514398621459285 0.013771971380700335 -0.0058556265845226491
leaf_weight=17.154284805059433 10.213151454925535 10.920093119144441 22.051655232906342 12.629900798201563 11.982148513197901 13.704133480787279 17.565786577761173 19.042594641447067 12.610173270106317 12.672961898148058 20.944052621722221 26.802881427109241 13.167402684688566 15.752421557903292 11.671088412404059 11.996354654431345 12.871235832571982 144.89444434642792 14.497604101896284 40.823832780122757 11.900912046432493 14.105083897709845 12.957836970686911 21.514207452535629 16.439101710915565 22.754045054316521 169.25434058532119 13.640330895781519 11.794891968369482 135.97158721089363
leaf_count=75 46 51 97 57 53 63 82 84 59 56 89 120 57 70 52 53 55 639 63 172 53 62 59 97 73 98 795 60 53 621
internal_value=0 0.00108443 -0.000871064 0.00378787 0.00618523 -0.00207602 0.00497221 -0.00943176 0.00395068 0.00141733 0.00522789 0.0119166 -0.00987441 0.000741909 0.00159391 0.000748522 0.0103822 -0.000550896 0.0104187 -0.00211579 0.0175938 -0.00230565 0.0138268 -0.00150469 -0.00186768 -0.00867475 -0.000999523 0.00802508 -0.00032481 -0.00223762
internal_weight=0 502.719 291.713 211.006 149.773 61.2326 31.2699 29.9627 125.243 99.6745 74.525 39.4758 25.1496 269.661 252.507 240.836 28.6237 212.212 26.494 185.718 24.5308 35.0491 25.568 401.582 391.369 44.2683 347.1 41.8743 25.4352 305.226
internal_count=4064 2221 1276 945 665 280 145 135 555 437 327 176 110 1179 1104 1052 125 927 116 811 110 151 118 1843 1797 195 1602 186 113 1416
is_linear=0
shrinkage=0.03


Tree=254
num_leaves=31
num_cat=0
split_feature=13 14 2 0 0 8 13 12 8 8 9 5 5 12 0 8 0 4 0 0 5 11 0 5 1 2 0 0 4 8
split_gain=1.56562 2.81586 2.66847 4.58111 2.53252 2.00953 5.53388 3.83285 2.66013 5.07717 4.15774 4.55661 4.44061 3.04572 3.82629 3.17012 2.86897 3.23457 2.56856 3.19932 2.69191 3.54757 2.24465 1.94229 2.44821 3.93904 3.72394 6.65068 3.4461 2.07648
threshold=5.5060714285714285 -2.2254924051538323 0.0075648708933439661 -0.056198841691910133 -0.10208878064042463 0.85378937129470844 8.1892857142857078 27314900.000000004 1.0530948321780607 1.07289760561711 0.023627588452894702 -0.038112824010654293 0.042285693260823494 38587718.000000007 -0.039568606403770572 0.93023684945822882 -0.035961665749964726 -0.00036493514793684007 -0.11785057199633607 -0.092486952719352575 0.057175431068241529 0.022625659565311377 -0.028247300750300127 -0.051988587084942965 22.494999885559086 0.0055798182064543183 -0.0073448186496602999 0.040590291029849575 0.012934989867484982 0.85958412149555963
decision_type=2 2 2 2 2 2 2 2 2 2 2 2 2 2 2 2 2 2 2 2 2 2 2 2 2 2 2 2 2 2
left_child=1 -1 4 -4 -3 6 7 -2 10 -10 11 -7 16 -12 -15 -16 -13 -18 -11 -20 21 -21 -22 -6 25 28 29 -28 -25 -26
right_child=5 2 3 -5 23 8 -8 -9 9 18 13 12 -14 14 15 -17 17 -19 19 20 22 -23 -24 24 26 -27 27 -29 -30 -31
leaf_value=0.015566271441692857 0.0053557812195184091 0.014146048484440179 -0.0042812236306684964 0.021465275953582975 -0.01315983708955158 -0.0084906180834178127 0.0096004956568666762 -0.015049391576014504 -0.021542909343202851 -0.013843646790316171 -0.012963971570607632 0.027662314496534106 -0.0047822597673612107 -0.013570047070523275 -0.0020286629541083402 0.017579048414122504 0.019462961930106416 0.0011950072410270884 0.014875781061221196 -0.0014499134402985183 -0.0012933743260105733 0.015856432014245789 -0.020263582856343557 0.00091121626517959178 0.0043118979565375829 -0.014751298355291823 -0.018073178990062069 0.0090883112791493113 -0.008547650002279545 0.021659249070647556
leaf_weight=11.750372752547262 10.380397252738474 11.414751350879667 11.058950111269953 14.214199692010878 10.115291252732275 13.033500224351881 15.341366432607172 41.039212770760059 12.077364176511763 14.010837264358996 19.096342131495476 12.42663638293743 12.560210868716238 11.000518292188643 15.884997025132181 13.927681297063826 18.575203806161873 16.447149157524116 11.394966550171373 130.18390318751335 10.746817238628866 11.610884487628935 11.752804823219774 326.68357655405998 10.632583878934385 17.278140738606453 12.600032165646551 22.785003907978535 38.780166953802109 14.930838875472544
leaf_count=54 47 53 49 68 46 61 76 189 56 68 83 55 60 50 71 63 85 73 55 595 49 52 55 1425 50 75 57 108 168 68
internal_value=0 0.00105317 0.000705495 0.0101992 0.000189749 -0.00145981 -0.00621224 -0.0109301 -0.000511946 -0.00268283 0.00278274 0.00758739 0.0110794 -0.00307517 0.00155177 0.00713153 0.0152781 0.010884 -0.0014821 -0.000496289 -0.00156245 -3.27811e-05 -0.0112026 -0.000161299 0.000135042 -0.000754229 0.00571945 -0.000583451 -9.2485e-05 0.014444
internal_weight=0 502.244 490.494 25.2731 465.22 401.491 66.761 51.4196 334.73 201.778 132.952 73.0427 60.0092 59.9095 40.8132 29.8127 47.449 35.0224 189.7 175.689 164.294 141.795 22.4996 453.806 443.69 382.742 60.9485 35.385 365.464 25.5634
internal_count=4064 2221 2167 117 2050 1843 312 236 1531 930 601 334 273 267 184 134 213 158 874 806 751 647 104 1997 1951 1668 283 165 1593 118
is_linear=0
shrinkage=0.03


Tree=255
num_leaves=31
num_cat=0
split_feature=13 13 8 13 8 8 7 9 5 6 5 6 7 4 6 11 0 10 11 8 3 5 0 0 0 6 14 6 12 4
split_gain=1.45232 1.96996 4.12585 3.93046 3.71248 5.39936 4.06258 3.63122 3.38201 3.15108 3.12882 3.74618 2.88915 2.77239 2.30532 2.28856 5.7421 3.67264 3.6252 2.81923 5.26264 4.71637 3.83325 8.79389 3.7664 2.8068 4.83774 4.04169 1.87986 2.96828
threshold=12.431785714285722 5.4828571428571538 0.8320350620013971 7.0421428571428626 1.0530948321780607 1.07289760561711 0.94767941174774861 0.06090782320673694 -0.063640896779376774 1.645140978866247 -0.0080272654406218207 1.3166479122609211 0.97804151582860499 0.005698781534620668 0.78694860530778055 -0.0080581536357283139 -0.054117275422985826 0.7061041502445623 -0.0061119702369487041 0.85182294390577773 78.979972210195896 -0.020988016980620191 -0.016862044087486924 0.032396355095536851 -0.031541631182187051 1.1072286028148028 1.6356264779032177 0.97801184018647391 92492650.000000015 -0.010225281938248785
decision_type=2 2 2 2 2 2 2 2 2 2 2 2 2 2 2 2 2 2 2 2 2 2 2 2 2 2 2 2 2 2
left_child=1 7 3 14 6 -6 8 15 -4 10 13 -12 -8 -7 -3 16 -1 25 -17 22 21 -21 24 -24 -20 27 -27 -18 29 -10
right_child=-2 2 4 -5 5 9 12 -9 28 -11 11 -13 -14 -15 -16 18 17 -19 19 20 -22 -23 23 -25 -26 26 -28 -29 -30 -31
leaf_value=-0.010821960721506653 0.0079797095098265505 -0.0078182022815900063 -0.011018600907238772 -0.0010198927229409941 -0.022209763863915592 -0.0050241494329788658 -0.01767260260496294 0.017721148327733222 0.018471239363377676 0.010373332162805608 0.0027345506027564403 -0.014648195106751541 0.0026045545165009282 -0.020037394034689338 -0.025965817957632694 -0.014632672187132711 0.012052217671366756 -0.0072142710731720053 0.004347087116036201 0.015190363024393848 -0.01607636250593723 -0.001275986940418786 0.017000019644172804 -0.0063974334901486553 -0.013671283889613894 0.0031160521440625213 0.027044920615070044 -0.0097846876331670191 -0.0044292202237294432 0.00549772292573859
leaf_weight=17.18194979429245 20.485694214701653 11.246430926024916 10.659777984023092 23.6716268658638 12.806516006588934 46.068967081606388 13.27754792571068 11.611188665032385 19.608015894889832 16.681097328662872 76.385440312325954 13.067007698118685 12.075834378600119 14.571384668350218 14.323515720665453 15.212844371795653 24.375525280833244 11.674305468797682 27.909854508936405 16.805069603025913 20.207364335656166 228.77110347151756 42.537798620760441 21.900615572929382 16.681262299418449 12.649151459336283 19.064530730247498 11.102792605757712 12.323266312479971 83.301999092102051
leaf_count=74 105 52 51 115 58 211 59 50 91 77 348 60 54 65 65 67 111 55 122 75 87 1010 191 94 72 59 87 50 59 372
internal_value=0 -0.000100775 -0.00172711 -0.00982891 -0.000521205 -0.00343773 0.00294169 0.00114121 0.00514816 -0.00199623 -0.00337097 0.000195319 -0.00801458 -0.00863171 -0.017984 0.000745155 0.00489329 0.00831704 -0.00027637 0.000306321 -0.00136011 -0.000149175 0.00436861 0.00904795 -0.00239347 0.0110155 0.0175008 0.00521845 0.00664368 0.00796964
internal_weight=0 877.754 380.068 49.2416 330.827 179.58 151.246 497.685 125.893 166.774 150.093 89.4524 25.3534 60.6404 25.5699 486.074 96.0483 78.8663 390.026 374.813 265.784 245.576 109.03 64.4384 44.5911 67.192 31.7137 35.4783 115.233 102.91
internal_count=4046 3941 1737 232 1505 819 686 2204 573 761 684 408 113 276 117 2154 436 362 1718 1651 1172 1085 479 285 194 307 146 161 522 463
is_linear=0
shrinkage=0.03


Tree=256
num_leaves=21
num_cat=0
split_feature=13 2 6 2 11 0 5 0 10 2 2 11 10 10 13 7 10 14 14 3
split_gain=1.36762 1.9887 3.57026 1.48635 4.18943 7.8186 5.97689 4.86913 4.29475 3.38683 3.24294 2.60316 1.6818 2.93064 3.08605 2.73639 2.33821 1.81896 2.13964 1.31985
threshold=12.431785714285722 0.01279585406184318 0.99781594953919617 0.0057999240522379576 0.018494890512121612 -0.0016940240059510334 -0.020988016980620191 -0.06995146315138405 -0.090713095660364659 0.005501430027243401 0.0085156751526845442 0.029302829680719959 -0.29138314660990416 -0.31198809530626831 3.203214285714286 0.94362074596666934 -0.2706100122609762 -7.5295492427935811 1.1050977733918106 39.549001710112108
decision_type=2 2 2 2 2 2 2 2 2 2 2 2 2 2 2 2 2 2 2 2
left_child=1 3 -3 9 5 7 -7 10 -9 12 -5 -6 13 14 -1 -16 -14 -18 -19 -2
right_child=19 2 -4 4 11 6 -8 8 -10 -11 -12 -13 16 -15 15 -17 17 18 -20 -21
leaf_value=0.01308495371845513 0.015544779952198473 -0.020829086818026966 0.0008828045256333288 0.015908407450953919 0.021634451379365375 0.032417603359032474 0.00026011320679362619 0.00050356646051494833 -0.022819118197184601 -0.016642474310938071 -0.0068636679358456756 0.003359317618895435 0.012516751042832036 -0.015757822413083017 -0.00069790120312893881 -0.013921255473353827 -0.0105280927638435 0.003227773626240799 -0.00067222046425497925 0.00030468605709828907
leaf_weight=11.456087842583655 9.9954304099082965 11.468903563916685 16.802378997206688 10.983116865158083 15.507177680730821 9.7943520247936267 11.093652851879595 11.302746772766115 19.137718886137009 11.243019089102743 11.54401984810829 12.809435650706289 14.361892536282538 15.068153761327265 66.162876475602388 17.893400728702545 13.723475366830824 182.2647112980485 414.59797142446041 10.473251789808272
leaf_count=49 50 56 78 49 73 49 51 50 84 49 52 62 63 67 299 79 63 838 1830 55
internal_value=0 -9.76922e-05 -0.00792513 0.000162975 0.00355665 -0.000204854 0.0153387 -0.00633453 -0.0141593 -0.000301343 0.00423887 0.0133674 -5.15581e-05 -0.00346185 -0.00152202 -0.00351281 0.00055187 0.000270438 0.000518726 0.00774685
internal_weight=0 877.215 28.2713 848.944 102.172 73.8556 20.888 52.9676 30.4405 746.772 22.5271 28.3166 735.529 110.581 95.5124 84.0563 624.948 610.586 596.863 20.4687
internal_count=4046 3941 134 3807 470 335 100 235 134 3337 101 135 3288 494 427 378 2794 2731 2668 105
is_linear=0
shrinkage=0.03


Tree=257
num_leaves=31
num_cat=0
split_feature=13 13 4 11 3 10 3 8 3 3 10 7 3 5 11 2 13 4 11 3 14 4 2 5 1 7 5 5 1 4
split_gain=1.30305 3.90628 6.38245 3.04505 2.69454 4.02244 3.88803 3.84473 3.45172 4.8652 4.29911 6.12813 4.1592 3.90872 5.4127 3.26597 3.261 4.52382 2.80816 3.3193 2.86564 2.86343 2.65666 2.44139 4.12082 4.65771 4.31738 4.45496 3.75321 5.83953
threshold=5.4828571428571538 5.7339285714285753 0.0037090810439123216 0.034678590684749773 68.563404741045971 -0.066860163959093152 70.22599831903814 0.99434422031624237 55.721021437709688 61.604170719861614 0.14975915377090079 0.59264344304835326 37.506601848054174 0.026025075670054857 -0.021467347231266639 -0.0011610455185844823 7.9767857142857181 -0.0024755481196631619 -0.044114999052754393 38.582796913201598 4.6106944161288448 -0.012853290652801606 0.00382142582484614 -0.023540257975630082 23.289999961853031 0.43610261555901414 -0.027310350737242858 -0.039904685575107006 24.244999885559086 -0.0034776232690780224
decision_type=2 2 2 2 2 2 2 2 2 2 2 2 2 2 2 2 2 2 2 2 2 2 2 2 2 2 2 2 2 2
left_child=3 2 -2 23 5 7 -6 16 10 -10 13 12 -12 14 -7 -8 17 -3 -9 21 -21 -20 -17 24 25 -1 27 -27 -25 -30
right_child=1 4 -4 -5 6 8 15 18 9 -11 11 -13 -14 -15 -16 22 -18 -19 19 20 -22 -23 -24 28 -26 26 -28 -29 29 -31
leaf_value=0.024612970940846433 0.0010572907848076219 0.0019573576132094687 -0.023087663345014657 0.012225708701073625 -0.022729488885885014 -0.010821372179234607 -0.015845525772089347 0.015394447101243254 -0.017179041211299775 0.0016255844500596315 0.0099596621916535136 0.026390407090024947 -0.0065871922435420905 -0.017316951414665941 0.01089312124023864 0.012847783596336771 -0.00050049568669220375 0.025799327978761694 -0.021768223726249571 0.0069380655352785118 -0.0097235096584221987 -0.0017271938480320815 -0.0067492931666591491 -0.0011800721185764298 -0.0067820585187105143 0.013857337045076695 0.019019771378236041 -0.0086195730750978118 -0.0050319597686919104 0.022456511581414419
leaf_weight=13.58798064291477 21.253284484148026 11.199208535254003 18.369426593184471 21.212328277528286 10.784768745303152 21.556774400174618 10.970943629741667 11.042825311422346 28.061511784791946 22.162080854177475 27.227141886949539 10.789166085422037 27.460521034896374 17.526525303721428 19.839815877377987 13.460045590996744 13.398681528866289 19.871048323810101 10.298578068614008 44.540895394980907 11.738832384347914 17.021006986498833 11.583794012665747 366.24981634318829 19.303961224853992 12.143348366022105 13.718275189399717 22.906833574175838 12.561800107359888 15.584137842059134
leaf_count=63 96 52 80 97 47 101 50 54 126 101 130 52 128 82 91 61 63 89 47 207 52 79 54 1604 94 55 60 100 58 73
internal_value=0 -0.00119546 -0.0101365 0.00110434 -0.000212839 0.000788843 -0.00692792 0.00459473 -0.00224305 -0.00888116 0.000436926 0.00572746 0.00165093 -0.00544205 -0.000414439 -0.00219607 0.0118706 0.0172055 0.00117604 -0.000702103 0.00346279 -0.009282 0.00378334 0.000608793 0.00533019 0.00907984 0.00475196 -0.000832311 -0.000368783 0.0101881
internal_weight=0 400.157 39.6227 497.268 360.534 313.735 46.7996 139.111 174.624 50.2236 124.4 65.4768 54.6877 58.9231 41.3966 36.0148 44.4689 31.0703 94.6421 83.5993 56.2797 27.3196 25.0438 476.056 81.6604 62.3564 48.7685 35.0502 394.396 28.1459
internal_count=4046 1842 176 2204 1666 1454 212 643 811 227 584 310 258 274 192 165 204 141 439 385 259 126 115 2107 372 278 215 155 1735 131
is_linear=0
shrinkage=0.03


Tree=258
num_leaves=19
num_cat=0
split_feature=13 2 13 2 11 0 5 0 8 8 2 11 4 8 8 5 8 3
split_gain=1.27019 1.8423 2.57779 1.41686 3.96015 7.32625 5.68911 4.6517 6.02722 9.33695 3.18413 2.46761 1.75335 2.30286 4.25585 3.81225 3.6343 1.2577
threshold=12.431785714285722 0.01279585406184318 6.4546428571428551 0.0057999240522379576 0.018494890512121612 -0.0016940240059510334 -0.020988016980620191 -0.043923068683185955 1.1618053623593532 0.97992194162855528 0.005501430027243401 0.029302829680719959 -0.039083263397573335 1.4356818163787293 1.1721121219371731 0.029946727960926848 1.0166936931142161 39.549001710112108
decision_type=2 2 2 2 2 2 2 2 2 2 2 2 2 2 2 2 2 2
left_child=1 3 -3 10 5 7 -7 8 9 -5 12 -6 -1 14 16 -16 -14 -2
right_child=17 2 -4 4 11 6 -8 -9 -10 -11 -12 -13 13 -15 15 -17 -18 -19
leaf_value=-0.010184556259793661 0.015096947777795012 0.0038467777221971836 -0.014808665076417404 -0.0089403248350542266 0.021110828561773036 0.031717291646435594 0.00024252995055454879 -0.018600706287501042 -0.017827922442194565 0.028671793767281899 -0.016138307808724738 0.0032878034002737037 0.00096523648448586837 -0.0097084304468641001 0.0088769413257053387 -0.0057239348833663471 -0.0042055998943854884 0.00020413235605539924
leaf_weight=15.065761581063269 9.9682130962610263 10.824302241206171 17.353311769664288 12.612164393067362 15.422894716262819 9.6818539276719111 11.087113156914709 17.80621325969696 11.297668457031248 11.228450313210486 11.248985618352888 12.788203738629816 423.8426155410707 20.686056770384312 83.54046643525362 19.934464856982231 171.96664252132177 10.457446046173571
leaf_count=73 50 49 85 56 73 49 51 78 50 51 49 62 1884 96 377 94 764 55
internal_value=0 -9.56365e-05 -0.00764226 0.000155063 0.00347284 -0.000185421 0.0149151 -0.00610902 0.000221098 0.00877423 -0.000298065 0.0130316 -5.56456e-05 0.000156307 0.000448124 0.00606408 -0.000527207 0.00747218
internal_weight=0 876.387 28.1776 848.21 101.925 73.7135 20.769 52.9445 35.1383 23.8406 746.285 28.2111 735.036 719.97 699.284 103.475 595.809 20.4257
internal_count=4046 3941 134 3807 470 335 100 235 157 107 3337 135 3288 3215 3119 471 2648 105
is_linear=0
shrinkage=0.03


Tree=259
num_leaves=22
num_cat=0
split_feature=0 0 1 1 0 10 1 11 6 8 4 7 7 12 1 10 6 2 9 8 5
split_gain=1.15337 5.91962 5.3072 3.58987 3.7119 3.90989 3.36497 3.3031 4.38006 3.40351 3.12114 4.70013 6.83382 5.55089 2.53478 3.10108 2.23816 1.91182 4.13925 2.47431 1.40126
threshold=-0.041497584316919293 -0.034895651013681799 18.57499980926514 31.969999313354496 -0.043923068683185955 -0.43901047256347253 34.739999771118171 0.040772939037665885 1.3376457783805094 1.1576994785123047 0.02371931850552789 0.98225665812677254 0.96611852585335156 35486061.500000007 26.284999847412113 0.3907099858074527 0.88173194106177122 0.0043284165133879509 -0.033541885148871402 0.71339329522537864 -0.036123764420281805
decision_type=2 2 2 2 2 2 2 2 2 2 2 2 2 2 2 2 2 2 2 2 2
left_child=3 2 -2 4 5 -1 10 8 14 -10 11 12 17 -14 15 -7 -13 19 -19 -3 -8
right_child=1 6 -4 -5 -6 7 20 -9 9 -11 -12 16 13 -15 -16 -17 -18 18 -20 -21 -22
leaf_value=0.018168725269932625 0.022329894327299617 -0.010677503267195033 0.00019670252490436687 -0.016109724410882903 -0.01560708958389582 -0.0028562952079952365 0.0038517119471127423 0.013735403968218474 -0.025059072009723449 -0.0022618518533833332 -0.012747268117238506 0.004389054645521257 -0.0036914685475757151 -0.030654216741613997 0.0104682213893508 0.013148873989366237 0.019656916852109203 -0.011040136115562376 0.0078127192288055345 -0.00015247562453304229 0.02088955759409377
leaf_weight=10.421798855066298 20.919282041490078 21.070486947894096 18.262263596057892 14.710218355059622 14.177397489547728 118.9989840388298 8.1080588847398776 13.228644602000712 11.970243945717813 11.611015409231184 17.811371803283691 21.563742011785507 16.271851360797886 11.89563627541065 18.513530492782593 11.993261009454725 14.419639900326727 12.657002672553061 60.9703014716506 437.5768281891942 9.3592295572161657
leaf_count=48 95 94 81 75 62 527 44 66 52 51 83 94 69 52 87 57 64 59 279 1949 58
internal_value=0 0.000698617 0.0120138 -0.00178089 -0.000781531 0.000286836 -3.20684e-06 -0.00071341 -0.0018177 -0.0138341 -0.000372439 -2.88303e-06 -0.000677696 -0.0150783 7.7625e-05 -0.00139091 0.0105074 8.43715e-05 0.00457179 -0.000636001 0.0129808
internal_weight=0 670.886 39.1815 225.625 210.915 196.737 631.704 186.316 173.087 23.5813 614.237 596.425 560.442 28.1675 149.506 130.992 35.9834 532.275 73.6273 458.647 17.4673
internal_count=4046 3021 176 1025 950 888 2845 840 774 103 2743 2660 2502 121 671 584 158 2381 338 2043 102
is_linear=0
shrinkage=0.03


Tree=260
num_leaves=28
num_cat=0
split_feature=2 0 0 11 11 2 14 0 10 2 14 8 14 0 5 14 7 14 6 0 0 1 0 11 11 3 5
split_gain=1.53612 2.02516 6.56318 7.13181 4.68478 5.51712 4.64309 4.76257 4.76561 4.42648 3.73995 2.85694 6.79633 4.08713 2.72582 3.57587 4.69714 4.00413 2.81293 3.31132 5.61069 4.79172 3.41215 3.00155 2.71397 2.53495 1.70824
threshold=0.01279585406184318 0.036152336246047863 0.049413025728230815 0.0065262674170070154 -0.03255916214006415 0.0017678231173633137 6.5545590324263463 0.062038827184822905 0.044700816898834657 0.0035653983934151963 2.0743162392587884 1.1328949057286539 0.14034721733117037 0.13518549268873961 0.039412168095249285 -0.92404039433394314 0.89635823675745263 -4.2687556524372887 0.55347975686968043 -0.00071597997566119609 0.0048728640195763182 12.925000190734865 -0.0030937629606352375 -0.022947964165670517 0.0399635282880152 65.363256836304416 0.020277673156312962
decision_type=2 2 2 2 2 2 2 2 2 2 2 2 2 2 2 2 2 2 2 2 2 2 2 2 2 2 2
left_child=1 4 3 10 5 -1 7 8 -4 11 -3 12 -9 -13 18 17 -17 24 -6 22 25 -22 23 -20 -16 -21 -2
right_child=26 2 6 -5 14 -7 -8 9 -10 -11 -12 13 -14 -15 15 16 -18 -19 19 20 21 -23 -24 -25 -26 -27 -28
leaf_value=0.021818257859795437 -9.3725989017783796e-05 -0.035740024847264136 0.027019472696324331 0.0010014632528595729 -0.011124696334216125 -0.0035874174797683976 -0.016878806471766136 -0.022657312049582434 0.0014127894289122798 0.014213696702429161 -0.012239513106699023 0.012283193925701659 -0.0011984428436855607 -0.0064050321569232866 0.0154449739873575 -0.011563655849581638 0.0092237972384924607 0.023576588256065074 -0.011573616900063446 0.025590640452326768 0.02039807015564404 -0.0005486785898589703 -0.016444894903846437 -2.5571166134275827e-05 -0.0057818428749851925 0.0065450805868296378 -0.013593682290484688
leaf_weight=20.342047691345215 18.678556710481644 11.555086866021158 12.371317848563196 19.436066180467606 20.397072568535805 12.371676027774809 12.963563233613966 16.958412557840347 13.880019746720789 16.285393573343754 12.897462069988249 23.238558456301689 61.292747598141432 19.262743942439556 10.009088799357416 18.438711076974869 20.840213418006897 16.363851971924305 21.541094183921814 13.797614991664888 10.814964488148687 107.79085154086351 12.851277112960814 339.76789481565356 11.826051376760004 11.558552682399748 15.383489675819872
leaf_count=98 90 51 57 86 90 59 58 81 64 78 55 108 276 94 48 83 96 80 97 65 51 473 55 1500 59 52 75
internal_value=0 0.000303819 -0.00218248 -0.012563 0.00114755 0.0122103 0.000402374 0.00177433 0.0134803 -0.000468097 -0.0233447 -0.00244817 -0.00584896 0.00381318 0.000560038 0.00582133 -0.00053446 0.0123568 -0.000196915 0.000233282 0.00409972 0.00136133 -0.00125437 -0.000714061 0.00394839 0.0169088 -0.00619073
internal_weight=0 868.852 220.141 43.8886 648.711 32.7137 176.253 163.289 26.2513 137.038 24.4525 120.752 78.2512 42.5013 615.997 77.4779 39.2789 38.199 538.519 518.122 143.962 118.606 374.16 361.309 21.8351 25.3562 34.062
internal_count=4079 3914 1008 192 2906 157 816 758 121 637 106 559 357 202 2749 366 179 187 2383 2293 641 524 1652 1597 107 117 165
is_linear=0
shrinkage=0.03


Tree=261
num_leaves=31
num_cat=0
split_feature=13 5 7 4 5 0 0 13 8 0 14 4 12 13 6 4 6 0 14 9 13 11 8 1 11 0 9 3 3 12
split_gain=1.48125 5.53316 3.19372 4.74625 4.52288 3.421 5.40102 4.14288 3.37834 3.14104 2.87866 3.52825 2.86914 2.18444 7.35405 4.54329 4.54286 7.24938 4.62213 3.7587 3.53751 3.36474 3.28808 3.24255 3.03853 2.65475 2.81129 5.09371 4.85303 3.39857
threshold=3.8492857142857178 0.023425962633050416 0.86494811472568622 0.011973992038004979 -0.020988016980620191 0.032396355095536851 -1.0000000180025095e-35 2.8417857142857144 0.95650344250445862 -0.012227085599383401 1.2185107673401838 -0.0028511161951084159 4689413.0000000009 4.6264285714285771 1.2546656371629739 0.010076089904908494 0.85893603669484031 -0.034895651013681799 3.8489051589088739 0.0062325365215998305 4.7089285714285731 0.0081429021912780026 0.99434422031624237 12.88000011444092 0.00087078780836480363 -0.11785057199633607 0.015688388715181304 56.935619421282105 55.227041532858202 42176700.000000007
decision_type=2 2 2 2 2 2 2 2 2 2 2 2 2 2 2 2 2 2 2 2 2 2 2 2 2 2 2 2 2 2
left_child=1 2 4 5 -1 6 7 -4 9 -6 -10 -12 -9 14 15 16 18 -18 21 -16 -15 -2 24 -22 -19 -25 27 28 -27 -28
right_child=13 -3 3 -5 8 -7 -8 12 10 -11 11 -13 -14 20 19 -17 17 22 -20 -21 23 -23 -24 25 -26 26 29 -29 -30 -31
leaf_value=0.0046570005901653269 -0.0055896246593547892 0.014082111135544265 0.01341572487324968 -0.017193552848528599 -0.0060125539632695504 -0.010189235724742196 0.020005318364217605 -0.014878176532997559 0.0071282920313106186 -0.025083820527438974 -0.00028152578282925018 -0.022883697900891325 0.0033457333345343881 -0.014408341251185744 -0.00059255234868257249 0.01819959087390511 0.030790067953288147 0.020422275403221255 -0.014328721405399206 -0.022859200509946026 0.016840188755650541 0.016415898445860357 -0.0075104436261115648 -0.010832608291029644 5.3349060379416372e-05 0.001259465846898548 -0.006569981329524059 0.010325500217071086 -0.019378721452674594 0.00099007873871358025
leaf_weight=20.534246541559696 12.547876104712488 17.106713145971298 15.090940833091734 12.191521450877188 12.158421665430067 14.574378311634062 17.706399261951447 15.506632745265962 11.835630357265471 21.546043962240219 13.313745722174644 11.659289494156837 15.594428196549414 15.266399994492529 16.220854811370376 26.054178565740585 11.748513534665106 13.30430579185486 18.735308617353439 11.776365891098974 10.381154149770735 12.466839507222174 14.359475016593931 19.923377074301243 13.063057214021681 221.21908198669553 93.304374948143959 56.812666729092598 10.752897143363951 125.49864962697029
leaf_count=93 55 77 70 53 53 65 81 65 51 93 58 50 66 67 76 115 52 59 81 52 48 55 62 94 59 1036 411 259 48 575
internal_value=0 -0.00222915 -0.00376473 0.000220871 -0.00773356 0.00292637 0.00591787 0.000517845 -0.0113418 -0.0182041 -0.00505827 -0.0108339 -0.0057405 0.000703493 0.00391093 0.00708648 0.00407747 0.0100293 -0.00306141 -0.00995849 -0.000167872 0.00537749 0.00404046 0.0002363 0.010331 -9.04567e-05 0.000331185 0.00227457 0.000302797 -0.00223376
internal_weight=0 198.818 181.712 90.6643 91.0474 78.4728 63.8984 46.192 70.5131 33.7045 36.8087 24.973 31.1011 703.435 150.277 122.28 96.2254 52.4754 43.75 27.9972 553.159 25.0147 40.7268 537.892 26.3674 527.511 507.588 288.785 231.972 218.803
internal_count=4079 875 798 400 398 347 282 201 305 146 159 108 131 3204 666 538 423 232 191 128 2538 110 180 2471 118 2423 2329 1343 1084 986
is_linear=0
shrinkage=0.03


Tree=262
num_leaves=26
num_cat=0
split_feature=13 10 0 1 0 0 11 14 14 0 5 11 0 3 8 3 14 14 0 8 1 3 4 4 12
split_gain=1.44418 2.93659 3.00607 1.70578 1.49581 6.13204 5.23207 4.86399 5.12186 6.76874 4.83645 3.83713 3.69009 2.74377 4.4358 2.82081 4.55444 3.83144 2.79404 2.88629 2.56421 2.61641 2.45038 1.74598 3.59173
threshold=9.9485714285714284 -0.24010534376316275 -0.037054508025184001 29.69999980926514 0.036152336246047863 0.049413025728230815 0.0031013526874220658 6.5545590324263463 -1.5392433029527612 0.085589081342127962 -0.0020909873622870774 -0.044114999052754393 0.094859509050103555 83.948670145171349 0.81921498188505115 79.319249679139816 6.641151248075376 4.4375784789796304 0.032396355095536851 1.2563905003108105 23.590000152587894 68.749214694849783 -0.0069406021281500632 -0.0014068230313237227 45897550.000000007
decision_type=2 2 2 2 2 2 2 2 2 2 2 2 2 2 2 2 2 2 2 2 2 2 2 2 2
left_child=4 -2 -3 -4 11 6 -6 8 12 20 22 -1 -7 15 -15 16 18 -17 19 -13 21 -10 -11 -18 -25
right_child=1 2 3 -5 5 7 -8 -9 9 10 -12 13 -14 14 -16 17 23 -19 -20 -21 -22 -23 -24 24 -26
leaf_value=0.01643504569029584 0.017373922524702001 -0.008034781968688804 0.016512083260019992 0.00058854818834561454 -0.023545639290087666 -0.024051566309892997 -0.0023461762829540917 -0.017318477205976877 0.011866794200614317 -0.0016530784280313813 -0.014883679235117429 -0.00017542113774720135 0.00051908404931777096 0.02161529166764024 -0.0032999468745736273 0.00089408329839194705 0.00093097222952056647 -0.022974515737058498 0.014094582278379796 -0.0078337464683785572 0.023773805293813868 -0.0032862815066457716 0.014322153731721465 0.0042327199437640324 0.026916312743199597
leaf_weight=13.259710311889647 12.752501256763933 18.772225327789783 11.246246919035913 13.115605711936949 20.50678588449955 10.968840487301351 21.424112617969513 13.220513969659804 40.388199403882027 31.718766879290342 20.795751258730888 477.85291987285018 11.035598978400229 13.459922105073931 12.31525859236717 12.910380229353907 12.196996748447416 11.394964233040808 11.449910357594488 48.815428905189037 11.225861202925442 13.745506197214125 11.877128079533575 13.546445041894914 11.715662881731985
leaf_count=65 65 93 54 64 89 52 94 59 179 150 94 2140 52 60 53 56 54 50 52 218 62 60 53 59 52
internal_value=0 0.00472651 0.000987326 0.00793939 -0.000252839 -0.00246978 -0.012714 0.000133928 0.00165433 0.003924 -0.00297934 0.000465096 -0.011729 0.000126641 0.00971091 -0.000285167 0.000137574 -0.0102961 -0.000566514 -0.00088525 0.0107251 0.00801916 0.00269916 0.0102521 0.0147526
internal_weight=0 55.8866 43.1341 24.3619 845.825 206.907 41.9309 164.976 151.756 129.751 64.3916 638.918 22.0044 625.658 25.7752 599.883 575.577 24.3053 538.118 526.668 65.3596 54.1337 43.5959 37.4591 25.2621
internal_count=4079 276 211 118 3803 944 183 761 702 598 297 2859 104 2794 113 2681 2575 106 2410 2358 301 239 203 165 111
is_linear=0
shrinkage=0.03


Tree=263
num_leaves=28
num_cat=0
split_feature=2 0 0 11 11 2 14 0 10 2 14 1 14 5 14 7 3 6 0 0 1 0 3 3 1 10 2
split_gain=1.4342 1.75509 5.771 6.39228 4.28475 5.20873 4.10009 4.38017 4.55428 4.17885 3.57815 2.68625 4.4246 2.53088 3.42081 4.35791 3.85252 2.61103 3.06532 5.33475 4.40889 3.30441 5.74506 3.63947 2.49413 1.65916 1.57863
threshold=0.01279585406184318 0.036152336246047863 0.049413025728230815 0.0065262674170070154 -0.03255916214006415 0.0017678231173633137 6.5545590324263463 0.062038827184822905 0.044700816898834657 0.0035653983934151963 2.0743162392587884 32.970001220703132 -1.6205223624787284 0.039412168095249285 -0.92404039433394314 0.89635823675745263 46.098573788981774 0.55347975686968043 -0.00071597997566119609 0.0048728640195763182 12.925000190734865 -0.068891693483906544 39.549001710112108 39.549001710112108 16.614999771118168 -0.010583903777285573 0.0013901107560595444
decision_type=2 2 2 2 2 2 2 2 2 2 2 2 2 2 2 2 2 2 2 2 2 2 2 2 2 2 2
left_child=1 4 3 10 5 -1 7 8 -4 11 -3 12 -9 17 16 -16 -15 -6 21 24 -21 23 -23 -19 -20 -2 -18
right_child=25 2 6 -5 13 -7 -8 9 -10 -11 -12 -13 -14 14 15 -17 26 18 19 20 -22 22 -24 -25 -26 -27 -28
leaf_value=0.021065260158548066 -0.014367468428581364 -0.034171668347380751 0.026266954534271948 0.0010777094210176195 -0.010744487496693789 -0.003661547033745825 -0.01581979802412125 -0.018698928188706838 0.0011528634917988148 0.013845688570746322 -0.011157310023270349 0.0092411691456404949 -0.0015035547363144346 0.0018519035016119944 -0.011239462526846277 0.008796547792658085 0.012537996715401751 0.019491805494877841 0.025085633662851724 0.019625518871147076 -0.00056566820830868385 -0.014383348122278677 -0.001154851380665364 0.0015026954498727496 0.0061253254762438395 -0.00074576402619313815 0.029317410052152364
leaf_weight=20.205826163291931 13.08732610195875 11.483869627118112 12.265596508979799 19.41997879743576 20.38721926510334 12.355646193027495 12.987226769328116 15.867814928293226 13.822121627628801 16.212105263024569 12.920700803399084 15.591473516076801 89.037980392575264 17.856900207698345 18.440891519188881 20.778818354010582 10.02837433665991 12.165736272931097 13.734552174806597 10.700495257973669 107.6492803171277 33.204519212245941 268.25678398087621 60.249487914144993 11.449279300868509 20.898414179682732 10.157499477267264
leaf_count=98 67 51 57 86 90 59 58 76 64 78 55 84 399 86 83 96 50 54 64 51 473 149 1176 273 53 98 51
internal_value=0 0.00029115 -0.00202646 -0.0117663 0.00107705 0.0116825 0.000401777 0.00169586 0.0129607 -0.000453761 -0.021987 -0.00237766 -0.00410449 0.000515595 0.00559279 -0.000624274 0.0120022 -0.000213818 0.000201116 0.00392786 0.0012599 -0.0012296 -0.00261191 0.00452486 0.0164657 -0.00599125 0.0209814
internal_weight=0 867.23 219.609 43.8245 647.621 32.5615 175.784 162.797 26.0877 136.709 24.4046 120.497 104.906 615.06 77.2625 39.2197 38.0428 537.797 517.41 143.534 118.35 373.877 301.461 72.4152 25.1838 33.9857 20.1859
internal_count=4079 3914 1008 192 2906 157 816 758 121 637 106 559 475 2749 366 179 187 2383 2293 641 524 1652 1325 327 117 165 101
is_linear=0
shrinkage=0.03


Tree=264
num_leaves=30
num_cat=0
split_feature=2 0 0 11 11 2 14 0 10 2 14 8 14 0 8 10 6 14 3 7 0 0 7 3 12 6 5 5 11
split_gain=1.35095 1.65307 5.43535 6.02942 4.04403 4.93101 3.85554 4.13379 4.32312 3.94434 3.4078 2.64388 6.22094 3.88112 2.4133 5.77412 5.84256 3.58416 3.31541 3.06294 5.07107 5.92918 5.07015 3.05268 2.71276 3.44799 3.38949 1.61091 1.32407
threshold=0.01279585406184318 0.036152336246047863 0.049413025728230815 0.0065262674170070154 -0.03255916214006415 0.0017678231173633137 6.5545590324263463 0.062038827184822905 0.044700816898834657 0.0035653983934151963 2.0743162392587884 1.1328949057286539 0.14034721733117037 0.13518549268873961 1.2563905003108105 -0.2667907045595555 1.1278751975931891 0.037600607447065483 43.410507986040862 0.96918821254155618 -0.048538397830247486 -0.06995146315138405 0.90734166106486225 37.81267873523317 2398501.0000000005 0.6823848694704745 0.021026292342661294 0.020277673156312962 0.0095881232773165088
decision_type=2 2 2 2 2 2 2 2 2 2 2 2 2 2 2 2 2 2 2 2 2 2 2 2 2 2 2 2 2
left_child=1 4 3 10 5 -1 7 8 -4 11 -3 12 -9 -13 17 -16 28 19 23 20 21 -6 -22 -19 25 -20 -26 -2 -17
right_child=27 2 6 -5 14 -7 -8 9 -10 -11 -12 13 -14 -15 15 16 -18 18 24 -21 22 -23 -24 -25 26 -27 -28 -29 -30
leaf_value=0.020526265007154144 0.00010279509081767034 -0.033295249927390407 0.025624238783183987 0.0010453767812546365 0.0098590268195470482 -0.0035506965472835309 -0.015332152162911098 -0.021729187668672274 0.0011184665686113954 0.013478832823643198 -0.010813504653325876 0.012002359081774154 -0.0011402832612781495 -0.0062392544015359656 0.010793760417823225 -0.028416703577621386 0.0016489992570804907 -0.00022303394252318667 0.00079523958758014317 -0.008125088338038532 0.0080203422015223506 -0.015451939005506839 0.029484977984242423 -0.020126283846558086 0.0025473287666356028 -0.020629500230988033 -0.0046012083234781625 -0.013030410609891106 -0.013936078323714407
leaf_weight=20.115695096552372 18.646459065377712 11.433335945010187 12.197095423936846 19.419997051358223 16.574198126792908 12.35908744484186 12.998111009597777 16.841715082526207 13.81981936842203 16.154635358601809 12.931390374898909 23.138888329267502 61.213826537132263 19.213649585843086 14.404634684324263 11.683174401521685 17.594331257045269 13.752913996577265 15.342034518718721 13.393884122371672 71.477757968008518 16.744733870029449 11.497214101254938 13.991003081202505 300.64454781264067 12.086338534951208 74.485361933708191 15.305151261389254 11.065619364380835
leaf_count=98 90 51 57 86 82 59 58 81 64 78 55 108 276 94 66 50 80 61 68 60 328 76 56 62 1325 52 333 75 50
internal_value=0 0.000282807 -0.00196783 -0.0114243 0.00104563 0.0113632 0.000390365 0.00164737 0.0126071 -0.000440602 -0.0213632 -0.00230811 -0.00558266 0.00372687 0.00050058 -0.00551101 -0.0113327 0.00108831 -0.000229306 0.00546013 0.00702477 -0.00286123 0.0109945 -0.0102601 0.000462003 -0.00864559 0.00112792 -0.00581756 -0.0213729
internal_weight=0 866.575 219.362 43.7847 647.213 32.4748 175.578 162.58 26.0169 136.563 24.3647 120.408 78.0555 42.3525 614.738 54.7478 40.3431 559.99 430.302 129.688 116.294 33.3189 82.975 27.7439 402.558 27.4284 375.13 33.9516 22.7488
internal_count=4079 3914 1008 192 2906 157 816 758 121 637 106 559 357 202 2749 246 180 2503 1901 602 542 158 384 123 1778 120 1658 165 100
is_linear=0
shrinkage=0.03


Tree=265
num_leaves=24
num_cat=0
split_feature=10 6 10 1 1 7 13 3 8 6 1 8 13 6 7 2 14 10 2 1 14 1 1
split_gain=1.52719 1.71952 4.39354 2.41306 4.36933 3.72792 1.98064 1.61799 4.10846 2.24546 3.84403 2.22553 4.67271 2.91884 2.82902 5.38712 2.40062 2.29317 4.06473 1.96113 7.26525 4.1853 1.94854
threshold=-0.48500076953937937 0.6585272173412392 -0.11173993830769129 18.94999980926514 23.590000152587894 0.89817552650186727 5.8075000000000072 84.729029028023703 0.84199094780415951 0.69307063392670887 19.010000228881839 0.85020875702765042 5.5060714285714285 0.77595092327062354 0.85484128124172265 -0.0022364021723193907 3.958040367041753 -0.37353474333546011 0.0030782411129276874 15.484999656677248 -0.63582384478283904 16.255000114440922 20.900000572204593
decision_type=2 2 2 2 2 2 2 2 2 2 2 2 2 2 2 2 2 2 2 2 2 2 2
left_child=-1 2 3 5 -5 -2 -4 9 -9 10 -3 12 14 -14 15 -11 -15 18 -13 20 -19 -21 -16
right_child=1 7 6 4 -6 -7 -8 8 -10 11 -12 17 13 16 22 -17 -18 19 -20 21 -22 -23 -24
leaf_value=-0.0088767133060171782 -0.0088736991806431138 -0.018927118377618936 0.0033227725703032381 0.028206736823396507 0.0042809442636786424 0.014591964038592094 -0.012914799028985478 0.017614259935086592 -0.0054818167588165396 0.0086616430851407331 0.0022849905940364357 -0.0011701618936196595 0.0027381007162676049 -0.022005142806449673 0.0012530023201177724 -0.014784102243305855 -0.0047991077043972492 0.029564194722522582 0.02266806584213207 -0.01069231353237522 0.0014125768572039851 -1.2339234082980379e-05 0.014683492186557347
leaf_weight=17.579543605446815 12.562236264348032 15.736735761165621 12.456301376223566 12.892930135130884 14.703907258808611 11.832285299897192 14.786739766597746 14.724490836262705 13.097737163305281 13.893739625811575 15.034729465842245 14.854981452226641 9.3430480733513814 21.881827086210251 40.255473077297211 24.152749076485634 10.950047768652437 8.8221918120980245 11.361159600317476 35.949420794844627 127.34649964421988 405.80981162190437 12.817983396351336
leaf_count=79 56 67 56 59 73 51 70 66 57 62 68 68 44 103 177 107 50 44 54 158 567 1849 57
internal_value=0 5.39171e-05 0.00426858 0.00938227 0.0154588 0.00250805 -0.00549051 -0.000365596 0.00674143 -0.000622991 -0.00856303 -0.000291674 -0.00380031 -0.0120565 2.10586e-05 -0.00622223 -0.0162666 0.000482452 0.00916049 8.87963e-05 0.00323648 -0.000881453 0.00449665
internal_weight=0 875.267 79.2344 51.9914 27.5968 24.3945 27.243 796.033 27.8222 768.21 30.7715 737.439 133.295 42.1749 91.1199 38.0465 32.8319 604.144 26.2161 577.928 136.169 441.759 53.0735
internal_count=4042 3963 365 239 132 107 126 3598 123 3475 135 3340 600 197 403 169 153 2740 122 2618 611 2007 234
is_linear=0
shrinkage=0.03


Tree=266
num_leaves=19
num_cat=0
split_feature=7 9 8 8 7 10 6 10 0 10 0 6 0 0 1 14 13 7
split_gain=1.51321 1.96628 3.43734 4.2669 3.14255 1.7988 1.74333 3.95501 2.67109 2.61341 3.22731 2.88073 2.21781 1.70954 2.06432 5.47594 3.3772 1.17294
threshold=0.02181375845885879 -0.039337864064255927 1.0613780335486076 1.2232307568835237 0.18654846888307722 -0.48500076953937937 0.6585272173412392 -0.11173993830769129 -0.014721182042924162 -0.29138314660990416 -0.024285433474319492 0.59580252559381275 -0.14344495366535867 -0.11785057199633607 22.494999885559086 -2.6949354813847206 7.5410714285714286 0.090105245197338243
decision_type=2 2 2 2 2 2 2 2 2 2 2 2 2 2 2 2 2 2
left_child=-1 2 -2 -4 17 -3 7 9 -9 10 -7 -11 -8 -14 16 -16 -15 -5
right_child=1 5 3 4 -6 6 12 8 -10 11 -12 -13 13 14 15 -17 -18 -19
leaf_value=0.008589861211673027 0.0073924443814681173 -0.0094437542326056868 -0.019855400258678328 -0.0023044668340628945 -0.013460166791669975 0.015217328107207072 0.012789252645291196 -0.012726795560305837 0.0064996323930781846 0.0070462522700850015 -0.0065163488925999912 0.027108934252505931 -0.011763229593735469 -0.0017264833728392354 -0.0064862364391501367 0.0061999682149276383 0.0075228321218451999 0.011428469390795641
leaf_weight=17.60539036989212 15.637167744338511 17.275783911347389 19.488474734127522 11.242722459137442 14.325527749955652 10.599694158881904 11.766229078173636 15.66149713099003 11.12134277820587 14.175347536802294 14.645357370376585 11.805581808090208 11.604347005486487 488.24133089184761 41.573713809251785 116.2482952028513 38.317055970430374 11.147637538611887
leaf_count=84 74 77 94 53 75 49 53 70 53 65 66 56 51 2147 203 545 173 54
internal_value=0 -0.000293434 -0.00504843 -0.00850972 -0.00248753 0.000131959 0.000342492 0.00459882 -0.00474319 0.00948317 0.00260902 0.0161626 -0.000126644 -0.000344998 -0.000151391 0.00285815 -0.00105342 0.00453284
internal_weight=0 874.877 71.8415 56.2044 36.7159 803.036 785.76 78.0088 26.7828 51.226 25.2451 25.9809 707.751 695.985 684.38 157.822 526.558 22.3904
internal_count=4042 3958 350 276 182 3608 3531 359 123 236 115 121 3172 3119 3068 748 2320 107
is_linear=0
shrinkage=0.03


Tree=267
num_leaves=15
num_cat=0
split_feature=7 9 8 8 7 2 4 10 7 7 11 5 11 7
split_gain=1.42546 1.85152 3.2366 4.01947 2.95896 2.05243 2.96218 1.83914 1.83151 3.67601 2.08669 4.25718 2.12113 1.10539
threshold=0.02181375845885879 -0.039337864064255927 1.0613780335486076 1.2232307568835237 0.18654846888307722 -0.014274606885108338 -0.026133621563631634 -0.51415249247492989 0.14494553206575914 0.081680537319534105 -0.012741913529794589 -0.028446713749276927 -0.010199623188033967 0.090105245197338243
decision_type=2 2 2 2 2 2 2 2 2 2 2 2 2 2
left_child=-1 2 -2 -4 13 -3 -7 -8 9 -9 11 -10 -12 -5
right_child=1 5 3 4 -6 6 7 8 10 -11 12 -13 -14 -15
leaf_value=0.0083423881197744864 0.0071750846355363267 0.011551352112564348 -0.01927829291442322 -0.0022350074908705467 -0.013065692771993586 -0.012720380394930919 -0.012360713742881285 -0.0039710404216130044 0.00079751401999157776 0.019691439805455978 0.0099740255899838474 -0.013505695793020639 0.00034761495863845307 0.011100578301721864
leaf_weight=17.584144219756126 15.627695143222807 13.910489886999128 19.469997450709343 11.244334846735002 14.315451525151728 16.322780258953571 10.360689163208006 11.14878970384598 50.99700290709734 12.571715094149111 21.289573207497597 29.597842454910278 636.64748923107982 11.132838763296602
leaf_count=84 74 74 94 53 75 76 46 50 236 60 96 130 2840 54
internal_value=0 -0.000284641 -0.00490052 -0.00826065 -0.00241442 0.00012811 -7.33042e-05 0.000193887 0.000364532 0.00856992 0.000100987 -0.00445523 0.000659107 0.00439956
internal_weight=0 874.637 71.7903 56.1626 36.6926 802.846 788.936 772.613 762.252 23.7205 738.532 80.5948 657.937 22.3772
internal_count=4042 3958 350 276 182 3608 3534 3458 3412 110 3302 366 2936 107
is_linear=0
shrinkage=0.03


Tree=268
num_leaves=25
num_cat=0
split_feature=4 3 9 2 13 3 14 12 7 12 13 4 3 11 8 0 13 4 3 2 0 3 0 12
split_gain=1.34466 3.54922 2.90306 4.02676 3.83568 4.21197 3.41905 3.32631 2.18475 2.0107 3.41399 3.20047 3.09684 2.71863 3.67139 2.30338 1.86664 2.60868 2.6271 2.49574 4.00356 4.4537 2.26671 2.5661
threshold=-0.014463788082760496 29.281260823127351 -0.041895780483363225 -0.0053905856480294294 6.7535714285714361 46.098573788981774 1.3716966491685822 70893000.000000015 0.064983611813910977 97253018.000000015 8.447500000000014 -0.012853290652801606 55.100727172469405 -0.022439983579000674 1.1721121219371731 -0.015879360092297786 9.112857142857143 0.0079628237677169551 52.313621145529318 -0.0011610455185844823 0.085589081342127962 64.745430374459517 0.083812216488613714 78556300.000000015
decision_type=2 2 2 2 2 2 2 2 2 2 2 2 2 2 2 2 2 2 2 2 2 2 2 2
left_child=1 8 7 6 5 -5 -4 -3 -1 11 12 -2 -11 14 15 -13 19 -18 -19 20 21 -15 23 -21
right_child=9 2 3 4 -6 -7 -8 -9 -10 10 -12 13 -14 16 -16 -17 17 18 -20 22 -22 -23 -24 -25
leaf_value=0.015718367511587665 0.013713450200626429 -0.027374098897865705 0.018911891739534708 0.0099937216806490689 -0.020765715131893285 -0.012445805486124464 -0.0016175104537478483 -0.0053290255134862789 -0.0024820704558237709 0.023668041844416631 -0.0057216318574692046 -0.0091345178240230685 0.0022830492775634376 0.0025337228659031118 -0.019002041512843196 0.0098726467172528271 0.018604503885482786 0.010735754140640591 -0.0090051667356108953 0.001192597409623501 -0.01554466698454653 -0.0076271468199492452 0.012955731457080462 -0.0083679366517590888
leaf_weight=13.032566301524641 15.038484506309031 10.257483579218389 11.324105985462667 13.9235225468874 14.811468720436094 16.390721827745438 20.552280690521002 15.420849345624445 10.900610543787478 13.048188470304014 12.245690733194349 12.3508537709713 11.436233609914778 96.128928378224373 16.010140433907509 10.717492446303366 11.509831771254538 12.649974770843984 11.65900035202503 415.8688862323761 20.834164962172508 65.127508655190468 13.805768981575964 26.901291340589523
leaf_count=62 68 51 59 62 67 76 99 73 53 63 64 57 51 431 73 54 55 62 55 1851 92 281 61 122
internal_value=0 -0.00297499 -0.00539995 -0.00248697 -0.00825291 -0.00213919 0.00567557 -0.0141352 0.00742879 0.000362589 0.00721123 1.73374e-05 0.0136795 -0.000271311 -0.00796434 -0.00030384 0.00017441 0.0068386 0.00126767 -0.000199343 -0.00316893 -0.00157 0.000984983 0.00061173
internal_weight=0 126.614 102.68 77.0021 45.1257 30.3142 31.8764 25.6783 23.9332 765.332 36.7301 728.602 24.4844 713.564 39.0785 23.0683 674.485 35.8188 24.309 638.667 182.091 161.256 456.576 442.77
internal_count=4042 602 487 363 205 138 158 124 115 3440 178 3262 114 3194 184 111 3010 172 117 2838 804 712 2034 1973
is_linear=0
shrinkage=0.03


Tree=269
num_leaves=23
num_cat=0
split_feature=14 14 7 5 8 1 13 0 0 2 1 0 2 6 2 9 4 8 8 13 2 5
split_gain=1.34637 1.60994 3.5519 4.81741 4.63313 2.25157 1.96904 1.94308 6.83975 3.69553 3.32705 3.59986 2.48672 2.46698 4.37083 3.18892 2.77726 2.24637 5.26982 1.85759 1.74021 1.42459
threshold=-10.889036917911186 -3.4485927640177794 0.48464078394956667 0.03249231521440555 1.0451085209677424 26.994999885559086 9.112857142857143 -0.06995146315138405 -0.065060437714217864 0.0037456654049557356 16.765000343322757 -0.087224863499522118 0.0054243453143401127 1.6291637224657205 0.00056624741466702259 -0.051056108673602767 -0.014859775681617891 1.1618053623593532 0.95294126272063784 4.5353571428571442 -0.006250606762707135 -0.0069168407750539443
decision_type=2 2 2 2 2 2 2 2 2 2 2 2 2 2 2 2 2 2 2 2 2 2
left_child=-1 2 4 -4 -2 -6 7 9 -9 10 -3 -12 -11 15 19 -10 -17 18 -14 -15 -7 -22
right_child=1 6 3 -5 5 20 -8 8 13 12 11 -13 17 14 -16 16 -18 -19 -20 -21 21 -23
leaf_value=0.0098812814724614246 0.015839644336268166 -0.0016129047517508838 -0.025208940451727464 -0.0013216509160953248 0.0075210233763634525 -0.01678279770265266 0.0096327697373155188 -0.020333655444936181 -0.014589667220311429 -0.012353950927362379 0.0073571291534111341 0.031073108905200091 -0.0042701502514398736 -0.009259542924262924 0.023346906248443933 -0.0065519409198577959 0.00040746373897147575 -0.0070588307511904765 0.023240730005204411 0.0080530628063035237 -0.010894762512117632 0.0049475019252578686
leaf_weight=11.98046128451824 13.281734943389891 11.190610669553278 14.11961489915848 16.451921127736568 10.841889157891272 13.019567608833308 19.365616470575333 15.428291276097296 14.230153657495974 12.786631658673285 12.477061957120894 10.700405061244966 13.869489073753359 10.157567694783213 10.958147317171095 56.782573208212852 566.28285653144121 13.326906621456144 11.431646823883055 12.371450401842592 9.938278123736378 10.512057706713684
leaf_count=62 64 53 66 85 50 64 92 68 66 56 60 49 62 47 50 267 2509 60 52 60 49 51
internal_value=0 -0.000243932 -0.00408933 -0.0123541 0.000297751 -0.00436068 0.000184482 -5.25297e-05 -0.000584675 0.00420432 0.0118203 0.0183062 -0.000886571 -0.00013044 0.00780635 -0.000547485 -0.000226776 0.00290935 0.00815991 0.000247398 -0.00820951 -0.00275139
internal_weight=0 879.524 88.1651 30.5715 57.5935 44.3118 791.359 771.994 686.211 85.7828 34.3681 23.1775 51.4147 670.783 33.4872 637.296 623.065 38.628 25.3011 22.529 33.4699 20.4503
internal_count=4042 3980 429 151 278 214 3551 3459 3067 392 162 109 230 2999 157 2842 2776 174 114 107 164 100
is_linear=0
shrinkage=0.03


Tree=270
num_leaves=17
num_cat=0
split_feature=10 9 1 0 3 6 2 5 0 8 1 6 11 13 0 1
split_gain=1.5376 4.54441 9.02744 2.77483 3.24062 2.65262 3.65124 2.72436 2.72023 2.50605 1.94027 3.38065 5.44858 2.53531 2.24222 1.3328
threshold=0.66462596657290851 0.017400458065285344 17.164999961853031 0.12763802256548665 39.08911008006941 1.7861058744600313 0.013185002012259183 -0.074484169905029526 -0.075702670253601653 1.1428927006360028 31.405000686645511 1.3822534425704343 -0.0040556699522904518 6.8757142857142899 -0.10208878064042463 16.404999732971195
decision_type=2 2 2 2 2 2 2 2 2 2 2 2 2 2 2 2
left_child=3 2 -2 5 -5 6 7 -1 -8 -4 11 14 -13 -12 -9 -3
right_child=1 15 9 4 -6 -7 8 10 -10 -11 13 12 -14 -15 -16 -17
leaf_value=0.013602888128080701 -0.020314486090102363 0.022948345786745993 0.001411715513019969 -0.019053382264083721 -0.00015634640181893321 0.013381757487676666 -0.023716375474381157 0.0091351545536612171 -0.0034391798264414692 0.01871163882178151 -0.0028294092228562319 0.0012647917016065026 -0.022567197074535552 0.014991811439357813 -0.00016380176323934042 0.0086381215689930371
leaf_weight=13.514227569103239 14.917990058660505 10.663778960704805 19.998731009662151 15.023908257484434 17.896235637366772 13.322330281138418 9.8090182989835757 24.200265690684319 15.151971727609633 12.09300175309181 12.34046306461096 19.286428734660149 15.63157783448696 17.195905476808548 654.517812512815 12.996394217014311
leaf_count=70 67 48 94 70 85 61 51 115 74 57 64 88 68 86 2918 63
internal_value=0 0.00436454 -0.00103253 -0.000245581 -0.00878047 0.000107853 -0.000118386 0.000254013 -0.0114076 0.00793078 1.12706e-05 -0.000300581 -0.00940396 0.007546 0.00016776 0.0150878
internal_weight=0 70.6699 47.0097 827.89 32.9201 794.97 781.648 756.687 24.961 32.0917 743.172 713.636 34.918 29.5364 678.718 23.6602
internal_count=4079 329 218 3750 155 3595 3534 3409 125 151 3339 3189 156 150 3033 111
is_linear=0
shrinkage=0.03


Tree=271
num_leaves=18
num_cat=0
split_feature=10 9 1 7 0 3 6 2 5 0 1 6 5 6 0 1 9
split_gain=1.44918 4.28996 8.49551 2.99908 2.61127 3.05068 2.49851 3.44667 2.57237 2.44602 1.82731 3.18224 3.51867 2.41396 2.11457 1.27008 1.16275
threshold=0.66462596657290851 0.017400458065285344 17.164999961853031 0.45681037207935565 0.12763802256548665 39.08911008006941 1.7861058744600313 0.013185002012259183 -0.074484169905029526 -0.06995146315138405 31.405000686645511 1.3822534425704343 -0.002356197614374 0.78148086776920567 -0.10208878064042463 16.404999732971195 -0.045949985888853621
decision_type=2 2 2 2 2 2 2 2 2 2 2 2 2 2 2 2 2
left_child=4 2 -2 -4 6 -6 7 8 -1 -9 11 14 -13 -12 -10 -3 -15
right_child=1 15 3 -5 5 -7 -8 9 10 -11 13 12 -14 16 -16 -17 -18
leaf_value=0.013239745502693242 -0.019700599248737953 0.02237836910516797 0.014864244375119285 -0.0040584810292662215 -0.018488285662962966 -0.00015165625144208811 0.01299392121037766 -0.022171829547167059 0.0088812335009059475 -0.0031098347825530498 -0.0054284992085832399 -0.00056244332177184976 -0.019720867580909438 0.0055578405531151332 -0.00015888518646372908 0.008386176514053852 0.019929394025351078
leaf_weight=13.469046272337435 14.921304523944853 10.608173832297327 19.920718915760517 12.127119019627569 15.018698401749132 17.89618769288063 13.308580026030539 10.431484311819078 24.146236047148705 14.452263139188288 9.193703159689905 19.30298675596714 15.600941210985182 9.6564554870128649 654.52799548953772 12.985407121479509 10.659708384424446
leaf_count=70 67 48 96 55 70 85 61 54 115 71 47 87 69 47 2918 63 56
internal_value=0 0.00424051 -0.00100214 0.00770376 -0.000238286 -0.00851846 0.000104641 -0.000114874 0.000246461 -0.0111008 1.09478e-05 -0.000291583 -0.00912565 0.00732645 0.000162749 0.0146774 0.0130985
internal_weight=0 70.5627 46.9691 32.0478 827.664 32.9149 794.749 781.441 756.557 24.8837 743.088 713.578 34.9039 29.5099 678.674 23.5936 20.3162
internal_count=4079 329 218 151 3750 155 3595 3534 3409 125 3339 3189 156 150 3033 111 103
is_linear=0
shrinkage=0.03


Tree=272
num_leaves=18
num_cat=0
split_feature=10 9 1 7 0 3 6 2 5 0 1 6 11 6 0 1 10
split_gain=1.36587 4.04989 7.99577 2.82986 2.45748 2.87231 2.35342 3.25341 2.42876 2.33096 1.7227 2.99669 4.998 2.27886 1.99412 1.2105 1.19527
threshold=0.66462596657290851 0.017400458065285344 17.164999961853031 0.45681037207935565 0.12763802256548665 39.08911008006941 1.7861058744600313 0.013185002012259183 -0.074484169905029526 -0.06995146315138405 31.405000686645511 1.3822534425704343 -0.0040556699522904518 0.78148086776920567 -0.10208878064042463 16.404999732971195 -0.10341728281921746
decision_type=2 2 2 2 2 2 2 2 2 2 2 2 2 2 2 2 2
left_child=4 2 -2 -4 6 -6 7 8 -1 -9 11 14 -13 -12 -10 -3 -15
right_child=1 15 3 -5 5 -7 -8 9 10 -11 13 12 -14 16 -16 -17 -18
leaf_value=0.012885780087100406 -0.019108135174536731 0.021824170942750756 0.01445196785827048 -0.0039357766910537101 -0.017941771874489806 -0.00014710716074658496 0.012617690890532961 -0.021664335803928694 0.0086340755835850169 -0.0030167965570379114 -0.0052636224979275767 0.0013606477287517432 -0.021479195034337116 0.0041802037465173553 -0.00015411627463246858 0.0081415596137698748 0.018944755971825791
leaf_weight=13.424547307193277 14.922411173582075 10.552086710929872 19.87503582239151 12.130001485347746 15.011988274753092 17.8961411267519 13.294464662671087 10.356714457273485 24.093138158321381 14.451051630079744 9.19718035310507 19.271283566951752 15.605557784438131 8.508671179413799 654.53786768019199 12.974461503326891 11.748673062771555
leaf_count=70 67 48 96 55 70 85 61 54 115 71 47 88 68 43 2918 63 60
internal_value=0 0.00412008 -0.000972715 0.00748296 -0.000231211 -0.00826465 0.000101538 -0.000111463 0.000239154 -0.0108017 1.06424e-05 -0.000282865 -0.00885898 0.00712058 0.000157887 0.0142785 0.0127432
internal_weight=0 70.454 46.9274 32.005 827.397 32.9081 794.489 781.195 756.387 24.8078 742.962 713.508 34.8768 29.4545 678.631 23.5265 20.2573
internal_count=4079 329 218 151 3750 155 3595 3534 3409 125 3339 3189 156 150 3033 111 103
is_linear=0
shrinkage=0.03


Tree=273
num_leaves=17
num_cat=0
split_feature=10 9 1 7 0 3 6 2 5 0 1 6 11 13 0 13
split_gain=1.28739 3.82333 7.52623 2.67018 2.31285 2.70474 2.21681 3.07094 2.29306 2.22121 1.62334 2.82119 4.7098 2.41496 1.88046 1.32552
threshold=0.66462596657290851 0.017400458065285344 17.164999961853031 0.45681037207935565 0.12763802256548665 39.08911008006941 1.7861058744600313 0.013185002012259183 -0.074484169905029526 -0.06995146315138405 31.405000686645511 1.3822534425704343 -0.0040556699522904518 6.8757142857142899 -0.10208878064042463 4.8799999999999999
decision_type=2 2 2 2 2 2 2 2 2 2 2 2 2 2 2 2
left_child=4 2 -2 -4 6 -6 7 8 -1 -9 11 14 -13 -12 -10 -3
right_child=1 15 3 -5 5 -7 -8 9 10 -11 13 12 -14 -15 -16 -17
leaf_value=0.01254074939538965 -0.018536031734520474 0.0064350025545744476 0.014051147694892428 -0.0038168313613003661 -0.017413015208625867 -0.0001426941365270647 0.01225265725006326 -0.021168309206110156 0.0083935023640362722 -0.0029265415284811364 -0.0032321892656276847 0.001319870448785124 -0.020858766461935713 0.014198229750569974 -0.00014949060743380969 0.020711360133515599
leaf_weight=13.380750618875025 14.921502172946928 11.207875303924085 19.829427763819698 12.132730156183241 15.00392200052738 17.896095871925354 13.280040994286535 10.282552242279055 24.040984302759171 14.449841551482676 12.285621460527183 19.270674973726273 15.587906986474989 17.126254983246326 654.54743650555611 12.251354500651358
leaf_count=70 67 52 96 55 70 85 61 54 115 71 64 88 68 86 2918 59
internal_value=0 0.00400321 -0.000944205 0.00726852 -0.000224344 -0.00801876 9.85214e-05 -0.000108154 0.000232053 -0.0105106 1.03421e-05 -0.000274401 -0.00859787 0.00691738 0.00015317 0.0138907
internal_weight=0 70.3429 46.8837 31.9622 827.152 32.9 794.252 780.972 756.24 24.7324 742.859 713.447 34.8586 29.4119 678.588 23.4592
internal_count=4079 329 218 151 3750 155 3595 3534 3409 125 3339 3189 156 150 3033 111
is_linear=0
shrinkage=0.03


Tree=274
num_leaves=18
num_cat=0
split_feature=10 9 1 7 0 6 6 2 5 0 0 5 12 11 2 10 13
split_gain=1.21319 3.60701 7.08494 2.51951 2.17681 2.56177 2.08817 2.89864 2.16485 2.1165 1.53253 4.57592 4.17527 2.09589 3.37197 2.16143 1.25569
threshold=0.66462596657290851 0.017400458065285344 17.164999961853031 0.45681037207935565 0.12763802256548665 1.2987680197880749 1.7861058744600313 0.013185002012259183 -0.074484169905029526 -0.06995146315138405 -0.06995146315138405 -0.024632541903620905 3708164.0000000005 -0.03255916214006415 0.00013909748905258326 0.35825793985133497 4.8799999999999999
decision_type=2 2 2 2 2 2 2 2 2 2 2 2 2 2 2 2 2
left_child=4 2 -2 -4 6 -6 7 8 -1 -9 11 -10 -13 14 -12 -15 -3
right_child=1 16 3 -5 5 -7 -8 9 10 -11 13 12 -14 15 -16 -17 -18
leaf_value=0.012204422590112811 -0.017983305937814418 0.0062492531857284679 0.013661414596747622 -0.0037015261311142689 -0.01581718151939605 0.00094184003915628129 0.011898431653784462 -0.020683331134482216 -0.0098424846296095835 -0.0028389861711575061 0.016285898481967539 -0.0085275559064303431 0.010841725387322844 -0.00026677957282870849 -0.0050383589728150747 -0.0062670915135570222 0.020160025033020928
leaf_weight=13.337672539055346 14.918756008148192 11.194980528205635 19.783967480063442 12.135313525795935 17.11811176687479 15.772573195397852 13.265361428260801 10.209070868790151 17.574377685785294 14.448634967207907 16.391749411821369 12.22661569714546 55.400969445705414 570.23457787930965 11.257274121046065 59.68523259088397 12.209453515708445
leaf_count=70 67 52 96 55 80 75 61 54 76 71 81 55 264 2534 53 276 59
internal_value=0 0.00388899 -0.000916579 0.00706024 -0.000217683 -0.00778047 9.55861e-05 -0.000104946 0.000225151 -0.0102271 1.00432e-05 0.00379573 0.00733989 -0.000480472 0.00760375 -0.000835312 0.0135061
internal_weight=0 70.2425 46.838 31.9193 826.922 32.8907 794.032 780.766 756.108 24.6577 742.771 85.202 67.6276 657.569 27.649 629.92 23.4044
internal_count=4079 329 218 151 3750 155 3595 3534 3409 125 3339 395 319 2944 134 2810 111
is_linear=0
shrinkage=0.03


Tree=275
num_leaves=26
num_cat=0
split_feature=10 14 4 4 4 10 11 3 10 1 11 1 1 11 14 2 13 10 13 4 11 6 14 14 5
split_gain=1.38469 3.94106 5.273 5.35673 5.18383 1.75143 2.89207 2.42252 2.41721 2.11826 1.96853 1.69599 5.4449 4.33929 2.80098 2.64593 2.59921 1.88389 1.77633 4.61047 3.68737 3.34759 6.40321 5.0062 3.1
threshold=-0.37353474333546011 -2.2254924051538323 -0.0060066738474309203 0.0010383792155449492 0.0090764290418448041 -0.29138314660990416 -0.0038373498923018885 44.551279350480428 -0.2786046994947759 14.920000076293947 0.015854842359245839 29.94999980926514 28.184999465942386 0.015401100283973125 -1.7914721850318445 -0.0036773137751762511 5.6742857142857117 0.19124491283022041 4.6264285714285771 0.0068319030909850262 0.015854842359245839 0.77289923572014485 -1.474081912700796 -0.92404039433394314 0.017888414331539263
decision_type=2 2 2 2 2 2 2 2 2 2 2 2 2 2 2 2 2 2 2 2 2 2 2 2 2
left_child=1 -1 -3 -4 -5 6 7 -2 -7 -8 -11 12 18 14 15 -13 -16 -14 19 20 -10 22 -20 -23 -21
right_child=5 2 3 4 -6 8 9 -9 11 10 -12 13 17 -15 16 -17 -18 -19 21 24 -22 23 -24 -25 -26
leaf_value=0.021204203244373082 -0.0065399280341342002 -0.017223035562195416 0.019533242238722485 -0.015331904884516233 0.0098875366994979254 0.013511371292826485 0.0011087597020166579 0.013796411453775014 0.00041656939699050068 -0.020636213706699377 -0.0062238558046209874 -0.014107133938415789 0.0066355226233058354 -0.020387241384929037 -0.0037454829449920873 0.0028734890854529142 0.018741333217058363 0.02425564423126618 -0.008680262532728503 0.0038540496328321977 -0.011668828341685282 0.0038238844697468227 0.0095744025837318607 -0.0054300214172203227 0.017413288511152571
leaf_weight=9.9395850300788862 10.299933895468714 11.695356719195841 15.696033179759977 14.058131560683252 15.339163705706595 11.230021193623541 12.376430228352545 10.799342405050991 179.83713359385729 16.940141811966896 17.178753800690174 18.220815010368824 12.08892657607794 13.348820175975559 8.7597120217978972 15.105377234518526 9.8039904013276082 9.9608808159828168 25.683084577322006 56.886582545936108 26.007423490285873 67.961145460605621 52.944309592247009 232.9856911227107 20.696060925722122
leaf_count=51 48 52 71 62 71 51 54 53 793 75 78 87 58 66 47 77 56 51 120 250 113 319 234 1038 95
internal_value=0 0.00377733 0.000727143 0.00538268 -0.0021727 -0.000714787 -0.0053428 0.00386892 -0.000303991 -0.00952302 -0.0133796 -0.000510774 -7.0615e-05 -0.00513274 -0.00120848 -0.00641052 0.00813041 0.0145953 -0.000558368 0.00123866 -0.00111036 -0.0019002 0.00361164 -0.00334026 0.00747113
internal_weight=0 66.7283 56.7887 45.0933 29.3973 829.115 67.5946 21.0993 761.52 46.4953 34.1189 750.29 685.051 65.2387 51.8899 33.3262 18.5637 22.0498 663.001 283.427 205.845 379.574 78.6274 300.947 77.5826
internal_count=4070 307 256 204 133 3763 308 101 3455 207 153 3404 3071 333 267 164 103 109 2962 1251 906 1711 354 1357 345
is_linear=0
shrinkage=0.03


Tree=276
num_leaves=25
num_cat=0
split_feature=10 0 6 5 10 0 1 8 10 1 1 7 11 13 0 12 10 13 4 11 0 6 4 10
split_gain=1.3052 3.4464 5.10213 2.14959 1.64801 2.99702 4.46384 3.3075 2.27913 1.59869 5.13861 4.18396 2.7256 2.9849 4.03112 2.0759 1.79331 1.67156 4.34411 3.46655 3.16877 3.15003 4.53882 3.15991
threshold=-0.37353474333546011 -0.019405172348413376 0.78375721082780681 -0.016208581944880059 -0.29138314660990416 -0.019099796569075341 18.065000534057621 1.1035088487813252 -0.2786046994947759 29.94999980926514 28.184999465942386 0.032336412279764012 0.015401100283973125 7.4496428571428597 0.016570527850011122 8591000.0000000019 0.19124491283022041 4.6264285714285771 0.0068319030909850262 0.015854842359245839 -0.059388339175956421 0.77289923572014485 0.030924967440121857 -0.10893889206352834
decision_type=2 2 2 2 2 2 2 2 2 2 2 2 2 2 2 2 2 2 2 2 2 2 2 2
left_child=1 3 -3 -1 5 7 -7 -2 -6 10 17 -11 13 15 -15 -13 -12 18 19 -10 -20 23 -23 -19
right_child=4 2 -4 -5 8 6 -8 -9 9 11 16 12 -14 14 -16 -17 -18 21 20 -21 -22 22 -24 -25
leaf_value=0.00067001777434580435 -0.018948134476608921 -0.01308059621780761 0.011186600944076905 0.016191275214884324 0.013134637906088707 -0.0084003239569493265 0.013930065042732406 -0.00011463726131444145 0.00040408808471388547 0.014395718246222258 0.0064420367086789167 -0.0074153428864193937 -0.01983945345331075 -0.00054975861738545061 -0.026037137815006484 0.011981845873540724 0.023663300198830364 0.0097877579718542267 -0.0046521071927991403 -0.011309967101004121 0.010347675858933862 -0.0039644660179518091 0.015482820638045455 -0.002255864704290316
leaf_weight=12.912027500569819 20.699184902012348 19.407402485609055 13.034484960138796 21.241449721157551 11.205931603908537 18.492369830608368 14.27680668234825 14.11512093991041 179.83022361248732 8.6863675490021688 12.078614108264448 8.4476068615913409 13.306521736085413 12.634786009788515 10.009341754019259 12.046819113194941 9.9047760069370252 37.589566007256508 15.965146780014036 26.027339145541191 61.514713019132614 289.77004213631153 11.219290167093275 40.983663864433765
leaf_count=59 92 88 61 99 51 80 69 67 793 42 58 42 66 67 48 68 51 169 73 113 272 1304 53 185
internal_value=0 0.00367186 -0.00333053 0.0103233 -0.000693501 -0.00518313 0.00132853 -0.0113123 -0.000294898 -0.000495548 -6.84219e-05 -0.00498695 -0.00796976 -0.00430843 -0.0118159 0.00398651 0.0142012 -0.000541638 0.00120196 -0.00107696 0.00725689 -0.00184321 -0.00323957 0.00350582
internal_weight=0 66.5954 32.4419 34.1535 828.804 67.5835 32.7692 34.8143 761.221 750.015 684.883 65.1314 56.4451 43.1386 22.6441 20.4944 21.9834 662.9 283.337 205.858 77.4799 379.563 300.989 78.5732
internal_count=4070 307 149 158 3763 308 149 159 3455 3404 3071 333 291 225 115 110 109 2962 1251 906 345 1711 1357 354
is_linear=0
shrinkage=0.03


Tree=277
num_leaves=26
num_cat=0
split_feature=10 0 6 5 10 0 1 1 7 10 1 1 1 7 2 10 2 11 13 4 11 0 6 6 10
split_gain=1.22938 3.24902 4.80185 2.03292 1.55071 2.81734 4.20719 3.19272 6.21712 2.14894 1.50736 4.84952 4.15628 3.95642 3.98239 3.27999 2.23031 1.73681 1.57286 4.09224 3.25922 2.9874 2.96399 4.29647 2.97821
threshold=-0.37353474333546011 -0.019405172348413376 0.78375721082780681 -0.016208581944880059 -0.29138314660990416 -0.019099796569075341 18.065000534057621 17.505000114440922 0.69016217037585348 -0.2786046994947759 29.94999980926514 28.184999465942386 30.82499980926514 0.032336412279764012 -1.0000000180025095e-35 -0.028176529533718516 0.010687890946759381 -0.0042618530324720618 4.6264285714285771 0.0068319030909850262 0.015854842359245839 -0.059388339175956421 0.77289923572014485 0.90480788273418378 -0.10893889206352834
decision_type=2 2 2 2 2 2 2 2 2 2 2 2 2 2 2 2 2 2 2 2 2 2 2 2 2
left_child=1 3 -3 -1 5 7 -7 -2 -9 -6 11 18 -12 -14 15 -15 -16 -13 19 20 -11 -21 24 -24 -20
right_child=4 2 -4 -5 9 6 -8 8 -10 10 12 17 13 14 16 -17 -18 -19 22 21 -22 -23 23 -25 -26
leaf_value=0.00064995806972724423 0.0031897940471271595 -0.012681842538079312 0.010870597883068926 0.01575288037417525 0.01276846762280388 -0.0081440239661166626 0.013548821995537934 -0.001317061863036058 -0.03144551588274274 0.00039198029694787568 -0.020101203214913169 0.0055050786246271652 0.018244485143002882 0.0023687619070567618 0.015546201140869166 -0.020910687145810902 -0.0044903081718582847 0.022397323033912151 0.0095085626572337864 -0.0045098369490602676 -0.01096298388497151 0.010053289557259404 -0.0093484783371894226 -0.0010722947363385037 -0.0021880653910282054
leaf_weight=12.911240890622137 10.156610623002051 19.416947707533836 13.011346131563185 21.178575806319714 11.181843340396879 18.501961663365364 14.238762661814688 11.999436505138876 12.675974648445843 179.82350972294807 12.88772416859865 11.131959334015848 8.0644865334033948 8.3386136665940267 9.7547746971249634 15.708952430635689 10.257576540112494 10.785364426672457 37.533356249332428 15.974584236741064 26.045301079750061 61.418028526008129 75.276531204581261 225.774299480021 40.985943049192429
leaf_count=59 45 88 61 99 51 80 69 57 57 793 61 57 39 44 53 81 55 52 169 73 113 272 334 1023 185
internal_value=0 0.00356615 -0.00323179 0.0100328 -0.000672848 -0.00502823 0.00129008 -0.0109672 -0.0167943 -0.000286085 -0.000480779 -6.63019e-05 -0.00484631 -0.00107455 -0.0046106 -0.0128384 0.00527624 0.0138176 -0.000525391 0.00116628 -0.00104458 0.00704732 -0.00178784 -0.00314172 0.00340309
internal_weight=0 66.5181 32.4283 34.0898 828.516 67.5727 32.7407 34.832 24.6754 760.943 749.761 684.749 65.0121 52.1244 44.0599 24.0476 20.0124 21.9173 662.832 283.261 205.869 77.3926 379.57 301.051 78.5193
internal_count=4070 307 149 158 3763 308 149 159 114 3455 3404 3071 333 272 233 125 108 109 2962 1251 906 345 1711 1357 354
is_linear=0
shrinkage=0.03


Tree=278
num_leaves=25
num_cat=0
split_feature=10 14 4 4 4 10 0 1 8 10 1 1 1 11 14 5 2 10 1 1 1 3 8 13
split_gain=1.158 3.75597 5.0161 5.06912 4.80405 1.45939 2.6494 3.96533 3.06293 2.0262 1.42135 4.57531 3.9242 2.88527 4.0787 2.65683 1.68567 1.53814 5.08228 5.09709 4.74757 8.29445 6.48714 4.57346
threshold=-0.37353474333546011 -2.2254924051538323 -0.0060066738474309203 0.0010383792155449492 0.0090764290418448041 -0.29138314660990416 -0.019099796569075341 18.065000534057621 1.1035088487813252 -0.2786046994947759 29.94999980926514 28.184999465942386 30.82499980926514 0.0014193832826623345 -1.7914721850318445 -0.046612931299682685 0.00045813857983683509 -0.04141173628300681 25.32499980926514 23.480000495910648 21.664999961853031 66.492433486059468 1.2502911873205533 6.5064285714285761
decision_type=2 2 2 2 2 2 2 2 2 2 2 2 2 2 2 2 2 2 2 2 2 2 2 2
left_child=1 -1 -3 -4 -5 6 8 -8 -2 -7 11 17 -12 14 15 -14 -13 20 19 -19 22 -22 -11 -20
right_child=5 2 3 4 -6 9 7 -9 -10 10 12 16 13 -15 -16 -17 -18 18 23 -21 21 -23 -24 -25
leaf_value=0.020546669692987168 -0.017983375914209912 -0.017028922239483116 0.018861024599276827 -0.014984249107605747 0.0093307633469247656 0.012412514524161701 -0.0078958894871586499 0.013177847625583123 0.00013274293875868991 0.0006940272368499169 -0.019556635463989711 0.021407418324053937 -0.016536292830118524 -0.012628579444013719 0.015887858895193629 0.0039479038084275636 0.0047286049697866086 -0.0014924007187716625 -0.0038396092588021454 0.012374307451068487 0.014325450800413373 -0.013351513422970085 -0.01946923793014441 -0.024805135227924234
leaf_weight=9.8635962307453138 20.709062907844782 11.679197929799555 15.591917663812636 14.031656846404077 15.273334205150602 11.157798640429972 18.510761305689812 14.200995624065397 14.130680926144121 171.8411410599947 12.849775120615957 11.416863568127157 9.6201326474547333 14.104317456483839 14.331234492361547 13.979616440832617 10.44113218039274 349.77438800781965 24.555891245603561 25.60343848913908 47.909168057143688 12.233730182051657 15.670186251401899 15.136594533920286
leaf_count=51 92 52 71 62 71 51 80 69 67 749 61 58 48 70 83 71 51 1561 110 124 221 55 68 74
internal_value=0 0.00346355 0.000485248 0.00504127 -0.00231162 -0.00065285 -0.0048787 0.00125275 -0.0106356 -0.000277551 -0.000466476 -6.4264e-05 -0.00471009 -0.00104383 0.00326386 -0.00440221 0.0134403 -0.000509671 -0.00162606 -0.000546593 0.0013614 0.00869565 -0.000991002 -0.0118347
internal_weight=0 66.4397 56.5761 44.8969 29.305 828.177 67.5515 32.7118 34.8397 760.625 749.468 684.583 64.8851 52.0353 37.931 23.5997 21.858 662.725 415.07 375.378 247.654 60.1429 187.511 39.6925
internal_count=4070 307 256 204 133 3763 308 149 159 3455 3404 3071 333 272 202 119 109 2962 1869 1685 1093 276 817 184
is_linear=0
shrinkage=0.03


Tree=279
num_leaves=21
num_cat=0
split_feature=10 14 4 4 4 10 8 8 3 10 11 1 1 1 1 11 1 10 0 10
split_gain=1.0916 3.5541 4.7241 4.78987 4.52126 1.37335 2.61518 5.03112 4.46625 1.65796 4.3993 1.47192 1.35675 2.11773 4.37234 3.03543 1.95839 1.91629 1.77285 0.625234
threshold=-0.37353474333546011 -2.2254924051538323 -0.0060066738474309203 0.0010383792155449492 0.0090764290418448041 -0.29138314660990416 0.98161086712213341 1.1752024704963879 64.930031517637232 -0.26302730218914738 0.0087928360871590856 41.274999618530281 33.649999618530281 29.94999980926514 28.184999465942386 -0.028613261870253977 31.405000686645511 -0.25240769918598566 -0.0027305386278980155 -0.33101357302788553
decision_type=2 2 2 2 2 2 2 2 2 2 2 2 2 2 2 2 2 2 2 2
left_child=1 -1 -3 -4 -5 6 8 19 -2 10 -7 12 13 14 17 -15 -17 -11 -16 -8
right_child=5 2 3 4 -6 9 7 -9 -10 11 -12 -13 -14 15 18 16 -18 -19 -20 -21
leaf_value=0.020029517452929815 0.011824562484713549 -0.016528040296546868 0.018365347866273116 -0.014529985405933374 0.0090656126998592528 -0.0039273091660325882 -0.023922565553566904 0.0036261577086244526 -0.011474442381753998 -0.01413760736955459 0.020871629423888913 -0.01019020699724759 0.0091652773386212902 0.0051103432233790547 0.0033856180710609917 -0.020981308942449661 -0.0040081420181862972 -0.000389915843178326 0.020629213500166482 -0.013947790516847882
leaf_weight=9.815459877252577 17.253851465880874 11.672246277332304 15.533257082104681 14.036157920956613 15.248824328184126 14.387418761849405 11.284356430172918 14.685874201357363 12.971807330846785 9.2573015242815 11.652363412082194 13.935226820409296 13.248732995241879 11.579739779233931 9.5509308129549044 13.863803640007974 10.95053546130657 639.55706267803907 12.246987521648405 11.338166050612928
leaf_count=51 79 52 71 62 71 64 51 70 57 40 53 73 80 55 45 67 52 2862 64 51
internal_value=0 0.00336694 0.000471745 0.00489909 -0.00224365 -0.000633517 -0.00473339 -0.0100471 0.00182544 -0.000269311 0.0071698 -0.000533156 -0.000346315 -0.000524555 -0.000142061 -0.00757254 -0.0134911 -0.000586068 0.0130738 -0.0189233
internal_weight=0 66.3059 56.4905 44.8182 29.285 827.764 67.5341 37.3084 30.2257 760.23 26.0398 734.19 720.255 707.006 670.612 36.3941 24.8143 648.814 21.7979 22.6225
internal_count=4070 307 256 204 133 3763 308 172 136 3455 117 3338 3265 3185 3011 174 119 2902 109 102
is_linear=0
shrinkage=0.03


Tree=280
num_leaves=22
num_cat=0
split_feature=1 2 1 14 5 0 13 5 14 3 2 2 8 13 13 6 0 13 9 1 1
split_gain=1.4968 4.3867 4.1963 3.19205 3.23619 2.3668 2.48285 5.09848 1.86204 2.04324 1.78691 6.22354 5.89713 3.99292 5.00771 4.63941 3.4866 3.44293 3.37818 2.8325 3.32292
threshold=13.84500026702881 0.0049426041384897932 14.030000209808351 1.0011235201792641 0.012134016619631318 -0.034895651013681799 4.2703571428571392 -0.0028834774987223084 8.6460355032418619 83.948670145171349 0.0032721484786855984 0.0026127625601204498 0.971518642138813 5.2517857142857176 5.8075000000000072 0.727105264357082 -0.041497584316919293 6.7010714285714252 -0.015913127876136964 14.715000152587892 14.920000076293947
decision_type=2 2 2 2 2 2 2 2 2 2 2 2 2 2 2 2 2 2 2 2 2
left_child=1 3 -2 -1 5 -5 7 -7 9 10 11 19 -13 15 16 -12 -15 -16 -17 -4 -21
right_child=2 -3 8 4 -6 6 -8 -9 -10 -11 13 12 -14 14 17 18 -18 -19 -20 20 -22
leaf_value=0.016871492185535776 -0.017428211031185126 -0.012981908569192707 -0.011843393473120644 0.017870012283469981 -0.0066263865538444102 -0.014533244479712257 0.013399020038620462 0.012153567449603704 0.010570571915698121 0.0094691013062012386 0.025899727283671427 -0.02708404353861351 -0.0011305808847439059 -0.026051576515997425 0.0084106810952021965 0.018926079907862249 -0.0037368786705957698 -0.0025421548108478542 0.0013219510288058421 0.014634909089431405 -0.00075799332223648879
leaf_weight=18.057110823690891 12.980560153722761 13.123492106795309 20.053601384162903 13.261477515101431 22.768455505371094 14.006598949432369 14.056357055902479 11.931498244404796 14.10816217958927 18.315729737281799 10.053534418344496 16.320915557444099 15.234073936939238 11.209579899907114 39.009299091994762 11.692783892154692 14.393414653837679 76.450414732098579 60.947753570973873 12.984675668179987 451.63317425921559
leaf_count=84 56 59 88 58 99 60 63 53 64 83 48 72 67 50 180 53 66 366 276 58 2060
internal_value=0 0.00326648 -0.000512545 0.00553298 0.00283989 0.00688699 0.00324521 -0.00225734 -0.000228271 -0.000429184 -0.000674182 -0.00164476 -0.0145543 0.00156502 -0.00150336 0.00679919 -0.0135068 0.00115838 0.00415565 -0.000804273 -0.000327808
internal_weight=0 107.205 785.388 94.0815 76.0244 53.2559 39.9945 25.9381 772.407 758.299 739.983 516.226 31.555 223.757 141.063 82.6941 25.603 115.46 72.6405 484.671 464.618
internal_count=4063 476 3587 417 333 234 176 113 3531 3467 3384 2345 139 1039 662 377 116 546 329 2206 2118
is_linear=0
shrinkage=0.03


Tree=281
num_leaves=20
num_cat=0
split_feature=1 2 1 14 5 3 9 14 3 2 2 8 10 13 14 1 7 8 10
split_gain=1.40986 4.12522 3.94796 3.01979 3.04809 2.24525 1.95043 1.75406 1.92327 1.68185 5.85609 5.55041 4.00956 5.36333 6.50744 3.73411 2.73089 4.42129 3.18014
threshold=13.84500026702881 0.0049426041384897932 14.030000209808351 1.0011235201792641 0.012134016619631318 65.238691190921386 0.024638285391541118 8.6460355032418619 83.948670145171349 0.0032721484786855984 0.0026127625601204498 0.971518642138813 0.58287547695781805 4.4303571428571429 1.8220838143783269 15.835000038146974 0.96611852585335156 0.85378937129470844 0.7061041502445623
decision_type=2 2 2 2 2 2 2 2 2 2 2 2 2 2 2 2 2 2 2
left_child=1 3 -2 -1 5 -5 -7 8 9 10 16 -12 13 14 -11 -15 18 -18 -4
right_child=2 -3 7 4 -6 6 -8 -9 -10 12 11 -13 -14 15 -16 -17 17 -19 -20
leaf_value=0.016427002273092853 -0.016904009869556827 -0.012562310287966756 0.00067218795213461224 0.014789477614822371 -0.0064226559087370164 -0.0071809926572210629 0.0076799833858279482 0.010266122621697229 0.0091890561017485255 0.028004437465219845 -0.026275967670684689 -0.0010965683196642148 0.016673203491904678 0.011374395487428779 0.0021673207907340467 -0.0034264032049661402 0.0028077240311639006 -0.016887500811345924 -0.0085580922821011235
leaf_weight=17.990362018346786 12.981580749154089 13.154497057199476 406.50867907330394 19.509361729025841 22.785696774721146 12.868200629949568 20.789729818701744 14.091016709804533 18.307822361588478 12.718360811471937 16.318184562027458 15.235383272171019 14.68241675943136 17.078267484903336 28.284350223839283 150.82977271080017 18.463877171278 23.082131251692772 36.620053417980671
leaf_count=84 56 59 1850 87 99 56 91 64 83 59 72 67 70 78 128 704 83 100 173
internal_value=0 0.00317209 -0.000497211 0.00537531 0.00275759 0.00669193 0.00199829 -0.000221401 -0.000416328 -0.000654026 -0.0015954 -0.0141183 0.00151939 0.000454372 0.0101816 -0.00192098 -0.000780122 -0.00813455 -9.06002e-05
internal_weight=0 107.098 785.202 93.9434 75.953 53.1673 33.6579 772.22 758.129 739.821 516.228 31.5536 223.593 208.911 41.0027 167.908 484.675 41.546 443.129
internal_count=4063 476 3587 417 333 234 147 3531 3467 3384 2345 139 1039 969 187 782 2206 183 2023
is_linear=0
shrinkage=0.03


Tree=282
num_leaves=10
num_cat=0
split_feature=6 14 4 9 10 2 10 2 6
split_gain=1.45864 1.77475 1.86389 2.43254 1.27527 1.1367 1.22413 3.45775 1.64233
threshold=2.1317538714827493 -10.889036917911186 -0.034114206991851352 -0.076310255938631985 -0.48500076953937937 0.014479924970281652 -0.37353474333546011 0.00382142582484614 0.67120126492020193
decision_type=2 2 2 2 2 2 2 2 2
left_child=1 -1 -3 -4 -5 6 7 -6 -8
right_child=-2 2 3 4 5 -7 8 -9 -10
leaf_value=0.011309105526967247 -0.0098691848117363531 0.0093594772408420995 -0.014130699180487752 -0.0083378608455754281 0.00039896805292299691 -0.007197313467619362 0.0042184252803618601 0.019651031414438556 -0.00049881291392803173
leaf_weight=12.520220980048178 13.424501329660414 18.474882546812296 11.248534820973871 16.523541122674942 35.20790696144104 18.872353598475456 73.602486163377762 11.025454506278036 681.10288870334625
leaf_count=64 61 94 57 74 160 92 341 53 3067
internal_value=0 9.49362e-05 -6.71821e-05 -0.000272656 -8.62683e-05 8.0045e-05 0.00025152 0.00499008 -3.87652e-05
internal_weight=0 878.578 866.058 847.583 836.335 819.811 800.939 46.2334 754.705
internal_count=4063 4002 3938 3844 3787 3713 3621 213 3408
is_linear=0
shrinkage=0.03


Tree=283
num_leaves=12
num_cat=0
split_feature=6 14 4 1 1 2 1 14 5 14 7
split_gain=1.37229 1.67243 1.75432 2.40427 1.36608 3.88067 3.68219 2.84872 2.86922 1.6724 1.62718
threshold=2.1317538714827493 -10.889036917911186 -0.034114206991851352 37.199998855590827 13.84500026702881 0.0049426041384897932 14.030000209808351 1.0011235201792641 0.012134016619631318 8.6460355032418619 0.99313830801737479
decision_type=2 2 2 2 2 2 2 2 2 2 2
left_child=1 -1 -3 4 5 7 -6 -4 -9 10 -8
right_child=-2 2 3 -5 6 -7 9 8 -10 -11 -12
leaf_value=0.010986425586934185 -0.0095720535523256076 0.0090817984327863036 0.015983550553779671 -0.014251790912101797 -0.016381436399738415 -0.012156628479054287 -0.00073010599127777958 0.0065066145812454406 -0.0062163980886690961 0.0099798136892117108 0.0073851794650305301
leaf_weight=12.501597754657267 13.425958096981047 18.468660295009613 17.91966537386179 10.917608231306074 12.980908676981924 13.184985980391501 679.51372566819191 53.110740184783936 22.800969839096069 14.074581876397131 22.989079803228378
leaf_count=64 61 94 84 62 56 59 3081 234 99 64 105
internal_value=0 9.21205e-05 -6.51571e-05 -0.000264489 -8.19493e-05 0.00308332 -0.000546252 0.00522481 0.00268511 -0.000259395 -0.000464537
internal_weight=0 878.463 865.961 847.492 836.575 107.016 729.558 93.8314 75.9117 716.577 702.503
internal_count=4063 4002 3938 3844 3782 476 3306 417 333 3250 3186
is_linear=0
shrinkage=0.03


Tree=284
num_leaves=17
num_cat=0
split_feature=6 0 0 13 10 3 4 8 9 5 8 5 0 2 2 14
split_gain=1.2911 1.63998 2.60448 1.73636 3.27877 4.1043 4.13398 3.46053 2.27545 1.59722 3.63567 3.31588 2.68234 5.76562 3.27202 1.18046
threshold=2.1317538714827493 0.20137960547918801 0.15797637088179853 9.0539285714285818 0.16927391818323581 45.806156470828505 0.0089128929309675326 1.191587384490979 -0.065090352304900997 0.021026292342661294 1.347431009982474 0.016108492940620559 0.010696427938552079 -0.0031073759511710845 0.0032721484786855984 -7.752681732176204
decision_type=2 2 2 2 2 2 2 2 2 2 2 2 2 2 2 2
left_child=1 2 3 8 5 7 -7 -5 -1 10 11 -10 14 -14 -11 -9
right_child=-2 -3 -4 4 -6 6 -8 15 9 12 -12 -13 13 -15 -16 -17
leaf_value=-0.012985490896125012 -0.0092842026969981277 0.010114055328118276 -0.01302260167947422 -0.018288294546497923 0.016190290445434196 0.025341832521018414 -0.00034164150458056733 -0.0053408036362845171 -0.00036394224775156321 -0.0039982870007872319 0.013002325250532481 0.0094204048625663849 0.0061949197289385442 -0.016321958878047927 0.0060243718130128035 0.0075761419244739061
leaf_weight=12.512661650776861 13.426939025521277 14.445738621056078 13.766510896384714 11.921271838247774 16.703345850110054 10.245445631444456 12.548538655042647 12.397845126688479 533.91157576069236 80.993946217000484 20.717197738587856 33.105856686830521 15.346666708588598 30.725106317549944 45.944366917014122 13.091349802911283
leaf_count=61 61 75 65 57 83 51 61 62 2393 367 96 146 69 137 214 65
internal_value=0 8.94068e-05 -7.82147e-05 0.000131391 0.00443038 0.00116767 0.0112026 -0.00494654 -0.000296185 -8.74726e-05 0.00065834 0.000207326 -0.00262108 -0.00882151 -0.000370661 0.00129339
internal_weight=0 878.377 863.932 850.165 76.9078 60.2045 22.794 37.4105 773.257 760.745 587.735 567.017 173.01 46.0718 126.938 25.4892
internal_count=4063 4002 3927 3862 379 296 112 184 3483 3422 2635 2539 787 206 581 127
is_linear=0
shrinkage=0.03


Tree=285
num_leaves=29
num_cat=0
split_feature=12 13 0 0 1 5 14 1 6 7 9 3 0 0 5 1 1 8 6 13 5 3 9 0 0 9 5 3
split_gain=1.60283 2.56742 2.4394 5.24392 6.10641 3.63585 4.32819 4.64892 5.10513 3.56898 3.29092 4.32329 2.64503 9.35064 7.15928 5.50373 6.03542 4.23577 3.16938 5.51622 6.63801 5.17567 3.25256 5.31351 4.39362 2.94629 2.08752 3.06593
threshold=115252950.00000001 12.053214285714287 -0.034895651013681799 -0.041497584316919293 18.224999427795414 -0.010784771534524727 -1.7914721850318445 16.765000343322757 0.84669164461559787 0.98225665812677254 0.03371197539047633 64.585163732330869 1.0000000180025095e-35 0.0048728640195763182 0.043618985694338926 12.784999847412111 14.715000152587892 1.2766192851797677 0.89413190685783206 4.0510714285714275 -0.0028834774987223084 40.663882186431699 0.033474294031674241 -0.014721182042924162 -0.013014501998048876 0.0080987503117369037 -0.035600807767522662 38.04723713525869
decision_type=2 2 2 2 2 2 2 2 2 2 2 2 2 2 2 2 2 2 2 2 2 2 2 2 2 2 2 2
left_child=1 2 3 5 -5 6 -1 -8 -9 10 11 -7 17 25 15 -15 -17 18 22 20 -20 -21 24 -24 -4 -14 -2 -28
right_child=26 -3 12 4 -6 9 7 8 -10 -11 -12 -13 13 14 -16 16 -18 -19 19 21 -22 -23 23 -25 -26 -27 27 -29
leaf_value=-0.022867705881234532 -0.016574741405238978 0.011982850563223782 0.0025711125950613452 0.024618881558987393 0.00010571727879326159 0.0065111097224045209 -0.016226895871572243 0.015884698432622645 -0.0046600385257440802 -0.010178111139307888 0.019108119717038644 -0.0086175022564614553 0.031041007771743821 0.020957742870517795 -0.018946960454185643 -0.011163009139444161 0.0010856923222960862 -0.020849646807890324 -0.025369312738802545 -0.010004345661072243 0.002743615986695399 0.010277484884873711 -0.024974677376782873 -0.00036345366399719817 -0.010714432553476014 0.0092902456399160706 0.010551251442291059 -0.010520451371160608
leaf_weight=10.393943816423414 12.15934321284294 15.744054354727266 52.24212034419179 18.888556480407715 17.731878370046616 81.774835355579853 15.504973039031027 16.961700469255447 30.386777706444263 15.396837331354616 13.516598641872404 21.462223790585995 10.107427269220354 11.037619873881338 18.721911463886499 42.013724833726883 261.87273737043142 12.362425260245798 13.237006083130838 14.365345954895018 17.622465953230858 53.484408564865589 18.077890753746033 14.016461625695227 39.222969621419907 12.582132548093794 10.907247744500639 14.444181300699709
leaf_count=49 64 81 230 87 79 379 67 76 135 70 61 96 50 53 88 183 1199 54 57 65 77 242 78 63 174 58 53 70
internal_value=0 -1.8922e-05 -0.000245765 0.00229113 0.0127494 0.000426513 -0.00493472 -0.00196918 0.00269973 0.0033981 0.00518845 0.00336598 -0.0012847 0.000343917 -0.000923392 0.00014809 -0.000607748 -0.00375808 -0.00280746 0.00120054 -0.00931527 0.00598336 -0.00600938 -0.0142263 -0.00312613 0.0189795 -0.00635583 -0.00145452
internal_weight=0 848.729 832.985 242.018 36.6204 205.398 73.2474 62.8535 47.3485 132.15 116.754 103.237 590.967 356.336 333.646 314.924 303.886 234.631 222.269 98.7092 30.8595 67.8498 123.559 32.0944 91.4651 22.6896 37.5108 25.3514
internal_count=4038 3851 3770 1099 166 933 327 278 211 606 536 475 2671 1631 1523 1435 1382 1040 986 441 134 307 545 141 404 108 187 123
is_linear=0
shrinkage=0.03


Tree=286
num_leaves=29
num_cat=0
split_feature=12 13 0 0 1 5 14 1 6 7 9 9 0 0 5 1 1 8 6 13 5 2 9 0 0 9 5 5
split_gain=1.50921 2.42041 2.29737 4.95416 5.80302 3.42345 4.0899 4.37314 4.81168 3.3598 3.1015 4.19808 2.48968 8.85412 6.7498 5.20886 5.67908 3.98695 2.98161 5.19388 6.24245 4.47623 3.06155 5.00251 4.13215 2.83657 1.96473 2.99302
threshold=115252950.00000001 12.053214285714287 -0.034895651013681799 -0.041497584316919293 18.224999427795414 -0.010784771534524727 -1.7914721850318445 16.765000343322757 0.84669164461559787 0.98225665812677254 0.03371197539047633 0.02017624979554378 1.0000000180025095e-35 0.0048728640195763182 0.043618985694338926 12.784999847412111 14.715000152587892 1.2766192851797677 0.89413190685783206 4.0510714285714275 -0.0028834774987223084 -0.00102550178408395 0.033474294031674241 -0.014721182042924162 -0.013014501998048876 0.0080987503117369037 -0.035600807767522662 0.0011197949266646969
decision_type=2 2 2 2 2 2 2 2 2 2 2 2 2 2 2 2 2 2 2 2 2 2 2 2 2 2 2 2
left_child=1 2 3 5 -5 6 -1 -8 -9 10 11 -7 17 25 15 -15 -17 18 22 20 -20 -21 24 -24 -4 -14 -2 -28
right_child=26 -3 12 4 -6 9 7 8 -10 -11 -12 -13 13 14 -16 16 -18 -19 19 21 -22 -23 23 -25 -26 -27 27 -29
leaf_value=-0.022254169605485999 -0.016084870044432608 0.01164639863418343 0.0024944716152039757 0.024036205686920126 0.00010254651587608053 0.0060613548821920387 -0.015735679858408461 0.015437575768617892 -0.0045191024719026026 -0.0098752649146728686 0.018558553837285337 -0.0098387389904202836 0.030452691246131418 0.020449109192264951 -0.018413890350899433 -0.010828770860591733 0.0010532160823600626 -0.020231812359109827 -0.024600304141850073 -0.0048885293210901935 0.0026627074775386885 0.011367677406073069 -0.024234210539325549 -0.00035253345612163719 -0.010388760322200267 0.0090332662673512799 0.009089983408688225 -0.011537528561653377
leaf_weight=10.360594421625136 12.153854236006735 15.713388249278067 52.231969654560089 18.767896182835102 17.73172590136528 85.041645660996437 15.509247332811354 16.929865255951881 30.394291296601295 15.393002472817896 13.499611452221869 18.131243526935577 9.9953204542398471 10.973773539066313 18.686522118747234 42.0112294703722 261.84959417581558 12.357813924551008 13.241198882460596 23.160616680979729 17.613344848155975 44.602525122463703 18.071433909237385 14.017098709940909 39.238726168870926 12.552327156066893 12.434682510793211 12.896919928491114
leaf_count=49 64 81 230 87 79 395 67 76 135 70 61 80 50 53 88 183 1199 54 57 103 77 204 78 63 174 58 60 63
internal_value=0 -1.81975e-05 -0.000238402 0.00222501 0.0124091 0.000414054 -0.0047902 -0.00191057 0.00262025 0.00329838 0.00503642 0.00326713 -0.00124678 0.000334035 -0.000895996 0.000143752 -0.000589565 -0.00364676 -0.00272428 0.00116579 -0.00903719 0.0058115 -0.0058291 -0.0138021 -0.00303212 0.0185284 -0.00616934 -0.00141197
internal_weight=0 848.076 832.363 241.759 36.4996 205.26 73.194 62.8334 47.3242 132.066 116.673 103.173 590.603 356.069 333.521 314.835 303.861 234.535 222.177 98.6177 30.8545 67.7631 123.559 32.0885 91.4707 22.5476 37.4855 25.3316
internal_count=4038 3851 3770 1099 166 933 327 278 211 606 536 475 2671 1631 1523 1435 1382 1040 986 441 134 307 545 141 404 108 187 123
is_linear=0
shrinkage=0.03


Tree=287
num_leaves=16
num_cat=0
split_feature=12 12 12 13 8 12 12 0 2 0 1 2 5 3 8
split_gain=1.42105 2.33144 2.59869 2.39417 2.99622 3.12709 3.81956 2.71477 5.68845 5.25474 3.19523 2.62731 1.94172 1.90692 1.55433
threshold=115252950.00000001 97253018.000000015 92492650.000000015 12.053214285714287 1.2563905003108105 72035050.000000015 4142873.0000000005 -0.06995146315138405 0.001951373876477686 -0.065060437714217864 16.765000343322757 -0.011368010251725623 0.035806172608989613 38.04723713525869 1.1752024704963879
decision_type=2 2 2 2 2 2 2 2 2 2 2 2 2 2 2
left_child=1 2 3 4 7 6 -6 8 -1 -9 -10 -11 -8 -2 -3
right_child=13 14 -4 -5 5 -7 12 9 10 11 -12 -13 -14 -15 -16
leaf_value=0.019350373324869309 0.00083059253831363098 0.0030506151632111386 -0.013881317780886814 0.012028185028943683 -0.018087599727834545 -0.018715251761170216 0.0043707628420000802 -0.019353457992570943 -0.010608625563762271 0.010573980237270316 0.0056485823612453228 -0.00030698374610286762 -0.010263377530870548 -0.012707039200333026 0.01783673897150511
leaf_weight=20.109398983418941 18.59159692376852 17.00976196676493 12.494786791503428 14.40104630589485 12.004556663334368 14.298329859971998 34.791511625051498 12.820499911904333 15.980220727622507 20.639062359929085 34.095409631729126 617.84569254517555 10.660429581999777 18.868804357945919 10.256663940846918
leaf_count=98 93 81 59 74 54 64 159 57 70 106 157 2770 50 94 52
internal_value=0 -1.75035e-05 -0.000304421 -9.43782e-05 -0.000314458 -0.00616094 -0.00303674 0.000266995 0.00587286 -0.000337096 0.000460554 4.47441e-05 0.000938429 -0.00598831 0.00861263
internal_weight=0 847.407 820.141 807.646 793.245 71.7548 57.4565 721.49 70.185 651.305 50.0756 638.485 45.4519 37.4604 27.2664
internal_count=4038 3851 3718 3659 3585 327 263 3258 325 2933 227 2876 209 187 133
is_linear=0
shrinkage=0.03


Tree=288
num_leaves=17
num_cat=0
split_feature=12 12 12 13 8 12 12 0 0 4 12 10 5 5 5 14
split_gain=1.33781 2.19703 2.44224 2.25693 2.81981 2.94579 3.58991 2.55848 4.95836 3.6524 4.0107 2.43414 1.872 2.8069 1.82714 1.52921
threshold=115252950.00000001 97253018.000000015 92492650.000000015 12.053214285714287 1.2563905003108105 72035050.000000015 4142873.0000000005 -0.06995146315138405 -0.065060437714217864 -0.0018661895816765026 4095023.5000000005 -0.29138314660990416 -0.035600807767522662 0.0011197949266646969 0.035806172608989613 -0.20608304605890551
decision_type=2 2 2 2 2 2 2 2 2 2 2 2 2 2 2 2
left_child=1 2 3 4 7 6 -6 9 -9 -1 -11 -10 -2 -14 -8 -3
right_child=12 15 -4 -5 5 -7 14 8 11 10 -12 -13 13 -15 -16 -17
leaf_value=0.021204143551494834 -0.015495062258480559 -0.00071534658935645454 -0.013449741721508413 0.011689795045733406 -0.017528538853518429 -0.018167846120741293 0.0042418681791836386 -0.018825097198982326 -0.0044160082672533418 -0.011518096757515155 0.0070155380794549816 0.00081286447188938364 0.009007596718154794 -0.010980320315275443 -0.0099540055071423057 0.013933016641286738
leaf_weight=11.449138931930063 12.141229499131439 10.344503849744799 12.508632369339464 14.373802185058592 12.015635766088961 14.287434652447699 34.77351389080286 12.785456642508505 93.95089790225029 13.71819696575403 44.91347412019968 544.50265158712864 12.424545839428903 12.8761580735445 10.661980196833609 16.880809396505356
leaf_count=52 64 54 59 74 54 64 159 57 426 62 211 2450 60 63 50 79
internal_value=0 -1.6925e-05 -0.000295313 -9.15261e-05 -0.000305057 -0.00597744 -0.00294583 0.000259088 -0.000327021 0.00570561 0.00267918 4.34157e-05 -0.00581162 -0.00116475 0.000910637 0.00836724
internal_weight=0 847.166 819.941 807.432 793.058 71.7386 57.4511 721.32 651.239 70.0808 58.6317 638.454 37.4419 25.3007 45.4355 27.2253
internal_count=4038 3851 3718 3659 3585 327 263 3258 2933 325 273 2876 187 123 209 133
is_linear=0
shrinkage=0.03


Tree=289
num_leaves=23
num_cat=0
split_feature=0 0 9 4 6 12 1 0 5 5 0 0 1 9 14 0 0 8 8 14 9 4
split_gain=1.28423 2.09526 3.02448 2.15733 1.74492 4.06889 3.62565 2.36698 3.77648 2.31937 1.93302 3.91101 5.36164 2.58149 3.65791 2.23779 8.32524 5.72411 4.45852 2.9481 1.68427 1.20884
threshold=-0.13048145015402632 -0.092486952719352575 0.02017624979554378 -0.041473144668695165 1.4158409118933968 5434560.0000000009 18.670000076293949 0.085589081342127962 -0.028446713749276927 -0.023164419822387813 -0.034895651013681799 -0.041497584316919293 18.224999427795414 -0.038244812009414424 -3.9876339475605485 1.0000000180025095e-35 0.0048728640195763182 1.2873502536488171 1.1576994785123047 0.037600607447065483 0.012955236372655833 0.0074468327124949116
decision_type=2 2 2 2 2 2 2 2 2 2 2 2 2 2 2 2 2 2 2 2 2 2
left_child=-1 2 21 -3 10 -6 -7 9 -9 -8 11 13 -13 -5 -15 17 20 19 -18 -12 -17 -2
right_child=1 3 -4 4 5 6 7 8 -10 -11 15 12 -14 14 -16 16 18 -19 -20 -21 -22 -23
leaf_value=-0.0076609093701512912 0.020172974460186052 -0.01164774865432028 -0.0058105318193406742 0.014272690467010098 0.021845146120454087 -0.011101101915795258 -0.011424253966486636 0.027558838442798314 0.0018748346346112142 0.0071805836331226862 0.0037962136688496082 0.022580069922897291 -0.00062382642426427385 -0.014815146589896577 0.00053930005486773388 0.026761439352152781 -0.0028136587406731146 -0.024559399685764472 0.0071574558044646764 -0.0045710124136441651 0.0099965414364005852 0.0068178880810163883
leaf_weight=20.579094186425209 11.244176089763643 15.029990084469317 11.324016183614729 10.541338786482809 10.197277441620825 15.614115953445433 10.402534171938894 9.1285988539457339 11.828610859811304 14.349112860858442 48.836038872599602 17.826561316847801 18.023638814687729 15.630410440266131 130.97064726054668 10.428497903048994 249.20918545499444 11.338947325944899 48.158811889588833 169.21686221286654 11.170042812824247 13.332527510821818
leaf_count=98 53 75 52 49 47 69 50 48 55 66 227 83 80 77 585 53 1127 50 230 742 52 70
internal_value=0 -7.79046e-05 0.0070174 -0.000385582 -0.000177344 0.00429768 0.00137975 0.0056432 0.0130623 -0.000638591 -0.000609063 0.00197313 0.0109143 -6.6698e-05 -0.00109777 -0.00151786 0.000107373 -0.00377772 -0.00119883 -0.00269705 0.0180912 0.012928
internal_weight=0 863.802 35.9007 827.901 812.871 71.5203 61.323 45.7089 20.9572 24.7516 741.351 192.993 35.8502 157.142 146.601 548.358 318.967 229.392 297.368 218.053 21.5985 24.5767
internal_count=4038 3940 175 3765 3690 335 288 219 103 116 3355 874 163 711 662 2481 1462 1019 1357 969 105 123
is_linear=0
shrinkage=0.03


Tree=290
num_leaves=23
num_cat=0
split_feature=2 4 1 0 5 7 7 2 2 0 0 0 4 2 13 2 2 9 5 8 11 4
split_gain=1.53246 1.54525 1.64343 1.98969 4.68188 4.45371 4.33644 4.22328 3.96313 5.4234 5.9134 4.05834 3.80187 4.34666 3.12342 2.53747 5.75293 4.13127 2.52991 2.49045 1.62658 1.03643
threshold=0.021212710092291233 0.027964427814016649 41.274999618530281 -0.031541631182187051 -0.019555607801839455 0.82431367637386954 0.98225665812677254 0.00068565628859187141 0.0049426041384897932 -0.016862044087486924 0.038811658900465458 -0.028247300750300127 0.0143572797993361 -0.004383567706707398 6.2435714285714292 -0.0026890767142839444 -0.0019510131875457692 -0.011743996750937844 0.0037556856239701068 0.87029170229588992 0.043268536709815349 0.033574507523642889
decision_type=2 2 2 2 2 2 2 2 2 2 2 2 2 2 2 2 2 2 2 2 2 2
left_child=1 2 3 4 5 7 12 -1 11 -10 19 -5 13 -6 -9 17 -17 -13 -14 -11 21 -3
right_child=-2 20 -4 8 6 -7 -8 14 9 10 -12 15 18 -15 -16 16 -18 -19 -20 -21 -22 -23
leaf_value=0.0043049830027003105 0.011461997328534691 -0.0081097125708257892 -0.011020030482094479 -0.018242627400417693 -0.012666501631799864 0.0081295005267902551 -0.007842381857068639 -0.023101648018393862 0.027334262347696637 0.010476183922709563 0.021168285326897154 -0.0038242899400248659 0.026771131021602643 0.006286792681302166 -0.004465312687257323 -0.015748738884861849 -0.0010543979014522571 0.0055890328589091424 0.010155234756217487 -0.0072166075115772067 -0.015872979539952217 0.0050126607792714056
leaf_weight=15.279283709824083 11.331918276846407 10.64244218170643 10.808729723095892 12.073089703917502 12.023990690708159 19.995632216334343 19.807240463793278 18.157470777630806 9.9308421611785871 9.5650264248251897 12.288946896791456 65.597223199903965 11.847513586282728 115.4733364880085 14.603263199329374 26.038832984864712 303.12814787775278 116.44941189140081 27.137750178575516 28.48005473613739 10.379005968570707 11.032462574541567
leaf_count=72 60 50 55 52 55 89 91 79 46 48 61 314 54 519 65 114 1354 531 133 129 51 55
internal_value=0 0.000358985 0.000603195 0.000753137 0.0029676 -0.00376779 0.00542746 -0.00871978 -0.000211979 0.00707317 0.00307568 -0.00105098 0.00700624 0.00449935 -0.0147944 -0.000644974 -0.0022168 0.00219711 0.0152048 -0.00276841 -0.00610693 -0.00143046
internal_weight=0 880.74 848.686 837.877 254.325 68.0356 186.29 48.04 583.552 60.2649 50.334 523.287 166.483 127.497 32.7607 511.214 329.167 182.047 38.9853 38.0451 32.0539 21.6749
internal_count=4077 4017 3861 3806 1157 305 852 216 2649 284 238 2365 761 574 144 2313 1468 845 187 177 156 105
is_linear=0
shrinkage=0.03


Tree=291
num_leaves=17
num_cat=0
split_feature=2 4 12 1 1 0 5 4 2 0 0 0 0 2 2 1
split_gain=1.44117 1.45534 1.77868 1.54578 1.8887 2.0365 4.60377 4.01585 3.28179 4.54356 5.58014 3.73909 3.1888 5.92684 4.7416 2.64727
threshold=0.021212710092291233 0.027964427814016649 52968200.000000007 41.274999618530281 33.649999618530281 -0.031541631182187051 -0.028446713749276927 0.0023418741608797204 0.0049426041384897932 -0.016862044087486924 0.038811658900465458 -0.028247300750300127 -0.054117275422985826 0.0020122980621865142 -0.0021054880978360366 29.69999980926514
decision_type=2 2 2 2 2 2 2 2 2 2 2 2 2 2 2 2
left_child=1 3 -3 4 5 6 7 -1 11 -10 -11 -7 13 -8 -14 -13
right_child=-2 2 -4 -5 -6 8 12 -9 9 10 -12 15 14 -15 -16 -17
leaf_value=0.0027107850720339026 0.011113629760688038 -0.014085411926156016 0.00019960896412285085 -0.010684509026824867 0.01230717214926964 -0.0176957200000472 0.0099678006523481744 -0.015866963471532557 0.025723567694921238 -0.0029638979575340838 0.020483494218770951 -0.00034333008596571445 -0.0064398831754867731 -0.004106872723168814 0.011672549034005497 -0.011147954761194919
leaf_weight=21.684743672609329 11.336443603038786 13.740014061331747 18.283548682928085 10.813630618155001 12.495346706360577 12.072835981845854 43.494874060153961 20.252561792731285 9.1360036879777891 37.759088806807995 12.049955137073992 481.73698147386312 15.563767448067663 70.690589509904385 79.21792995929718 21.311887443065643
leaf_count=96 60 65 91 55 79 52 205 90 41 174 59 2161 71 322 354 102
internal_value=0 0.000348492 -0.00592952 0.000585494 0.000731016 0.000555678 0.00281029 -0.00626087 -0.000429732 0.0062757 0.00270857 -0.00119703 0.00463076 0.00125437 0.00869837 -0.000801073
internal_weight=0 880.304 32.0236 848.28 837.467 824.971 250.904 41.9373 574.067 58.945 49.809 515.122 208.967 114.185 94.7817 503.049
internal_count=4077 4017 156 3861 3806 3727 1138 186 2589 274 233 2315 952 527 425 2263
is_linear=0
shrinkage=0.03


Tree=292
num_leaves=17
num_cat=0
split_feature=2 4 12 1 1 0 5 7 4 7 4 2 0 0 0 1
split_gain=1.35539 1.36959 1.67419 1.45398 1.78602 1.91791 4.38285 4.25506 5.13128 3.71164 3.7542 3.09233 4.30184 5.28128 3.51871 2.49197
threshold=0.021212710092291233 0.027964427814016649 52968200.000000007 41.274999618530281 33.649999618530281 -0.031541631182187051 -0.019555607801839455 0.82431367637386954 0.0048702506774378493 0.98225665812677254 0.0143572797993361 0.0049426041384897932 -0.016862044087486924 0.038811658900465458 -0.028247300750300127 29.69999980926514
decision_type=2 2 2 2 2 2 2 2 2 2 2 2 2 2 2 2
left_child=1 3 -3 4 5 6 7 8 -1 10 -8 14 -13 -14 -7 -16
right_child=-2 2 -4 -5 -6 11 9 -9 -10 -11 -12 12 13 -15 15 -17
leaf_value=-0.0024113506475228379 0.010776284699302301 -0.013666458457900869 0.00019361876046831931 -0.010359668629216515 0.01199195713480654 -0.017167431744937664 0.0040552323484712655 0.0077509160158993565 -0.024290382725155695 -0.0072829534615315421 0.014720193823007877 0.025071398957650443 -0.0028736947351195251 0.019986071260201767 -0.00033302130380238957 -0.010817945875418782
leaf_weight=32.729487791657448 11.340520560741423 13.736438579857348 18.283725239336491 10.818055562674997 12.439932417124508 12.071042954921721 126.15524730831385 19.798996776342392 13.679725676774977 19.470765791833401 38.85502590239048 9.0930988788604719 37.775730408728123 11.980430044233797 481.74963520467281 21.303291328251362
leaf_count=144 60 65 91 55 79 52 568 88 62 89 187 41 174 59 2161 102
internal_value=0 0.000338264 -0.00575226 0.000568262 0.000709486 0.000539291 0.00272844 -0.00389299 -0.00886048 0.00510479 0.00656651 -0.000416844 0.006098 0.00263054 -0.00116112 -0.000777037
internal_weight=0 879.941 32.0202 847.92 837.102 824.662 250.689 66.2082 46.4092 184.481 165.01 573.973 58.8493 49.7562 515.124 503.053
internal_count=4077 4017 156 3861 3806 3727 1138 294 206 844 755 2589 274 233 2315 2263
is_linear=0
shrinkage=0.03


Tree=293
num_leaves=21
num_cat=0
split_feature=2 2 2 0 7 5 3 2 7 2 5 10 13 0 5 11 5 9 2 1
split_gain=1.27477 1.34176 1.3788 1.05205 4.64699 7.13738 5.58245 4.57303 3.93853 2.24359 3.93506 3.60381 3.40541 3.16542 4.62035 6.50234 2.93114 2.23014 6.48753 4.27615
threshold=0.021212710092291233 0.013185002012259183 0.01127519962200702 -0.031541631182187051 0.13730203229530211 -0.033564865896439415 60.545517939153662 -0.0047965369133379449 0.98225665812677254 0.0049426041384897932 -0.020988016980620191 -0.10017059309159852 5.7060714285714305 -0.017113211502094435 1.0000000180025095e-35 -0.0045820625517459237 0.011612842075711673 -0.01391477272482655 -0.0098877669284986487 17.615000724792484
decision_type=2 2 2 2 2 2 2 2 2 2 2 2 2 2 2 2 2 2 2 2
left_child=1 2 3 4 -1 6 -6 -7 -9 13 -11 -12 -13 14 15 -5 -16 19 -19 -15
right_child=-2 -3 -4 9 5 7 -8 8 -10 10 11 12 -14 17 16 -17 -18 18 -20 -21
leaf_value=0.021925357792258258 0.010449568627224945 -0.0077048226266993071 0.010130307254413143 -0.00042806781178277584 -0.022251785595370079 -0.013281196867520212 0.0043302834909442582 0.0056626756590954603 -0.0076658032097637234 0.019000916095916788 0.01293757318534137 0.0042718240402591706 -0.017365353414274677 -0.019640877150841122 0.012108367535760436 -0.026121719168805489 -0.0052992297155594224 0.017529365941745357 0.00012186945735772722 -0.0015260721758028138
leaf_weight=10.068219371140001 11.344182558357714 18.32331059128046 13.173450656235216 16.236034840345383 19.276615329086784 14.431265737861393 11.265811175107954 181.17714901268482 22.422790810465813 14.24183080345392 14.02125460654497 13.929811969399454 12.351088486611841 13.470037460327147 12.984274998307226 19.524984180927277 26.418996348977089 20.444063544273376 335.11024594306946 90.692340783774853
leaf_count=47 60 89 63 73 87 69 50 827 102 73 66 64 55 60 56 83 116 109 1492 436
internal_value=0 0.000328324 0.000499233 0.000349629 0.00194473 0.00113544 -0.0124468 0.00303807 0.00419479 -0.000350307 0.00544576 0.000655689 -0.00589688 -0.000941356 -0.00664888 -0.0144564 0.00043697 -8.16858e-06 0.00112279 -0.00386864
internal_weight=0 879.564 861.24 848.067 258.642 248.574 30.5424 218.031 203.6 589.425 54.544 40.3022 26.2809 534.881 75.1643 35.761 39.4033 459.717 355.554 104.162
internal_count=4077 4017 3928 3865 1182 1135 137 998 929 2683 258 185 119 2425 328 156 172 2097 1601 496
is_linear=0
shrinkage=0.03


Tree=294
num_leaves=31
num_cat=0
split_feature=2 0 0 1 4 13 1 14 9 6 1 6 4 7 7 9 8 2 0 0 0 14 0 8 6 10 13 2 14 11
split_gain=1.19897 1.33241 1.29657 4.50698 5.96288 5.3926 4.62518 6.34799 7.78575 5.57773 5.47132 4.23271 4.26794 3.93651 3.6349 3.40768 2.84222 2.22711 3.68348 5.19438 2.97972 6.53767 4.20841 2.9824 2.46046 2.41036 2.73217 2.10485 4.51615 3.51167
threshold=0.021212710092291233 -0.13048145015402632 -0.031541631182187051 18.500000000000004 0.0143572797993361 5.9010714285714405 19.489999771118168 -1.3815670401653486 -0.035078468311336701 0.82849071495703686 23.229999542236332 0.85626182669396722 0.006699035081033867 0.90734166106486225 0.68680132113543901 0.015688388715181304 1.1945467829313035 0.0049426041384897932 -0.016862044087486924 0.036152336246047863 -0.017113211502094435 2.8852973357184859 -0.025115816825805323 0.88152793736764234 0.81576075979163531 -0.10341728281921746 5.9492857142857067 0.0023774048026294148 -0.71248707198737127 0.019151309082791283
decision_type=2 2 2 2 2 2 2 2 2 2 2 2 2 2 2 2 2 2 2 2 2 2 2 2 2 2 2 2 2 2
left_child=1 -1 3 4 11 -6 -5 8 -8 13 -11 15 14 -9 -13 -3 -10 20 -19 25 21 22 -4 -23 -24 -20 -27 -22 -29 -30
right_child=-2 2 17 6 5 -7 7 9 16 10 -12 12 -14 -15 -16 -17 -18 18 19 -21 27 23 24 -25 -26 26 -28 28 29 -31
leaf_value=-0.0076338179532710422 0.010133108135194932 0.0046279062926137824 0.014941627378690432 -0.017341335151680896 0.0082604758191001295 0.035832686500360512 0.011264356670632259 0.0072692907971487119 -0.020384135455156896 -0.0096363712545211155 0.010526263762474826 0.0018298840970988582 -0.0022039546171901802 0.029185798619485594 0.022362616781198563 -0.014459813464760198 -0.0021575152800293249 0.021028793480124666 0.0059413838880915948 0.018001703335927891 0.00087868976768052732 -0.026413980498195523 -0.015818106146134416 -0.0083643354903075451 0.0022757419440690035 0.0011868088786760546 -0.01858413731813309 0.013175675240194138 -0.0036368794562625702 -0.019995466778660504
leaf_weight=18.560841970145702 11.347460389137266 15.968130916357039 13.905992045998572 14.49787777662277 16.2676624506712 10.507695399224756 14.031592004001139 19.159365803003315 25.998777121305466 26.83248932659626 22.079959824681282 12.277062818408011 22.042045772075653 11.992713660001753 21.088413327932358 17.802218288183212 10.940030246973036 10.742606095969675 14.954162992537016 13.33908801525831 385.95409301295877 14.766075581312178 11.602441214025022 18.638531222939491 16.219218671321869 11.908257313072687 13.334924869239329 10.889540553092955 46.920682676136494 15.783184885978697
leaf_count=85 60 73 61 65 75 53 67 91 124 117 102 56 99 54 97 77 51 51 71 67 1761 63 51 81 72 56 61 53 214 69
internal_value=0 0.000318755 0.000490302 0.00225282 0.00666526 0.0190809 -0.00126279 0.000516157 -0.00775958 0.00578463 -0.000534595 0.0029375 0.00804003 0.0157066 0.0148075 -0.00543429 -0.014986 -0.000279154 0.00499686 0.0017799 -0.000913436 -0.00645222 0.0014657 -0.0163429 -0.00526992 -0.00360314 -0.00925736 -7.89049e-06 -0.00465748 -0.0077545
internal_weight=0 879.006 860.445 261.486 115.953 26.7754 145.533 131.035 50.9704 80.0645 48.9124 89.1779 55.4075 31.1521 33.3655 33.7703 36.9388 598.959 64.279 53.5364 534.68 75.1323 41.7277 33.4046 27.8217 40.1973 25.2432 459.548 73.5934 62.7039
internal_count=4077 4017 3932 1201 530 128 671 606 242 364 219 402 252 145 153 150 175 2731 306 255 2425 328 184 144 123 188 117 2097 336 283
is_linear=0
shrinkage=0.03


Tree=295
num_leaves=31
num_cat=0
split_feature=2 0 6 3 9 3 1 0 0 1 4 7 7 7 9 4 9 10 2 8 2 0 11 0 9 0 5 8 8 0
split_gain=1.08542 2.62122 5.01533 3.10115 3.03928 4.31242 4.86039 3.81375 4.08793 3.75884 4.81443 4.80399 3.49089 5.40662 3.45323 3.32674 3.24312 3.1677 2.83067 2.75787 3.12771 2.60298 4.92643 4.22625 3.49979 4.27264 6.22754 3.42451 3.45563 3.74454
threshold=0.00099038799618943229 0.05122408624737574 1.1557212953320937 83.948670145171349 0.012260354152565102 58.52542056313083 14.994999885559084 -0.031541631182187051 -0.041497584316919293 15.944999694824221 0.012568866164388683 0.95233643144633218 0.5866673624181763 0.47266092020338929 0.026112197830964971 0.0090764290418448041 0.030232201539963092 0.07990641549749268 0.0055798182064543183 0.84878520393539658 0.0030782411129276874 0.036152336246047863 -0.03255916214006415 0.047142331582309634 -0.014404899809971559 0.064017885099897046 -0.0020909873622870774 1.2968589856767683 1.1721121219371731 -0.017113211502094435
decision_type=2 2 2 2 2 2 2 2 2 2 2 2 2 2 2 2 2 2 2 2 2 2 2 2 2 2 2 2 2 2
left_child=21 3 -3 4 5 6 -2 8 16 11 14 -9 13 -8 -11 -14 18 -18 -6 -7 -21 22 -1 -23 -25 -26 -27 28 -24 -30
right_child=1 2 -4 -5 7 19 12 9 -10 10 -12 -13 15 -15 -16 -17 17 -19 -20 20 -22 23 27 24 25 26 -28 -29 29 -31
leaf_value=0.018070915310271073 -0.019121204016892348 0.017153765360280911 -0.0034146103486857554 0.012302788149654775 -0.019803027713298834 -0.0021695564637585645 0.00097663614516922746 0.0070399968310806841 0.012344946851223655 -0.0090327699806934929 -0.0029070158498200696 -0.014681034308375418 -4.5681380274053442e-05 -0.016954190598878524 -0.027950371903529166 0.020833884850092847 -0.004581305434723972 0.013737705339532356 -0.0006563833930482081 0.0052930887926140513 0.025905811900332969 -0.014019866306142605 0.001939915445767107 -0.0059631300701796022 0.014912259822559183 0.0063107746288790078 -0.014259491796656587 -0.011498254226539446 0.027343198575939313 0.0022751818679659142
leaf_weight=18.559853933751583 12.969580814242361 20.464176937937737 22.291709363460541 14.26469314098358 15.462800167500975 12.107436835765837 77.803407922387123 23.635188236832619 18.822950765490532 14.58157557249069 23.76602366566658 14.967126637697218 14.897455498576166 18.789466373622417 21.472836300730705 12.741895638406275 22.283796563744545 13.729610070586203 12.62208232283592 13.916448473930361 12.645162507891653 21.470182687044144 258.03319645300508 50.330034755170345 23.46106830239296 42.284857474267483 19.287765212357044 15.697341874241827 10.440706685185434 11.026980563998221
leaf_count=93 57 98 107 64 67 54 363 106 86 65 109 64 69 86 95 66 100 64 58 64 61 95 1158 240 107 197 88 72 52 50
internal_value=0 -0.000604273 0.00643 -0.00141389 -0.00196164 0.000848296 -0.00164565 -0.00468677 5.30335e-05 -0.00868006 -0.0133896 -0.00138181 0.000178763 -0.00251131 -0.0202995 0.00957992 -0.00355658 0.00240256 -0.011198 0.00969707 0.0151062 0.00150146 0.00307892 -0.00165436 0.000306947 0.0040181 -0.000132908 0.00213633 0.00290208 0.0144669
internal_weight=0 414.235 42.7559 371.48 357.215 175.871 137.202 181.344 82.9212 98.4228 59.8204 38.6023 124.232 96.5929 36.0544 27.6394 64.0983 36.0134 28.0849 38.669 26.5616 470.592 313.758 156.834 135.364 85.0337 61.5726 295.198 279.501 21.4677
internal_count=4055 1903 205 1698 1634 820 641 814 375 439 269 170 584 449 160 135 289 164 125 179 125 2152 1425 727 632 392 285 1332 1260 102
is_linear=0
shrinkage=0.03


Tree=296
num_leaves=13
num_cat=0
split_feature=14 14 4 14 1 9 2 4 6 9 6 2
split_gain=1.35986 1.82361 2.21088 1.62819 2.13816 1.96222 1.9118 1.41392 5.41007 1.65849 4.10793 2.30001
threshold=-10.889036917911186 -7.5295492427935811 0.0079628237677169551 -5.5535247479947349 30.135000228881839 -0.067198257574149198 -0.015107544875975409 -0.026133621563631634 1.3376457783805094 -0.030398796029326377 1.3597552516924669 -0.010614183218576158
decision_type=2 2 2 2 2 2 2 2 2 2 2 2
left_child=-1 2 -2 4 -3 -5 -7 8 -8 10 -9 -11
right_child=1 3 -4 5 -6 6 7 9 -10 11 -12 -13
leaf_value=0.010666451079520165 -0.00019497694680054207 0.014981050017155498 -0.018307256361369911 -0.0092867981710292157 -0.0020761435812215261 0.012840847577125735 -0.02224299782353464 0.011180289091524109 0.006142986552802902 0.012913326296331473 -0.0076096408345397914 3.2169651425408946e-05
leaf_weight=11.686473920941351 14.823047958314421 15.76962222158909 10.266257956624029 18.542866133153439 11.392081797122954 11.292697951197622 11.03681503981352 36.82708477973938 13.354604013264177 12.701403118669985 14.632310420274733 701.85002157837152
leaf_count=62 73 79 51 90 58 63 54 173 62 64 70 3156
internal_value=0 0.000364581 -0.00760632 0.000600578 0.00782697 0.00036128 0.000584436 0.000409325 -0.00670132 0.000635744 0.00583743 0.000261137
internal_weight=0 872.489 25.0893 847.4 27.1617 820.238 801.695 790.402 24.3914 766.011 51.4594 714.551
internal_count=4055 3993 124 3869 137 3732 3642 3579 116 3463 243 3220
is_linear=0
shrinkage=0.03


Tree=297
num_leaves=19
num_cat=0
split_feature=5 5 5 0 13 3 8 7 9 5 10 2 0 5 1 1 13 0
split_gain=1.08554 4.78632 4.1019 4.67966 3.98804 2.80841 2.81572 6.14813 5.13378 4.32592 2.65435 4.21748 3.92229 3.88282 3.36895 2.74244 2.69186 2.49677
threshold=-0.019555607801839455 -0.017715659249246115 -0.021878064619151313 -0.096196630736493635 3.5414285714285687 72.334171798971553 0.83031802715895975 0.75874576754161371 0.043453824945047244 -0.055358171828169704 0.72349403882567787 0.012250054156559465 -0.092486952719352575 -0.016566708787010494 33.305000305175788 17.07499980926514 3.5696428571428629 -0.11322563544808388
decision_type=2 2 2 2 2 2 2 2 2 2 2 2 2 2 2 2 2 2
left_child=2 -2 3 -1 -5 6 7 -6 9 -8 11 12 17 -14 16 -12 -15 -3
right_child=1 10 -4 4 5 -7 8 -9 -10 -11 15 -13 13 14 -16 -17 -18 -19
leaf_value=-0.016970769327606404 0.016187951731975084 0.0034193596755946955 -0.013580490423973843 0.0154690303897424 0.0049232159176678626 0.010277565788161531 -0.010664589692166134 -0.025677303375333752 0.015033725250486253 0.0015585284403543155 -0.00063124539762564151 -0.013484067227783376 -0.018528689281557181 -0.0042092439313542417 0.016551143763704364 0.016286109742168511 0.0011940627085408975 0.021818670059005764
leaf_weight=13.701698891818522 18.457103796303272 14.395976737141611 21.986786901950836 16.104303158819675 11.387515518814327 20.978111796081066 36.486298650503159 12.283113859593866 18.354076810181141 91.182688549160957 15.592202238738535 19.569529220461845 9.8577620536088926 103.60305207967758 11.476108390837906 19.297834031283855 416.87757687270641 12.316651940345762
leaf_count=61 83 69 98 74 57 95 173 56 85 437 72 97 43 461 63 89 1875 67
internal_value=0 0.00113227 -0.00122411 8.11429e-06 0.00113319 -7.76232e-05 -0.00135777 -0.0109559 0.000198116 -0.0019347 0.000686217 0.000209251 0.000680595 0.000127311 0.000473028 0.00872582 0.00011852 0.0119029
internal_weight=0 641.444 242.465 220.478 206.776 190.672 169.694 23.6706 146.023 127.669 622.987 588.097 568.527 541.814 531.957 34.89 520.481 26.7126
internal_count=4055 2919 1136 1038 977 903 808 113 695 610 2836 2675 2578 2442 2399 161 2336 136
is_linear=0
shrinkage=0.03


Tree=298
num_leaves=11
num_cat=0
split_feature=13 9 5 5 1 4 11 2 0 8
split_gain=1.04667 3.13578 2.05211 1.91835 1.85939 2.51813 2.16559 1.78385 3.11696 2.16026
threshold=12.053214285714287 -0.027903292650807151 -0.085501791860007212 0.089411757922354354 34.069999694824226 -0.039083263397573335 -0.047866646080472301 0.00099038799618943229 -0.13048145015402632 0.71339329522537864
decision_type=2 2 2 2 2 2 2 2 2 2
left_child=2 -2 -1 4 5 -4 -7 9 -9 -8
right_child=1 -3 3 -5 -6 6 7 8 -10 -11
leaf_value=-0.012428861302860526 -0.0026568642522452417 0.020008839917096514 -0.014555973972503267 -0.010332471824663852 0.013043277565913114 0.013040677440074365 -0.007064940080313057 -0.014743588045532193 -0.00047126554917439997 0.0023374004633727719
leaf_weight=11.242150940001009 13.096540324389936 9.4627812281250936 9.8790151029825193 14.534257255494593 10.773930374532936 12.56344512850046 23.267758801579475 14.314615897834299 363.02646090090275 401.29406417161226
leaf_count=57 69 52 46 72 71 62 105 64 1646 1811
internal_value=0 0.00685054 0.000304487 0.000472968 0.000661023 0.000499191 0.000681802 0.000488175 -0.00101269 0.00182211
internal_weight=0 22.5593 860.896 849.654 835.119 824.345 814.466 801.903 377.341 424.562
internal_count=4055 121 3934 3877 3805 3734 3688 3626 1710 1916
is_linear=0
shrinkage=0.03


Tree=299
num_leaves=21
num_cat=0
split_feature=5 5 5 0 6 13 8 14 0 3 9 10 2 0 5 8 5 13 1 1
split_gain=1.02962 4.52348 3.86562 4.34443 3.85467 3.22861 3.47481 6.16777 6.84806 4.76665 3.90733 2.52118 3.94824 3.77513 3.64049 3.02162 3.83708 3.31158 2.80016 2.59521
threshold=-0.019555607801839455 -0.017715659249246115 -0.021878064619151313 -0.096196630736493635 2.0320352604408378 3.5414285714285687 0.8320350620013971 1.5972531822174318 0.012919009929431071 71.638868382983958 0.043453824945047244 0.72349403882567787 0.013185002012259183 -0.092486952719352575 -0.016566708787010494 0.74387368301455858 0.01645477675405688 3.6596428571428565 21.360000610351566 17.07499980926514
decision_type=2 2 2 2 2 2 2 2 2 2 2 2 2 2 2 2 2 2 2 2
left_child=2 -2 3 -1 5 -5 7 -7 -9 10 -8 12 13 18 -15 16 -16 -17 -3 -13
right_child=1 11 -4 4 -6 6 9 8 -10 -11 -12 19 -14 14 15 17 -18 -19 -20 -21
leaf_value=-0.016386943219884126 0.015742665768488089 0.019637346353669614 -0.013204780999825539 0.015200373260669123 -0.016622555804960505 0.0098247537096874272 -0.00061291060283121229 -0.0335088075864425 -0.00067290128165601042 0.021707963202012091 0.014583025983339711 -0.00060499492195324246 -0.014428149251649593 -0.018019107365663499 0.0029105808357182696 -0.005324483972120481 0.023870661969240509 0.00092781402314701588 9.1743911789772989e-05 0.015858472115399341
leaf_weight=13.675385758280752 18.410346493124962 15.879127889871599 21.981903314590454 15.4157477915287 10.515207231044768 11.98178758472204 117.02697754278779 11.196634896099569 11.678571179509161 11.23131477832794 17.5070870667696 15.593328848481177 16.173443958163261 9.8450455218553525 31.808889552950859 94.306061618030071 10.440759859979151 398.04976333677769 11.284748546779154 19.262187324464321
leaf_count=61 83 81 98 71 48 59 562 50 55 51 81 72 81 43 143 419 54 1796 58 89
internal_value=0 0.00108722 -0.00120873 -1.13535e-05 0.00107283 0.00202199 0.000897242 -0.00761185 -0.016745 0.00293203 0.00136456 0.000653886 0.000189018 0.000602601 5.80334e-05 0.000390934 0.00809025 -0.000269754 0.0115175 0.0084932
internal_weight=0 641.054 242.211 220.229 206.553 196.038 180.622 34.857 22.8752 145.765 134.534 622.643 587.788 571.614 544.451 534.605 42.2496 492.356 27.1639 34.8555
internal_count=4055 2919 1136 1038 977 929 858 164 105 694 643 2836 2675 2594 2455 2412 197 2215 139 161
is_linear=0
shrinkage=0.03


end of trees

feature_importances:
vix_change=902
vix_level=791
gap_size=522
momentum_acceleration=507
volume_surge=449
momentum_2d=434
rsi=419
macd_signal=391
volatility_surge=387
momentum_10d=379
atr=377
pc_ratio_change=373
relative_strength=355
momentum_5d=342
volume=269

parameters:
[boosting: gbdt]
[objective: binary]
[metric: binary_logloss]
[tree_learner: serial]
[device_type: cpu]
[data: ]
[valid: ]
[num_iterations: 300]
[learning_rate: 0.03]
[num_leaves: 31]
[num_threads: 0]
[deterministic: 0]
[force_col_wise: 1]
[force_row_wise: 0]
[histogram_pool_size: -1]
[max_depth: 8]
[min_data_in_leaf: 50]
[min_sum_hessian_in_leaf: 0.001]
[bagging_fraction: 0.9]
[pos_bagging_fraction: 1]
[neg_bagging_fraction: 1]
[bagging_freq: 5]
[bagging_seed: 3]
[feature_fraction: 0.9]
[feature_fraction_bynode: 1]
[feature_fraction_seed: 2]
[extra_trees: 0]
[extra_seed: 6]
[early_stopping_round: 0]
[first_metric_only: 0]
[max_delta_step: 0]
[lambda_l1: 0]
[lambda_l2: 0]
[linear_lambda: 0]
[min_gain_to_split: 0]
[drop_rate: 0.1]
[max_drop: 50]
[skip_drop: 0.5]
[xgboost_dart_mode: 0]
[uniform_drop: 0]
[drop_seed: 4]
[top_rate: 0.2]
[other_rate: 0.1]
[min_data_per_group: 100]
[max_cat_threshold: 32]
[cat_l2: 10]
[cat_smooth: 10]
[max_cat_to_onehot: 4]
[top_k: 20]
[monotone_constraints: ]
[monotone_constraints_method: basic]
[monotone_penalty: 0]
[feature_contri: ]
[forcedsplits_filename: ]
[refit_decay_rate: 0.9]
[cegb_tradeoff: 1]
[cegb_penalty_split: 0]
[cegb_penalty_feature_lazy: ]
[cegb_penalty_feature_coupled: ]
[path_smooth: 0]
[interaction_constraints: ]
[verbosity: -1]
[saved_feature_importance_type: 0]
[linear_tree: 0]
[max_bin: 255]
[max_bin_by_feature: ]
[min_data_in_bin: 3]
[bin_construct_sample_cnt: 200000]
[data_random_seed: 1]
[is_enable_sparse: 1]
[enable_bundle: 1]
[use_missing: 1]
[zero_as_missing: 0]
[feature_pre_filter: 1]
[pre_partition: 0]
[two_round: 0]
[header: 0]
[label_column: ]
[weight_column: ]
[group_column: ]
[ignore_column: ]
[categorical_feature: ]
[forcedbins_filename: ]
[precise_float_parser: 0]
[parser_config_file: ]
[objective_seed: 5]
[num_class: 1]
[is_unbalance: 0]
[scale_pos_weight: 1]
[sigmoid: 1]
[boost_from_average: 1]
[reg_sqrt: 0]
[alpha: 0.9]
[fair_c: 1]
[poisson_max_delta_step: 0.7]
[tweedie_variance_power: 1.5]
[lambdarank_truncation_level: 30]
[lambdarank_norm: 1]
[label_gain: ]
[eval_at: ]
[multi_error_top_k: 1]
[auc_mu_weights: ]
[num_machines: 1]
[local_listen_port: 12400]
[time_out: 120]
[machine_list_filename: ]
[machines: ]
[gpu_platform_id: -1]
[gpu_device_id: -1]
[gpu_use_dp: 0]
[num_gpu: 1]

end of parameters

pandas_categorical:[]
