date,ticker,p50,p10,p90,confidence,horizon,fold
2022-11-23,DIA,0.5928582735804683,0.3588192887453178,0.8268972584156187,0.6707450063880155,1,1
2022-11-23,QQQ,0.351818306931985,0.11777932209683456,0.5858572917671354,0.3980384234251318,1,1
2022-11-23,SPY,0.25128791381563365,0.01724892898048319,0.4853268986507841,0.2843008537935518,1,1
2022-11-25,DIA,0.7055142869359577,0.4714753021008073,0.9395532717711081,0.7982011991496064,1,1
2022-11-25,QQQ,0.8234578088691632,0.5894188240340128,1.0574967937043136,0.9316395467242151,1,1
2022-11-25,SPY,0.6961913144459422,0.4621523296107917,0.9302302992810927,0.7876534215085778,1,1
2022-11-28,DIA,0.4517935739967371,0.21775458916158663,0.6858325588318875,0.5111479373415112,1,1
2022-11-28,QQQ,0.5405381537703041,0.30649916893515367,0.7745771386054545,0.6115513328573262,1,1
2022-11-28,SPY,0.2222017559798493,-0.01183722885530114,0.45624074081499977,0.2513935030948051,1,1
2022-11-29,DIA,0.5597052760812373,0.32566629124608687,0.7937442609163878,0.633236535122015,1,1
2022-11-29,QQQ,0.4709904951743406,0.23695151033919015,0.7050294800094911,0.5328668532978291,1,1
2022-11-29,SPY,0.5158793249711856,0.28184034013603515,0.749918309806336,0.5836529513765442,1,1
2022-11-30,DIA,0.4036415614910493,0.16960257665589884,0.6376805463261997,0.4566699560515367,1,1
2022-11-30,QQQ,0.4066042536179957,0.17256526878284523,0.6406432384531462,0.4600218717423019,1,1
2022-11-30,SPY,0.2265807881997871,-0.0074581966353633455,0.46061977303493756,0.2563478305036084,1,1
2022-12-01,DIA,0.6444157354426656,0.41037675060751516,0.8784547202778161,0.7290758278122619,1,1
2022-12-01,QQQ,0.6003394952075858,0.36630051037243533,0.8343784800427363,0.6792090732176234,1,1
2022-12-01,SPY,0.41682998458178233,0.18279099974663188,0.6508689694169327,0.4715910077167471,1,1
2022-12-02,DIA,0.6935570526880666,0.4595180678529161,0.9275960375232171,0.7846730837139426,1,1
2022-12-02,QQQ,0.7515075924610032,0.5174686076258528,0.9855465772961536,0.850236873412682,1,1
2022-12-02,SPY,0.5944339910501067,0.3603950062149563,0.8284729758852571,0.6725277336794057,1,1
2022-12-05,DIA,0.26143918440532893,0.027400199570178474,0.4954781692404794,0.29578574716513345,1,1
2022-12-05,QQQ,0.39276836877679044,0.15872938394164,0.626807353611941,0.44436829806414285,1,1
2022-12-05,SPY,0.15062808371558734,-0.08341090111956312,0.3846670685507378,0.1704168423995402,1,1
2022-12-06,DIA,0.44901858840597414,0.21497960357082369,0.6830575732411246,0.5080083881258751,1,1
2022-12-06,QQQ,0.3918185735156448,0.15777958868049435,0.6258575583507953,0.44329372348722595,1,1
2022-12-06,SPY,0.2931049975068361,0.05906601267168565,0.5271439823419866,0.3316116552405637,1,1
2022-12-07,DIA,0.6618069070982923,0.4277679222631418,0.8958458919334427,0.7487517639728546,1,1
2022-12-07,QQQ,0.4447762492381545,0.21073726440300405,0.6788152340733049,0.5032087118136358,1,1
2022-12-07,SPY,0.2910648618421579,0.05702587700700745,0.5251038466773084,0.32930349683168675,1,1
2022-12-08,DIA,0.4333952726437512,0.19935628780860076,0.6674342574789016,0.4903325598584438,1,1
2022-12-08,QQQ,0.8144642107741449,0.5804252259389944,1.0485031956092954,0.9214644150266126,1,1
2022-12-08,SPY,0.5514029529632917,0.3173639681281412,0.7854419377984421,0.6238434946249157,1,1
2022-12-09,DIA,0.6761885068214235,0.44214952198627305,0.910227491656574,0.7650227458044881,1,1
2022-12-09,QQQ,0.4500516468156884,0.21601266198053792,0.6840906316508388,0.50917716454429,1,1
2022-12-09,SPY,0.4763255605055154,0.24228657567036493,0.7103645453406658,0.5389028126309556,1,1
2022-12-12,DIA,0.4804938722237055,0.24645488738855503,0.7145328570588559,0.5436187361402279,1,1
2022-12-12,QQQ,0.37660122391865686,0.1425622390835064,0.6106402087538073,0.4260771951743172,1,1
2022-12-12,SPY,0.40946222903660856,0.1754232442014581,0.6435012138717591,0.4632553135712184,1,1
2022-12-13,DIA,0.675882623039522,0.4418436382043715,0.9099216078746724,0.7646766765525463,1,1
2022-12-13,QQQ,0.4999720927691305,0.26593310793398006,0.734011077604281,0.5656559071579568,1,1
2022-12-13,SPY,0.6606820862658435,0.426643101430693,0.8947210711009939,0.7474791698469604,1,1
2022-12-14,DIA,0.4710463613943447,0.23700737655919424,0.7050853462294951,0.5329300589403299,1,1
2022-12-14,QQQ,0.3680778882184948,0.13403890338334434,0.6021168730536453,0.41643410657554364,1,1
2022-12-14,SPY,0.4697945775169064,0.23575559268175594,0.7038335623520569,0.5315138220043114,1,1
2022-12-15,DIA,0.7428595821728232,0.5088205973376727,0.9768985670079737,0.8404527311067016,1,1
2022-12-15,QQQ,0.6416565065733285,0.40761752173817806,0.8756954914084789,0.7259541053567209,1,1
2022-12-15,SPY,0.7013583241744817,0.4673193393393313,0.9353973090096321,0.7934992469407599,1,1
2022-12-16,DIA,0.6452638020140768,0.4112248171789264,0.8793027868492274,0.7300353090967572,1,1
2022-12-16,QQQ,0.5906530593568504,0.35661407452169996,0.8246920441920009,0.6682500822308901,1,1
2022-12-16,SPY,0.5781795715405399,0.34414058670538944,0.8122185563756903,0.6541378904341835,1,1
2022-12-19,DIA,0.5962378283572387,0.36219884352208825,0.8302768131923892,0.6745685500431345,1,1
2022-12-19,QQQ,0.718809256261843,0.48477027142669255,0.9528482410969934,0.8132427945574994,1,1
2022-12-19,SPY,0.6067519701434204,0.37271298530826996,0.8407909549785708,0.6864639868006345,1,1
2022-12-20,DIA,0.5600731414931786,0.3260341566580281,0.7941121263283291,0.6336527288382506,1,1
2022-12-20,QQQ,0.6926932699380237,0.45865428510287326,0.9267322547731742,0.7836958215384546,1,1
2022-12-20,SPY,0.5231820059662415,0.2891430211310911,0.757220990801392,0.591915021805445,1,1
2022-12-21,DIA,0.455823935826522,0.22178495099137152,0.6898629206616724,0.5157077878011138,1,1
2022-12-21,QQQ,0.5159406505774133,0.2819016657422629,0.7499796354125638,0.5837223336319228,1,1
2022-12-21,SPY,0.3285959316264133,0.09455694679126286,0.5626349164615638,0.3717652094601647,1,1
2022-12-22,DIA,0.5055619664544094,0.271522981619259,0.7396009512895598,0.5719801502828724,1,1
2022-12-22,QQQ,0.5904053920230162,0.3563664071878658,0.8244443768581666,0.6679698776106334,1,1
2022-12-22,SPY,0.6757959805356718,0.44175699570052135,0.9098349653708222,0.7645786513930973,1,1
2022-12-23,DIA,0.4958109324521002,0.2617719476169497,0.7298499172872506,0.5609480745648957,1,1
2022-12-23,QQQ,0.4904832579780539,0.25644427314290347,0.7245222428132043,0.5549204770624677,1,1
2022-12-23,SPY,0.49889342899277317,0.2648544441576227,0.7329324138279236,0.5644355339696164,1,1
2022-12-27,DIA,0.3995893323910264,0.16555034755587594,0.6336283172261769,0.4520853655099127,1,1
2022-12-27,QQQ,0.39206345537266885,0.1580244705375184,0.6261024402078192,0.44357077668876427,1,1
2022-12-27,SPY,0.3751129132063035,0.14107392837115307,0.609151898041454,0.42439335769957665,1,1
2022-12-28,DIA,0.6006133675121031,0.3665743826769527,0.8346523523472535,0.6795189254855755,1,1
2022-12-28,QQQ,0.7012251424232687,0.46718615758811827,0.9352641272584192,0.7933485684421218,1,1
2022-12-28,SPY,0.6525275033814165,0.41848851854626606,0.8865664882165669,0.7382532789508555,1,1
2022-12-29,DIA,0.6461982509535065,0.412159266118356,0.880237235788657,0.731092521229535,1,1
2022-12-29,QQQ,0.30603407294432017,0.07199508810916971,0.5400730577794706,0.3462392874645902,1,1
2022-12-29,SPY,0.5799941237052925,0.345955138870142,0.8140331085404429,0.6561908293195393,1,1
2022-12-30,DIA,0.6267523220713841,0.39271333723623364,0.8607913069065345,0.709091884191129,1,1
2022-12-30,QQQ,0.5189113831436286,0.28487239830847816,0.752950367978779,0.5870833460743556,1,1
2022-12-30,SPY,0.44474027381925385,0.2107012889841034,0.6787792586544044,0.5031680101254655,1,1
2023-01-03,DIA,0.7772299244202412,0.5431909395850907,1.0112689092553917,0.879338475740193,1,1
2023-01-03,QQQ,0.6711983224873699,0.4371593376522194,0.9052373073225204,0.7593769761961673,1,1
2023-01-03,SPY,0.6639872775684584,0.429948292733308,0.8980262624036088,0.7512185805293774,1,1
2023-01-04,DIA,0.7885973020147412,0.5545583171795907,1.0226362868498917,0.8921992421273943,1,1
2023-01-04,QQQ,0.65366012637321,0.41962114153805957,0.8876991112083605,0.7395347002444769,1,1
2023-01-04,SPY,0.689260308183319,0.4552213233481685,0.9232992930184694,0.7798118545657365,1,1
2023-01-05,DIA,0.8105331668988474,0.5764941820636968,1.0445721517339979,0.9170169304139344,1,1
2023-01-05,QQQ,0.36720673963422834,0.1331677547990779,0.6012457244693787,0.4154485108796451,1,1
2023-01-05,SPY,0.529745540890352,0.2957065560552015,0.7637845257255025,0.5993408408768606,1,1
2023-01-06,DIA,0.8658424335635926,0.6318034487284421,1.099881418398743,0.9795924498518455,1,1
2023-01-06,QQQ,0.7338283566573004,0.49978937182214994,0.9678673414924508,0.830235028687679,1,1
2023-01-06,SPY,0.6985526817504125,0.46451369691526206,0.9325916665855629,0.7903250133515253,1,1
2023-01-09,DIA,0.63319916982829,0.3991601849931396,0.8672381546634405,0.7163856863232528,1,1
2023-01-09,QQQ,0.5073123208468204,0.27327333601167,0.7413513056819709,0.5739604574160232,1,1
2023-01-09,SPY,0.6121679091941082,0.3781289243589578,0.8462068940292586,0.6925914446350533,1,1
2023-01-10,DIA,0.571516367136389,0.3374773823012385,0.8055553519715395,0.6465993078086341,1,1
2023-01-10,QQQ,0.3791718465837936,0.14513286174864315,0.6132108314189441,0.42898553329286127,1,1
2023-01-10,SPY,0.28115565998431674,0.04711667514916629,0.5151946448194672,0.31809247396226287,1,1
2023-01-11,DIA,0.523040217846495,0.28900123301134456,0.7570792026816455,0.5917546062769398,1,1
2023-01-11,QQQ,0.4624561159331164,0.22841713109796596,0.6964951007682669,0.5232112703132126,1,1
2023-01-11,SPY,0.6159228876204177,0.38188390278526724,0.8499618724555682,0.6968397332071784,1,1
2023-01-12,DIA,0.6144305179352143,0.38039153310006385,0.8484695027703648,0.6951513035121862,1,1
2023-01-12,QQQ,0.33215397542753033,0.09811499059237988,0.5661929602626807,0.3757906911283146,1,1
2023-01-12,SPY,0.39865991123869304,0.1646209264035426,0.6326988960738436,0.4510338416895668,1,1
2023-01-13,DIA,0.5651760632502554,0.3311370784151049,0.7992150480854059,0.6394260467441927,1,1
2023-01-13,QQQ,0.33979129802956926,0.1057523131944188,0.5738302828647197,0.38443136669239875,1,1
2023-01-13,SPY,0.3902269533046876,0.15618796846953714,0.6242659381398381,0.44149300423249005,1,1
2023-01-17,DIA,0.7362844428663965,0.5022454580312461,0.9703234277015469,0.8330137831276911,1,1
2023-01-17,QQQ,0.3356225636364798,0.10158357880132934,0.5696615484716303,0.37971496497932855,1,1
2023-01-17,SPY,0.6168096096185932,0.38277062478344276,0.8508485944537436,0.6978429482736374,1,1
2023-01-18,DIA,0.57967792490147,0.3456389400663195,0.8137169097366204,0.6558330899100698,1,1
2023-01-18,QQQ,0.5022457053049758,0.26820672046982535,0.7362846901401263,0.5682282154529381,1,1
2023-01-18,SPY,0.5687178826900623,0.33467889785491184,0.8027568675252128,0.6434331725761915,1,1
2023-01-19,DIA,0.6590126814189712,0.4249736965838207,0.8930516662541217,0.7455904470027684,1,1
2023-01-19,QQQ,0.4792763094041235,0.24523732456897307,0.713315294239274,0.5422412160522206,1,1
2023-01-19,SPY,0.6881991928186462,0.4541602079834957,0.9222381776537967,0.7786113352109884,1,1
2023-01-20,DIA,0.6118122798280485,0.3777732949928981,0.845851264663199,0.6921890944747545,1,1
2023-01-20,QQQ,0.588678958961472,0.3546399741263216,0.8227179437966226,0.6660166344722682,1,1
2023-01-20,SPY,0.5531403517958822,0.3191013669607317,0.7871793366310327,0.6258091441620747,1,1
2023-01-23,DIA,0.5616927020977559,0.32765371726260545,0.7957316869329063,0.6354850591547401,1,1
2023-01-23,QQQ,0.44808728046660795,0.2140482956314575,0.6821262653017583,0.5069547296419229,1,1
2023-01-23,SPY,0.5273570223880345,0.29331803755288405,0.7613960072231849,0.5966385308484973,1,1
2023-01-24,DIA,0.5430702957706381,0.3090313109354877,0.7771092806057887,0.6144161349152144,1,1
2023-01-24,QQQ,0.3677558579312027,0.13371687309605224,0.6017948427663531,0.4160697695716888,1,1
2023-01-24,SPY,0.7368766456722751,0.5028376608371246,0.9709156305074256,0.8336837865543328,1,1
2023-01-25,DIA,0.7636077090116002,0.5295687241764497,0.9976466938467508,0.8639266423080538,1,1
2023-01-25,QQQ,0.5356415269503524,0.30160254211520193,0.7696805117855028,0.6060114118779112,1,1
2023-01-25,SPY,0.725882261952336,0.4918432771171855,0.9599212467874865,0.8212450160975655,1,1
2023-01-26,DIA,0.3706051725835099,0.13656618774835944,0.6046441574186603,0.41929341282646043,1,1
2023-01-26,QQQ,0.24033627588314718,0.006297291047996728,0.4743752607182976,0.27191044485041366,1,1
2023-01-26,SPY,0.40954110423007056,0.1755021193949201,0.643580089065221,0.4633445509901769,1,1
2023-01-27,DIA,0.588799510506808,0.35476052567165756,0.8228384953419585,0.6661530234722195,1,1
2023-01-27,QQQ,0.3056058598382302,0.07156687500307973,0.5396448446733806,0.3457548178782165,1,1
2023-01-27,SPY,0.4692776836698615,0.23523869883471105,0.703316668505012,0.5309290212480628,1,1
2023-01-30,DIA,0.47861821349767536,0.2445792286625249,0.7126571983328258,0.5414966628214651,1,1
2023-01-30,QQQ,0.6675606515613384,0.4335216667261879,0.9015996363964889,0.7552614063926409,1,1
2023-01-30,SPY,0.42408792815762697,0.19004894332247652,0.6581269129927774,0.47980246334971466,1,1
2023-01-31,DIA,0.6476310405234772,0.41359205568832674,0.8816700253586276,0.7327135434739559,1,1
2023-01-31,QQQ,0.3940650852532492,0.16002610041809873,0.6281040700883996,0.44583537061764367,1,1
2023-01-31,SPY,0.5455627882610287,0.3115238034258782,0.7796017730961791,0.6172360785103209,1,1
2023-02-01,DIA,0.6730702096906279,0.43903122485547746,0.9071091945257783,0.7614947825084994,1,1
2023-02-01,QQQ,0.26449291652862494,0.03045393169347449,0.4985319013637754,0.29924066322825466,1,1
2023-02-01,SPY,0.4334648914445294,0.19942590660937892,0.6675038762796799,0.49041132482648686,1,1
2023-02-02,DIA,0.5329398282381573,0.2989008434030069,0.7669788130733077,0.6029547776016859,1,1
2023-02-02,QQQ,0.23048424415422775,-0.003554740680922708,0.4645232289893782,0.26076410283339185,1,1
2023-02-02,SPY,0.23279314516017954,-0.001245839674970911,0.46683212999532997,0.26337633561987794,1,1
2023-02-03,DIA,0.7075088799300143,0.47346989509486387,0.9415478647651647,0.8004578317212666,1,1
2023-02-03,QQQ,0.43363652233535216,0.1995975375002017,0.6676755071705026,0.49060550371896666,1,1
2023-02-03,SPY,0.6270995886371746,0.3930606038020242,0.8611385734723251,0.7094847728885957,1,1
2023-02-06,DIA,0.590624813266642,0.3565858284314915,0.8246637981017924,0.6682181253116709,1,1
2023-02-06,QQQ,0.14170848286608903,-0.09233050196906142,0.37574746770123946,0.160325429332732,1,1
2023-02-06,SPY,0.6331579975290738,0.3991190126939233,0.8671969823642243,0.7163391050148159,1,1
2023-02-07,DIA,0.6652264546705824,0.43118746983543194,0.8992654395057329,0.752620554475461,1,1
2023-02-07,QQQ,0.21655278328844757,-0.017486201546702884,0.450591768123598,0.2450023968341185,1,1
2023-02-07,SPY,0.5365487498263373,0.3025097649911868,0.7705877346614878,0.6070378211242099,1,1
2023-02-08,DIA,0.6784745846275101,0.44443559979235964,0.9125135694626605,0.7676091569941078,1,1
2023-02-08,QQQ,0.525641476021384,0.29160249118623355,0.7596804608565344,0.5946976046441474,1,1
2023-02-08,SPY,0.5577624402735165,0.32372345543836606,0.7918014251086669,0.6310384593350478,1,1
2023-02-09,DIA,0.6965575050342049,0.46251852019905443,0.9305964898693553,0.7880677203712388,1,1
2023-02-09,QQQ,0.7135266079576671,0.47948762312251664,0.9475655927928175,0.8072661385362704,1,1
2023-02-09,SPY,0.5376049257843072,0.30356594094915673,0.7716439106194577,0.6082327521578902,1,1
2023-02-10,DIA,0.6103038969860172,0.3762649121508667,0.8443428818211676,0.6904825478950744,1,1
2023-02-10,QQQ,0.5344136325163087,0.30037464768115824,0.7684526173514592,0.604622202859991,1,1
2023-02-10,SPY,0.34295126437568946,0.108912279540539,0.5769902492108399,0.3880064734952672,1,1
2023-02-13,DIA,0.6471033788867024,0.413064394051552,0.881142363721853,0.7321165603100172,1,1
2023-02-13,QQQ,0.6036568394257905,0.36961785459064006,0.8376958242609409,0.6829622334044467,1,1
2023-02-13,SPY,0.37012659096670497,0.13608760613155452,0.6041655758018554,0.41875195756822087,1,1
2023-02-14,DIA,0.7594805846770408,0.5254415998418904,0.9935195695121912,0.8592573171733473,1,1
2023-02-14,QQQ,0.5289522809563161,0.2949132961211656,0.7629912657914666,0.5984433664496103,1,1
2023-02-14,SPY,0.5121551881439111,0.2781162033087607,0.7461941729790615,0.5794395562173368,1,1
2023-02-15,DIA,0.8515848960795454,0.6175459112443948,1.0856238809146959,0.9634618289311667,1,1
2023-02-15,QQQ,0.6586594834805687,0.42462049864541823,0.8926984683157191,0.7451908476988418,1,1
2023-02-15,SPY,0.5155271616631719,0.28148817682802146,0.7495661464983223,0.5832545226275336,1,1
2023-02-16,DIA,0.38996378542339427,0.15592480058824382,0.6240027702585447,0.4411952626809501,1,1
2023-02-16,QQQ,0.553654912957495,0.3196159281223446,0.7876938977926455,0.6263913057764326,1,1
2023-02-16,SPY,0.24390170023224075,0.0098627153970903,0.4779406850673912,0.2759442766857455,1,1
2023-02-17,DIA,0.6997535986302722,0.46571461379512175,0.9337925834654226,0.7916837006401215,1,1
2023-02-17,QQQ,0.39327939076054197,0.15924040592539151,0.6273183755956924,0.4449464555412846,1,1
2023-02-17,SPY,0.5272139182062976,0.29317493337114714,0.7612529030414481,0.5964766263604083,1,1
2023-02-21,DIA,0.5267689907874857,0.2927300059523353,0.7608079756226362,0.595973246619124,1,1
2023-02-21,QQQ,0.44527215865705916,0.2112331738219087,0.6793111434922097,0.503769771313307,1,1
2023-02-21,SPY,0.2907998299387831,0.05676084510363266,0.5248388147739336,0.3290036463722362,1,1
2023-02-22,DIA,0.8255081132807001,0.5914691284455496,1.0595470981158506,0.9339592097986762,1,1
2023-02-22,QQQ,0.6823698818565967,0.4483308970214463,0.9164088666917471,0.7720161987463089,1,1
2023-02-22,SPY,0.6891549886984799,0.45511600386332945,0.9231939735336303,0.7796926987376421,1,1
2023-02-23,DIA,0.6590888954965813,0.4250499106614309,0.8931278803317317,0.7456766737018831,1,1
2023-02-23,QQQ,0.4890540084270822,0.25501502359193173,0.7230929932622326,0.5533034599069053,1,1
2023-02-23,SPY,0.4926426526160578,0.2586036677809073,0.7266816374512082,0.5573635620876874,1,1
2023-02-24,DIA,0.6993506173389862,0.4653116325038357,0.9333896021741366,0.7912277776972477,1,1
2023-02-24,QQQ,0.6956144203626617,0.4615754355275113,0.9296534051978123,0.7870007379873742,1,1
2023-02-24,SPY,0.78823246771876,0.5541934828836095,1.0222714525539105,0.891786477739861,1,1
2023-02-27,DIA,0.73367924800731,0.49964026317215954,0.9677182328424605,0.8300663308945513,1,1
2023-02-27,QQQ,0.5229239581517573,0.28888497331660684,0.7569629429869078,0.5916230729692934,1,1
2023-02-27,SPY,0.4595075393377431,0.22546855450259262,0.6935465241728935,0.5198753245814359,1,1
2023-02-28,DIA,0.7274454297998554,0.4934064449647049,0.9614844146350059,0.8230135450607152,1,1
2023-02-28,QQQ,0.5536390538945466,0.31960006905939614,0.7876780387296971,0.6263733632297015,1,1
2023-02-28,SPY,0.5389102433847577,0.3048712585496072,0.7729492282199082,0.6097095558077151,1,1
2023-03-01,DIA,0.6285390029578459,0.3945000181226955,0.8625779877929964,0.7111132902100843,1,1
2023-03-01,QQQ,0.46684309491360027,0.2328041100784498,0.7008820797487507,0.528174588487922,1,1
2023-03-01,SPY,0.5400447076867216,0.3060057228515712,0.7740836925218721,0.6109930603135598,1,1
2023-03-02,DIA,0.7099350965506492,0.4758961117154988,0.9439740813857997,0.8032027924567863,1,1
2023-03-02,QQQ,0.5892869227806037,0.35524793794545323,0.8233259076157542,0.6667044695146711,1,1
2023-03-02,SPY,0.5881826092811643,0.3541436244460138,0.8222215941163147,0.6654550768718691,1,1
2023-03-03,DIA,0.6838231370797545,0.44978415224460405,0.917862121914905,0.7736603753183138,1,1
2023-03-03,QQQ,0.725227414152951,0.49118842931780055,0.9592663989881014,0.8205041376938135,1,1
2023-03-03,SPY,0.5093259616369563,0.27528697680180586,0.7433649464721068,0.5762386401872376,1,1
2023-03-06,DIA,0.5476410771227787,0.3136020922876282,0.7816800619579292,0.619587402491062,1,1
2023-03-06,QQQ,0.5323312730710132,0.2982922882358628,0.7663702579061638,0.6022662735229481,1,1
2023-03-06,SPY,0.5269016928513088,0.2928627080161584,0.7609406776864593,0.5961233824114596,1,1
2023-03-07,DIA,0.6126721325859905,0.37863314775084006,0.846711117421141,0.6931619103555812,1,1
2023-03-07,QQQ,0.7400453048641858,0.5060063200290355,0.9740842896993362,0.8372687282252724,1,1
2023-03-07,SPY,0.5365289027188497,0.3024899178836992,0.7705678875540001,0.6070153666037424,1,1
2023-03-08,DIA,0.6530699663022992,0.41903098146714873,0.8871089511374497,0.73886700791703,1,1
2023-03-08,QQQ,0.6855087111225905,0.45146972628744003,0.9195476959577409,0.775567391585965,1,1
2023-03-08,SPY,0.40631875656562816,0.1722797717304777,0.6403577414007786,0.4596988675256997,1,1
2023-03-09,DIA,0.4543415898089049,0.22030260497375442,0.6883805746440553,0.5140306986326502,1,1
2023-03-09,QQQ,0.41981992192954326,0.1857809370943928,0.6538589067646937,0.4749737479681597,1,1
2023-03-09,SPY,0.39616308942547807,0.1621241045903276,0.6302020742606285,0.448209000007017,1,1
2023-03-10,DIA,0.5116118673780709,0.2775728825429204,0.7456508522132212,0.5788248567068561,1,1
2023-03-10,QQQ,0.8245517384587052,0.5905127536235548,1.0585907232938556,0.9328771912713579,1,1
2023-03-10,SPY,0.5681006845637622,0.3340616997286117,0.8021396693989127,0.6427348900698723,1,1
2023-03-13,DIA,0.5570726971138675,0.3230337122787171,0.791111681949018,0.6302581011944235,1,1
2023-03-13,QQQ,0.8213377113460676,0.5872987265109171,1.055376696181218,0.9292409214708574,1,1
2023-03-13,SPY,0.6716877611424378,0.4376487763072873,0.9057267459775882,0.7599307148356528,1,1
2023-03-14,DIA,0.4436233791766869,0.20958439434153647,0.6776623640118373,0.5019043834923432,1,1
2023-03-14,QQQ,0.794708266049159,0.5606692812140086,1.0287472508843094,0.8991130338259534,1,1
2023-03-14,SPY,0.40314199658994215,0.1691030117547917,0.6371809814250926,0.4561047608308296,1,1
2023-03-15,DIA,0.6626351326210225,0.428596147785872,0.896674117456173,0.7496887975916642,1,1
2023-03-15,QQQ,0.7491396624250041,0.5151006775898537,0.9831786472601545,0.8475578566596046,1,1
2023-03-15,SPY,0.7630850341443104,0.52904604930916,0.9971240189794608,0.8633353010502491,1,1
2023-03-16,DIA,0.6423368706224875,0.408297885787337,0.876375855457638,0.7267238522065762,1,1
2023-03-16,QQQ,0.7016317806137045,0.467592795778554,0.935670765448855,0.79380862870913,1,1
2023-03-16,SPY,0.7659138862021567,0.5318749013670063,0.9999528710373071,0.8665357934380026,1,1
2023-03-17,DIA,0.20134029374705079,-0.03269869108809967,0.43537927858220127,0.2277913670664166,1,1
2023-03-17,QQQ,0.6262258431975997,0.3921868583624492,0.8602648280327501,0.708496239175623,1,1
2023-03-17,SPY,0.40073994842602184,0.1667009635908714,0.6347789332611723,0.4533871436820923,1,1
2023-03-20,DIA,0.5778770975964871,0.34383811276133663,0.8119160824316376,0.6537956789874059,1,1
2023-03-20,QQQ,0.5420018362217169,0.3079628513865665,0.7760408210568674,0.6132073065342957,1,1
2023-03-20,SPY,0.49852569082389614,0.2644867059887457,0.7325646756590466,0.5640194842129976,1,1
2023-03-21,DIA,0.7786487421213484,0.5446097572861979,1.012687726956499,0.8809436905620173,1,1
2023-03-21,QQQ,0.6459822073738947,0.4119432225387442,0.8800211922090451,0.7308480949329912,1,1
2023-03-21,SPY,0.8790994846872695,0.645060499852119,1.11313846952242,0.9945911455551788,1,1
2023-03-22,DIA,0.3633734419310205,0.12933445709587005,0.5974124267661709,0.41111161383864214,1,1
2023-03-22,QQQ,0.6355863935848781,0.40154740874972766,0.8696253784200285,0.7190865315087167,1,1
2023-03-22,SPY,0.37317370700217223,0.13913472216702177,0.6072126918373226,0.4221993883552302,1,1
2023-03-23,DIA,0.5183360970984637,0.2842971122633133,0.7523750819336141,0.5864324818472131,1,1
2023-03-23,QQQ,0.4972689530193236,0.26322996818417316,0.731307937854474,0.5625976425278592,1,1
2023-03-23,SPY,0.6155749056316357,0.3815359207964853,0.8496138904667863,0.6964460350980523,1,1
2023-03-24,DIA,0.6738504815167496,0.4398114966815992,0.9078894663519002,0.7623775625156596,1,1
2023-03-24,QQQ,0.4555232578385023,0.22148427300335183,0.6895622426736527,0.5153676082540241,1,1
2023-03-24,SPY,0.5593645619281309,0.32532557709298043,0.7934035467632814,0.6328510596601956,1,1
2023-03-27,DIA,0.650271705508263,0.4162327206731125,0.8843106903434135,0.735701125719189,1,1
2023-03-27,QQQ,0.638382095408795,0.4043431105736445,0.8724210802439454,0.7222495185518377,1,1
2023-03-27,SPY,0.5423617981665123,0.30832281333136186,0.7764007830016628,0.6136145584656942,1,1
2023-03-28,DIA,0.8184819820247731,0.5844429971896226,1.0525209668599236,0.9260100208202076,1,1
2023-03-28,QQQ,0.7015372436449487,0.4674982588097983,0.9355762284800992,0.7937016719497532,1,1
2023-03-28,SPY,0.7421771388777252,0.5081381540425747,0.9762161237128757,0.839680631850052,1,1
2023-03-29,DIA,0.6294189570484424,0.39537997221329196,0.8634579418835928,0.7121088482353672,1,1
2023-03-29,QQQ,0.47517345730876887,0.2411344724736184,0.7092124421439193,0.5375993519212072,1,1
2023-03-29,SPY,0.5092061548249676,0.2751671699898171,0.7432451396601181,0.5761030937599483,1,1
2023-03-30,DIA,0.49922474687613366,0.2651857620409832,0.7332637317112841,0.5648103787271146,1,1
2023-03-30,QQQ,0.333244439770152,0.09920545493500155,0.5672834246053025,0.3770244151818566,1,1
2023-03-30,SPY,0.4699901449840721,0.23595116014892165,0.7040291298192225,0.5317350821399273,1,1
2023-03-31,DIA,0.5925896842052533,0.3585506993701028,0.8266286690404037,0.670441131093999,1,1
2023-03-31,QQQ,0.35295388450065207,0.11891489966550162,0.5869928693358025,0.3993231874530497,1,1
2023-03-31,SPY,0.25132628875679214,0.017287303921641684,0.4853652735919426,0.28434427024112374,1,1
2023-04-03,DIA,0.2547597049500067,0.02072072011485626,0.48879868978515717,0.28822875135419346,1,1
2023-04-03,QQQ,0.2294037241636003,-0.004635260671550151,0.46344270899875073,0.25954162957070337,1,1
2023-04-03,SPY,0.26500504406262343,0.030966059227472975,0.4990440288977739,0.29982007149726425,1,1
2023-04-04,DIA,0.5770814636135213,0.34304247877837085,0.8111204484486718,0.6528955186206392,1,1
2023-04-04,QQQ,0.3904910734473941,0.15645208861224363,0.6245300582825446,0.4417918231487497,1,1
2023-04-04,SPY,0.505997736651939,0.2719587518167886,0.7400367214870895,0.5724731697732818,1,1
2023-04-05,DIA,0.559264066932269,0.3252250820971186,0.7933030517674196,0.6327373621381316,1,1
2023-04-05,QQQ,0.6939535794482421,0.45991459461309164,0.9279925642833926,0.7851217041619304,1,1
2023-04-05,SPY,0.6949615784766507,0.4609225936415003,0.9290005633118013,0.786262129023788,1,1
2023-04-06,DIA,0.7856728031005428,0.5516338182653924,1.0197117879356932,0.8888905372812279,1,1
2023-04-06,QQQ,0.6305599462833065,0.396520961448156,0.864598931118457,0.7133997348869197,1,1
2023-04-06,SPY,0.498248980271969,0.26420999543681856,0.7322879651071195,0.563706420822992,1,1
2023-04-10,DIA,0.2462117614536108,0.012172776618460335,0.48025074628876124,0.27855782211090563,1,1
2023-04-10,QQQ,0.743493717173516,0.5094547323383656,0.9775327020086664,0.8411701755686334,1,1
2023-04-10,SPY,0.425169865972493,0.19113088113734256,0.6592088508076435,0.48102654070324635,1,1
2023-04-11,DIA,0.41808286376555587,0.1840438789304054,0.6521218486007063,0.4730084838549282,1,1
2023-04-11,QQQ,0.7772406470080562,0.5432016621729057,1.0112796318432067,0.8793506070075683,1,1
2023-04-11,SPY,0.7770407260925224,0.543001741257372,1.0110797109276728,0.8791244214894735,1,1
2023-04-12,DIA,0.5846116389868969,0.3505726541517465,0.8186506238220475,0.6614149704930303,1,1
2023-04-12,QQQ,0.7039493717557116,0.46991038692056114,0.937988356590862,0.7964306932979605,1,1
2023-04-12,SPY,0.7990222696942445,0.5649832848590941,1.033061254529395,0.9039937895333933,1,1
2023-04-13,DIA,0.40174048467115525,0.1677014998360048,0.6357794695063057,0.45451912533780986,1,1
2023-04-13,QQQ,0.48999724262266,0.2559582577875095,0.7240362274578105,0.5543706114585186,1,1
2023-04-13,SPY,0.6032708269259621,0.36923184209081167,0.8373098117611126,0.682525508527353,1,1
2023-04-14,DIA,0.6506712451858038,0.4166322603506533,0.8847102300209542,0.7361531549064448,1,1
2023-04-14,QQQ,0.7074913119769888,0.4734523271418383,0.9415302968121393,0.8004379557790903,1,1
2023-04-14,SPY,0.7827099900874791,0.5486710052523287,1.0167489749226295,0.8855384848229363,1,1
2023-04-17,DIA,0.5247943873717148,0.29075540253656434,0.7588333722068652,0.5937392297558252,1,1
2023-04-17,QQQ,0.37270126076651516,0.1386622759313647,0.6067402456016656,0.42166487451359985,1,1
2023-04-17,SPY,0.5699665693940525,0.3359275845589021,0.8040055542292031,0.6448459054477196,1,1
2023-04-18,DIA,0.6125215519513679,0.37848256711621747,0.8465605367865183,0.6929915471958976,1,1
2023-04-18,QQQ,0.5909078118390477,0.35686882700389727,0.8249467966741981,0.6685383028106029,1,1
2023-04-18,SPY,0.8603321000120671,0.6262931151769167,1.0943710848472175,0.9733581964426854,1,1
2023-04-19,DIA,0.6779183784099015,0.4438793935747511,0.9119573632450519,0.7669798792061302,1,1
2023-04-19,QQQ,0.5180195922785598,0.2839806074434093,0.7520585771137103,0.5860743962188111,1,1
2023-04-19,SPY,0.8084849878660166,0.5744460030308662,1.042523972701167,0.9146996719397249,1,1
2023-04-20,DIA,0.4699342571786128,0.23589527234346236,0.7039732420137632,0.5316718520761831,1,1
2023-04-20,QQQ,0.5552023231656901,0.3211633383305396,0.7892413080008405,0.6281420069410001,1,1
2023-04-20,SPY,0.6554009302718318,0.4213619454366813,0.8894399151069823,0.7415042021880858,1,1
2023-04-21,DIA,0.6245795307226374,0.39054054588748693,0.8586185155577879,0.7066336424628094,1,1
2023-04-21,QQQ,0.5894356749000677,0.3553966900649172,0.823474659735218,0.6668727639380881,1,1
2023-04-21,SPY,0.7350561519819753,0.5010171671468249,0.9690951368171257,0.8316241255757406,1,1
2023-04-24,DIA,0.3531383348395608,0.11909935000441035,0.5871773196747112,0.39953186994811285,1,1
2023-04-24,QQQ,0.4369276099557512,0.20288862512060074,0.6709665947909016,0.494328957848461,1,1
2023-04-24,SPY,0.57497475903031,0.3409357741951596,0.8090137438654605,0.6505120458041264,1,1
2023-04-25,DIA,0.48946598776022054,0.2554270029250701,0.723504972595371,0.5537695630090325,1,1
2023-04-25,QQQ,0.3485490024433798,0.11451001760822932,0.5825879872785302,0.3943396141855299,1,1
2023-04-25,SPY,0.37650460834843424,0.1424656235132838,0.6105435931835848,0.42596788673728586,1,1
2023-04-26,DIA,0.8095189362237525,0.575479951388602,1.043557921058903,0.9158694552230479,1,1
2023-04-26,QQQ,0.5757113366595056,0.3416723518243551,0.809750321494656,0.6513453912909261,1,1
2023-04-26,SPY,0.6930069799240335,0.45896799508888303,0.927045964759184,0.7840507451617673,1,1
2023-04-27,DIA,0.7155651294091926,0.48152614457404214,0.949604114244343,0.809572470664804,1,1
2023-04-27,QQQ,0.7168052395563158,0.48276625472116536,0.9508442243914663,0.8109755002346376,1,1
2023-04-27,SPY,0.5248691307723884,0.29083014593723794,0.7589081156075388,0.5938237925678771,1,1
2023-04-28,DIA,0.46175917590233306,0.2277201910671826,0.6957981607374835,0.5224227698127868,1,1
2023-04-28,QQQ,0.5108045697023061,0.2767655848671557,0.7448435545374565,0.5779115003300992,1,1
2023-04-28,SPY,0.7351645451502774,0.501125560315127,0.9692035299854278,0.8317467588923445,1,1
2023-05-01,DIA,0.3900507310890433,0.15601174625389286,0.6240897159241938,0.4412936308300676,1,1
2023-05-01,QQQ,0.35761350668586017,0.12357452185070972,0.5916524915210106,0.40459496732297995,1,1
2023-05-01,SPY,0.5635556939249783,0.32951670908982783,0.7975946787601287,0.6375928014613531,1,1
2023-05-02,DIA,0.35404087295381365,0.12000188811866319,0.5880798577889641,0.40055297897228803,1,1
2023-05-02,QQQ,0.348164083543611,0.11412509870846055,0.5822030683787615,0.39390412658016166,1,1
2023-05-02,SPY,0.3659205980877461,0.13188161325259562,0.5999595829228965,0.4139934025371383,1,1
2023-05-03,DIA,0.5791495608882066,0.3451105760530561,0.813188545723357,0.6552353120949586,1,1
2023-05-03,QQQ,0.641552391997436,0.4075134071622855,0.8755913768325865,0.7258363127324391,1,1
2023-05-03,SPY,0.6815604264526434,0.4475214416174929,0.9155994112877939,0.7711004011699056,1,1
2023-05-04,DIA,0.5167543129493386,0.28271532811418815,0.7507932977844891,0.5846428908665527,1,1
2023-05-04,QQQ,0.43072677806790133,0.19668779323275087,0.6647657629030518,0.4873134919106944,1,1
2023-05-04,SPY,0.5559331666558814,0.321894181820731,0.7899721514910318,0.6289688649665051,1,1
2023-05-05,DIA,0.43449241981436215,0.2004534349792117,0.6685314046495126,0.4915738446962443,1,1
2023-05-05,QQQ,0.6201256692799556,0.38608668444480515,0.854164654115106,0.7015946551450126,1,1
2023-05-05,SPY,0.3710913278146528,0.13705234297950236,0.6051303126498033,0.41984343668232926,1,1
2023-05-08,DIA,0.6109317643499846,0.3768927795148342,0.844970749185135,0.6911929013097476,1,1
2023-05-08,QQQ,0.5227409296603873,0.28870194482523687,0.7567799144955378,0.5914159991169345,1,1
2023-05-08,SPY,0.5340581134608053,0.3000191286256549,0.7680970982959558,0.6042199775022938,1,1
2023-05-09,DIA,0.5333337844801198,0.29929479964496936,0.7673727693152703,0.6034004898297295,1,1
2023-05-09,QQQ,0.8321140074200744,0.5980750225849238,1.0661529922552249,0.941432953025626,1,1
2023-05-09,SPY,0.6515354485557031,0.41749646372055266,0.8855744333908535,0.7371308929607068,1,1
2023-05-10,DIA,0.7983891530211819,0.5643501681860315,1.0324281378563323,0.903277497181845,1,1
2023-05-10,QQQ,0.654175663885993,0.42013667905084257,0.8882146487211435,0.7401179664781021,1,1
2023-05-10,SPY,0.3553100846106678,0.12127109977551737,0.5893490694458183,0.4019889332615703,1,1
2023-05-11,DIA,0.6132861456599851,0.3792471608248346,0.8473251304951355,0.6938565893734713,1,1
2023-05-11,QQQ,0.5315635516134938,0.2975245667783433,0.7656025364486443,0.6013976926885807,1,1
2023-05-11,SPY,0.4481615445717002,0.21412255973654976,0.6822005294068507,0.5070387501909549,1,1
2023-05-12,DIA,0.4960179452979367,0.26197896046278624,0.7300569301330871,0.5611822837153633,1,1
2023-05-12,QQQ,0.726928488951663,0.4928895041165125,0.9609674737868135,0.8224286911285452,1,1
2023-05-12,SPY,0.25712770845365973,0.023088723618509277,0.4911666932888102,0.29090785122673485,1,1
2023-05-15,DIA,0.45294484148652353,0.21890585665137308,0.686983826321674,0.5124504525533299,1,1
2023-05-15,QQQ,0.5626549221741854,0.328615937339035,0.796693907009336,0.6365736908565691,1,1
2023-05-15,SPY,0.3151701513681278,0.08113116653297736,0.5492091362032783,0.35657561783867664,1,1
2023-05-16,DIA,0.529915060675723,0.29587607584057257,0.7639540455108735,0.5995326313174915,1,1
2023-05-16,QQQ,0.7526072386645557,0.5185682538294052,0.9866462234997062,0.8514809855937799,1,1
2023-05-16,SPY,0.46342745259181994,0.2293884677566695,0.6974664374269703,0.5243102162879603,1,1
2023-05-17,DIA,0.566784322954859,0.3327453381197086,0.8008233077900095,0.6412455915054105,1,1
2023-05-17,QQQ,0.36753676561172105,0.1334977807765706,0.6015757504468715,0.4158218940071921,1,1
2023-05-17,SPY,0.48473384703685424,0.2506948622017038,0.7187728318720047,0.5484157374807926,1,1
2023-05-18,DIA,0.4800794417709891,0.24604045693583865,0.7141184266061396,0.5431498599027826,1,1
2023-05-18,QQQ,0.6426775683005607,0.4086385834654102,0.8767165531357111,0.7271093090289557,1,1
2023-05-18,SPY,0.523596567708625,0.2895575828734745,0.7576355525437755,0.5923840465807322,1,1
2023-05-19,DIA,0.4606199616136054,0.22658097677845496,0.6946589464487558,0.5211338912908507,1,1
2023-05-19,QQQ,0.6214620861649047,0.38742310132975427,0.8555010710000552,0.7031066437466367,1,1
2023-05-19,SPY,0.5029419644930838,0.26890297965793336,0.7369809493282342,0.5690159456650087,1,1
2023-05-22,DIA,0.5204095604417229,0.2863705756065725,0.7544485452768734,0.5887783463571581,1,1
2023-05-22,QQQ,0.324936303216734,0.09089731838158355,0.5589752880518845,0.367624797509424,1,1
2023-05-22,SPY,0.6413865351552775,0.4073475503201271,0.875425519990428,0.7256486664540442,1,1
2023-05-23,DIA,0.6355526140857507,0.40151362925060025,0.8695915989209011,0.7190483142291954,1,1
2023-05-23,QQQ,0.835386971462143,0.6013479866269926,1.0694259562972934,0.9451359025923868,1,1
2023-05-23,SPY,0.6476701442782704,0.41363115944311996,0.8817091291134209,0.7327577844830254,1,1
2023-05-24,DIA,0.6238270595970085,0.389788074761858,0.8578660444321589,0.7057823154720961,1,1
2023-05-24,QQQ,0.867073210584562,0.6330342257494115,1.1011121954197125,0.9809849201564372,1,1
2023-05-24,SPY,0.7447486321742791,0.5107096473391286,0.9787876170094296,0.8425899549791822,1,1
2023-05-25,DIA,0.6562270761085585,0.422188091273408,0.890266060943709,0.7424388829022235,1,1
2023-05-25,QQQ,0.19421928197325714,-0.03981970286189332,0.4282582668084076,0.21973483264570892,1,1
2023-05-25,SPY,0.7109319309911478,0.47689294615599737,0.9449709158262982,0.8043305859834282,1,1
2023-05-26,DIA,0.39168650560553303,0.15764752077038258,0.6257254904406835,0.443144305160521,1,1
2023-05-26,QQQ,0.5638308125198561,0.32979182768470566,0.7978697973550066,0.6379040637510134,1,1
2023-05-26,SPY,0.5442175803162238,0.31017859548107335,0.7782565651513742,0.6157141439236917,1,1
2023-05-30,DIA,0.7525651128467871,0.5185261280116367,0.9866040976819375,0.8514333254983283,1,1
2023-05-30,QQQ,0.36653683594026804,0.13249785110511758,0.6005758207754185,0.4146905986137488,1,1
2023-05-30,SPY,0.7334115095240024,0.4993725246888519,0.9674504943591529,0.8297634182783338,1,1
2023-05-31,DIA,0.6560547324758179,0.42201574764066746,0.8900937173109684,0.742243897631384,1,1
2023-05-31,QQQ,0.5118025760915341,0.27776359125638367,0.7458415609266846,0.5790406197701893,1,1
2023-05-31,SPY,0.6402702162934054,0.40623123145825496,0.8743092011285558,0.7243856912447831,1,1
2023-06-01,DIA,0.5643430164406196,0.3303040316054691,0.7983820012757701,0.6384835584420963,1,1
2023-06-01,QQQ,0.3738858652704199,0.13984688043526944,0.6079248501055703,0.4230051063884799,1,1
2023-06-01,SPY,0.8031929462137989,0.5691539613786485,1.0372319310489493,0.9087123885197176,1,1
2023-06-02,DIA,0.3877188552195667,0.15367987038441627,0.6217578400547172,0.438655404858248,1,1
2023-06-02,QQQ,0.24772314587634983,0.013684161041199377,0.4817621307115003,0.2802677646038432,1,1
2023-06-02,SPY,0.7523104548141921,0.5182714699790416,0.9863494396493426,0.8511452117765305,1,1
2023-06-05,DIA,0.7134144147805862,0.47937542994543575,0.9474533996157366,0.8071392059848811,1,1
2023-06-05,QQQ,0.48842035494879105,0.2543813701136406,0.7224593397839415,0.5525865602273625,1,1
2023-06-05,SPY,0.7901854207838602,0.5561464359487098,1.0242244056190106,0.893995999938506,1,1
2023-06-06,DIA,0.7607649816433624,0.5267259968082119,0.9948039664785129,0.8607104517415418,1,1
2023-06-06,QQQ,0.6251920816531008,0.39115309681795035,0.8592310664882512,0.7073266672481183,1,1
2023-06-06,SPY,0.5179619005297722,0.28392291569462175,0.7520008853649227,0.5860091252187535,1,1
2023-06-07,DIA,0.40419633187436393,0.17015734703921348,0.6382353167095144,0.4572976093725454,1,1
2023-06-07,QQQ,0.4857472673393552,0.25170828250420474,0.7197862521745056,0.5495622958364171,1,1
2023-06-07,SPY,0.7712244656747964,0.5371854808396459,1.005263450509947,0.8725440500838737,1,1
2023-06-08,DIA,0.3393985822398279,0.10535959740467743,0.5734375670749783,0.38398705788093884,1,1
2023-06-08,QQQ,0.54798965483885,0.31395067000369953,0.7820286396740004,0.6199817745911274,1,1
2023-06-08,SPY,0.48951523477004594,0.2554762499348955,0.7235542196051964,0.5538252798428729,1,1
2023-06-09,DIA,0.4239212578826374,0.18988227304748695,0.6579602427177879,0.47961389677378174,1,1
2023-06-09,QQQ,0.3781761200660998,0.14413713523094934,0.6122151049012503,0.42785899324234,1,1
2023-06-09,SPY,0.44401516731843926,0.2099761824832888,0.6780541521535897,0.5023476427860954,1,1
2023-06-12,DIA,0.31024554460614473,0.07620655977099428,0.5442845294412952,0.3510040410534258,1,1
2023-06-12,QQQ,0.6265628940119221,0.39252390917677166,0.8606018788470726,0.7088775700276668,1,1
2023-06-12,SPY,0.25949793731571535,0.0254589524805649,0.4935369221508658,0.29358946881405323,1,1
2023-06-13,DIA,0.3127187922646082,0.07867980742945774,0.5467577770997587,0.35380221152755353,1,1
2023-06-13,QQQ,0.40618342978856287,0.1721444449534124,0.6402224146237133,0.45954576219852106,1,1
2023-06-13,SPY,0.4700128986098179,0.23597391377466742,0.7040518834449683,0.5317608250223771,1,1
2023-06-14,DIA,0.6361227690159607,0.4020837841808102,0.870161753851111,0.7196933732413539,1,1
2023-06-14,QQQ,0.3343788360432936,0.10033985120814315,0.5684178208784441,0.37830784272159496,1,1
2023-06-14,SPY,0.6860881920254767,0.4520492071903262,0.9201271768606272,0.7762230017701,1,1
2023-06-15,DIA,0.30643059067628764,0.07239160584113719,0.5404695755114381,0.34668789769828945,1,1
2023-06-15,QQQ,0.37492278607892604,0.14088380124377559,0.6089617709140764,0.42417825262817876,1,1
2023-06-15,SPY,0.6196574776941934,0.385618492859043,0.853696462529344,0.7010649549077428,1,1
2023-06-16,DIA,0.40921429737395815,0.1751753125388077,0.6432532822091086,0.46297480989595735,1,1
2023-06-16,QQQ,0.4553486198890207,0.22130963505387025,0.6893876047241712,0.5151700272506703,1,1
2023-06-16,SPY,0.3818790463777869,0.14784006154263646,0.6159180312129373,0.4320483913552937,1,1
2023-06-20,DIA,0.4910198698994719,0.25698088506432143,0.7250588547346224,0.5555275863543488,1,1
2023-06-20,QQQ,0.7773108685928309,0.5432718837576804,1.0113498534279814,0.8794300539503322,1,1
2023-06-20,SPY,0.8452582475043182,0.6112192626691677,1.0792972323394687,0.9563040171435752,1,1
2023-06-21,DIA,0.6422145693704484,0.40817558453529795,0.8762535542055989,0.7265854836322713,1,1
2023-06-21,QQQ,0.5328237453826039,0.29878476054745345,0.7668627302177544,0.6028234443654648,1,1
2023-06-21,SPY,0.8781970800638459,0.6441580952286954,1.1122360648989964,0.9935701875591852,1,1
2023-06-22,DIA,0.73212287880776,0.4980838939726095,0.9661618636429103,0.8283054937514858,1,1
2023-06-22,QQQ,0.516917959800009,0.28287897496485853,0.7509569446351594,0.5848280368159133,1,1
2023-06-22,SPY,0.47592958478664715,0.2418905999514967,0.7099685696217977,0.5384548156173056,1,1
2023-06-23,DIA,0.481313938096022,0.24727495326087157,0.7153529229311725,0.5445465381348658,1,1
2023-06-23,QQQ,0.7012756100095354,0.46723662517438497,0.9353145948446859,0.7934056662055863,1,1
2023-06-23,SPY,0.6840267790246802,0.4499877941895298,0.9180657638598306,0.7738907707158937,1,1
2023-06-26,DIA,0.6737966797568167,0.4397576949216662,0.9078356645919672,0.7623166925515922,1,1
2023-06-26,QQQ,0.40315779321599016,0.1691188083808397,0.6371967780511406,0.45612263273801495,1,1
2023-06-26,SPY,0.6946920969489826,0.46065311211383214,0.928731081784133,0.7859572443708245,1,1
2023-06-27,DIA,0.6244755578189783,0.3904365729838279,0.8585145426541287,0.7065160101229456,1,1
2023-06-27,QQQ,0.4995599325935364,0.265520947758386,0.7335989174286869,0.5651895994552032,1,1
2023-06-27,SPY,0.7199304493384339,0.4858914645032834,0.9539694341735843,0.8145112843312498,1,1
2023-06-28,DIA,0.7445653478958993,0.5105263630607488,0.9786043327310499,0.842382591735805,1,1
2023-06-28,QQQ,0.24969119244812324,0.015652207612972785,0.4837301772832737,0.2824943632180175,1,1
2023-06-28,SPY,0.8186484727071514,0.584609487872001,1.0526874575423018,0.9261983842095574,1,1
2023-06-29,DIA,0.6151437181784863,0.3811047333433359,0.8491827030136367,0.6959582004098891,1,1
2023-06-29,QQQ,0.3863043858580836,0.15226540102293312,0.620343370693234,0.4370551096389981,1,1
2023-06-29,SPY,0.6081175978781566,0.3740786130430061,0.8421565827133071,0.6880090238263087,1,1
2023-06-30,DIA,0.620004176883496,0.3859651920483455,0.8540431617186464,0.7014572016896577,1,1
2023-06-30,QQQ,0.4815981169289542,0.24755913209380376,0.7156371017641047,0.5448680509510053,1,1
2023-06-30,SPY,0.7291028803632048,0.49506389552805435,0.9631418651983552,0.8248887431278479,1,1
2023-07-03,DIA,0.5880841366788194,0.35404515184366897,0.8221231215139699,0.665343667435192,1,1
2023-07-03,QQQ,0.2974834210069828,0.06344443617183232,0.5315224058421333,0.3365652939590367,1,1
2023-07-03,SPY,0.6518421277238925,0.41780314288874204,0.8858811125590429,0.7374778620927794,1,1
2023-07-05,DIA,0.5079178238396858,0.2738788390045353,0.7419568086748363,0.5746455083412042,1,1
2023-07-05,QQQ,0.25657490330094757,0.02253591846579711,0.490613888136098,0.2902824213184232,1,1
2023-07-05,SPY,0.5322119987448368,0.29817301390968637,0.7662509835799873,0.6021313295367742,1,1
2023-07-06,DIA,0.700927802536817,0.4668888177016665,0.9349667873719674,0.7930121655395649,1,1
2023-07-06,QQQ,0.23437649364512797,0.00033750880997751587,0.4684154784802784,0.26516769645091987,1,1
2023-07-06,SPY,0.6700754492771183,0.4360364644419678,0.9041144341122687,0.7581065855612614,1,1
2023-07-07,DIA,0.6014264993355831,0.36738751450043267,0.8354654841707336,0.6804388824709784,1,1
2023-07-07,QQQ,0.237766508336326,0.003727523501175556,0.47180549317147646,0.26900307419132086,1,1
2023-07-07,SPY,0.7532121818912207,0.5191731970560702,0.9872511667263713,0.8521654032134975,1,1
2023-07-10,DIA,0.599387899261516,0.3653489144263656,0.8334268840966665,0.6781324613908699,1,1
2023-07-10,QQQ,0.3089846006251518,0.07494561579000136,0.5430235854603023,0.3495774406056019,1,1
2023-07-10,SPY,0.3641646599057012,0.13012567507055073,0.5982036447408516,0.4120067780442057,1,1
2023-07-11,DIA,0.4852363354948682,0.25119735065971777,0.7192753203300186,0.5489842403405826,1,1
2023-07-11,QQQ,0.14796289635075527,-0.08607608848439519,0.3820018811859057,0.16740151614752846,1,1
2023-07-11,SPY,0.6171768041981902,0.38313781936303976,0.8512157890333407,0.6982583830269551,1,1
2023-07-12,DIA,0.3751177459413983,0.14107876110624784,0.6091567307765487,0.4243988253350579,1,1
2023-07-12,QQQ,0.4322885264852877,0.19824954165013725,0.6663275113204381,0.4890804149661321,1,1
2023-07-12,SPY,0.5801795164788495,0.346140531643699,0.814218501314,0.6564005780615662,1,1
2023-07-13,DIA,0.7942867489313411,0.5602477640961907,1.0283257337664915,0.8986361399130526,1,1
2023-07-13,QQQ,0.5191036646305935,0.2850646797954431,0.753142649465744,0.5873008885342486,1,1
2023-07-13,SPY,0.5881004634212315,0.354061478586081,0.822139448256382,0.6653621391027583,1,1
2023-07-14,DIA,0.5745021988826633,0.34046321404751284,0.8085411837178138,0.6499774030853233,1,1
2023-07-14,QQQ,0.3093277716933625,0.07528878685821205,0.543366756528513,0.3499656957596525,1,1
2023-07-14,SPY,0.7832507012306293,0.5492117163954788,1.0172896860657799,0.8861502318716463,1,1
2023-07-17,DIA,0.3847898196621566,0.15075083482700613,0.618828804497307,0.4353415673675427,1,1
2023-07-17,QQQ,0.2734143169031779,0.03937533206802746,0.5074533017383284,0.30933411223265206,1,1
2023-07-17,SPY,0.47871449659313187,0.2446755117579814,0.7127534814282823,0.5416055951048708,1,1
2023-07-18,DIA,0.5710501267767282,0.3370111419415777,0.8050891116118786,0.6460718151397196,1,1
2023-07-18,QQQ,0.35401764140341635,0.1199786565682659,0.5880566262385668,0.40052669537785396,1,1
2023-07-18,SPY,0.6734284907188872,0.43938950588373676,0.9074674755540377,0.7619001326930166,1,1
2023-07-19,DIA,0.36802359667120826,0.1339846118360578,0.6020625815063587,0.4163726824783279,1,1
2023-07-19,QQQ,0.5439695954934478,0.30993061065829736,0.7780085803285983,0.6154335801043955,1,1
2023-07-19,SPY,0.681289424728985,0.44725043989383456,0.9153284095641354,0.7707937966052624,1,1
2023-07-20,DIA,0.21634115835240958,-0.017697826482740875,0.45038014318756003,0.24476296968027714,1,1
2023-07-20,QQQ,0.2989772970587266,0.06493831222357616,0.5330162818938771,0.33825542791941543,1,1
2023-07-20,SPY,0.7701480607798757,0.5361090759447253,1.0041870456150261,0.871326232537432,1,1
2023-07-21,DIA,0.47904415872807016,0.2450051738929197,0.7130831435632206,0.5419785665900618,1,1
2023-07-21,QQQ,0.6180294911263717,0.3839905062912213,0.8520684759615222,0.6992230916674131,1,1
2023-07-21,SPY,0.631838289245965,0.3977993044108145,0.8658772740811154,0.7148460201069541,1,1
2023-07-24,DIA,0.23277121004958307,-0.0012677747855673882,0.4668101948847335,0.26335151878497354,1,1
2023-07-24,QQQ,0.20292884467814162,-0.03111014015700883,0.43696782951329205,0.2295886138147621,1,1
2023-07-24,SPY,0.22711501023134306,-0.006923974603807392,0.4611539950664935,0.25695223593393923,1,1
2023-07-25,DIA,0.5325815783578972,0.29854259352274676,0.7666205631930476,0.6025494626572349,1,1
2023-07-25,QQQ,0.30276428222360996,0.0687252973884595,0.5368032670587604,0.3425399281141593,1,1
2023-07-25,SPY,0.3145652249015006,0.08052624006635012,0.548604209736651,0.3558912191808462,1,1
2023-07-26,DIA,0.2474238222618936,0.013384837426743151,0.48146280709704403,0.27992911736109155,1,1
2023-07-26,QQQ,0.51818279135409,0.2841438065189395,0.7522217761892405,0.5862590355665896,1,1
2023-07-26,SPY,0.44424503706178836,0.2102060522266379,0.6782840218969388,0.502607711658104,1,1
2023-07-27,DIA,0.4059054771341292,0.17186649229897877,0.6399444619692797,0.45923129352484005,1,1
2023-07-27,QQQ,0.6317260123258197,0.39768702749066925,0.8657649971609702,0.7147189928107586,1,1
2023-07-27,SPY,0.6290623323197551,0.3950233474846046,0.8631013171549056,0.711705371946714,1,1
2023-07-28,DIA,0.3738567592442019,0.13981777440905147,0.6078957440793524,0.4229721765591909,1,1
2023-07-28,QQQ,0.6347490712481227,0.4007100864129723,0.8687880560832733,0.7181392059822902,1,1
2023-07-28,SPY,0.7138351896952421,0.4797962048600916,0.9478741745303925,0.8076152601877082,1,1
2023-07-31,DIA,0.33285411089055694,0.09881512605540649,0.5668930957257075,0.3765828068607712,1,1
2023-07-31,QQQ,0.5623703263805551,0.3283313415454046,0.7964093112157056,0.6362517063015358,1,1
2023-07-31,SPY,0.5277204015756026,0.2936814167404522,0.761759386410753,0.5970496489628058,1,1
2023-08-01,DIA,0.47815522355263107,0.24411623871748062,0.7121942083877815,0.540972847590262,1,1
2023-08-01,QQQ,0.525560839119884,0.2915218542847336,0.7595998239550346,0.5946063740728253,1,1
2023-08-01,SPY,0.8040371037657125,0.5699981189305621,1.0380760886008629,0.9096674472374298,1,1
2023-08-02,DIA,0.658493684974896,0.42445470013974557,0.8925326698100464,0.7450032674208861,1,1
2023-08-02,QQQ,0.37225032810239306,0.1382113432672426,0.6062893129375435,0.42115470058813453,1,1
2023-08-02,SPY,0.578318640306789,0.3442796554716386,0.8123576251419395,0.6542952293542303,1,1
2023-08-03,DIA,0.4281081110528981,0.19406912621774763,0.6621470958880485,0.4843507976176746,1,1
2023-08-03,QQQ,0.5240247764051332,0.2899857915699828,0.7580637612402836,0.5928685111782157,1,1
2023-08-03,SPY,0.6917326898917336,0.4576937050565832,0.925771674726884,0.7826090453256613,1,1
2023-08-04,DIA,0.7020513898885954,0.46801240505344494,0.9360903747237459,0.794283364136313,1,1
2023-08-04,QQQ,0.8465637172477248,0.6125247324125744,1.0806027020828752,0.9577809929241317,1,1
2023-08-04,SPY,0.8551510054681377,0.6211120206329872,1.0891899903032882,0.967496435803035,1,1
2023-08-07,DIA,0.5884774004962189,0.35443841566106843,0.8225163853313693,0.6657885962714227,1,1
2023-08-07,QQQ,0.478287599491471,0.24424861465632053,0.7123265843266214,0.5411226144129572,1,1
2023-08-07,SPY,0.7844639793493339,0.5504249945141835,1.0185029641844843,0.887522904356364,1,1
2023-08-08,DIA,0.3638835907553209,0.12984460592017044,0.5979225755904714,0.4116887834450434,1,1
2023-08-08,QQQ,0.4733193244484634,0.23928033961331296,0.7073583092836139,0.535501632427948,1,1
2023-08-08,SPY,0.5833693972847989,0.3493304124496484,0.8174083821199494,0.6600095293352691,1,1
2023-08-09,DIA,0.45120803642885965,0.2171690515937092,0.68524702126401,0.5104854747982555,1,1
2023-08-09,QQQ,0.42511869583959844,0.19107971100444798,0.6591576806747489,0.4809686480961179,1,1
2023-08-09,SPY,0.6188650412951833,0.3848260564600328,0.8529040261303338,0.7001684122074004,1,1
2023-08-10,DIA,0.6249312754517253,0.3908922906165749,0.8589702602868758,0.707031597642104,1,1
2023-08-10,QQQ,0.43104659570204695,0.1970076108668965,0.6650855805371974,0.48767532557418114,1,1
2023-08-10,SPY,0.7771468264910927,0.5431078416559423,1.011185811326243,0.8792444608238105,1,1
2023-08-11,DIA,0.4195455564963591,0.18550657166120865,0.6535845413315096,0.4746633377867814,1,1
2023-08-11,QQQ,0.37384513085698495,0.1398061460218345,0.6078841156921354,0.4229590204930522,1,1
2023-08-11,SPY,0.5211611444746326,0.2871221596394821,0.755200129309783,0.5896286697133805,1,1
2023-08-14,DIA,0.5880170841757526,0.35397809934060215,0.8220560690109031,0.6652678059121231,1,1
2023-08-14,QQQ,0.3628311799272404,0.12879219509208994,0.5968701647623909,0.41049811218504645,1,1
2023-08-14,SPY,0.5758382052490842,0.3417992204139338,0.8098771900842348,0.6514889272365635,1,1
2023-08-15,DIA,0.39076365268176977,0.15672466784661931,0.6248026375169202,0.4421002124695201,1,1
2023-08-15,QQQ,0.2415663271691503,0.007527342333999848,0.4756053120043008,0.27330209407663597,1,1
2023-08-15,SPY,0.33686433630245033,0.10282535146729987,0.5709033211376008,0.3811198754813591,1,1
2023-08-16,DIA,0.5187605289753743,0.2847215441402238,0.7527995138105248,0.5869126734455697,1,1
2023-08-16,QQQ,0.46783889512785115,0.2337999102927007,0.7018778799630017,0.5293012119168825,1,1
2023-08-16,SPY,0.6524394604639782,0.4184004756288277,0.8864784452991286,0.7381536693985371,1,1
2023-08-17,DIA,0.6295376227284325,0.39549863789328205,0.8635766075635829,0.7122431036144856,1,1
2023-08-17,QQQ,0.6010133767052693,0.3669743918701189,0.8350523615404197,0.6799714858710536,1,1
2023-08-17,SPY,0.7378483355052188,0.5038093506700683,0.9718873203403693,0.8347831321015727,1,1
2023-08-18,DIA,0.6333364264910842,0.3992974416559338,0.8673754113262346,0.7165409750748234,1,1
2023-08-18,QQQ,0.6774583528836756,0.44341936804852516,0.911497337718826,0.7664594178441532,1,1
2023-08-18,SPY,0.6136405950932189,0.37960161025806843,0.8476795799283694,0.6942576045873143,1,1
2023-08-21,DIA,0.38162852546113085,0.1475895406259804,0.6156675102962813,0.43176495826288186,1,1
2023-08-21,QQQ,0.4984057206805723,0.26436673584542186,0.7324447055157228,0.5638837529967254,1,1
2023-08-21,SPY,0.4343318572531625,0.20029287241801202,0.668370842088313,0.4913921882347646,1,1
2023-08-22,DIA,0.5098763055086623,0.2758373206735118,0.7439152903438127,0.576861285463846,1,1
2023-08-22,QQQ,0.6112774101300301,0.37723842529487966,0.8453163949651805,0.6915839562908049,1,1
2023-08-22,SPY,0.8019129960736252,0.5678740112384748,1.0359519809087756,0.9072642849792842,1,1
2023-08-23,DIA,0.47555026445877113,0.24151127962362068,0.7095892492939215,0.5380256620959964,1,1
2023-08-23,QQQ,0.49780605535454553,0.2637670705193951,0.731845040189696,0.5632053066616388,1,1
2023-08-23,SPY,0.590635932715289,0.35659694788013857,0.8246749175504395,0.6682307055774547,1,1
2023-08-24,DIA,0.7095547750491003,0.4755157902139498,0.9435937598842508,0.8027725062326515,1,1
2023-08-24,QQQ,0.7345414631132816,0.5005024782781311,0.9685804479484321,0.8310418194767887,1,1
2023-08-24,SPY,0.7691035044416717,0.5350645196065213,1.0031424892768221,0.8701444476506159,1,1
2023-08-25,DIA,0.5448658841547591,0.31082689931960866,0.7789048689899096,0.6164476186539902,1,1
2023-08-25,QQQ,0.4024080048789755,0.16836902004382504,0.6364469897141259,0.45527434098716646,1,1
2023-08-25,SPY,0.4385661883772311,0.20452720354208065,0.6726051732123816,0.4961828044468143,1,1
2023-08-28,DIA,0.7332196745783157,0.49918068974316526,0.9672586594134662,0.8295463810240623,1,1
2023-08-28,QQQ,0.5550627688282825,0.3210237839931321,0.789101753663433,0.6279841186579023,1,1
2023-08-28,SPY,0.5683741871962958,0.3343352023611454,0.8024131720314462,0.6430443241001981,1,1
2023-08-29,DIA,0.49886849554164375,0.2648295107064933,0.7329074803767942,0.5644073248873073,1,1
2023-08-29,QQQ,0.39760290985274055,0.1635639250175901,0.631641894687891,0.44983797678733467,1,1
2023-08-29,SPY,0.5071110863840195,0.273072101548869,0.7411500712191699,0.5737327857834396,1,1
2023-08-30,DIA,0.6103656321454686,0.3763266473103181,0.844404616980619,0.6905523935087159,1,1
2023-08-30,QQQ,0.25090091240367857,0.016861927568528112,0.484939897238829,0.28386301008603926,1,1
2023-08-30,SPY,0.2944859993337045,0.06044701449855405,0.528524984168855,0.33317408612913085,1,1
2023-08-31,DIA,0.8030664749689734,0.569027490133823,1.0371054598041238,0.908569302119985,1,1
2023-08-31,QQQ,0.2971953782788199,0.06315639344366947,0.5312343631139704,0.33623940962857984,1,1
2023-08-31,SPY,0.6403666723335271,0.4063276874983766,0.8744056571686776,0.7244948191934525,1,1
2023-09-01,DIA,0.5247599017102186,0.2907209168750681,0.758798886545369,0.593700213541881,1,1
2023-09-01,QQQ,0.3072177812055646,0.07317879637041413,0.541256766040715,0.347578505352965,1,1
2023-09-01,SPY,0.3721411406818691,0.13810215584671864,0.6061801255170196,0.4210311686744538,1,1
2023-09-05,DIA,0.6868475686462181,0.45280858381106764,0.9208865534813686,0.7770821414650797,1,1
2023-09-05,QQQ,0.2841490802481175,0.05011009541296707,0.518188065083268,0.32147915469767563,1,1
2023-09-05,SPY,0.4627056621716077,0.22866667733645724,0.6967446470067582,0.5234936006791533,1,1
2023-09-06,DIA,0.41155448008332246,0.177515495248172,0.6455934649184729,0.46562243401843434,1,1
2023-09-06,QQQ,0.24208948256800666,0.00805049773285621,0.4761284674031571,0.2738939789958235,1,1
2023-09-06,SPY,0.3733839941498473,0.13934500931469684,0.6074229789849978,0.422437301968814,1,1
2023-09-07,DIA,0.3438766983652956,0.10983771353014515,0.5779156832004461,0.3890534863395364,1,1
2023-09-07,QQQ,0.3699328690835267,0.13589388424837623,0.6039718539186771,0.4185327854801175,1,1
2023-09-07,SPY,0.4649970942705413,0.23095810943539086,0.6990360791056918,0.5260860695816361,1,1
2023-09-08,DIA,0.45004576520416756,0.2160067803690171,0.684084750039318,0.5091705102362826,1,1
2023-09-08,QQQ,0.320470592820652,0.08643160798550154,0.5545095776558024,0.36257240458243134,1,1
2023-09-08,SPY,0.48381144975845697,0.24977246492330651,0.7178504345936074,0.5473721602955502,1,1
2023-09-11,DIA,0.5833537764034368,0.3493147915682863,0.8173927612385872,0.6599918562612211,1,1
2023-09-11,QQQ,0.26644544981329504,0.03240646497814459,0.5004844346484455,0.3014497104978313,1,1
2023-09-11,SPY,0.42131235026711095,0.1872733654319605,0.6553513351022614,0.4766622440209682,1,1
2023-09-12,DIA,0.4519137898402971,0.21787480500514667,0.6859527746754476,0.5112839465368787,1,1
2023-09-12,QQQ,0.3380832606050759,0.10404427576992542,0.5721222454402264,0.3824989359171921,1,1
2023-09-12,SPY,0.6298392422328244,0.39580025739767394,0.8638782270679748,0.7125843483696247,1,1
2023-09-13,DIA,0.3651488157554063,0.13110983092025585,0.5991878005905568,0.4131202273306779,1,1
2023-09-13,QQQ,0.21890857095611363,-0.015130413879036825,0.4529475557912641,0.24766767601569176,1,1
2023-09-13,SPY,0.40305949051587414,0.1690205056807237,0.6370984753510246,0.4560114155244656,1,1
2023-09-14,DIA,0.5406222059753388,0.3065832211401884,0.7746611908104892,0.6116464274175529,1,1
2023-09-14,QQQ,0.4891156700110663,0.25507668517591586,0.7231546548462168,0.5533732222791053,1,1
2023-09-14,SPY,0.5163096055770063,0.2822706207418559,0.7503485904121567,0.584139760080346,1,1
2023-09-15,DIA,0.32716750080913565,0.0931285159739852,0.5612064856442861,0.37014911859940414,1,1
2023-09-15,QQQ,0.28050041341864307,0.046461428583492614,0.5145393982537936,0.317351144404316,1,1
2023-09-15,SPY,0.18168681733974792,-0.05235216749540253,0.4157258021748984,0.20555591595472048,1,1
2023-09-18,DIA,0.49251299153257966,0.2584740066974292,0.7265519763677302,0.5572168667843722,1,1
2023-09-18,QQQ,0.558019143816234,0.3239801589810835,0.7920581286513844,0.631328887295781,1,1
2023-09-18,SPY,0.6449303985952655,0.410891413760115,0.878969383430416,0.7296581048166688,1,1
2023-09-19,DIA,0.48756190631927376,0.2535229214841233,0.7216008911544243,0.551615332942278,1,1
2023-09-19,QQQ,0.553695927552684,0.3196569427175336,0.7877349123878346,0.6264377086624815,1,1
2023-09-19,SPY,0.660904376042702,0.42686539120755157,0.8949433608778525,0.7477306629346734,1,1
2023-09-20,DIA,0.49572446391978303,0.2616854790846326,0.7297634487549335,0.560850246232483,1,1
2023-09-20,QQQ,0.4940041084769155,0.25996512364176505,0.728043093312066,0.5589038791597137,1,1
2023-09-20,SPY,0.5127744066396345,0.278735421804484,0.746813391474785,0.580140124519034,1,1
2023-09-21,DIA,0.34252018166259457,0.10848119682744412,0.576559166497745,0.38751875730737906,1,1
2023-09-21,QQQ,0.2894806610712449,0.05544167623609447,0.5235196459063953,0.32751117174564465,1,1
2023-09-21,SPY,0.32366831724624995,0.0896293324110995,0.5577073020814004,0.36619022993101136,1,1
2023-09-22,DIA,0.5665088577367231,0.33246987290157265,0.8005478425718735,0.640933937054875,1,1
2023-09-22,QQQ,0.7479988386319752,0.5139598537968249,0.9820378234671256,0.8462671571848019,1,1
2023-09-22,SPY,0.5244946120627595,0.29045562722760904,0.7585335968979099,0.5934000714772271,1,1
2023-09-25,DIA,0.5987290876920025,0.36469010285685205,0.8327680725271529,0.6773870984768415,1,1
2023-09-25,QQQ,0.4061020377104744,0.17206305287532392,0.6401410225456248,0.4594536772393154,1,1
2023-09-25,SPY,0.5410333353974154,0.30699435056226493,0.7750723202325658,0.6121115689515854,1,1
2023-09-26,DIA,0.33692386919393735,0.1028848843587869,0.5709628540290879,0.3811872295041673,1,1
2023-09-26,QQQ,0.13912497966770115,-0.0949140051674493,0.3731639645028516,0.15740251850137807,1,1
2023-09-26,SPY,0.15465035674694652,-0.07938862808820393,0.388689341582097,0.1749675413951361,1,1
2023-09-27,DIA,0.6410496602605389,0.40701067542538844,0.8750886450956894,0.7252675346330123,1,1
2023-09-27,QQQ,0.5419937748482925,0.307954790013142,0.7760327596834429,0.6131981860982489,1,1
2023-09-27,SPY,0.6880830840254176,0.45404409919026717,0.922122068860568,0.7784799726295313,1,1
2023-09-28,DIA,0.23323194286241794,-0.000807041972732514,0.4672709276975684,0.2638727803533105,1,1
2023-09-28,QQQ,0.5954394539604773,0.3614004691253268,0.8294784387956278,0.6736652892408155,1,1
2023-09-28,SPY,0.5453130809641651,0.31127409612901463,0.7793520657993156,0.6169535659269703,1,1
2023-09-29,DIA,0.7120622387850715,0.478023253949921,0.946101223620222,0.805609387920149,1,1
2023-09-29,QQQ,0.5823198736067212,0.34828088877157076,0.8163588584418717,0.6588221245244952,1,1
2023-09-29,SPY,0.3972624419714526,0.16322345713630215,0.6313014268066031,0.4494527799512844,1,1
2023-10-02,DIA,0.4294620165347706,0.19542303169962016,0.6635010013699211,0.4858825723799679,1,1
2023-10-02,QQQ,0.42710194817188835,0.1930629633367379,0.6611409330070388,0.4832124501270097,1,1
2023-10-02,SPY,0.4939340650482124,0.25989508021306196,0.7279730498833629,0.5588246337782684,1,1
2023-10-03,DIA,0.4365303032984466,0.20249131846329615,0.6705692881335971,0.49387945504438885,1,1
2023-10-03,QQQ,0.28183649956394563,0.047797514728795176,0.515875484399096,0.3188627588153854,1,1
2023-10-03,SPY,0.2416247479975128,0.007585763162362341,0.4756637328326633,0.2733681899390696,1,1
2023-10-04,DIA,0.34144918470648217,0.10741019987133171,0.5754881695416326,0.3863070581674974,1,1
2023-10-04,QQQ,0.5232299166618594,0.2891909318267089,0.7572689014970098,0.5919692267668504,1,1
2023-10-04,SPY,0.36984421809356255,0.1358052332584121,0.603883202928713,0.4184324879697688,1,1
2023-10-05,DIA,0.7099630106774213,0.47592402584227084,0.9440019955125718,0.8032343738008856,1,1
2023-10-05,QQQ,0.6611617889787033,0.4271228041435528,0.8952007738138537,0.7480218934852059,1,1
2023-10-05,SPY,0.5535776674758197,0.31953868264066926,0.7876166523109702,0.626303912172584,1,1
2023-10-06,DIA,0.4824762989176214,0.24843731408247094,0.7165152837527718,0.5458616040645361,1,1
2023-10-06,QQQ,0.45642130552252563,0.22238232068737518,0.6904602903576761,0.5163836369178717,1,1
2023-10-06,SPY,0.4069911347380281,0.17295214990287766,0.6410301195731786,0.4604595793545452,1,1
2023-10-09,DIA,0.3962035360081506,0.16216455117300016,0.6302425208433011,0.4482547602579269,1,1
2023-10-09,QQQ,0.4422862735488312,0.20824728871368076,0.6763252583839816,0.5003916156642397,1,1
2023-10-09,SPY,0.4295627657334368,0.19552378089828637,0.6636017505685873,0.48599655750072,1,1
2023-10-10,DIA,0.4439937829638823,0.20995479812873186,0.6780327677990328,0.5023234490627839,1,1
2023-10-10,QQQ,0.4716393078178099,0.23760032298265943,0.7056782926529603,0.5336009036772903,1,1
2023-10-10,SPY,0.4396099567319358,0.20557097189678536,0.6736489415670863,0.4973636978288293,1,1
2023-10-11,DIA,0.33374381115211704,0.09970482631696659,0.5677827959872674,0.3775893914598519,1,1
2023-10-11,QQQ,0.5625026347563359,0.32846364992118543,0.7965416195914863,0.636401396685078,1,1
2023-10-11,SPY,0.5309652149782281,0.2969262301430777,0.7650041998133785,0.6007207496009528,1,1
2023-10-12,DIA,0.3905093510129988,0.15647036617784832,0.6245483358481492,0.4418125019288303,1,1
2023-10-12,QQQ,0.5249320582375708,0.2908930734024204,0.7589710430727212,0.593894987126369,1,1
2023-10-12,SPY,0.5330017695110881,0.2989627846759377,0.7670407543462385,0.6030248564069571,1,1
2023-10-13,DIA,0.5638833982244031,0.3298444133892527,0.7979223830595537,0.6379635579004655,1,1
2023-10-13,QQQ,0.3631778011355462,0.12913881630039575,0.5972167859706967,0.4108902707412139,1,1
2023-10-13,SPY,0.32303785847669025,0.0889988736415398,0.5570768433118407,0.3654769446649362,1,1
2023-10-16,DIA,0.6080286056631806,0.37398962082803017,0.842067590498331,0.6879083402625256,1,1
2023-10-16,QQQ,0.6974435830670241,0.4634045982318737,0.9314825679021745,0.7890702068714174,1,1
2023-10-16,SPY,0.587480250645285,0.3534412658101345,0.8215192354804355,0.6646604458973118,1,1
2023-10-17,DIA,0.4173150493513303,0.18327606451617984,0.6513540341864807,0.4721397978516711,1,1
2023-10-17,QQQ,0.5140742820626043,0.28003529722745385,0.7481132668977548,0.5816107710255218,1,1
2023-10-17,SPY,0.41645205863028667,0.18241307379513622,0.6504910434654372,0.4711634317579614,1,1
2023-10-18,DIA,0.6631547636684776,0.42911577883332713,0.8971937485036281,0.7502766951479212,1,1
2023-10-18,QQQ,0.5606871783217084,0.326648193486558,0.794726163156859,0.6343474347314271,1,1
2023-10-18,SPY,0.5828302576185976,0.3487912727834472,0.816869242453748,0.6593995602162314,1,1
2023-10-18,DIA,0.37807389494907995,0.11949200713819902,0.6366557827599608,0.42118106323194365,1,2
2023-10-18,QQQ,0.28819324525103934,0.029611357440158415,0.5467751330619203,0.3210524161353299,1,2
2023-10-18,SPY,0.23281081262388392,-0.025771075186997006,0.49139270043476485,0.2593553982509864,1,2
2023-10-19,DIA,0.5365507616333125,0.2779688738224316,0.7951326494441935,0.5977271197025225,1,2
2023-10-19,QQQ,0.30820877322884865,0.049626885417967725,0.5667906610397295,0.3433500713489433,1,2
2023-10-19,SPY,0.2445195270371814,-0.014062360773699517,0.5031014148480624,0.2723991149729145,1,2
2023-10-20,DIA,0.4877399852575198,0.2291580974466389,0.7463218730684007,0.54335104411047,1,2
2023-10-20,QQQ,0.5104057112235995,0.25182382341271853,0.7689875990344803,0.5686010671584856,1,2
2023-10-20,SPY,0.44831859735800983,0.1897367095471289,0.7069004851688907,0.4994349147732918,1,2
2023-10-23,DIA,0.6566606738436535,0.3980787860327725,0.9152425616545343,0.7315317044815384,1,2
2023-10-23,QQQ,0.6881094857406245,0.42952759792974354,0.9466913735515055,0.7665662419333544,1,2
2023-10-23,SPY,0.7965181468093581,0.5379362589984771,1.055100034620239,0.887335424208238,1,2
2023-10-24,DIA,0.27926872886151,0.020686841050629068,0.5378506166723909,0.3111103456777039,1,2
2023-10-24,QQQ,0.2201448764879448,-0.038437011322936115,0.47872676429882577,0.24524531945466743,1,2
2023-10-24,SPY,0.2690625543982279,0.010480666587346976,0.5276444422091089,0.29974048526310193,1,2
2023-10-25,DIA,0.5633789294864013,0.3047970416755204,0.8219608172972823,0.6276141772642482,1,2
2023-10-25,QQQ,0.6431559483328944,0.38457406052201343,0.9017378361437753,0.7164871993589531,1,2
2023-10-25,SPY,0.3116886654698186,0.053106777658937676,0.5702705532806995,0.34722673338132637,1,2
2023-10-26,DIA,0.649450107347725,0.3908682195368441,0.908031995158606,0.7234990047796218,1,2
2023-10-26,QQQ,0.7243210044490267,0.46573911663814577,0.9829028922599077,0.806906519732493,1,2
2023-10-26,SPY,0.7436597987843822,0.4850779109735012,1.002241686595263,0.8284502815965226,1,2
2023-10-27,DIA,0.6782904826082973,0.41970859479741635,0.9368723704191781,0.7556276972879797,1,2
2023-10-27,QQQ,0.662762726164973,0.4041808383540921,0.9213446139758539,0.7383294996187467,1,2
2023-10-27,SPY,0.7745898346334692,0.5160079468225882,1.0331717224443502,0.8629068932768265,1,2
2023-10-30,DIA,0.4631695654722344,0.2045876776613535,0.7217514532831153,0.5159791581710415,1,2
2023-10-30,QQQ,0.29317078840635247,0.03458890059547154,0.5517526762172333,0.3265974880020877,1,2
2023-10-30,SPY,0.32987069573421696,0.07128880792333603,0.5884525835450979,0.3674818394354115,1,2
2023-10-31,DIA,0.48828316792136883,0.2297012801104879,0.7468650557322498,0.5439561592875435,1,2
2023-10-31,QQQ,0.3260017521983279,0.06741986438744696,0.5845836400092088,0.36317176732040984,1,2
2023-10-31,SPY,0.32622057351537714,0.06763868570449622,0.5848024613262581,0.36341553817103944,1,2
2023-11-01,DIA,0.5785080921464192,0.31992620433553826,0.8370899799573002,0.6444683343485758,1,2
2023-11-01,QQQ,0.3643319379865502,0.1057500501756693,0.6229138257974312,0.40587227804024073,1,2
2023-11-01,SPY,0.2896965051640866,0.031114617353205698,0.5482783929749675,0.32272707449431687,1,2
2023-11-02,DIA,0.5397043186041506,0.28112243079326965,0.7982862064150316,0.6012402384226578,1,2
2023-11-02,QQQ,0.1746164673452947,-0.08396542046558622,0.43319835515617566,0.19452585951273477,1,2
2023-11-02,SPY,0.3994551415620268,0.1408732537511459,0.6580370293729078,0.4450001533674268,1,2
2023-11-03,DIA,0.4317007465032613,0.17311885869238036,0.6902826343141422,0.48092233248411914,1,2
2023-11-03,QQQ,0.4252138380147037,0.16663195020382277,0.6837957258255847,0.4736958007113633,1,2
2023-11-03,SPY,0.4137221935683545,0.15514030575747356,0.6723040813792354,0.46089390380481116,1,2
2023-11-06,DIA,0.4998511021361481,0.24126921432526716,0.758432989947029,0.5568430443570195,1,2
2023-11-06,QQQ,0.23775205076423003,-0.020829837046650895,0.496333938575111,0.264860025683445,1,2
2023-11-06,SPY,0.4555092349716315,0.19692734716075055,0.7140911227825124,0.5074454133448174,1,2
2023-11-07,DIA,0.5319024311865396,0.27332054337565864,0.7904843189974204,0.5925487966657288,1,2
2023-11-07,QQQ,0.5546075008843522,0.29602561307347125,0.813189388695233,0.6178426493327268,1,2
2023-11-07,SPY,0.4775871357440439,0.21900524793316295,0.7361690235549248,0.5320405886411875,1,2
2023-11-08,DIA,0.7204504247058094,0.4618685368949285,0.9790323125166904,0.8025946248533403,1,2
2023-11-08,QQQ,0.40488221064547936,0.14630032283459843,0.6634640984563602,0.45104600513698534,1,2
2023-11-08,SPY,0.5189621093093818,0.2603802214985009,0.7775439971202627,0.5781330472590713,1,2
2023-11-09,DIA,0.6827051131655079,0.42412322535462693,0.9412870009763887,0.7605456744789535,1,2
2023-11-09,QQQ,0.46235791623875283,0.2037760284278719,0.7209398040496338,0.5150749664463649,1,2
2023-11-09,SPY,0.615515590940479,0.3569337031295981,0.87409747875136,0.6856953481622013,1,2
2023-11-10,DIA,0.5860916479777475,0.32750976016686656,0.8446735357886284,0.6529165508236856,1,2
2023-11-10,QQQ,0.2774041932053656,0.01882230539448465,0.5359860810162465,0.3090332196963014,1,2
2023-11-10,SPY,0.40615406596836634,0.1475721781574854,0.6647359537792472,0.4524628746546306,1,2
2023-11-13,DIA,0.5199420249503592,0.2613601371394783,0.7785239127612402,0.5792246907633126,1,2
2023-11-13,QQQ,0.23448343007061562,-0.02409845774026531,0.49306531788149655,0.2612187239235765,1,2
2023-11-13,SPY,0.4219731547945491,0.16339126698366818,0.6805550426054301,0.4700856217952907,1,2
2023-11-14,DIA,0.7313726728659967,0.4727907850551158,0.9899545606768776,0.8147622041399519,1,2
2023-11-14,QQQ,0.19303616669962495,-0.06554572111125598,0.45161805451050585,0.2150457331726563,1,2
2023-11-14,SPY,0.3308446025447045,0.07226271473382356,0.5894264903555855,0.368566788995299,1,2
2023-11-15,DIA,0.8315407785859453,0.5729588907750645,1.0901226663968262,0.926351260757415,1,2
2023-11-15,QQQ,0.24286710396558667,-0.01571478384529426,0.5014489917764676,0.2705582861944637,1,2
2023-11-15,SPY,0.4205786923817094,0.1619968045708285,0.6791605801925904,0.4685321657923156,1,2
2023-11-16,DIA,0.7918679606789572,0.5332860728680762,1.0504498484898381,0.8821550339067799,1,2
2023-11-16,QQQ,0.26800970851571887,0.009427820704837941,0.5265915963265998,0.29856759616883055,1,2
2023-11-16,SPY,0.4766404835659307,0.21805859575504977,0.7352223713768116,0.5309860012279459,1,2
2023-11-17,DIA,0.6467237925464542,0.38814190473557325,0.9053056803573352,0.7204618414577297,1,2
2023-11-17,QQQ,0.3988188215338482,0.14023693372296725,0.6574007093447292,0.4442912815050619,1,2
2023-11-17,SPY,0.6750576177391596,0.4164757299282787,0.9336395055500406,0.752026228154407,1,2
2023-11-20,DIA,0.6973218962329206,0.4387400084220397,0.9559037840438016,0.7768290315570522,1,2
2023-11-20,QQQ,0.5338423098789499,0.27526042206806894,0.7924241976898307,0.5947098561335358,1,2
2023-11-20,SPY,0.545000985200316,0.2864190973894351,0.8035828730111969,0.6071408194951982,1,2
2023-11-21,DIA,0.8123891202876025,0.5538072324767216,1.0709710080984833,0.905015971776838,1,2
2023-11-21,QQQ,0.475998466043173,0.21741657823229205,0.7345803538540538,0.5302707822549855,1,2
2023-11-21,SPY,0.635971522652897,0.3773896348420161,0.894553410463778,0.7084836209922963,1,2
2023-11-22,DIA,0.6754940826788841,0.4169121948680032,0.934075970489765,0.7525124578831258,1,2
2023-11-22,QQQ,0.4301781741214428,0.1715962863105619,0.6887600619323238,0.4792261596904162,1,2
2023-11-22,SPY,0.46664587184427403,0.2080639840333931,0.725227759655155,0.5198518254814697,1,2
2023-11-24,DIA,0.7845072244024563,0.5259253365915755,1.0430891122133372,0.8739550423905078,1,2
2023-11-24,QQQ,0.7372393776158761,0.4786574898049952,0.9958212654267571,0.8212978178843358,1,2
2023-11-24,SPY,0.8266209787642168,0.5680390909533359,1.0852028665750977,0.9208705159943231,1,2
2023-11-27,DIA,0.6663110479073457,0.4077291600964648,0.9248929357182267,0.7422823933363698,1,2
2023-11-27,QQQ,0.3800978699725767,0.12151598216169579,0.6386797577834576,0.42343580751273047,1,2
2023-11-27,SPY,0.5719244066968295,0.3133425188859486,0.8305062945077104,0.6371339913148781,1,2
2023-11-28,DIA,0.6778795470159787,0.4192976592050978,0.9364614348268596,0.7551699077076759,1,2
2023-11-28,QQQ,0.4676486278967827,0.20906674008590176,0.7262305157076636,0.520968913611595,1,2
2023-11-28,SPY,0.6398305287431457,0.3812486409322648,0.8984124165540266,0.712782622615586,1,2
2023-11-29,DIA,0.5822748245612481,0.3236929367503672,0.8408567123721291,0.6486645414514267,1,2
2023-11-29,QQQ,0.5154938958971312,0.2569120080862503,0.7740757837080121,0.574269395650214,1,2
2023-11-29,SPY,0.5687207036355727,0.31013881582469177,0.8273025914464536,0.6335650089554868,1,2
2023-11-30,DIA,0.7312189902148261,0.47263710240394513,0.989800878025707,0.8145909989250845,1,2
2023-11-30,QQQ,0.5176793348317354,0.2590974470208545,0.7762612226426164,0.576704013608243,1,2
2023-11-30,SPY,0.47483421445643087,0.21625232664554994,0.7334161022673118,0.5289737852188913,1,2
2023-12-01,DIA,0.5022373000165067,0.24365541220562575,0.7608191878273876,0.559501311361851,1,2
2023-12-01,QQQ,0.2730346751784951,0.014452787367614184,0.5316165629893761,0.3041654986688647,1,2
2023-12-01,SPY,0.21720854296424122,-0.04137334484663971,0.4757904307751222,0.2419741915295732,1,2
2023-12-04,DIA,0.2481768125612471,-0.010405075249633827,0.506758700372128,0.27647339628709056,1,2
2023-12-04,QQQ,0.38030267187836225,0.12172078406748132,0.6388845596892432,0.4236639604891276,1,2
2023-12-04,SPY,0.1759856462016377,-0.08259624160924323,0.43456753401251863,0.19605114918275263,1,2
2023-12-05,DIA,0.3488895270171669,0.09030763920628598,0.6074714148280478,0.38866915675141056,1,2
2023-12-05,QQQ,0.3011875736508545,0.042605685839973595,0.5597694614617355,0.3355283297716213,1,2
2023-12-05,SPY,0.39700630153909305,0.13842441372821213,0.655588189349974,0.44227210189832683,1,2
2023-12-06,DIA,0.3506071514937082,0.09202526368282726,0.6091890393045891,0.3905826210580649,1,2
2023-12-06,QQQ,0.676904620003812,0.4183227321929311,0.935486507814693,0.7540838216249186,1,2
2023-12-06,SPY,0.5093815908619695,0.2507997030510886,0.7679634786728504,0.5674601788068926,1,2
2023-12-07,DIA,0.5149091908277796,0.2563273030168987,0.7734910786386606,0.573618023772714,1,2
2023-12-07,QQQ,0.7841211577825851,0.5255392699717041,1.042703045593466,0.8735249572891342,1,2
2023-12-07,SPY,0.45309811905733494,0.194516231246454,0.7116800068682159,0.5047593872056796,1,2
2023-12-08,DIA,0.6753003219773522,0.4167184341664713,0.9338822097882331,0.7522966050052254,1,2
2023-12-08,QQQ,0.20001360000651833,-0.0585682878043626,0.4585954878173992,0.22281871834324876,1,2
2023-12-08,SPY,0.3329408525535611,0.07435896474268017,0.5915227403644421,0.3709020488990517,1,2
2023-12-11,DIA,0.6743834387502085,0.4158015509393275,0.9329653265610893,0.7512751807343961,1,2
2023-12-11,QQQ,0.5788441282899939,0.32026224047911295,0.8374260161008749,0.6448426846068875,1,2
2023-12-11,SPY,0.25784212842069637,-0.0007397593901845578,0.5164240162315773,0.28724073056893423,1,2
2023-12-12,DIA,0.5857544694226606,0.3271725816117797,0.8443363572335416,0.6525409278985701,1,2
2023-12-12,QQQ,0.4767524604704013,0.2181705726595204,0.7353343482812822,0.5311107454970225,1,2
2023-12-12,SPY,0.21151179942767698,-0.04707008838320395,0.47009368723855793,0.23562791760866952,1,2
2023-12-13,DIA,0.829633726992543,0.5710518391816621,1.0882156148034239,0.9242267712634881,1,2
2023-12-13,QQQ,0.738503455678555,0.4799215678676741,0.997085343489436,0.8227060233953748,1,2
2023-12-13,SPY,0.5114724026107641,0.25289051479988317,0.770054290421645,0.569789380391926,1,2
2023-12-14,DIA,0.5221058894229962,0.26352400161211526,0.7806877772338772,0.581635274385855,1,2
2023-12-14,QQQ,0.48283807568047227,0.22425618786959134,0.7414199634913532,0.537890229399087,1,2
2023-12-14,SPY,0.2970487935483555,0.03846690573747458,0.5556306813592364,0.33091765490794545,1,2
2023-12-15,DIA,0.5405697833231244,0.2819878955122435,0.7991516711340054,0.6022043815581584,1,2
2023-12-15,QQQ,0.32538650270156616,0.06680461489068523,0.5839683905124471,0.3624863684059094,1,2
2023-12-15,SPY,0.2390184306063519,-0.01956345720452904,0.49760031841723285,0.2662707954178437,1,2
2023-12-18,DIA,0.6231010021430698,0.3645191143321889,0.8816828899539508,0.6941456315539944,1,2
2023-12-18,QQQ,0.29034472116397697,0.03176283335309604,0.5489266089748579,0.3234491986813743,1,2
2023-12-18,SPY,0.4668717927479623,0.20828990493708138,0.7254536805588432,0.5201035053982611,1,2
2023-12-19,DIA,0.6698575429748308,0.41127565516394987,0.9284394307857118,0.746233252105583,1,2
2023-12-19,QQQ,0.39813055066137115,0.13954866285049022,0.656712438472252,0.4435245354754255,1,2
2023-12-19,SPY,0.5608944032160258,0.30231251540514487,0.8194762910269067,0.6248463706789105,1,2
2023-12-20,DIA,0.5864924149904922,0.3279105271796113,0.8450743028013732,0.6533630124249521,1,2
2023-12-20,QQQ,0.5560154703763449,0.297433582565464,0.8145973581872259,0.6194111524628236,1,2
2023-12-20,SPY,0.4232993620612477,0.16471747425036676,0.6818812498721286,0.4715630403478975,1,2
2023-12-21,DIA,0.5624070969629358,0.30382520915205485,0.8209889847738168,0.6265315384971053,1,2
2023-12-21,QQQ,0.661483170419726,0.4029012826088451,0.9200650582306069,0.7369040516932288,1,2
2023-12-21,SPY,0.752067583699657,0.49348569588877605,1.0106494715105379,0.8378167039741317,1,2
2023-12-22,DIA,0.6380164224508416,0.37943453463996063,0.8965983102617225,0.7107616758450839,1,2
2023-12-22,QQQ,0.4112686769720835,0.1526867891612026,0.6698505647829645,0.4581606425495906,1,2
2023-12-22,SPY,0.41538881109307113,0.1568069232821902,0.673970698903952,0.4627505454572471,1,2
2023-12-26,DIA,0.2853290821671559,0.026747194356274984,0.5439109699780369,0.3178616873676053,1,2
2023-12-26,QQQ,0.3263393423988317,0.0677574545879508,0.5849212302097127,0.3635478488258627,1,2
2023-12-26,SPY,0.4912469362920884,0.23266504848120745,0.7498288241029694,0.5472578501216091,1,2
2023-12-27,DIA,0.39640598968377716,0.13782410187289623,0.654987877494658,0.4416033437828618,1,2
2023-12-27,QQQ,0.47019214423869427,0.21161025642781334,0.7287740320495752,0.5238024361889165,1,2
2023-12-27,SPY,0.6579740905930686,0.3993922027821876,0.9165559784039494,0.732994874169728,1,2
2023-12-28,DIA,0.31847271470323074,0.05989082689234981,0.5770546025141117,0.3547842852443853,1,2
2023-12-28,QQQ,0.4548716906666535,0.19628980285577258,0.7134535784775344,0.506735177616259,1,2
2023-12-28,SPY,0.6331360593535356,0.37455417154265463,0.8917179471644165,0.7053248642964893,1,2
2023-12-29,DIA,0.5635054398108036,0.30492355199992266,0.8220873276216845,0.6277551120223829,1,2
2023-12-29,QQQ,0.5955350759462885,0.3369531881354076,0.8541169637571695,0.6634366980369174,1,2
2023-12-29,SPY,0.5852233307725232,0.32664144296164227,0.8438052185834042,0.6519492299676177,1,2
2024-01-02,DIA,0.266692548972422,0.008110661161541077,0.5252744367833029,0.29710025694149095,1,2
2024-01-02,QQQ,0.33771623064306966,0.07913434283218873,0.5962981184539506,0.3762219052761883,1,2
2024-01-02,SPY,0.4671192405617317,0.20853735275085078,0.7257011283726127,0.5203791666768897,1,2
2024-01-03,DIA,0.23364761882430768,-0.02493426898657325,0.4922295066351886,0.26028761528559813,1,2
2024-01-03,QQQ,0.7083529287552627,0.44977104094438175,0.9669348165661436,0.7891177985636503,1,2
2024-01-03,SPY,0.5663892437078936,0.30780735589701264,0.8249711315187744,0.6309677210063814,1,2
2024-01-04,DIA,0.3596572241266449,0.10107533631576399,0.6182391119375259,0.4006645634105776,1,2
2024-01-04,QQQ,0.6991169868819146,0.44053509907103366,0.9576988746927955,0.778828794561697,1,2
2024-01-04,SPY,0.5889140690252921,0.33033218121441116,0.8474959568361731,0.6560607782183144,1,2
2024-01-05,DIA,0.44184185754253413,0.1832599697316532,0.700423745353415,0.4922197110837429,1,2
2024-01-05,QQQ,0.7470434246833839,0.488461536872503,1.005625312494265,0.8322197012067087,1,2
2024-01-05,SPY,0.6308080752770927,0.3722261874662118,0.8893899630879736,0.7027314485076653,1,2
2024-01-08,DIA,0.12742495037246584,-0.13115693743841508,0.3860068381833468,0.141953667780689,1,2
2024-01-08,QQQ,0.44706142614032546,0.18847953832944453,0.7056433139512064,0.4980344036107841,1,2
2024-01-08,SPY,0.6231655903741965,0.36458370256331557,0.8817474781850774,0.6942175839956248,1,2
2024-01-09,DIA,0.384563578608235,0.12598169079735405,0.6431454664191159,0.42841068659424963,1,2
2024-01-09,QQQ,0.3844431320721933,0.1258612442613124,0.6430250198830743,0.4282765070045176,1,2
2024-01-09,SPY,0.585239993722554,0.32665810591167305,0.8438218815334348,0.6519677927911938,1,2
2024-01-10,DIA,0.42288659832324643,0.1643047105123655,0.6814684861341274,0.4711032141806918,1,2
2024-01-10,QQQ,0.5437563656520742,0.28517447784119326,0.8023382534629551,0.6057542911163523,1,2
2024-01-10,SPY,0.5736811768197059,0.31509928900882495,0.8322630646305869,0.6390910645698477,1,2
2024-01-11,DIA,0.4906235510544806,0.23204166324359965,0.7492054388653615,0.5465633878466772,1,2
2024-01-11,QQQ,0.500402611236155,0.2418207234252741,0.758984499047036,0.5574574353325039,1,2
2024-01-11,SPY,0.7714255381757241,0.5128436503648433,1.030007425986605,0.859381810576701,1,2
2024-01-12,DIA,0.3636082862943401,0.10502639848345918,0.622190174105221,0.40506611714628193,1,2
2024-01-12,QQQ,0.5173064558756558,0.2587245680647749,0.7758883436865367,0.5762886197995815,1,2
2024-01-12,SPY,0.5638705960776687,0.3052887082667877,0.8224524838885496,0.6281619026174982,1,2
2024-01-16,DIA,0.3631135604173831,0.10453167260650215,0.621695448228264,0.4045149836942007,1,2
2024-01-16,QQQ,0.6276473004243552,0.3690654126134743,0.8862291882352362,0.6992102889383378,1,2
2024-01-16,SPY,0.6486759400354898,0.39009405222460886,0.9072578278463708,0.7226365685838338,1,2
2024-01-17,DIA,0.3434070412451374,0.08482515343425645,0.6019889290560183,0.3825615698022285,1,2
2024-01-17,QQQ,0.769474855992327,0.510892968181446,1.028056743803208,0.8572087158272167,1,2
2024-01-17,SPY,0.6510963066013791,0.39251441879049814,0.90967819441226,0.7253329001138634,1,2
2024-01-18,DIA,0.5634837970256812,0.30490190921480026,0.8220656848365622,0.6277310015736821,1,2
2024-01-18,QQQ,0.47816116659083496,0.21957927877995403,0.736743054401716,0.5326800692443429,1,2
2024-01-18,SPY,0.8479254791736959,0.5893435913628149,1.1065073669845769,0.9446041094901082,1,2
2024-01-19,DIA,0.7854501183037058,0.5268682304928249,1.0440320061145867,0.8750054430162814,1,2
2024-01-19,QQQ,0.4514766625694205,0.19289477475853956,0.7100585503803014,0.502953055753845,1,2
2024-01-19,SPY,0.664180816940902,0.4055989291300211,0.922762704751783,0.7399092780396969,1,2
2024-01-22,DIA,0.6672448723685812,0.4086629845577003,0.9258267601794621,0.7433226904441832,1,2
2024-01-22,QQQ,0.20797833551497277,-0.050603552295908155,0.4665602233258537,0.2316915757783379,1,2
2024-01-22,SPY,0.5979004882107414,0.33931860039986045,0.8564823760216222,0.6660718094948467,1,2
2024-01-23,DIA,0.6672971509298437,0.4087152631189627,0.9258790387407245,0.7433809296939988,1,2
2024-01-23,QQQ,0.3160269162650766,0.05744502845419569,0.5746088040759576,0.35205962215498704,1,2
2024-01-23,SPY,0.7159153287011033,0.4573334408902224,0.9744972165119843,0.7975424470049377,1,2
2024-01-24,DIA,0.4547394230093727,0.19615753519849177,0.7133213108202536,0.5065878290865959,1,2
2024-01-24,QQQ,0.43485874182065953,0.1762768540097786,0.6934406296315405,0.48444039560149565,1,2
2024-01-24,SPY,0.5609475958073177,0.30236570799643675,0.8195294836181986,0.6249056281744839,1,2
2024-01-25,DIA,0.6381699511925691,0.3795880633816882,0.8967518390034501,0.7109327096020858,1,2
2024-01-25,QQQ,0.46855725090485406,0.20997536309397313,0.727139138715735,0.521981135851028,1,2
2024-01-25,SPY,0.6820973355594195,0.4235154477485386,0.9406792233703005,0.75986859938395,1,2
2024-01-26,DIA,0.5495999030253178,0.2910180152144369,0.8081817908361988,0.6122640959898935,1,2
2024-01-26,QQQ,0.3223796637934016,0.06379777598252068,0.5809615516042825,0.35913669622481775,1,2
2024-01-26,SPY,0.8689093908070455,0.6103275029961646,1.1274912786179265,0.9679805613704733,1,2
2024-01-29,DIA,0.5033836575923226,0.2448017697814417,0.7619655454032035,0.5607783741505717,1,2
2024-01-29,QQQ,0.4235400445605414,0.16495815674966047,0.6821219323714223,0.4718311649455176,1,2
2024-01-29,SPY,0.6831333999636467,0.4245515121527658,0.9417152877745276,0.7610227936120602,1,2
2024-01-30,DIA,0.34938693756820527,0.09080504975732434,0.6079688253790863,0.38922328097830877,1,2
2024-01-30,QQQ,0.3996008204346779,0.14101893262379694,0.6581827082455588,0.4451624422302478,1,2
2024-01-30,SPY,0.8450208462404825,0.5864389584296015,1.1036027340513634,0.9413682965883099,1,2
2024-01-31,DIA,0.6229915307403439,0.36440964292946293,0.8815734185512247,0.694023678458556,1,2
2024-01-31,QQQ,0.6115099839591855,0.3529280961483046,0.8700918717700665,0.6812330305311528,1,2
2024-01-31,SPY,0.6198424618600583,0.3612605740491774,0.8784243496709392,0.6905155595513569,1,2
2024-02-01,DIA,0.45730755550756275,0.19872566769668182,0.7158894433184437,0.5094487745011261,1,2
2024-02-01,QQQ,0.61801004358815,0.3594281557772691,0.8765919313990309,0.6884742129089182,1,2
2024-02-01,SPY,0.8104859933730097,0.5519041055621288,1.0690678811838907,0.9028958544451148,1,2
2024-02-02,DIA,0.2067258321186008,-0.051856055692280134,0.4653077199294817,0.23029626465203912,1,2
2024-02-02,QQQ,0.4879437931411561,0.22936190533027517,0.7465256809520371,0.5435780897284608,1,2
2024-02-02,SPY,0.657360297538682,0.39877840972780104,0.9159421853495628,0.7323110977580143,1,2
2024-02-05,DIA,0.31422432837810366,0.05564244056722273,0.5728062161889846,0.3500515070934947,1,2
2024-02-05,QQQ,0.43212062952339636,0.17353874171251543,0.6907025173342773,0.48139008965861885,1,2
2024-02-05,SPY,0.5208033369615519,0.26222144915067097,0.7793852247724329,0.5801842077082671,1,2
2024-02-06,DIA,0.5687072570665068,0.3101253692556259,0.8272891448773878,0.6335500292376809,1,2
2024-02-06,QQQ,0.47322589992400216,0.21464401211312123,0.7318077877348831,0.5271820941399,1,2
2024-02-06,SPY,0.5601330908053619,0.30155120299448096,0.8187149786162429,0.6239982550727844,1,2
2024-02-07,DIA,0.38137416184102296,0.12279227403014203,0.6399560496519039,0.42485761942126987,1,2
2024-02-07,QQQ,0.41005233256361995,0.15147044475273902,0.6686342203745008,0.45680561318084273,1,2
2024-02-07,SPY,0.47497640179151057,0.21639451398062964,0.7335582896023916,0.529132184446574,1,2
2024-02-08,DIA,0.29564254277429536,0.03706065496341443,0.5542244305851762,0.3293510664602846,1,2
2024-02-08,QQQ,0.24120738376784848,-0.01737450404303245,0.49978927157872943,0.26870932828731947,1,2
2024-02-08,SPY,0.5176192220921231,0.25903733428124215,0.776201109903004,0.5766370469439959,1,2
2024-02-09,DIA,0.5124233602362878,0.25384147242540683,0.7710052480471687,0.5708487641503852,1,2
2024-02-09,QQQ,0.39950841705366485,0.14092652924278393,0.6580903048645458,0.4450595032154646,1,2
2024-02-09,SPY,0.44506836031997604,0.1864864725090951,0.703650248130857,0.4958140927336762,1,2
2024-02-12,DIA,0.3643681215629301,0.10578623375204915,0.622950009373811,0.40591258718978757,1,2
2024-02-12,QQQ,0.27642959522885485,0.017847707417973924,0.5350114830397358,0.3079475001651346,1,2
2024-02-12,SPY,0.41677937829346523,0.1581974904825843,0.6753612661043462,0.4642996621240729,1,2
2024-02-13,DIA,0.3032542228944816,0.04467233508360069,0.5618361107053625,0.3378306138948761,1,2
2024-02-13,QQQ,0.4546648335723319,0.19608294576145097,0.7132467213832128,0.5065047351231714,1,2
2024-02-13,SPY,0.45699219898335836,0.19841031117247743,0.7155740867942393,0.5090974617076857,1,2
2024-02-14,DIA,0.7108776981038629,0.452295810292982,0.9694595859147439,0.7919304366560052,1,2
2024-02-14,QQQ,0.4852367659489354,0.22665487813805446,0.7438186537598164,0.5405624131471118,1,2
2024-02-14,SPY,0.7110272210646483,0.4524453332537674,0.9696091088755292,0.7920970079015808,1,2
2024-02-15,DIA,0.7423541110547507,0.48377222324386976,1.0009359988656317,0.8269957221742453,1,2
2024-02-15,QQQ,0.28139475923117746,0.022812871420296532,0.5399766470420584,0.3134787814346358,1,2
2024-02-15,SPY,0.5083544601807036,0.2497725723698227,0.7669363479915845,0.5663159369055257,1,2
2024-02-16,DIA,0.6185571331388298,0.35997524532794883,0.8771390209497107,0.689083680427614,1,2
2024-02-16,QQQ,0.6609574849205005,0.4023755971096196,0.9195393727313814,0.7363184286696683,1,2
2024-02-16,SPY,0.6455211490574643,0.38693926124658334,0.9041030368683451,0.7191220751576792,1,2
2024-02-20,DIA,0.5432088632409539,0.2846269754300729,0.8017907510518347,0.6051443636637605,1,2
2024-02-20,QQQ,0.48492151893884183,0.2263396311279609,0.7435034067497228,0.5402112223543442,1,2
2024-02-20,SPY,0.4801749735926648,0.22159308578178388,0.7387568614035458,0.5349234861676109,1,2
2024-02-21,DIA,0.5708828318427446,0.31230094403186365,0.8294647196536256,0.6359736583473286,1,2
2024-02-21,QQQ,0.5967284768537492,0.33814658904286826,0.8553103646646301,0.6647661679362715,1,2
2024-02-21,SPY,0.677629599229678,0.4190477114187971,0.9362114870405589,0.7548914614150515,1,2
2024-02-22,DIA,0.5359464563393362,0.2773645685284553,0.7945283441502171,0.5970539128251532,1,2
2024-02-22,QQQ,0.41920718534034573,0.1606252975294648,0.6777890731512266,0.46700428248265374,1,2
2024-02-22,SPY,0.47386435118253184,0.2152824633716509,0.7324462389934128,0.5278933402308937,1,2
2024-02-23,DIA,0.6189822625460104,0.3604003747351295,0.8775641503568914,0.6895572821708702,1,2
2024-02-23,QQQ,0.5322584376149438,0.2736765498040629,0.7908403254258247,0.5929453941775801,1,2
2024-02-23,SPY,0.3616876349220889,0.10310574711120796,0.6202695227329698,0.4029264772561182,1,2
2024-02-26,DIA,0.4653219108579094,0.2067400230470285,0.7239037986687904,0.5183769093252251,1,2
2024-02-26,QQQ,0.21974964755934157,-0.03883224025153936,0.4783315353702225,0.24480502737792523,1,2
2024-02-26,SPY,0.25083509684599786,-0.007746790964883066,0.5094169846568788,0.2794347724000192,1,2
2024-02-27,DIA,0.711695266089844,0.4531133782789631,0.9702771539007249,0.7928412219765478,1,2
2024-02-27,QQQ,0.26640080932001603,0.007818921509135102,0.524982697130897,0.29677525376452246,1,2
2024-02-27,SPY,0.2320621292387977,-0.02651975857208322,0.49064401704967864,0.2585213516046365,1,2
2024-02-28,DIA,0.3291297338550078,0.0705478460441269,0.5877116216658888,0.3666563946843486,1,2
2024-02-28,QQQ,0.4552705331875239,0.196688645376643,0.7138524209984048,0.5071794952992478,1,2
2024-02-28,SPY,0.4959344621491271,0.2373525743382462,0.754516349960008,0.5524798375446254,1,2
2024-02-29,DIA,0.7312978338527166,0.4727159460418357,0.9898797216635975,0.8146788321441446,1,2
2024-02-29,QQQ,0.46931130370037344,0.2107294158894925,0.7278931915112543,0.5228211641163826,1,2
2024-02-29,SPY,0.5591330768939292,0.3005511890830483,0.8177149647048101,0.6228842217367335,1,2
2024-03-01,DIA,0.5732753375966916,0.31469344978581065,0.8318572254075725,0.6386389524358606,1,2
2024-03-01,QQQ,0.5758634929904307,0.3172816051795498,0.8344453808013117,0.64152220371321,1,2
2024-03-01,SPY,0.5470949116658864,0.2885130238550055,0.8056767994767673,0.6094734909302816,1,2
2024-03-04,DIA,0.4057187205071798,0.14713683269629885,0.6643006083180607,0.45197789204497296,1,2
2024-03-04,QQQ,0.23852493757343912,-0.020056950237441806,0.49710682538432005,0.26572103537601977,1,2
2024-03-04,SPY,0.3188395906086021,0.06025770279772119,0.5774214784194831,0.3551929915474727,1,2
2024-03-05,DIA,0.44574506283825355,0.18716317502737262,0.7043269506491345,0.4965679514103727,1,2
2024-03-05,QQQ,0.3504451399072617,0.0918632520963808,0.6090270277181427,0.39040213726072515,1,2
2024-03-05,SPY,0.47831779117544504,0.2197359033645641,0.736899678986326,0.532854551825541,1,2
2024-03-06,DIA,0.7872595412398325,0.5286776534289517,1.0458414290507134,0.8770211724444579,1,2
2024-03-06,QQQ,0.6088791099563279,0.35029722214544695,0.8674609977672088,0.6783021899612108,1,2
2024-03-06,SPY,0.6739084670876107,0.4153265792767297,0.9324903548984915,0.7507460538294959,1,2
2024-03-07,DIA,0.606964828316085,0.3483829405052041,0.8655467161269659,0.6761696460661306,1,2
2024-03-07,QQQ,0.507834665048723,0.24925277723784206,0.7664165528596039,0.565736875856151,1,2
2024-03-07,SPY,0.47316237177877196,0.21458048396789103,0.7317442595896528,0.527111322652869,1,2
2024-03-08,DIA,0.40336880401609654,0.1447869162052156,0.6619506918269775,0.4493600431549986,1,2
2024-03-08,QQQ,0.373583487737884,0.1150015999270031,0.632165375548765,0.4161786694966908,1,2
2024-03-08,SPY,0.4682157015686661,0.20963381375778517,0.7267975893795471,0.5216006437977979,1,2
2024-03-11,DIA,0.25260339930052433,-0.005978488510356594,0.5111852871114053,0.28140469287816644,1,2
2024-03-11,QQQ,0.5641673583114429,0.305585470500562,0.8227492461223238,0.6284925010397063,1,2
2024-03-11,SPY,0.42888170544962273,0.1702998176387418,0.6874635932605037,0.47778187046299514,1,2
2024-03-12,DIA,0.6613892625368475,0.40280737472596656,0.9199711503477284,0.7367994366365295,1,2
2024-03-12,QQQ,0.5724730718594366,0.3138911840485557,0.8310549596703176,0.6377452140933674,1,2
2024-03-12,SPY,0.6562495805796607,0.3976676927687797,0.9148314683905416,0.7310737392521764,1,2
2024-03-13,DIA,0.39288792292266106,0.13430603511178013,0.6514698107335419,0.43768415465406096,1,2
2024-03-13,QQQ,0.7300624821054997,0.4714805942946188,0.9886443699163807,0.8133026282609633,1,2
2024-03-13,SPY,0.6673434981835373,0.4087616103726564,0.9259253859944183,0.7434325613613773,1,2
2024-03-14,DIA,0.193111387066215,-0.06547050074466593,0.45169327487709593,0.21512953000285362,1,2
2024-03-14,QQQ,0.42378707188356124,0.1652051840726803,0.6823689596944422,0.4721063577899502,1,2
2024-03-14,SPY,0.33944852429736755,0.08086663648648662,0.5980304121082485,0.3781517113085393,1,2
2024-03-15,DIA,0.5461145927527592,0.28753270494187827,0.8046964805636401,0.6083813981736714,1,2
2024-03-15,QQQ,0.5491144527157755,0.2905325649048946,0.8076963405266564,0.6117232956853743,1,2
2024-03-15,SPY,0.5053731948250095,0.2467913070141286,0.7639550826358905,0.5629947541180789,1,2
2024-03-18,DIA,0.67542661652972,0.4168447287188391,0.934008504340601,0.752437299389464,1,2
2024-03-18,QQQ,0.49266101771808174,0.2340791299072008,0.7512429055289627,0.5488331620552106,1,2
2024-03-18,SPY,0.6543538521721782,0.3957719643612973,0.9129357399830591,0.7289618639893529,1,2
2024-03-19,DIA,0.6236744345416928,0.3650925467308119,0.8822563223525737,0.6947844454752156,1,2
2024-03-19,QQQ,0.7419981147942717,0.48341622698339076,1.0005800026051526,0.8265991359896445,1,2
2024-03-19,SPY,0.6913154312861449,0.432733543475264,0.9498973190970259,0.7701377224602177,1,2
2024-03-20,DIA,0.579315234402251,0.32073334659137004,0.837897122213132,0.6453675052197528,1,2
2024-03-20,QQQ,0.6499560944281266,0.3913742066172457,0.9085379822390076,0.7240626834132231,1,2
2024-03-20,SPY,0.6178773622399557,0.3592954744290748,0.8764592500508366,0.688326403520198,1,2
2024-03-21,DIA,0.7541662435055695,0.49558435569468856,1.0127481313164504,0.8401546484347918,1,2
2024-03-21,QQQ,0.5370690909066503,0.2784872030957694,0.7956509787175312,0.5983045477592206,1,2
2024-03-21,SPY,0.557759969008656,0.29917808119777506,0.8163418568195369,0.6213545550583996,1,2
2024-03-22,DIA,0.87020414841751,0.611622260606629,1.128786036228391,0.9694229444450215,1,2
2024-03-22,QQQ,0.33272297659725686,0.07414108878637593,0.5913048644081378,0.3706593311971558,1,2
2024-03-22,SPY,0.8057770702125165,0.5471951824016357,1.0643589580233974,0.8976500300443557,1,2
2024-03-25,DIA,0.7623995891417054,0.5038177013308245,1.0209814769525862,0.8493267423437109,1,2
2024-03-25,QQQ,0.40785919201449033,0.1492773042036094,0.6664410798253713,0.4543624154868472,1,2
2024-03-25,SPY,0.5274053469782898,0.26882345916740885,0.7859872347891708,0.5875389646366503,1,2
2024-03-26,DIA,0.8923800563819766,0.6337981685710956,1.1509619441928576,0.9941273015016379,1,2
2024-03-26,QQQ,0.6347330624909747,0.3761511746800938,0.8933149503018556,0.7071039542796845,1,2
2024-03-26,SPY,0.7055139217545618,0.4469320339436809,0.9640958095654428,0.7859550941213368,1,2
2024-03-27,DIA,0.7945865268817408,0.5360046390708599,1.0531684146926217,0.8851835651517346,1,2
2024-03-27,QQQ,0.7167508411897806,0.4581689533788997,0.9753327290006615,0.7984732228215864,1,2
2024-03-27,SPY,0.6852650642533302,0.4266831764424493,0.9438469520642112,0.7633975056563901,1,2
2024-03-28,DIA,0.7478461226695801,0.48926423485869913,1.006428010480461,0.8331139210822327,1,2
2024-03-28,QQQ,0.7204564633739402,0.4618745755630593,0.9790383511848211,0.8026013520373589,1,2
2024-03-28,SPY,0.7131883664713259,0.45460647866044496,0.9717702542822069,0.7945045624361401,1,2
2024-04-01,DIA,0.6062390874680029,0.347657199657122,0.8648209752788838,0.675361157815263,1,2
2024-04-01,QQQ,0.4127357094516079,0.154153821640727,0.6713175972624889,0.4597949429013911,1,2
2024-04-01,SPY,0.5170188581087171,0.25843697029783613,0.7756007459195979,0.5759682307569085,1,2
2024-04-02,DIA,0.6022795927640056,0.3436977049531246,0.8608614805748864,0.6709502100836946,1,2
2024-04-02,QQQ,0.4872571033652066,0.22867521555432568,0.7458389911760875,0.5428131050685603,1,2
2024-04-02,SPY,0.6172475110420248,0.35866562323114387,0.8758293988529058,0.6876247380501228,1,2
2024-04-03,DIA,0.7859826606575953,0.5274007728467143,1.0445645484684762,0.875598704698253,1,2
2024-04-03,QQQ,0.5888704874395385,0.3302885996286576,0.8474523752504195,0.6560122275543563,1,2
2024-04-03,SPY,0.5251242020923695,0.2665423142814886,0.7837060899032504,0.5849977285416078,1,2
2024-04-04,DIA,0.6335987478557026,0.37501686004482165,0.8921806356665836,0.7058403075415569,1,2
2024-04-04,QQQ,0.4161949759254662,0.1576130881145853,0.6747768637363472,0.4636486274612798,1,2
2024-04-04,SPY,0.5891394347396187,0.3305575469287378,0.8477213225504996,0.6563118396442535,1,2
2024-04-05,DIA,0.7664230759493191,0.5078411881384381,1.0250049637602001,0.8538089784202286,1,2
2024-04-05,QQQ,0.6690130429785973,0.4104311551677164,0.9275949307894782,0.745292464045194,1,2
2024-04-05,SPY,0.7838935600272305,0.5253116722163496,1.0424754478381115,0.8732714093296743,1,2
2024-04-08,DIA,0.5700260280115784,0.3114441402006975,0.8286079158224593,0.6350191635953429,1,2
2024-04-08,QQQ,0.4912072985636004,0.23262541075271947,0.7497891863744813,0.5472136929849973,1,2
2024-04-08,SPY,0.5589477904979793,0.30036590268709834,0.8175296783088601,0.62267780938642,1,2
2024-04-09,DIA,0.6843527814656368,0.4257708936547559,0.9429346692765177,0.7623812063571737,1,2
2024-04-09,QQQ,0.6424027743490158,0.3838208865381349,0.9009846621598967,0.7156481501054436,1,2
2024-04-09,SPY,0.7394220019735651,0.4808401141626842,0.9980038897844461,0.8237293003534737,1,2
2024-04-10,DIA,0.41128513731134764,0.1527032495004667,0.6698670251222285,0.4581789796611581,1,2
2024-04-10,QQQ,0.541632381849618,0.2830504940387371,0.800214269660499,0.603388135271801,1,2
2024-04-10,SPY,0.5815961827096381,0.32301429489875716,0.8401780705205191,0.6479085223228029,1,2
2024-04-11,DIA,0.6434108499381677,0.38482896212728673,0.9019927377490486,0.7167711642942814,1,2
2024-04-11,QQQ,0.8044538680009764,0.5458719801900955,1.0630357558118573,0.8961759591768013,1,2
2024-04-11,SPY,0.8086052670825473,0.5500233792716664,1.0671871548934282,0.9008006918082664,1,2
2024-04-12,DIA,0.457867686494946,0.1992857986840651,0.716449574305827,0.5100727704129492,1,2
2024-04-12,QQQ,0.45809028000877217,0.19950839219789124,0.716672167819653,0.5103207435580788,1,2
2024-04-12,SPY,0.4956735299742651,0.2370916421633842,0.754255417785146,0.5521891544471991,1,2
2024-04-15,DIA,0.6794990410393137,0.42091715322843276,0.9380809288501946,0.7569740529389616,1,2
2024-04-15,QQQ,0.43690800854379114,0.1783261207329102,0.6954898963546721,0.48672331528684093,1,2
2024-04-15,SPY,0.5360080050164138,0.27742611720553284,0.7945898928272948,0.5971224791493513,1,2
2024-04-16,DIA,0.5886608877373374,0.33007899992645645,0.8472427755482184,0.6557787297471669,1,2
2024-04-16,QQQ,0.6096919638637388,0.3511100760528579,0.8682738516746198,0.6792077237141338,1,2
2024-04-16,SPY,0.7770695091987768,0.518487621387896,1.0356513970096577,0.8656692949761722,1,2
2024-04-17,DIA,0.8120266334394332,0.5534447456285523,1.070608521250314,0.9046121549617677,1,2
2024-04-17,QQQ,0.7715938231495373,0.5130119353386564,1.0301757109604182,0.8595692830394749,1,2
2024-04-17,SPY,0.8505338786193145,0.5919519908084336,1.1091157664301954,0.947509913002375,1,2
2024-04-18,DIA,0.8227294496986434,0.5641475618877625,1.0813113375095242,0.9165352831963618,1,2
2024-04-18,QQQ,0.7951916214265251,0.5366097336156441,1.053773509237406,0.885857651268583,1,2
2024-04-18,SPY,0.804705795571384,0.5461239077605031,1.0632876833822649,0.8964566109842369,1,2
2024-04-19,DIA,0.6351807686936359,0.376598880882755,0.8937626565045169,0.707602706975841,1,2
2024-04-19,QQQ,0.6181490313127944,0.3595671435019135,0.8767309191236754,0.6886290477134998,1,2
2024-04-19,SPY,0.7003296054932197,0.4417477176823387,0.9589114933041005,0.7801796733259477,1,2
2024-04-22,DIA,0.6310580556508493,0.37247616783996834,0.8896399434617301,0.7030099311032968,1,2
2024-04-22,QQQ,0.7035884602691376,0.44500657245825664,0.9621703480800186,0.783810095679293,1,2
2024-04-22,SPY,0.7213642304834,0.4627823426725191,0.979946118294281,0.8036126207904705,1,2
2024-04-23,DIA,0.5316888426770637,0.2731069548661828,0.7902707304879446,0.5923108552560811,1,2
2024-04-23,QQQ,0.5409978278466199,0.28241594003573894,0.7995797156575009,0.6026812307929904,1,2
2024-04-23,SPY,0.5317071131416526,0.2731252253307717,0.7902890009525336,0.59233120887955,1,2
2024-04-24,DIA,0.7566517081982385,0.49806982038735753,1.0152335960091194,0.8429235004393044,1,2
2024-04-24,QQQ,0.6674977101931601,0.40891582238227914,0.926079598004041,0.7436043562910029,1,2
2024-04-24,SPY,0.401101460545074,0.14251957273419308,0.659683348355955,0.446834182082348,1,2
2024-04-25,DIA,0.6362971351106581,0.3777152472997772,0.8948790229215391,0.7088463590786691,1,2
2024-04-25,QQQ,0.8688868513416654,0.6103049635307845,1.1274687391525464,0.9679554520039703,1,2
2024-04-25,SPY,0.7396880951632989,0.481106207352418,0.9982699829741799,0.8240257329135318,1,2
2024-04-26,DIA,0.5734195409282775,0.3148376531173966,0.8320014287391584,0.6387995975196137,1,2
2024-04-26,QQQ,0.6579603225070393,0.39937843469615836,0.9165422103179202,0.7329795362762899,1,2
2024-04-26,SPY,0.6498335782657035,0.3912516904548226,0.9084154660765844,0.7239261982227835,1,2
2024-04-29,DIA,0.6162679375086334,0.3576860496977525,0.8748498253195143,0.686533475659835,1,2
2024-04-29,QQQ,0.3006516499128205,0.04206976210193958,0.5592335377237014,0.3349313011673935,1,2
2024-04-29,SPY,0.31146715655309964,0.052885268742218716,0.5700490443639805,0.346979968496722,1,2
2024-04-30,DIA,0.603172442023595,0.34459055421271406,0.8617543298344759,0.6719448600859393,1,2
2024-04-30,QQQ,0.4526082468364848,0.1940263590256039,0.7111901346473657,0.5042136608130833,1,2
2024-04-30,SPY,0.6126213060351948,0.3540394182243139,0.8712031938460758,0.6824710631481092,1,2
2024-05-01,DIA,0.8627449735323872,0.6041630857215063,1.121326861343268,0.9611132905627506,1,2
2024-05-01,QQQ,0.5797454084623801,0.32116352065149917,0.8383272962732611,0.6458467267963824,1,2
2024-05-01,SPY,0.795891632119039,0.537309744308158,1.05447351992992,0.886637475667161,1,2
2024-05-02,DIA,0.7783686017384006,0.5197867139275196,1.0369504895492816,0.8671165072391321,1,2
2024-05-02,QQQ,0.4859258048256902,0.22734391701480927,0.7445076926365711,0.541330014747214,1,2
2024-05-02,SPY,0.6672198762517798,0.4086379884408989,0.9258017640626608,0.7432948443241737,1,2
2024-05-03,DIA,0.7228606464839601,0.46427875867307916,0.981442534294841,0.805279654908862,1,2
2024-05-03,QQQ,0.2990354599039338,0.04045357209305289,0.5576173477148147,0.33313083666714177,1,2
2024-05-03,SPY,0.3981277509856839,0.139545863174803,0.6567096387965649,0.4435214165867679,1,2
2024-05-06,DIA,0.7286453560726694,0.4700634682617885,0.9872272438835503,0.8117239245810348,1,2
2024-05-06,QQQ,0.247970829906113,-0.010611057904767934,0.506552717716994,0.27624392793485636,1,2
2024-05-06,SPY,0.24387739537479583,-0.014704492436085098,0.5024592831856768,0.2716837688463726,1,2
2024-05-07,DIA,0.8686594788784477,0.6100775910675669,1.1272413666893286,0.9677021550239701,1,2
2024-05-07,QQQ,0.36240420027689274,0.10382231246601181,0.6209860880877737,0.403724743843797,1,2
2024-05-07,SPY,0.41899486726608176,0.16041297945520083,0.6775767550769627,0.4667677563604946,1,2
2024-05-08,DIA,0.6534438314289992,0.39486194361811827,0.9120257192398802,0.7279480846480761,1,2
2024-05-08,QQQ,0.26191399329894965,0.003332105488068726,0.5204958811098306,0.29177686067913533,1,2
2024-05-08,SPY,0.4237941288663342,0.1652122410554533,0.6823760166772151,0.4721142193946451,1,2
2024-05-09,DIA,0.7542806630955612,0.49569877528468026,1.0128625509064422,0.8402821138991123,1,2
2024-05-09,QQQ,0.1967845491579885,-0.06179733865289244,0.4553664369688694,0.21922149809666974,1,2
2024-05-09,SPY,0.3397228740520908,0.08114098624120986,0.5983047618629718,0.3784573418292799,1,2
2024-05-10,DIA,0.8704484760614457,0.6118665882505647,1.1290303638723267,0.9696951297987964,1,2
2024-05-10,QQQ,0.3877245426166402,0.12914265480575926,0.6463064304275211,0.4319320568863649,1,2
2024-05-10,SPY,0.5229943274593069,0.2644124396484259,0.7815762152701877,0.5826250102066779,1,2
2024-05-13,DIA,0.6815490784617838,0.4229671906509029,0.9401309662726647,0.7592578311971181,1,2
2024-05-13,QQQ,0.37636806720371957,0.11778617939283864,0.6349499550146005,0.41928074069426025,1,2
2024-05-13,SPY,0.5150014165000144,0.2564195286891335,0.7735833043108953,0.5737207648167483,1,2
2024-05-14,DIA,0.7620348938957485,0.5034530060848676,1.0206167817066294,0.8489204653341109,1,2
2024-05-14,QQQ,0.5178302067589113,0.2592483189480304,0.7764120945697923,0.5768720876264407,1,2
2024-05-14,SPY,0.6565918181476238,0.39800993033674287,0.9151737059585048,0.7314549980078809,1,2
2024-05-15,DIA,0.5790267989999641,0.3204449111890832,0.837608686810845,0.6450461830363601,1,2
2024-05-15,QQQ,0.35127508018701153,0.0926931923761306,0.6098569679978925,0.39132670553722865,1,2
2024-05-15,SPY,0.35625269822088385,0.09767081041000292,0.6148345860317648,0.3968718608200371,1,2
2024-05-16,DIA,0.8354192653007391,0.5768373774898581,1.09400115311162,0.9306719641439518,1,2
2024-05-16,QQQ,0.6756473309606452,0.4170654431497643,0.9342292187715262,0.7526831792027219,1,2
2024-05-16,SPY,0.5543055141490758,0.2957236263381949,0.8128874019599568,0.6175062307226482,1,2
2024-05-17,DIA,0.8268810134627844,0.5682991256519034,1.0854629012736654,0.9211601992871474,1,2
2024-05-17,QQQ,0.6762983177676166,0.4177164299567357,0.9348802055784975,0.7534083901182949,1,2
2024-05-17,SPY,0.7915580577029064,0.5329761698920255,1.0501399455137874,0.8818097964632654,1,2
2024-05-20,DIA,0.5965041583348155,0.3379222705239346,0.8550860461456964,0.664516273104681,1,2
2024-05-20,QQQ,0.612976206933048,0.35439431912216707,0.871558094743929,0.6828664290792057,1,2
2024-05-20,SPY,0.729595910007197,0.4710140221963161,0.9881777978180779,0.8127828586205236,1,2
2024-05-21,DIA,0.7526734905895086,0.4940916027786277,1.0112553784003895,0.8384916950578765,1,2
2024-05-21,QQQ,0.6306048973936316,0.37202300958275064,0.8891867852045126,0.7025051047211075,1,2
2024-05-21,SPY,0.7808474305205064,0.5222655427096254,1.0394293183313874,0.8698779667209031,1,2
2024-05-22,DIA,0.2314686065093236,-0.027113281301557324,0.49005049432020453,0.2578601566964668,1,2
2024-05-22,QQQ,0.7424857291110216,0.4839038413001407,1.0010676169219026,0.8271423470367955,1,2
2024-05-22,SPY,0.5951937330252272,0.33661184521434623,0.853775620836108,0.6630564359338209,1,2
2024-05-23,DIA,0.356000811516218,0.09741892370533706,0.6145826993270989,0.3965912545377668,1,2
2024-05-23,QQQ,0.6924308257060476,0.4338489378951667,0.9510127135169286,0.7713802917409158,1,2
2024-05-23,SPY,0.7551403108020831,0.4965584229912022,1.013722198612964,0.8412397767789749,1,2
2024-05-24,DIA,0.7677913920137026,0.5092095042028217,1.0263732798245835,0.8553333069246131,1,2
2024-05-24,QQQ,0.7239960127273711,0.4654141249164902,0.982577900538252,0.8065444731572151,1,2
2024-05-24,SPY,0.7765923459260358,0.5180104581151548,1.0351742337369167,0.8651377265784771,1,2
2024-05-28,DIA,0.49959024704285665,0.24100835923197572,0.7581721348537376,0.5565524471298379,1,2
2024-05-28,QQQ,0.7415409170772612,0.4829590292663803,1.000122804888142,0.8260898095771885,1,2
2024-05-28,SPY,0.823617370470948,0.565035482660067,1.082199258281829,0.917524442775854,1,2
2024-05-29,DIA,0.3598120449112292,0.10123015710034827,0.6183939327221102,0.40083703652637,1,2
2024-05-29,QQQ,0.7359961125149375,0.47741422470405653,0.9945780003258184,0.8199127983839467,1,2
2024-05-29,SPY,0.7921382111192374,0.5335563233083565,1.0507200989301184,0.8824560977181056,1,2
2024-05-30,DIA,0.5282364194949314,0.26965453168405046,0.7868183073058124,0.5884647942452488,1,2
2024-05-30,QQQ,0.6564885666294971,0.39790667881861613,0.915070454440378,0.731339973974839,1,2
2024-05-30,SPY,0.61192493625458,0.35334304844369907,0.870506824065461,0.6816952947903351,1,2
2024-05-31,DIA,0.6707583373567981,0.4121764495459172,0.929340225167679,0.7472367531158858,1,2
2024-05-31,QQQ,0.6854525748950867,0.4268706870842058,0.9440344627059676,0.7636063958562095,1,2
2024-05-31,SPY,0.8836633764433875,0.6250814886325067,1.1422452642542684,0.9844167645578434,1,2
2024-06-03,DIA,0.7314975876439082,0.4729156998330272,0.990079475454789,0.8149013614308334,1,2
2024-06-03,QQQ,0.8793452953106244,0.6207634074997435,1.1379271831215054,0.9796063451479974,1,2
2024-06-03,SPY,0.6418472582260479,0.383265370415167,0.9004291460369289,0.715029295234901,1,2
2024-06-04,DIA,0.47146788456652194,0.21288599675564102,0.7300497723774029,0.5252236336713683,1,2
2024-06-04,QQQ,0.7555631749902928,0.49698128717941187,1.0141450628011737,0.8417108550278897,1,2
2024-06-04,SPY,0.4312929888013864,0.17271110099050546,0.6898748766122673,0.48046808313045813,1,2
2024-06-05,DIA,0.46522451644402113,0.2066426286331402,0.7238064042549021,0.5182684102107867,1,2
2024-06-05,QQQ,0.7718525308277447,0.5132706430168639,1.0304344186386256,0.8598574880079464,1,2
2024-06-05,SPY,0.786905282237922,0.5283233944270411,1.0454871700488029,0.8766265215968919,1,2
2024-06-06,DIA,0.3400867604277972,0.08150487261691625,0.598668648238678,0.3788627177429921,1,2
2024-06-06,QQQ,0.5208141958376238,0.26223230802674286,0.7793960836485048,0.5801963046899169,1,2
2024-06-06,SPY,0.6379660186362328,0.3793841308253519,0.8965479064471138,0.710705525096483,1,2
2024-06-07,DIA,0.7918798860643653,0.5332979982534845,1.0504617738752462,0.8821683189988556,1,2
2024-06-07,QQQ,0.6200056667559863,0.3614237789451054,0.8785875545668673,0.6906973727167455,1,2
2024-06-07,SPY,0.6399903659971914,0.38140847818631046,0.8985722538080723,0.7129606841678446,1,2
2024-06-10,DIA,0.22620054428542605,-0.03238134352545488,0.484782432096307,0.2519914414048912,1,2
2024-06-10,QQQ,0.17925191178914957,-0.07932997602173136,0.4378337996000305,0.19968982731241147,1,2
2024-06-10,SPY,0.221665460614384,-0.03691642719649693,0.48024734842526495,0.24693927729641033,1,2
2024-06-11,DIA,0.7609085561419056,0.5023266683310246,1.0194904439527865,0.8476657049841908,1,2
2024-06-11,QQQ,0.2525304778050276,-0.006051410005853353,0.5111123656159084,0.28132345703137546,1,2
2024-06-11,SPY,0.30498495857495334,0.04640307076407241,0.5635668463858343,0.3397586843165927,1,2
2024-06-12,DIA,0.561238023486578,0.3026561356756971,0.8198199112974589,0.6252291697899645,1,2
2024-06-12,QQQ,0.7016851471405646,0.4431032593296837,0.9602670349514455,0.7816897709018749,1,2
2024-06-12,SPY,0.369910838446811,0.11132895063593007,0.6284927262576919,0.41208727267200257,1,2
2024-06-13,DIA,0.6493908816296972,0.39080899381881623,0.9079727694405781,0.7234330262732429,1,2
2024-06-13,QQQ,0.34934558937566784,0.09076370156478691,0.6079274771865488,0.38917721835423374,1,2
2024-06-13,SPY,0.3218851129693989,0.063303225158518,0.5804670007802799,0.3585857577848502,1,2
2024-06-14,DIA,0.4221816117628608,0.16359972395197986,0.6807634995737417,0.47031784657654274,1,2
2024-06-14,QQQ,0.40898209975798766,0.15040021194710673,0.6675639875688686,0.45561335474405584,1,2
2024-06-14,SPY,0.33715905850191846,0.07857717069103753,0.5957409463127994,0.3756012055718491,1,2
2024-06-17,DIA,0.6695063612722221,0.41092447346134114,0.9280882490831031,0.7458420294243338,1,2
2024-06-17,QQQ,0.4604872131086217,0.20190532529774075,0.7190691009195026,0.5129909697889229,1,2
2024-06-17,SPY,0.3567357127574679,0.09815382494658698,0.6153176005683488,0.39740994763003057,1,2
2024-06-18,DIA,0.6360992510279815,0.37751736321710055,0.8946811388388625,0.7086259126806187,1,2
2024-06-18,QQQ,0.44942109047350765,0.19083920266262672,0.7080029782843886,0.5006631117707432,1,2
2024-06-18,SPY,0.32863030546486427,0.07004841765398334,0.5872121932757453,0.36610002254869173,1,2
2024-06-20,DIA,0.3548722765265718,0.09629038871569084,0.6134541643374527,0.39533404642796677,1,2
2024-06-20,QQQ,0.6863889783070509,0.42780709049617,0.9449708661179319,0.7646495659611386,1,2
2024-06-20,SPY,0.3759943958595384,0.1174125080486575,0.6345762836704194,0.4188644641511185,1,2
2024-06-21,DIA,0.482794345804635,0.22421245799375406,0.7413762336155159,0.5378415135373305,1,2
2024-06-21,QQQ,0.6029235988039015,0.3443417109930205,0.8615054866147824,0.6716676443002189,1,2
2024-06-21,SPY,0.40098615094927087,0.14240426313838994,0.6595680387601518,0.44670572513567697,1,2
2024-06-24,DIA,0.5169774364900832,0.2583955486792023,0.7755593243009642,0.575922086334852,1,2
2024-06-24,QQQ,0.4534403619793464,0.19485847416846547,0.7120222497902273,0.5051406519258894,1,2
2024-06-24,SPY,0.35658551222179175,0.09800362441091082,0.6151674000326727,0.39724262155394,1,2
2024-06-25,DIA,0.7345876863289033,0.4760057985180223,0.9931695741397841,0.818343786488541,1,2
2024-06-25,QQQ,0.6223651049848238,0.36378321717394285,0.8809469927957048,0.6933258289924312,1,2
2024-06-25,SPY,0.5164819992496267,0.25790011143874575,0.7750638870605076,0.5753701604111428,1,2
2024-06-26,DIA,0.4967073314485133,0.23812544363763238,0.7552892192593943,0.5533408277309448,1,2
2024-06-26,QQQ,0.32757966108526787,0.06899777327438694,0.5861615488961488,0.36492958596793645,1,2
2024-06-26,SPY,0.33475995662015456,0.07617806880927364,0.5933418444310354,0.37292856327926466,1,2
2024-06-27,DIA,0.7007707719472889,0.44218888413640794,0.9593526597581699,0.7806711406255138,1,2
2024-06-27,QQQ,0.3882777206861884,0.12969583287530745,0.6468596084970692,0.4325483071236903,1,2
2024-06-27,SPY,0.549316892250474,0.29073500443959305,0.8078987800613548,0.6119488169382394,1,2
2024-06-28,DIA,0.46700476492920534,0.2084228771183244,0.7255866527400863,0.5202516387801855,1,2
2024-06-28,QQQ,0.5227464683330081,0.26416458052212716,0.7813283561438891,0.582348890718554,1,2
2024-06-28,SPY,0.5503552079492214,0.2917733201383405,0.8089370957601023,0.6131055191486042,1,2
2024-07-01,DIA,0.40160245484504453,0.1430205670341636,0.6601843426559255,0.4473922986694854,1,2
2024-07-01,QQQ,0.1816022359425725,-0.07697965186830844,0.4401841237534534,0.2023081303455043,1,2
2024-07-01,SPY,0.3331924890763465,0.07461060126546559,0.5917743768872274,0.3711823764742445,1,2
2024-07-02,DIA,0.2875046482890142,0.028922760478133247,0.5460865360998951,0.3202853068361197,1,2
2024-07-02,QQQ,0.24784503512958928,-0.010736852681291653,0.5064269229404702,0.276103790309823,1,2
2024-07-02,SPY,0.26321167201994056,0.004629784209059629,0.5217935598308214,0.2932224979229182,1,2
2024-07-03,DIA,0.3596130410453039,0.10103115323442297,0.6181949288561848,0.4006153426698055,1,2
2024-07-03,QQQ,0.34628043350720594,0.08769854569632501,0.6048623213180868,0.38576258003908576,1,2
2024-07-03,SPY,0.5141259026981682,0.25554401488728723,0.7727077905090491,0.5727454268236674,1,2
2024-07-05,DIA,0.26170608728002315,0.0031241994691422192,0.5202879750909041,0.2915452496653266,1,2
2024-07-05,QQQ,0.4467165003428905,0.18813461253200958,0.7052983881537714,0.49765015011949415,1,2
2024-07-05,SPY,0.37705637018720006,0.11847448237631913,0.635638257998081,0.4200475224961275,1,2
2024-07-08,DIA,0.2551604490022707,-0.003421438808610233,0.5137423368131516,0.28425329185975845,1,2
2024-07-08,QQQ,0.31951906373833006,0.06093717592744913,0.578100951549211,0.3559499367347485,1,2
2024-07-08,SPY,0.4730751899307066,0.21449330211982565,0.7316570777415875,0.5270142005189336,1,2
2024-07-09,DIA,0.3090984633135159,0.050516575502635,0.5676803511243969,0.34434120197396967,1,2
2024-07-09,QQQ,0.49308511151717727,0.23450322370629634,0.7516669993280582,0.549305610112586,1,2
2024-07-09,SPY,0.6164457533505063,0.3578638655396254,0.8750276411613873,0.6867315656796432,1,2
2024-07-10,DIA,0.2925746490532664,0.03399276124238548,0.5511565368641473,0.3259333781285376,1,2
2024-07-10,QQQ,0.5069792620873989,0.24839737427651792,0.7655611498982797,0.5647839416981585,1,2
2024-07-10,SPY,0.625733306611217,0.367151418800336,0.8843151944220979,0.6970780656877864,1,2
2024-07-11,DIA,0.2060749122002201,-0.05250697561066084,0.464656800011101,0.2295711282515496,1,2
2024-07-11,QQQ,0.4032078919498876,0.14462600413900667,0.6617897797607686,0.4491807842428172,1,2
2024-07-11,SPY,0.4888608098433072,0.23027892203242628,0.7474426976541881,0.5445996626928292,1,2
2024-07-12,DIA,0.3627634969082258,0.10418160909734486,0.6213453847191067,0.4041250067004031,1,2
2024-07-12,QQQ,0.44968699850951227,0.19110511069863134,0.7082688863203932,0.500959338066244,1,2
2024-07-12,SPY,0.32022281765753874,0.06164092984665781,0.5788047054684197,0.3567339311546381,1,2
2024-07-15,DIA,0.4363012035906709,0.17771931577979,0.6948830914015518,0.4860473237445951,1,2
2024-07-15,QQQ,0.43172933513631073,0.1731474473254298,0.6903112229471917,0.4809541807313134,1,2
2024-07-15,SPY,0.2444250559410496,-0.014156831869831327,0.5030069437519306,0.27229387248660414,1,2
2024-07-16,DIA,0.7209678619414489,0.462385974130568,0.9795497497523298,0.8031710591641301,1,2
2024-07-16,QQQ,0.5184289411133631,0.2598470533024822,0.7770108289242441,0.577539088377803,1,2
2024-07-16,SPY,0.2432451880286737,-0.015336699782207225,0.5018270758395547,0.2709794785851827,1,2
2024-07-17,DIA,0.299079908188861,0.04049802037798006,0.5576617959997419,0.33318035284944,1,2
2024-07-17,QQQ,0.6820150304795094,0.42343314266862847,0.9405969182903904,0.7597769100567336,1,2
2024-07-17,SPY,0.42741289277139627,0.16883100496051534,0.6859947805822773,0.47614558693808434,1,2
2024-07-18,DIA,0.5643027207813918,0.30572083297051084,0.8228846085922727,0.6286432972458881,1,2
2024-07-18,QQQ,0.6729557434788084,0.41437385566792745,0.9315376312896892,0.7496847027341615,1,2
2024-07-18,SPY,0.5724809203544903,0.31389903254360935,0.8310628081653713,0.6377539574568623,1,2
2024-07-19,DIA,0.49401816301041174,0.2354362751995308,0.7526000508212927,0.5503450461202576,1,2
2024-07-19,QQQ,0.5248287318960917,0.26624684408521077,0.7834106197069726,0.584668569472219,1,2
2024-07-19,SPY,0.4066929591476884,0.14811107133680745,0.6652748469585693,0.45306321126942334,1,2
2024-07-22,DIA,0.467352871011882,0.20877098320100107,0.7259347588227629,0.5206394351659662,1,2
2024-07-22,QQQ,0.3390872398473687,0.08050535203648779,0.5976691276582496,0.37774923398647986,1,2
2024-07-22,SPY,0.3449278079646266,0.08634592015374565,0.6035096957755075,0.3842557310558863,1,2
2024-07-23,DIA,0.5774230908581371,0.3188412030472562,0.836004978669018,0.6432596235586702,1,2
2024-07-23,QQQ,0.4628971035191132,0.20431521570823225,0.7214789913299942,0.5156756306949606,1,2
2024-07-23,SPY,0.5268948502839766,0.2683129624730957,0.7854767380948575,0.5869702622127074,1,2
2024-07-24,DIA,0.40101613398116026,0.14243424617027933,0.6595980217920412,0.4467391267680531,1,2
2024-07-24,QQQ,0.6016399403463951,0.3430580525355142,0.860221828157276,0.6702376258800581,1,2
2024-07-24,SPY,0.3270556569259342,0.06847376911505326,0.5856375447368152,0.3643458359870078,1,2
2024-07-25,DIA,0.7825506837064091,0.5239687958955281,1.04113257151729,0.8717754211534243,1,2
2024-07-25,QQQ,0.6396319645343782,0.3810500767234973,0.8982138523452592,0.7125614185449377,1,2
2024-07-25,SPY,0.5494594488640779,0.290877561053197,0.8080413366749588,0.6121076275487856,1,2
2024-07-26,DIA,0.6867069739887206,0.4281250861778397,0.9452888617996016,0.765003818823074,1,2
2024-07-26,QQQ,0.4221817705788115,0.16359988276793058,0.6807636583896924,0.47031802350034485,1,2
2024-07-26,SPY,0.4340374813260144,0.17545559351513346,0.6926193691368954,0.48352549676043277,1,2
2024-07-29,DIA,0.3978519603717139,0.13927007256083296,0.6564338481825949,0.4432141809231234,1,2
2024-07-29,QQQ,0.48879454070151473,0.2302126528906338,0.7473764285123956,0.5445258376867327,1,2
2024-07-29,SPY,0.3585968904648117,0.10001500265393076,0.6171787782756926,0.39948333279656856,1,2
2024-07-30,DIA,0.4658236202094654,0.20724173239858446,0.7244055080203463,0.5189358224925843,1,2
2024-07-30,QQQ,0.5811830229376078,0.3226011351267269,0.8397649107484888,0.6474482549666244,1,2
2024-07-30,SPY,0.6352002803893576,0.3766183925784767,0.8937821682002385,0.7076244433529341,1,2
2024-07-31,DIA,0.5155110489378442,0.25692916112696323,0.774092936748725,0.5742885044435521,1,2
2024-07-31,QQQ,0.1910328796136879,-0.06754900819719303,0.44961476742456885,0.212814035623352,1,2
2024-07-31,SPY,0.15641775355081342,-0.10216413426006751,0.4149996413616943,0.17425216770852864,1,2
2024-08-01,DIA,0.3552975225652201,0.0967156347543392,0.613879410376101,0.39580777810075835,1,2
2024-08-01,QQQ,0.31065520844473066,0.05207332063384973,0.5692370962556116,0.3460754438200894,1,2
2024-08-01,SPY,0.44990448279104656,0.19132259498016563,0.7084863706019275,0.5012016194354594,1,2
2024-08-02,DIA,0.4536521320267253,0.19507024421584435,0.7122340198376063,0.5053765675363223,1,2
2024-08-02,QQQ,0.5021489564692689,0.243567068658388,0.7607308442801499,0.5594028950743145,1,2
2024-08-02,SPY,0.5968689344288991,0.3382870466180182,0.8554508222397801,0.664922640180536,1,2
2024-08-05,DIA,0.48149185810729656,0.22290997029641563,0.7400737459181774,0.5363905190081117,1,2
2024-08-05,QQQ,0.4874239364253327,0.2288420486144518,0.7460058242362136,0.5429989600735867,1,2
2024-08-05,SPY,0.633320477675941,0.3747385898650601,0.8919023654868219,0.7055303095973895,1,2
2024-08-06,DIA,0.39386513491682207,0.13528324710594114,0.652447022727703,0.43877278624752,1,2
2024-08-06,QQQ,0.38539897439343657,0.12681708658255564,0.6439808622043175,0.4293413324011442,1,2
2024-08-06,SPY,0.30017866113174246,0.041596773320861535,0.5587605489426234,0.33440438322787785,1,2
2024-08-07,DIA,0.7011527592970088,0.4425708714861279,0.9597346471078898,0.7810966813471705,1,2
2024-08-07,QQQ,0.4976701053808965,0.23908821757001558,0.7562519931917775,0.5544133750660307,1,2
2024-08-07,SPY,0.6638678601157091,0.40528597230482816,0.9224497479265901,0.7395606385537619,1,2
2024-08-08,DIA,0.4055659935328408,0.14698410572195986,0.6641478813437217,0.45180775147114427,1,2
2024-08-08,QQQ,0.32514145865117433,0.0665595708402934,0.5837233464620553,0.3622133849625628,1,2
2024-08-08,SPY,0.23456622816646122,-0.024015659644419707,0.49314811597734215,0.2613109624793396,1,2
2024-08-09,DIA,0.403542339591113,0.1449604517802321,0.662124227401994,0.44955336488117564,1,2
2024-08-09,QQQ,0.7527781801249476,0.49419629231406664,1.0113600679358286,0.8386083210678559,1,2
2024-08-09,SPY,0.41690039609482027,0.15831850828393934,0.6754822839057012,0.4644344781135546,1,2
2024-08-12,DIA,0.16890254526041093,-0.08967934255047,0.42748443307129186,0.18816044838256418,1,2
2024-08-12,QQQ,0.3509331476728432,0.0923512598619623,0.6095150354837242,0.3909457866168933,1,2
2024-08-12,SPY,0.14073686265644372,-0.1178450251544372,0.3993187504673247,0.15678337552914726,1,2
2024-08-13,DIA,0.5247505076581112,0.2661686198472302,0.7833323954689921,0.584581426275708,1,2
2024-08-13,QQQ,0.5496656826423985,0.29108379483151753,0.8082475704532794,0.6123373756567289,1,2
2024-08-13,SPY,0.4401882091069707,0.18160632129608978,0.6987700969178516,0.49037751722797224,1,2
2024-08-14,DIA,0.6796425989644793,0.4210607111535984,0.9382244867753602,0.7571339790284495,1,2
2024-08-14,QQQ,0.6389842508765592,0.38040236306567826,0.8975661386874401,0.7118398539759089,1,2
2024-08-14,SPY,0.5791719662325774,0.32059007842169646,0.8377538540434584,0.6452079019230519,1,2
2024-08-15,DIA,0.6061839680702104,0.3476020802593294,0.8647658558810913,0.6752997538228762,1,2
2024-08-15,QQQ,0.340267245975159,0.08168535816427808,0.59884913378604,0.3790637818623384,1,2
2024-08-15,SPY,0.45506364768137114,0.1964817598704902,0.7136455354922521,0.5069490211548733,1,2
2024-08-16,DIA,0.4759306149197061,0.2173487271088252,0.734512502730587,0.5301951948930833,1,2
2024-08-16,QQQ,0.341930830513167,0.08334894270228604,0.600512718324048,0.3809170447134771,1,2
2024-08-16,SPY,0.42072570419083355,0.16214381637995262,0.6793075920017144,0.4686959395701454,1,2
2024-08-19,DIA,0.5071848737858459,0.24860298597496494,0.7657667615967267,0.565012996798026,1,2
2024-08-19,QQQ,0.2810096270061462,0.02242773919526525,0.5395915148170272,0.3130497372657824,1,2
2024-08-19,SPY,0.3404450879264539,0.08186320011557296,0.5990269757373348,0.3792619009685089,1,2
2024-08-20,DIA,0.7337633814047235,0.4751814935938426,0.9923452692156045,0.8174254960986684,1,2
2024-08-20,QQQ,0.31980479086338465,0.06122290305250372,0.5783866786742655,0.35626824184899336,1,2
2024-08-20,SPY,0.3998648989817643,0.14128301117088338,0.6584467867926452,0.44545663044245853,1,2
2024-08-21,DIA,0.5639838941033348,0.3054020062924539,0.8225657819142158,0.6282881186391533,1,2
2024-08-21,QQQ,0.3979303218063763,0.13934843399549535,0.6565122096172572,0.4433014769591853,1,2
2024-08-21,SPY,0.48350721567877275,0.22492532786789182,0.7420891034896537,0.5386356632936253,1,2
2024-08-22,DIA,0.716098209910523,0.45751632209964205,0.9746800977214038,0.797746179934552,1,2
2024-08-22,QQQ,0.4250779174090242,0.16649602959814325,0.6836598052199051,0.4735443827320212,1,2
2024-08-22,SPY,0.5133127142379205,0.25473082642703954,0.7718946020488013,0.5718395203729163,1,2
2024-08-23,DIA,0.7741611763835711,0.5155792885726902,1.032743064194452,0.8624293603398342,1,2
2024-08-23,QQQ,0.4271535098892408,0.16857162207835985,0.6857353977001217,0.4758566297803703,1,2
2024-08-23,SPY,0.5080179829763365,0.24943609516545556,0.7665998707872175,0.565941095297623,1,2
2024-08-26,DIA,0.7128691124363602,0.45428722462547927,0.9714510002472412,0.7941489077461859,1,2
2024-08-26,QQQ,0.53773399598656,0.2791521081756791,0.7963158837974409,0.5990452638791274,1,2
2024-08-26,SPY,0.5158502902922135,0.2572684024813326,0.7744321781030945,0.574666425363865,1,2
2024-08-27,DIA,0.8853248668580788,0.6267429790471979,1.1439067546689596,0.9862676945182511,1,2
2024-08-27,QQQ,0.7546156100310892,0.4960337222202083,1.0131974978419702,0.8406552507602304,1,2
2024-08-27,SPY,0.5413978429499766,0.2828159551390957,0.7999797307608576,0.603126854753786,1,2
2024-08-28,DIA,0.735532378500708,0.47695049068982703,0.994114266311589,0.8193961904197912,1,2
2024-08-28,QQQ,0.4786840743794487,0.22010218656856778,0.7372659621903297,0.5332625978487319,1,2
2024-08-28,SPY,0.7314240671872938,0.4728421793764129,0.9900059549981748,0.8148194583306724,1,2
2024-08-29,DIA,0.5855348861936779,0.32695299838279696,0.8441167740045588,0.6522963082644554,1,2
2024-08-29,QQQ,0.70339321580343,0.444811327992549,0.9619751036143109,0.7835925898616329,1,2
2024-08-29,SPY,0.8569667997201159,0.598384911909235,1.1155486875309968,0.9546763018621179,1,2
2024-08-30,DIA,0.6299581821937204,0.3713762943828394,0.8885400700046013,0.7017846524519986,1,2
2024-08-30,QQQ,0.7013578052516782,0.4427759174407973,0.9599396930625592,0.7813251061983777,1,2
2024-08-30,SPY,0.6757888225151176,0.4172069347042367,0.9343707103259986,0.7528408033183965,1,2
2024-09-03,DIA,0.22319167952929492,-0.03539020828158601,0.48177356734017585,0.2486395123930267,1,2
2024-09-03,QQQ,0.15494667839025414,-0.10363520942062679,0.4135285662011351,0.17261336373793998,1,2
2024-09-03,SPY,0.15771425456247082,-0.10086763324841011,0.4162961423733518,0.17569649296310538,1,2
2024-09-04,DIA,0.38736213896997634,0.12878025115909542,0.6459440267808573,0.43152833275925584,1,2
2024-09-04,QQQ,0.39161216430358103,0.1330302764927001,0.650194052114462,0.4362629367948277,1,2
2024-09-04,SPY,0.26993593648864433,0.011354048677763406,0.5285178242995252,0.3007134484916235,1,2
2024-09-05,DIA,0.5918800337052927,0.3332981458944118,0.8504619215161737,0.659364915780098,1,2
2024-09-05,QQQ,0.2100198697448714,-0.048562018066009516,0.46860175755575234,0.23396588132828583,1,2
2024-09-05,SPY,0.34220428428291283,0.0836223964720319,0.6007861720937937,0.38122167709097016,1,2
2024-09-06,DIA,0.3225301714374682,0.06394828362658728,0.5811120592483492,0.35930436442513347,1,2
2024-09-06,QQQ,0.3242616473775786,0.06567975956669769,0.5828435351884595,0.36123325950929286,1,2
2024-09-06,SPY,0.30187467092239534,0.04329278311151441,0.5604565587332763,0.33629376838887975,1,2
2024-09-09,DIA,0.46563159611820876,0.20704970830732783,0.7242134839290897,0.518721904229509,1,2
2024-09-09,QQQ,0.2978235485116267,0.03924166070074575,0.5564054363225076,0.33178074575747035,1,2
2024-09-09,SPY,0.3430960374074834,0.08451414959660247,0.6016779252183644,0.38221510597925024,1,2
2024-09-10,DIA,0.4965087338344006,0.23792684602351966,0.7550906216452815,0.5531195864461464,1,2
2024-09-10,QQQ,0.2759967141601621,0.017414826349281154,0.534578601971043,0.30746526293267623,1,2
2024-09-10,SPY,0.2946288009664147,0.036046913155533766,0.5532106887772956,0.3282217400027058,1,2
2024-09-11,DIA,0.1970018203505518,-0.061580067460329124,0.45558370816143273,0.21946354208097027,1,2
2024-09-11,QQQ,0.1407482581819712,-0.11783362962890973,0.3993301459928521,0.1567960703478636,1,2
2024-09-11,SPY,0.1893508779732219,-0.06923100983765904,0.4479327657841028,0.21094025579154227,1,2
2024-09-11,DIA,0.5571114029514472,0.3321398955952576,0.7820829103076369,0.6287985428544137,1,3
2024-09-11,QQQ,0.3830020349470444,0.15803052759085473,0.607973542303234,0.4322853924890233,1,3
2024-09-11,SPY,0.6295539632947031,0.4045824559385135,0.8545254706508928,0.7105627575934399,1,3
2024-09-12,DIA,0.6547942967549625,0.42982278939877283,0.8797658041111521,0.7390509285712537,1,3
2024-09-12,QQQ,0.5331646536358841,0.3081931462796944,0.7581361609920737,0.60177040988863,1,3
2024-09-12,SPY,0.40344091830909323,0.17846941095290358,0.6284124256652829,0.45535427962280123,1,3
2024-09-13,DIA,0.5123867966922,0.28741528933601035,0.7373583040483896,0.5783189312425097,1,3
2024-09-13,QQQ,0.5054779177715953,0.2805064104154057,0.730449425127785,0.5705210420321672,1,3
2024-09-13,SPY,0.34362947041319264,0.11865796305700299,0.5686009777693823,0.38784650454638137,1,3
2024-09-16,DIA,0.3420805918352004,0.11710908447901075,0.5670520991913901,0.3860983217094474,1,3
2024-09-16,QQQ,0.41745012155851696,0.19247861420232731,0.6424216289147067,0.471166137974867,1,3
2024-09-16,SPY,0.28524149502659707,0.06026998767040742,0.5102130023827867,0.3219453694254578,1,3
2024-09-17,DIA,0.23575267168028577,0.01078116432409612,0.46072417903647545,0.26608849799385287,1,3
2024-09-17,QQQ,0.36086566522064367,0.13589415786445402,0.5858371725768333,0.40730059240360766,1,3
2024-09-17,SPY,0.26900307769804943,0.04403157034185978,0.4939745850542391,0.3036174495509789,1,3
2024-09-18,DIA,0.3171587842828338,0.09218727692664413,0.5421302916390234,0.3579696634353464,1,3
2024-09-18,QQQ,0.35178439355346613,0.1268128861972765,0.5767559009096558,0.3970507745730364,1,3
2024-09-18,SPY,0.26841633911207075,0.0434448317558811,0.4933878464682604,0.302955211503175,1,3
2024-09-19,DIA,0.6228386830417952,0.3978671756856056,0.8478101903979849,0.7029833786478334,1,3
2024-09-19,QQQ,0.4163911837050239,0.19141967634883428,0.6413626910612136,0.4699709397151972,1,3
2024-09-19,SPY,0.33928087753019187,0.11430937017400222,0.5642523848863815,0.3829383499945058,1,3
2024-09-20,DIA,0.5009238368702521,0.27595232951406246,0.7258953442264418,0.565380957985,1,3
2024-09-20,QQQ,0.2486849862583102,0.023713478902120555,0.47365649361449985,0.2806848974201007,1,3
2024-09-20,SPY,0.38275915409538447,0.15778764673919482,0.6077306614515741,0.43201125858186956,1,3
2024-09-23,DIA,0.4801327558772745,0.25516124852108485,0.7051042632334641,0.5419145536653387,1,3
2024-09-23,QQQ,0.21244845043404786,-0.012523056922141784,0.4374199577902375,0.2397855713541187,1,3
2024-09-23,SPY,0.2081394403845978,-0.01683206697159184,0.43311094774078746,0.23492209301588168,1,3
2024-09-24,DIA,0.398289903077864,0.17331839572167435,0.6232614104340537,0.44954044983138314,1,3
2024-09-24,QQQ,0.33437195749227605,0.1094004501360864,0.5593434648484656,0.37739776735613667,1,3
2024-09-24,SPY,0.21774854129165575,-0.007222966064533903,0.4427200486478454,0.245767659300271,1,3
2024-09-25,DIA,0.6323753163699503,0.4074038090137606,0.8573468237261399,0.7137471524796236,1,3
2024-09-25,QQQ,0.23734669922708604,0.01237519187089639,0.4623182065832757,0.26788763941043076,1,3
2024-09-25,SPY,0.2302517328070906,0.005280225450900955,0.45522324016328025,0.25987971761443246,1,3
2024-09-26,DIA,0.5676819975589743,0.34271049020278466,0.792653504915164,0.6407293244738612,1,3
2024-09-26,QQQ,0.42073260421946707,0.19576109686327742,0.6457041115756568,0.47487099898330376,1,3
2024-09-26,SPY,0.5283521350428708,0.30338062768668117,0.7533236423990605,0.5963386332947299,1,3
2024-09-27,DIA,0.47123931646866085,0.2462678091124712,0.6962108238248506,0.5318767376890828,1,3
2024-09-27,QQQ,0.31724692840299185,0.0922754210468022,0.5422184357591815,0.35806914963150566,1,3
2024-09-27,SPY,0.33334522444854786,0.10837371709235821,0.5583167318047375,0.37623891790811514,1,3
2024-09-30,DIA,0.44429799039009016,0.2193264830339005,0.6692694977462799,0.5014686963332191,1,3
2024-09-30,QQQ,0.29033912093656944,0.06536761358037979,0.5153106282927591,0.32769893994515303,1,3
2024-09-30,SPY,0.47662202533950576,0.2516505179833161,0.7015935326956955,0.537952074644431,1,3
2024-10-01,DIA,0.4279109178546479,0.20293941049845826,0.6528824252108376,0.48297299282159367,1,3
2024-10-01,QQQ,0.4806543688340381,0.25568286147784847,0.7056258761902278,0.5425032859465473,1,3
2024-10-01,SPY,0.3400464544245387,0.11507494706834903,0.5650179617807283,0.38380243863648655,1,3
2024-10-02,DIA,0.5438387055294507,0.31886719817326103,0.7688102128856403,0.6138179613145556,1,3
2024-10-02,QQQ,0.5586139397443937,0.333642432388204,0.7835854471005833,0.6304944208080592,1,3
2024-10-02,SPY,0.5557419071950789,0.33077039983888923,0.7807134145512685,0.6272528251909669,1,3
2024-10-03,DIA,0.4374574676106232,0.21248596025443356,0.6624289749668129,0.49374795909233005,1,3
2024-10-03,QQQ,0.350460159323758,0.12548865196756837,0.5754316666799477,0.39555614253063504,1,3
2024-10-03,SPY,0.5260619766438928,0.3010904692877031,0.7510334840000824,0.593753785351295,1,3
2024-10-04,DIA,0.546224844625379,0.32125333726918937,0.7711963519815687,0.6165111404141376,1,3
2024-10-04,QQQ,0.619822310106586,0.3948508027503963,0.8447938174627756,0.699578869430616,1,3
2024-10-04,SPY,0.5895973729546921,0.3646258655985024,0.8145688803108817,0.665464693453799,1,3
2024-10-07,DIA,0.31159386141105694,0.08662235405486729,0.5365653687672466,0.35168866582098696,1,3
2024-10-07,QQQ,0.17595836064775142,-0.04901314670843823,0.40092986800394104,0.19860006489222784,1,3
2024-10-07,SPY,0.3477875565711568,0.12281604921496714,0.5727590639273464,0.3925396386365103,1,3
2024-10-08,DIA,0.5963834096395303,0.37141190228334064,0.8213549169957199,0.6731239335206456,1,3
2024-10-08,QQQ,0.34393297460439465,0.118961467248205,0.5689044819605843,0.38818906259162517,1,3
2024-10-08,SPY,0.6309172432811511,0.4059457359249614,0.8558887506373407,0.71210145966351,1,3
2024-10-09,DIA,0.6113924699054957,0.386420962549306,0.8363639772616853,0.6900643069807013,1,3
2024-10-09,QQQ,0.36987958194350695,0.1449080745873173,0.5948510892996965,0.4174743882920423,1,3
2024-10-09,SPY,0.5070680157364298,0.28209650838024014,0.7320395230926194,0.5723157482219646,1,3
2024-10-10,DIA,0.35078688045792966,0.12581537310174,0.5757583878141193,0.39592490499357963,1,3
2024-10-10,QQQ,0.45640973000120844,0.2314382226450188,0.6813812373573981,0.5151389320859902,1,3
2024-10-10,SPY,0.4205629061271346,0.19559139877094495,0.6455344134833243,0.47467946473608047,1,3
2024-10-11,DIA,0.4647744397334671,0.23980293237727746,0.6897459470896568,0.5245799833069481,1,3
2024-10-11,QQQ,0.2684254068514179,0.043453899495228265,0.49339691420760756,0.3029654460473941,1,3
2024-10-11,SPY,0.6013065521942997,0.3763350448381101,0.8262780595504894,0.678680568779417,1,3
2024-10-14,DIA,0.6695488565002723,0.44457734914408265,0.8945203638564619,0.755704053276938,1,3
2024-10-14,QQQ,0.5070134570591058,0.2820419497029162,0.7319849644152955,0.5722541691255404,1,3
2024-10-14,SPY,0.5188376484073914,0.2938661410512018,0.7438091557635811,0.5855998559142952,1,3
2024-10-15,DIA,0.3576976903757697,0.13272618301958006,0.5826691977319594,0.40372497367510396,1,3
2024-10-15,QQQ,0.6847365725118421,0.4597650651556524,0.9097080798680317,0.7728460712768712,1,3
2024-10-15,SPY,0.4561966493768235,0.23122514202063388,0.6811681567330132,0.51489843299476,1,3
2024-10-16,DIA,0.6878765206206707,0.4629050132644811,0.9128480279768604,0.7763900568873076,1,3
2024-10-16,QQQ,0.5799560513286658,0.35498454397247614,0.8049275586848554,0.6545827604014173,1,3
2024-10-16,SPY,0.5552039349713203,0.3302324276151306,0.7801754423275099,0.6266456285897064,1,3
2024-10-17,DIA,0.7504773271883964,0.5255058198322068,0.9754488345445861,0.8470461155189553,1,3
2024-10-17,QQQ,0.6386403213798046,0.413668814023615,0.8636118287359943,0.7208183163443405,1,3
2024-10-17,SPY,0.5489216118372339,0.3239501044810442,0.7738931191934235,0.6195549181653169,1,3
2024-10-18,DIA,0.7632056954422879,0.5382341880860982,0.9881772027984775,0.8614123255239206,1,3
2024-10-18,QQQ,0.5763037282612342,0.35133222090504457,0.8012752356174239,0.6504604692211114,1,3
2024-10-18,SPY,0.674693208034092,0.4497217006779024,0.8996647153902817,0.7615103619097532,1,3
2024-10-21,DIA,0.5123134364806139,0.28734192912442424,0.7372849438368035,0.5782361312963867,1,3
2024-10-21,QQQ,0.5567008692865302,0.3317293619303405,0.7816723766427198,0.6283351831584446,1,3
2024-10-21,SPY,0.6237540607279254,0.39878255337173574,0.848725568084115,0.704016543921692,1,3
2024-10-22,DIA,0.5621771796611664,0.3372056723049768,0.7871486870173561,0.6345161659305562,1,3
2024-10-22,QQQ,0.3687381167235461,0.14376660936735647,0.5937096240797357,0.4161860433340539,1,3
2024-10-22,SPY,0.47444786969603664,0.249476362339847,0.6994193770522263,0.535498156283921,1,3
2024-10-23,DIA,0.5868626314318666,0.3618911240756769,0.8118341387880562,0.662378054990601,1,3
2024-10-23,QQQ,0.5123926607526118,0.28742115339642216,0.7373641681088015,0.5783255498696327,1,3
2024-10-23,SPY,0.7473877889965649,0.5224162816403752,0.9723592963527545,0.8435590263966993,1,3
2024-10-24,DIA,0.532888463102378,0.3079169557461884,0.7578599704585677,0.6014586801266852,1,3
2024-10-24,QQQ,0.5210440354634874,0.2960725281072978,0.7460155428196771,0.5880901531124787,1,3
2024-10-24,SPY,0.6186193789588614,0.3936478716026718,0.8435908863150511,0.6982211493250211,1,3
2024-10-25,DIA,0.6424254619063146,0.4174539545501249,0.8673969692625042,0.7250905154681772,1,3
2024-10-25,QQQ,0.6179390761817374,0.39296756882554773,0.842910583537927,0.6974533075743602,1,3
2024-10-25,SPY,0.6407468318436343,0.4157753244874447,0.865718339199824,0.7231958851809258,1,3
2024-10-28,DIA,0.5239800085523774,0.2990085011961877,0.748951515908567,0.5914039169133511,1,3
2024-10-28,QQQ,0.3172699417907559,0.09229843443456626,0.5422414491469456,0.35809512430123147,1,3
2024-10-28,SPY,0.4509222407210652,0.22595073336487553,0.6758937480772549,0.5089453319460482,1,3
2024-10-29,DIA,0.5370299570811752,0.31205844972498553,0.7620014644373648,0.6061330870142695,1,3
2024-10-29,QQQ,0.6217406015532031,0.39676909419701345,0.8467121089093927,0.7017439998874917,1,3
2024-10-29,SPY,0.6306856992993713,0.4057141919431817,0.855657206655561,0.7118401214148609,1,3
2024-10-30,DIA,0.4306219541806056,0.20565044682441597,0.6555934615367953,0.4860328757863948,1,3
2024-10-30,QQQ,0.32799978342811636,0.10302827607192672,0.5529712907843061,0.3702056442993635,1,3
2024-10-30,SPY,0.4116029130797879,0.18663140572359826,0.6365744204359776,0.464566531232459,1,3
2024-10-31,DIA,0.349986688617699,0.12501518126150934,0.5749581959738886,0.39502174727597517,1,3
2024-10-31,QQQ,0.2608998411378681,0.03592833378167848,0.4858713484940578,0.2944715169521255,1,3
2024-10-31,SPY,0.4576291598724018,0.23265765251621218,0.6826006672285915,0.5165152739128803,1,3
2024-11-01,DIA,0.5971714352320695,0.37219992787587985,0.8221429425882592,0.6740133594805084,1,3
2024-11-01,QQQ,0.47051298753665904,0.2455414801804694,0.6954844948928487,0.5310569472994837,1,3
2024-11-01,SPY,0.5778280121599211,0.35285650480373143,0.8027995195161107,0.6521808926217331,1,3
2024-11-04,DIA,0.5560974835745524,0.3311259762183627,0.781068990930742,0.6276541558908983,1,3
2024-11-04,QQQ,0.3256102177084662,0.10063871035227656,0.5505817250646559,0.3675085976501464,1,3
2024-11-04,SPY,0.5284823434363295,0.30351083608013985,0.7534538507925191,0.596485596447235,1,3
2024-11-05,DIA,0.6190870451212492,0.3941155377650596,0.8440585524774389,0.6987489931277038,1,3
2024-11-05,QQQ,0.25948384796881624,0.03451234061262659,0.4844553553250059,0.2928733187521342,1,3
2024-11-05,SPY,0.41347692400004665,0.188505416643857,0.6384484313562363,0.4666816833002666,1,3
2024-11-06,DIA,0.6968102361459666,0.47183872878977695,0.9217817435021562,0.7864733315695733,1,3
2024-11-06,QQQ,0.46709403239625025,0.2421225250400606,0.6920655397524399,0.5271980530119421,1,3
2024-11-06,SPY,0.628067726273999,0.40309621891780933,0.8530392336301886,0.7088852768095175,1,3
2024-11-07,DIA,0.6157755272838927,0.3908040199277031,0.8407470346400824,0.6950113607982724,1,3
2024-11-07,QQQ,0.6573963972953095,0.43242488993911987,0.8823679046514992,0.7419878582759101,1,3
2024-11-07,SPY,0.7789044168046689,0.5539329094484793,1.0038759241608586,0.8791311032496081,1,3
2024-11-08,DIA,0.5305708694042635,0.3055993620480738,0.7555423767604531,0.5988428666061172,1,3
2024-11-08,QQQ,0.4835748111814823,0.2586033038252927,0.7085463185376719,0.5457995205646768,1,3
2024-11-08,SPY,0.7752084577134027,0.5502369503572131,1.0001799650695924,0.8749595611150804,1,3
2024-11-11,DIA,0.7759899652956166,0.5510184579394269,1.0009614726518063,0.875841630349927,1,3
2024-11-11,QQQ,0.5710925112289508,0.3461210038727611,0.7960640185851404,0.6445786910721845,1,3
2024-11-11,SPY,0.6916923847356647,0.4667208773794751,0.9166638920918544,0.7806969330031566,1,3
2024-11-12,DIA,0.7928209919066981,0.5678494845505084,1.0177924992628877,0.894838414389392,1,3
2024-11-12,QQQ,0.6135166339019562,0.38854512654576656,0.8384881412581459,0.6924618009445336,1,3
2024-11-12,SPY,0.8220845291589823,0.5971130218027927,1.047056036515172,0.9278674809019758,1,3
2024-11-13,DIA,0.7148866417286417,0.48991513437245204,0.9398581490848313,0.8068757455754882,1,3
2024-11-13,QQQ,0.59128970592066,0.36631819856447034,0.8162612132768496,0.6673747898858368,1,3
2024-11-13,SPY,0.8431895702153851,0.6182180628591954,1.0681610775715749,0.9516882445640419,1,3
2024-11-14,DIA,0.7501694448497951,0.5251979374936054,0.9751409522059847,0.8466986159616718,1,3
2024-11-14,QQQ,0.7369266510568713,0.5119551437006816,0.9618981584130609,0.8317517859449154,1,3
2024-11-14,SPY,0.6676967051262908,0.4427251977701011,0.8926682124824804,0.7536135735650968,1,3
2024-11-15,DIA,0.6766988661555713,0.45172735879938164,0.9016703735117609,0.7637741010785603,1,3
2024-11-15,QQQ,0.6332094380345493,0.4082379306783597,0.858180945390739,0.7146886059923044,1,3
2024-11-15,SPY,0.5637160758929354,0.3387445685367457,0.788687583249125,0.6362530819279923,1,3
2024-11-18,DIA,0.6377155441461007,0.412744036789911,0.8626870515022903,0.7197745420221182,1,3
2024-11-18,QQQ,0.6660637928049186,0.4410922854487289,0.8910353001611082,0.7517705438176383,1,3
2024-11-18,SPY,0.708113978861837,0.4831424715056474,0.9330854862180267,0.7992316002226383,1,3
2024-11-19,DIA,0.6492990760579668,0.4243275687017771,0.8742705834141564,0.7328486021628757,1,3
2024-11-19,QQQ,0.5742750347308961,0.3493035273747065,0.7992465420870858,0.6481707305278865,1,3
2024-11-19,SPY,0.5950168692962302,0.37004536194004056,0.8199883766524199,0.6715815515624473,1,3
2024-11-20,DIA,0.5902364513407123,0.3652649439845227,0.815207958696902,0.6661860062034041,1,3
2024-11-20,QQQ,0.5975728484162182,0.3726013410600285,0.8225443557724078,0.6744664251042564,1,3
2024-11-20,SPY,0.49435029395537544,0.2693787865991858,0.7193218013115651,0.5579615546405927,1,3
2024-11-21,DIA,0.7100348962625552,0.4850633889063656,0.9350064036187449,0.801399694532172,1,3
2024-11-21,QQQ,0.7230932135199192,0.4981217061637295,0.9480647208761088,0.8161383102202745,1,3
2024-11-21,SPY,0.6822007811313772,0.4572292737751875,0.9071722884875668,0.7699839831620492,1,3
2024-11-22,DIA,0.533997093893453,0.3090255865372633,0.7589686012496426,0.6027099656367256,1,3
2024-11-22,QQQ,0.5249526986805894,0.2999811913243997,0.749924206036779,0.5925017693931752,1,3
2024-11-22,SPY,0.5566501016785341,0.3316785943223445,0.7816216090347238,0.6282778829528429,1,3
2024-11-25,DIA,0.642874559304146,0.4179030519479564,0.8678460666603357,0.7255974011428558,1,3
2024-11-25,QQQ,0.6358202931636894,0.41084878580749973,0.860791800519879,0.7176354167955116,1,3
2024-11-25,SPY,0.7126077928913112,0.4876362855351215,0.9375793002475008,0.8043036624683977,1,3
2024-11-26,DIA,0.4264002775853516,0.20142877022916195,0.6513717849415412,0.48126796866470445,1,3
2024-11-26,QQQ,0.6628910744097836,0.4379195670535939,0.8878625817659732,0.7481895711554757,1,3
2024-11-26,SPY,0.7745672338697611,0.5495957265135715,0.9995387412259508,0.8742358268378978,1,3
2024-11-27,DIA,0.7613875465928579,0.5364160392366683,0.9863590539490475,0.8593602236621433,1,3
2024-11-27,QQQ,0.5475526394670531,0.3225811321108635,0.7725241468232428,0.6180097912355552,1,3
2024-11-27,SPY,0.6933587683460324,0.46838726098984274,0.918330275702222,0.782577741007596,1,3
2024-11-29,DIA,0.6707341676566387,0.4457626603004491,0.8957056750128284,0.7570418861125321,1,3
2024-11-29,QQQ,0.7511012480934959,0.5261297407373062,0.9760727554496855,0.8477503203761966,1,3
2024-11-29,SPY,0.8169968194914426,0.592025312135253,1.0419683268476323,0.922125102611984,1,3
2024-12-02,DIA,0.725546459975952,0.5005749526197624,0.9505179673321417,0.8189072318195165,1,3
2024-12-02,QQQ,0.6883734569550561,0.4634019495988665,0.9133449643112458,0.7769509372449839,1,3
2024-12-02,SPY,0.7334345051504327,0.5084629977942431,0.9584060125066224,0.8278102829604668,1,3
2024-12-03,DIA,0.6623237610500123,0.4373522536938227,0.887295268406202,0.7475492579038061,1,3
2024-12-03,QQQ,0.6343017439429675,0.4093302365867778,0.8592732512991571,0.7159214659910872,1,3
2024-12-03,SPY,0.7667464908161195,0.5417749834599298,0.9917179981723091,0.8654087380184696,1,3
2024-12-04,DIA,0.7815636952854486,0.5565921879292589,1.006535202641638,0.8821325683513808,1,3
2024-12-04,QQQ,0.7284981417731142,0.5035266344169246,0.9534696491293039,0.8222387256701049,1,3
2024-12-04,SPY,0.7339169380522115,0.5089454306960218,0.9588884454084011,0.8283547936347346,1,3
2024-12-05,DIA,0.6338907485306071,0.40891924117441747,0.8588622558867968,0.7154575851316345,1,3
2024-12-05,QQQ,0.4047925592960552,0.17982105193986553,0.6297640666522448,0.45687984502778367,1,3
2024-12-05,SPY,0.7306912982640668,0.5057197909078771,0.9556628056202564,0.8247140898404608,1,3
2024-12-06,DIA,0.8529366897011669,0.6279651823449772,1.0779081970573565,0.9626895891734283,1,3
2024-12-06,QQQ,0.6005895932652143,0.3756180859090247,0.825561100621404,0.6778713540918212,1,3
2024-12-06,SPY,0.8770427588827485,0.6520712515265589,1.102014266238938,0.9898975427263865,1,3
2024-12-09,DIA,0.5865587856331448,0.36158727827695514,0.8115302929893344,0.6620351113809809,1,3
2024-12-09,QQQ,0.30395033253199455,0.0789788251758049,0.5289218398881842,0.34306159447411144,1,3
2024-12-09,SPY,0.6652368424686522,0.4402653351124626,0.8902083498248419,0.7508371844146491,1,3
2024-12-10,DIA,0.6496432729174213,0.42467176556123165,0.874614780273611,0.7332370890660936,1,3
2024-12-10,QQQ,0.5721185150508377,0.347147007694648,0.7970900224070273,0.6457367174646576,1,3
2024-12-10,SPY,0.8446200042674378,0.6196484969112481,1.0695915116236274,0.9533027418491721,1,3
2024-12-11,DIA,0.7100134456104696,0.48504193825428,0.9349849529666593,0.8013754836854665,1,3
2024-12-11,QQQ,0.5963237018851345,0.37135219452894486,0.8212952092413242,0.6730565427819849,1,3
2024-12-11,SPY,0.6014885195793046,0.37651701222311496,0.8264600269354943,0.6788859510888292,1,3
2024-12-12,DIA,0.6347245476593752,0.4097530403031856,0.8596960550155649,0.7163986746057057,1,3
2024-12-12,QQQ,0.47689391486163213,0.2519224075054425,0.7018654222178218,0.5382589499559481,1,3
2024-12-12,SPY,0.545233337001202,0.3202618296450124,0.7702048443573917,0.6153920490690159,1,3
2024-12-13,DIA,0.7433265085703937,0.5183550012142041,0.9682980159265834,0.8389751546601479,1,3
2024-12-13,QQQ,0.7230531266702162,0.4980816193140265,0.9480246340264058,0.8160930651354543,1,3
2024-12-13,SPY,0.7536604657242418,0.5286889583680522,0.9786319730804315,0.8506388491489609,1,3
2024-12-16,DIA,0.7087671827494422,0.4837956753932525,0.9337386901056318,0.7999688560937925,1,3
2024-12-16,QQQ,0.3815727599583893,0.15660125260219965,0.6065442673145789,0.4306722034115007,1,3
2024-12-16,SPY,0.7265918711195418,0.5016203637633522,0.9515633784757315,0.8200871627997307,1,3
2024-12-17,DIA,0.5381053156438533,0.3131338082876637,0.763076823000043,0.6073468189423467,1,3
2024-12-17,QQQ,0.30179718035493047,0.07682567299874082,0.5267686877111202,0.34063138223234246,1,3
2024-12-17,SPY,0.7114133606001712,0.4864418532439816,0.9363848679563609,0.8029555348224222,1,3
2024-12-18,DIA,0.2675072868045305,0.04253577944834086,0.49247879416072016,0.3019291855354216,1,3
2024-12-18,QQQ,0.31308057691791985,0.0881090695617302,0.5380520842741094,0.35336668666098753,1,3
2024-12-18,SPY,0.4518335131655819,0.22686200580939225,0.6768050205217715,0.5099738637302119,1,3
2024-12-19,DIA,0.6252553964599735,0.4002838891037839,0.8502269038161632,0.7057110662661384,1,3
2024-12-19,QQQ,0.49023101718676215,0.2652595098305725,0.7152025245429519,0.5533122237958176,1,3
2024-12-19,SPY,0.5533513259125777,0.3283798185563881,0.7783228332687674,0.6245546322998355,1,3
2024-12-20,DIA,0.49779322982551316,0.2728217224693235,0.7227647371817028,0.5618475154139939,1,3
2024-12-20,QQQ,0.4881648441669093,0.26319333681071966,0.713136351523099,0.550980182883918,1,3
2024-12-20,SPY,0.4415082952053457,0.21653678784915603,0.6664798025615353,0.49832003296377075,1,3
2024-12-23,DIA,0.6168506514762436,0.391879144120054,0.8418221588324333,0.6962248281980713,1,3
2024-12-23,QQQ,0.5628274344209029,0.33785592706471324,0.7877989417770925,0.6352500931904188,1,3
2024-12-23,SPY,0.48899170076657134,0.2640201934103817,0.7139632081227609,0.5519134364886057,1,3
2024-12-24,DIA,0.6833040916382118,0.45833258428202217,0.9082755989944015,0.7712292637923472,1,3
2024-12-24,QQQ,0.7006569962661215,0.4756854889099319,0.9256285036223112,0.7908150792800842,1,3
2024-12-24,SPY,0.770486847796549,0.5455153404403593,0.9954583551527386,0.8696303910067039,1,3
2024-12-26,DIA,0.5547445385487972,0.3297730311926076,0.7797160459049869,0.6261271186479881,1,3
2024-12-26,QQQ,0.5075276741077872,0.28255616675159756,0.7324991814639769,0.572834553819174,1,3
2024-12-26,SPY,0.638216679762231,0.4132451724060413,0.8631881871184206,0.7203401620103751,1,3
2024-12-27,DIA,0.5833612715390244,0.35838976418283475,0.808332778895214,0.6584261523963186,1,3
2024-12-27,QQQ,0.5159525678100263,0.29098106045383665,0.740924075166216,0.5823435332721273,1,3
2024-12-27,SPY,0.5307640934075403,0.3057925860513506,0.7557356007637299,0.5990609539959305,1,3
2024-12-30,DIA,0.7791540272341283,0.5541825198779387,1.004125534590318,0.8794128326730121,1,3
2024-12-30,QQQ,0.6963299729937112,0.4713584656375216,0.9213014803499009,0.7859312698405817,1,3
2024-12-30,SPY,0.6684218508242696,0.44345034346808,0.8933933581804593,0.7544320284662722,1,3
2024-12-31,DIA,0.5990052941629087,0.37403378680671906,0.8239768015190984,0.6760831929418293,1,3
2024-12-31,QQQ,0.7597841758027362,0.5348126684465465,0.9847556831589258,0.8575505367464875,1,3
2024-12-31,SPY,0.6673926563893426,0.442421149033153,0.8923641637455323,0.7532704009038718,1,3
2025-01-02,DIA,0.7956755814708653,0.5707040741146756,1.020647088827055,0.8980603225192318,1,3
2025-01-02,QQQ,0.8575802165760431,0.6326087092198535,1.0825517239322329,0.9679306287880524,1,3
2025-01-02,SPY,0.7347973951348291,0.5098258877786395,0.9597689024910188,0.8293485448443901,1,3
2025-01-03,DIA,0.695885166380325,0.4709136590241354,0.9208566737365147,0.7854292270734304,1,3
2025-01-03,QQQ,0.5990884284419948,0.3741169210858052,0.8240599357981845,0.6761770246481515,1,3
2025-01-03,SPY,0.6079024529014829,0.3829309455452933,0.8328739602576726,0.6861252068383702,1,3
2025-01-06,DIA,0.7036461635211718,0.47867465616498217,0.9286176708773615,0.79418888208571,1,3
2025-01-06,QQQ,0.850489831247341,0.6255183238911514,1.0754613386035308,0.9599278775620956,1,3
2025-01-06,SPY,0.7596868240238185,0.5347153166676288,0.9846583313800081,0.8574406580823577,1,3
2025-01-07,DIA,0.5282548329351902,0.3032833255790005,0.7532263402913798,0.5962288106933576,1,3
2025-01-07,QQQ,0.5828638866543279,0.3578923792981382,0.8078353940105175,0.6578647657704516,1,3
2025-01-07,SPY,0.7376831010749725,0.5127115937187828,0.9626546084311621,0.8326055732962501,1,3
2025-01-08,DIA,0.42628778527318506,0.2013162779169954,0.6512592926293748,0.4811410012366497,1,3
2025-01-08,QQQ,0.5112422381825449,0.28627073082635524,0.7362137455387345,0.5770270949611663,1,3
2025-01-08,SPY,0.3877696708622956,0.16279816350610593,0.6127411782184853,0.43766651105972243,1,3
2025-01-10,DIA,0.5387681339262486,0.3137966265700589,0.7637396412824382,0.6080949263548666,1,3
2025-01-10,QQQ,0.6402912087309971,0.41531970137480745,0.8652627160871867,0.7226816340853653,1,3
2025-01-10,SPY,0.6180301175319628,0.39305861017577315,0.8430016248881524,0.6975560638059827,1,3
2025-01-13,DIA,0.5626295601166724,0.3376580527604828,0.7876010674728621,0.6350267571152474,1,3
2025-01-13,QQQ,0.6876767771959454,0.4627052698397558,0.9126482845521351,0.7761646111797764,1,3
2025-01-13,SPY,0.4799488078514424,0.25497730049525275,0.704920315207632,0.5417069358531895,1,3
2025-01-14,DIA,0.47473200538248417,0.24976049802629452,0.6997035127386738,0.5358188535532008,1,3
2025-01-14,QQQ,0.7257465753583805,0.5007750680021908,0.9507180827145701,0.8191330973469624,1,3
2025-01-14,SPY,0.605455590322684,0.3804840829664944,0.8304270976788737,0.6833634905712777,1,3
2025-01-15,DIA,0.7794840798631473,0.5545125725069576,1.0044555872193368,0.8797853553158678,1,3
2025-01-15,QQQ,0.8315959433948855,0.6066244360386959,1.0565674507510752,0.9386027905372407,1,3
2025-01-15,SPY,0.7632714803914828,0.5382999730352932,0.9882429877476725,0.8614865754494765,1,3
2025-01-16,DIA,0.4225623731784118,0.19759086582222213,0.6475338805346014,0.47693621618950227,1,3
2025-01-16,QQQ,0.7832917798020772,0.5583202724458876,1.0082632871582669,0.8840830167181323,1,3
2025-01-16,SPY,0.6586532415490778,0.43368173419288814,0.8836247489052674,0.7434064288368026,1,3
2025-01-17,DIA,0.6253148024440071,0.4003432950878174,0.8502863098001967,0.7057781164036858,1,3
2025-01-17,QQQ,0.7979820986635433,0.5730105913073537,1.0229536060197328,0.9006636342485218,1,3
2025-01-17,SPY,0.8813940399115937,0.6564225325554041,1.1063655472677834,0.9948087313252783,1,3
2025-01-21,DIA,0.5709052757852241,0.34593376842903445,0.7958767831414137,0.6443673628287445,1,3
2025-01-21,QQQ,0.7324134065427248,0.5074418991865352,0.9573849138989144,0.826657792967916,1,3
2025-01-21,SPY,0.7830554388104127,0.5580839314542231,1.0080269461666025,0.8838162641972034,1,3
2025-01-22,DIA,0.5353614276049492,0.31038992024875955,0.7603329349611389,0.6042498570214848,1,3
2025-01-22,QQQ,0.7338976658166629,0.5089261584604733,0.9588691731728526,0.8283330415155602,1,3
2025-01-22,SPY,0.8337927165061005,0.6088212091499109,1.05876422386229,0.9410822367018605,1,3
2025-01-23,DIA,0.3714495907241311,0.14647808336794144,0.5964210980803207,0.419246420291917,1,3
2025-01-23,QQQ,0.5678224493447827,0.342850941988593,0.7927939567009723,0.6408878491024899,1,3
2025-01-23,SPY,0.6467561690932772,0.4217846617370875,0.8717276764494668,0.7299784828554263,1,3
2025-01-24,DIA,0.3802361491456109,0.15526464178942123,0.6052076565018005,0.4291636022107606,1,3
2025-01-24,QQQ,0.4782083900178509,0.2532368826616613,0.7031798973740406,0.5397425671615373,1,3
2025-01-24,SPY,0.6033374809150185,0.37836597355882884,0.8283089882712081,0.6809728302794753,1,3
2025-01-27,DIA,0.17387802568626795,-0.0510934816699217,0.3988495330424576,0.19625203972975613,1,3
2025-01-27,QQQ,0.3879283322779319,0.16295682492174224,0.6128998396341215,0.4378455884694305,1,3
2025-01-27,SPY,0.522928764589731,0.2979572572335414,0.7479002719459207,0.590217402567397,1,3
2025-01-28,DIA,0.29017132939848267,0.06519982204229302,0.5151428367546723,0.32750955758088385,1,3
2025-01-28,QQQ,0.6510158927909927,0.42604438543480305,0.8759874001471823,0.7347863328471799,1,3
2025-01-28,SPY,0.6643240270226506,0.43935251966646094,0.8892955343788402,0.7498069110809855,1,3
2025-01-29,DIA,0.4289942129836031,0.20402270562741343,0.6539657203397927,0.48419568256543954,1,3
2025-01-29,QQQ,0.5542476067050959,0.3292760993489062,0.7792191140612855,0.6255662433588413,1,3
2025-01-29,SPY,0.5052431756965134,0.2802716683403238,0.7302146830527031,0.5702560941707949,1,3
2025-01-30,DIA,0.5342203489372166,0.30924884158102695,0.7591918562934062,0.6029619483559086,1,3
2025-01-30,QQQ,0.43291693267288633,0.20794542531669669,0.657888440029076,0.4886231640558204,1,3
2025-01-30,SPY,0.6387344043606493,0.4137628970044597,0.863705911716839,0.7209245055929344,1,3
2025-01-31,DIA,0.673908516996319,0.4489370096401294,0.8988800243525087,0.7606246995834598,1,3
2025-01-31,QQQ,0.5018217404988751,0.2768502331426854,0.7267932478550647,0.5663944007009643,1,3
2025-01-31,SPY,0.4818396725830643,0.25686816522687467,0.706811179939254,0.5438411104216505,1,3
2025-02-03,DIA,0.5924014566788208,0.3674299493226312,0.8173729640350105,0.6686295968293768,1,3
2025-02-03,QQQ,0.46549694127280533,0.24052543391661568,0.6904684486289949,0.5253954538084298,1,3
2025-02-03,SPY,0.4624442987559734,0.23747279139978378,0.6874158061121631,0.5219500079671308,1,3
2025-02-04,DIA,0.48035298338750526,0.2553814760313156,0.7053244907436949,0.5421631192786001,1,3
2025-02-04,QQQ,0.466592589184666,0.24162108182847636,0.6915640965408556,0.526632085847928,1,3
2025-02-04,SPY,0.4885891030774435,0.2636175957212539,0.7135606104336332,0.5514590339419355,1,3
2025-02-05,DIA,0.5831915104994747,0.35822000314328506,0.8081630178556644,0.6582345471020512,1,3
2025-02-05,QQQ,0.45915449908635597,0.23418299173016632,0.6841260064425456,0.5182368884230336,1,3
2025-02-05,SPY,0.6757600033791346,0.4507884960229449,0.9007315107353242,0.7627144287354057,1,3
2025-02-06,DIA,0.6591074963285705,0.4341359889723808,0.8840790036847601,0.7439191355269124,1,3
2025-02-06,QQQ,0.5218893993531007,0.2969178919969111,0.7468609067092904,0.5890442954602291,1,3
2025-02-06,SPY,0.6482078599300903,0.4232363525739007,0.87317936728628,0.7316169721737696,1,3
2025-02-07,DIA,0.6233932233060994,0.3984217159499097,0.848364730662289,0.7036092752069438,1,3
2025-02-07,QQQ,0.31873211785071415,0.0937606104945245,0.5437036252069039,0.3597454480444317,1,3
2025-02-07,SPY,0.3234796634351937,0.09850815607900404,0.5484511707913833,0.3651038911311115,1,3
2025-02-10,DIA,0.4920033931416803,0.26703188578549064,0.7169749004978699,0.5553126628676774,1,3
2025-02-10,QQQ,0.5251183294194315,0.30014682206324184,0.7500898367756211,0.5926887129141372,1,3
2025-02-10,SPY,0.5537685528966234,0.32879704554043376,0.7787400602528131,0.6250255465877457,1,3
2025-02-11,DIA,0.47192076273945904,0.2469492553832694,0.6968922700956487,0.5326458700741704,1,3
2025-02-11,QQQ,0.5693308212071686,0.34435931385097895,0.7943023285633583,0.6425903129618296,1,3
2025-02-11,SPY,0.6478202897115285,0.42284878235533885,0.8727917970677181,0.7311795307798323,1,3
2025-02-12,DIA,0.6447977054342817,0.41982619807809207,0.8697692127904714,0.7277680109668856,1,3
2025-02-12,QQQ,0.544919559315246,0.3199480519590564,0.7698910666714357,0.6150378955717727,1,3
2025-02-12,SPY,0.7136267021117971,0.4886551947556075,0.9385982094679868,0.8054536813510633,1,3
2025-02-13,DIA,0.6939491388499266,0.46897763149373695,0.9189206462061162,0.783244078315765,1,3
2025-02-13,QQQ,0.3386991802634829,0.11372767290729324,0.5636706876196725,0.38228180196524053,1,3
2025-02-13,SPY,0.6600701255324819,0.43509861817629225,0.8850416328886715,0.7450056324780103,1,3
2025-02-14,DIA,0.808363306234775,0.5833917988785854,1.0333348135909648,0.9123806591725807,1,3
2025-02-14,QQQ,0.3703148632116204,0.14534335585543073,0.59528637056781,0.4179656800259245,1,3
2025-02-14,SPY,0.439356653074315,0.21438514571812534,0.6643281604305047,0.4958915250754584,1,3
2025-02-18,DIA,0.649721850305709,0.4247503429495193,0.8746933576618986,0.7333257775169042,1,3
2025-02-18,QQQ,0.3447072700003656,0.11973576264417596,0.5696787773565553,0.38906299160141755,1,3
2025-02-18,SPY,0.4315716396735603,0.20660013231737068,0.65654314702975,0.48710476347524173,1,3
2025-02-19,DIA,0.6730353002432092,0.4480637928870196,0.8980068075993989,0.7596391203635,1,3
2025-02-19,QQQ,0.4972813160456638,0.27230980868947413,0.7222528234018535,0.5612697303657411,1,3
2025-02-19,SPY,0.5220368762943643,0.2970653689381747,0.747008383650554,0.5892107492166588,1,3
2025-02-20,DIA,0.7008571762112499,0.47588566885506023,0.9258286835674395,0.7910410176779316,1,3
2025-02-20,QQQ,0.32083740487243123,0.09586589751624158,0.5458089122286209,0.36212163601066755,1,3
2025-02-20,SPY,0.5129339971249426,0.28796248976875294,0.7379055044811322,0.5789365435062956,1,3
2025-02-21,DIA,0.29722822920319464,0.07225672184700499,0.5221997365593842,0.3354745144831558,1,3
2025-02-21,QQQ,0.23081977635163844,0.0058482689954487965,0.45579128370782807,0.2605208550084927,1,3
2025-02-21,SPY,0.2355740512282761,0.01060254387208645,0.4605455585844658,0.265886893289026,1,3
2025-02-24,DIA,0.47206574703907966,0.24709423968289002,0.6970372543952693,0.5328095104445797,1,3
2025-02-24,QQQ,0.45896610286947614,0.2339945955132865,0.6839376102256658,0.5180242500422255,1,3
2025-02-24,SPY,0.5571572861315872,0.33218577877539757,0.7821287934877769,0.6288503301211269,1,3
2025-02-25,DIA,0.4920710503795054,0.26709954302331573,0.717042557735695,0.5553890260013928,1,3
2025-02-25,QQQ,0.6173490869382661,0.3923775795820764,0.8423205942944557,0.6967874005858671,1,3
2025-02-25,SPY,0.45975949455835513,0.23478798720216548,0.6847310019145447,0.5189197325888706,1,3
2025-02-26,DIA,0.5838959029954264,0.3589243956392367,0.808867410351616,0.659029578352005,1,3
2025-02-26,QQQ,0.6961102081371345,0.4711387007809449,0.9210817154933242,0.7856832264136226,1,3
2025-02-26,SPY,0.45085950462948765,0.225887997273298,0.6758310119856773,0.5088745231944066,1,3
2025-02-27,DIA,0.6265105914770154,0.40153908412082573,0.851482098833205,0.7071277753723113,1,3
2025-02-27,QQQ,0.6403234371539738,0.4153519297977841,0.8652949445101634,0.7227180095486906,1,3
2025-02-27,SPY,0.5575268707242863,0.33255536336809666,0.782498378080476,0.6292674715619938,1,3
2025-02-28,DIA,0.5221242433405527,0.2971527359843631,0.7470957506967424,0.5893093583476975,1,3
2025-02-28,QQQ,0.2906270192638809,0.06565551190769126,0.5155985266200706,0.32802388401871646,1,3
2025-02-28,SPY,0.4365115509811508,0.21154004362496115,0.6614830583373404,0.4926803252310898,1,3
2025-03-03,DIA,0.36298043102394195,0.1380089236677523,0.5879519383801316,0.4096874788477686,1,3
2025-03-03,QQQ,0.42488895364123896,0.19991744628504932,0.6498604609974286,0.4795621728601231,1,3
2025-03-03,SPY,0.264592982482962,0.03962147512677233,0.48956448983915163,0.29863987876279335,1,3
2025-03-04,DIA,0.4173794884411064,0.19240798108491675,0.642350995797296,0.4710864160358263,1,3
2025-03-04,QQQ,0.6053845576374692,0.3804130502812796,0.8303560649936589,0.68328331764945,1,3
2025-03-04,SPY,0.6369287738427787,0.41195726648658904,0.8619002811989683,0.718886532877683,1,3
2025-03-05,DIA,0.6713055341435068,0.44633402678731715,0.8962770414996964,0.7576867740334671,1,3
2025-03-05,QQQ,0.5355748708567823,0.3106033635005927,0.760546378212972,0.6044907654017904,1,3
2025-03-05,SPY,0.5356640527979546,0.31069254544176494,0.7606355601541442,0.6045914229621292,1,3
2025-03-06,DIA,0.5457608860001547,0.32078937864396506,0.7707323933563444,0.6159874812214874,1,3
2025-03-06,QQQ,0.5088781067342368,0.2839065993780472,0.7338496140904265,0.5743587553760547,1,3
2025-03-06,SPY,0.4666173496702961,0.24164584231410646,0.6915888570264858,0.526660032425941,1,3
2025-03-07,DIA,0.43759173111743727,0.21262022376124762,0.6625632384736269,0.4938994991559439,1,3
2025-03-07,QQQ,0.5908985608378967,0.36592705348170707,0.8158700681940864,0.6669333136267201,1,3
2025-03-07,SPY,0.6637326864403365,0.4387611790841468,0.8887041937965261,0.7491394788681105,1,3
2025-03-10,DIA,0.4418317059882353,0.21686019863204564,0.6668032133444249,0.4986850591110494,1,3
2025-03-10,QQQ,0.4195793670548407,0.19460785969865108,0.6445508744110304,0.4735693673081291,1,3
2025-03-10,SPY,0.3374341988210332,0.11246269146484356,0.5624057061772229,0.38085404715078813,1,3
2025-03-11,DIA,0.5749950666048668,0.3500235592486771,0.7999665739610564,0.6489834135761295,1,3
2025-03-11,QQQ,0.540490117928362,0.31551861057217234,0.7654616252845516,0.6100384892143077,1,3
2025-03-11,SPY,0.5368448028143552,0.31187329545816556,0.7618163101705449,0.6059241077462758,1,3
2025-03-12,DIA,0.8050480881677654,0.5800765808115758,1.030019595523955,0.9086388504809323,1,3
2025-03-12,QQQ,0.49366868345471815,0.2686971760985285,0.7186401908109078,0.5571922368931244,1,3
2025-03-12,SPY,0.6718278756423093,0.44685636828611963,0.8967993829984989,0.7582763286029469,1,3
2025-03-13,DIA,0.6819734027962513,0.45700189544006165,0.9069449101524409,0.7697273465808442,1,3
2025-03-13,QQQ,0.5570905829951053,0.33211907563891563,0.7820620903512949,0.6287750438591665,1,3
2025-03-13,SPY,0.6606978449376372,0.4357263375814475,0.8856693522938268,0.745714124612962,1,3
2025-03-14,DIA,0.6608518585074773,0.43588035115128765,0.885823365863667,0.7458879561083905,1,3
2025-03-14,QQQ,0.47566973977999144,0.2506982324238018,0.7006412471361811,0.5368772523215857,1,3
2025-03-14,SPY,0.6575965856323271,0.4326250782761375,0.8825680929885168,0.7422138061454857,1,3
2025-03-17,DIA,0.7130070704622381,0.48803556310604845,0.9379785778184278,0.8047543176757103,1,3
2025-03-17,QQQ,0.6400754914971152,0.41510398414092553,0.8650469988533048,0.7224381591149824,1,3
2025-03-17,SPY,0.7027416286167676,0.47777012126057794,0.9277131359729572,0.7931679548046723,1,3
2025-03-18,DIA,0.5612662966650954,0.3362947893089058,0.7862378040212851,0.6334880737076973,1,3
2025-03-18,QQQ,0.5101126514451915,0.2851411440890018,0.7350841588013811,0.5757521569672344,1,3
2025-03-18,SPY,0.6479464877560952,0.42297498039990555,0.8729179951122849,0.731321967545826,1,3
2025-03-19,DIA,0.6415758030618574,0.4166042957056677,0.866547310418047,0.7241315255058688,1,3
2025-03-19,QQQ,0.6665056095787064,0.44153410222251677,0.8914771169348961,0.7522692120231258,1,3
2025-03-19,SPY,0.6424978100226744,0.4175263026664847,0.867469317378864,0.7251721730862125,1,3
2025-03-20,DIA,0.5820470219732463,0.35707551461705667,0.807018529329436,0.6569427898093564,1,3
2025-03-20,QQQ,0.3928586296573061,0.16788712230111646,0.6178301370134958,0.44341029921052366,1,3
2025-03-20,SPY,0.6197097163629621,0.3947382090067725,0.8446812237191518,0.6994517875192602,1,3
2025-03-21,DIA,0.7908945810134379,0.5659230736572483,1.0158660883696276,0.8926641197039781,1,3
2025-03-21,QQQ,0.5407141203900006,0.3157426130338109,0.7656856277461902,0.6102913155264742,1,3
2025-03-21,SPY,0.7226638062705248,0.4976922989143352,0.9476353136267145,0.8156536483532228,1,3
2025-03-24,DIA,0.812304775437128,0.5873332680809383,1.0372762827933175,0.9168293027975638,1,3
2025-03-24,QQQ,0.5925545675852172,0.36758306022902754,0.8175260749414068,0.6688024095097977,1,3
2025-03-24,SPY,0.777063966625343,0.5520924592691534,1.0020354739815327,0.8770538304010803,1,3
2025-03-25,DIA,0.6391095048999031,0.4141379975437135,0.8640810122560928,0.7213478727529983,1,3
2025-03-25,QQQ,0.5838622931844266,0.35889078582823697,0.8088338005406163,0.6589916437484943,1,3
2025-03-25,SPY,0.6262456222460551,0.4012741148898654,0.8512171296022447,0.7068287108307376,1,3
2025-03-26,DIA,0.7452619025350931,0.5202903951789034,0.9702334098912827,0.8411595883271039,1,3
2025-03-26,QQQ,0.5929285110181239,0.3679570036619343,0.8179000183743136,0.6692244706711311,1,3
2025-03-26,SPY,0.558374185171845,0.33340267781565536,0.7833456925280347,0.6302238154586396,1,3
2025-03-27,DIA,0.8460771966595194,0.6211056893033298,1.071048704015709,0.9549474406436057,1,3
2025-03-27,QQQ,0.7306669645515397,0.50569545719535,0.9556384719077293,0.8246866249512156,1,3
2025-03-27,SPY,0.8026797758980997,0.57770826854191,1.0276512832542894,0.905965792101045,1,3
2025-03-28,DIA,0.4228405865656802,0.19786907920949054,0.6478120939218699,0.4772502290989314,1,3
2025-03-28,QQQ,0.24150697170874014,0.01653546435255049,0.4664784790649298,0.2725832411527082,1,3
2025-03-28,SPY,0.3313696847161631,0.10639817735997348,0.5563411920723528,0.37400917265699735,1,3
2025-03-31,DIA,0.8440035606918435,0.6190320533356538,1.068975068048033,0.9526069764779518,1,3
2025-03-31,QQQ,0.8352496555524216,0.6102781481962319,1.0602211629086113,0.9427266495508898,1,3
2025-03-31,SPY,0.7870952438064283,0.5621237364502386,1.0120667511626178,0.8883758971206246,1,3
2025-04-01,DIA,0.7909511481282351,0.5659796407720454,1.0159226554844247,0.89272796567656,1,3
2025-04-01,QQQ,0.8396639836470184,0.6146924762908288,1.064635491003208,0.9477089978906631,1,3
2025-04-01,SPY,0.7916998406401629,0.5667283332839732,1.0166713479963525,0.8935729973130553,1,3
2025-04-02,DIA,0.7346781060481111,0.5097065986919215,0.9596496134043008,0.829213906056691,1,3
2025-04-02,QQQ,0.699620802181603,0.4746492948254134,0.9245923095377927,0.7896455513777512,1,3
2025-04-02,SPY,0.8151152700287093,0.5901437626725197,1.040086777384899,0.920001441968516,1,3
2025-04-03,DIA,0.32614514725346383,0.10117363989727418,0.5511166546096535,0.36811236005142245,1,3
2025-04-03,QQQ,0.304313335745569,0.07934182838937937,0.5292848431017587,0.3434713076670883,1,3
2025-04-03,SPY,0.2795537563714697,0.05458224901528003,0.5045252637276594,0.31552575252382253,1,3
2025-04-04,DIA,0.46682822304563004,0.2418567156894404,0.6917997304018197,0.5268980402470594,1,3
2025-04-04,QQQ,0.5735854811503952,0.34861397379420556,0.7985569885065849,0.64739244761294,1,3
2025-04-04,SPY,0.49894907494899715,0.2739775675928075,0.7239205823051869,0.563152090631018,1,3
2025-04-07,DIA,0.6434103568830422,0.4184388495268525,0.8683818642392318,0.7262021432735857,1,3
2025-04-07,QQQ,0.7504640647694684,0.5254925574132787,0.975435572125658,0.8470311465385099,1,3
2025-04-07,SPY,0.7824392807295788,0.5574677733733892,1.0074107880857683,0.8831208210572075,1,3
2025-04-08,DIA,0.5249520067988,0.2999804994426104,0.7499235141549897,0.5925009884824657,1,3
2025-04-08,QQQ,0.6414974387241397,0.41652593136795,0.8664689460803293,0.7240430775202279,1,3
2025-04-08,SPY,0.5616918961327044,0.3367203887765148,0.7866634034888941,0.6339684378209688,1,3
2025-04-09,DIA,0.39857784485405084,0.1736063374978612,0.6235493522102404,0.4498654429446708,1,3
2025-04-09,QQQ,0.48890382501963064,0.263932317663441,0.7138753323758202,0.5518142531989875,1,3
2025-04-09,SPY,0.48344588742208405,0.2584743800658944,0.7084173947782737,0.5456540073484341,1,3
2025-04-10,DIA,0.382778109665749,0.15780660230955934,0.6077496170219386,0.4320326532884956,1,3
2025-04-10,QQQ,0.36482884365839635,0.1398573363022067,0.5898003510145859,0.41177373873220313,1,3
2025-04-10,SPY,0.38794375414963406,0.1629722467934444,0.6129152615058238,0.43786299477345336,1,3
2025-04-11,DIA,0.5784674903601261,0.3534959830039365,0.8034389977163158,0.6529026566322089,1,3
2025-04-11,QQQ,0.5147892195031248,0.2898177121469352,0.7397607268593145,0.5810304893883791,1,3
2025-04-11,SPY,0.6907165023863037,0.465744995030114,0.9156880097424933,0.7795954775383703,1,3
2025-04-14,DIA,0.49855717952565237,0.2735856721694627,0.723528686881842,0.5627097674801277,1,3
2025-04-14,QQQ,0.6224023637756774,0.3974308564194877,0.847373871131867,0.7024909153500069,1,3
2025-04-14,SPY,0.7049579333999213,0.47998642604373165,0.929929440756111,0.7956694459082204,1,3
2025-04-15,DIA,0.5099018880617497,0.2849303807055601,0.7348733954179394,0.5755142732913787,1,3
2025-04-15,QQQ,0.40469889983535184,0.1797273924791622,0.6296704071915415,0.4567741337964163,1,3
2025-04-15,SPY,0.5301810107806006,0.305209503424411,0.7551525181367903,0.5984028423431427,1,3
2025-04-16,DIA,0.36430030320889617,0.13932879585270652,0.5892718105650858,0.41117718755280763,1,3
2025-04-16,QQQ,0.4086710769179367,0.18369956956174704,0.6336425842741263,0.46125743668387625,1,3
2025-04-16,SPY,0.3449707106837341,0.11999920332754443,0.5699422180399237,0.3893603309072603,1,3
2025-04-17,DIA,0.7416479437920988,0.5166764364359091,0.9666194511482884,0.8370805980578474,1,3
2025-04-17,QQQ,0.7225594371543254,0.4975879297981357,0.947530944510515,0.8155358493854804,1,3
2025-04-17,SPY,0.8154572988667019,0.5904857915105123,1.0404288062228915,0.9203874818768802,1,3
2025-04-21,DIA,0.4998802741177506,0.27490876676156095,0.7248517814739402,0.5642031132403516,1,3
2025-04-21,QQQ,0.599159105200812,0.3741875978446223,0.8241306125570016,0.6762567958442219,1,3
2025-04-21,SPY,0.49502924870460746,0.2700577413484178,0.720000756060797,0.558727874903864,1,3
2025-04-22,DIA,0.5849458673946993,0.3599743600385097,0.809917374750889,0.660214648484862,1,3
2025-04-22,QQQ,0.6739856193616857,0.449014112005496,0.8989571267178753,0.7607117232105768,1,3
2025-04-22,SPY,0.7516259671125614,0.5266544597563717,0.976597474468751,0.8483425583969019,1,3
2025-04-23,DIA,0.4245389166443922,0.19956740928820255,0.6495104240005818,0.47916709433113175,1,3
2025-04-23,QQQ,0.46565564764148526,0.2406841402852956,0.6906271549976749,0.5255745819555813,1,3
2025-04-23,SPY,0.5190646705176708,0.29409316316148115,0.7440361778738604,0.5858560904328909,1,3
2025-04-24,DIA,0.4559057371970675,0.23093422984087786,0.6808772445532572,0.514570087256798,1,3
2025-04-24,QQQ,0.4184602386558454,0.19348873129965577,0.6434317460120351,0.4723062333948271,1,3
2025-04-24,SPY,0.3860093714387206,0.16103786408253096,0.6109808787949103,0.4356797024848711,1,3
2025-04-25,DIA,0.37344007243635335,0.1484685650801637,0.598411579792543,0.42149303020439227,1,3
2025-04-25,QQQ,0.31360912316592493,0.08863761580973528,0.5385806305221146,0.3539632443850191,1,3
2025-04-25,SPY,0.46048669153057836,0.23551518417438871,0.6854581988867681,0.51974050271506,1,3
2025-04-28,DIA,0.4821088109126042,0.25713730355641456,0.7070803182687939,0.5441448805267756,1,3
2025-04-28,QQQ,0.3942873115150582,0.16931580415886854,0.6192588188712478,0.4450228188351406,1,3
2025-04-28,SPY,0.45582813112723736,0.2308566237710477,0.680799638483427,0.514482495110295,1,3
2025-04-29,DIA,0.49811125154425595,0.2731397441880663,0.7230827589004456,0.5622064590512665,1,3
2025-04-29,QQQ,0.3371560256491112,0.11218451829292153,0.5621275330053008,0.3805400796314749,1,3
2025-04-29,SPY,0.3924407111319196,0.16746920377572994,0.6174122184881092,0.44293860439616034,1,3
2025-04-30,DIA,0.7227056742027691,0.49773416684657945,0.9476771815589587,0.8157009037040343,1,3
2025-04-30,QQQ,0.6810226430344728,0.45605113567828315,0.9059941503906624,0.7686542463900319,1,3
2025-04-30,SPY,0.6532201174311152,0.42824861007492554,0.8781916247873048,0.7372741893772922,1,3
2025-05-01,DIA,0.6087798366654263,0.3838083293092367,0.833751344021616,0.6871154892654915,1,3
2025-05-01,QQQ,0.492188321021986,0.26721681366579636,0.7171598283781757,0.5555213866185347,1,3
2025-05-01,SPY,0.7000183407778107,0.475046833421621,0.9249898481340003,0.7900942438451813,1,3
2025-05-02,DIA,0.2420960634323869,0.017124556076197256,0.4670675707885765,0.2732481351316759,1,3
2025-05-02,QQQ,0.178847614816914,-0.04612389253927565,0.4038191221731037,0.20186109814676312,1,3
2025-05-02,SPY,0.2402471087326206,0.015275601376430942,0.4652186160888102,0.27116126343086777,1,3
2025-05-05,DIA,0.3667453766180569,0.14177386926186725,0.5917168839742466,0.4139368844261928,1,3
2025-05-05,QQQ,0.2625912888555978,0.037619781499408145,0.48756279621178744,0.2963806142252889,1,3
2025-05-05,SPY,0.35858912443578017,0.13361761707959052,0.5835606317919698,0.4047311143410745,1,3
2025-05-06,DIA,0.3974259374568713,0.17245443010068168,0.6223974448130609,0.44856531214675066,1,3
2025-05-06,QQQ,0.4119016993156338,0.18693019195944416,0.6368732066718235,0.4649037642324111,1,3
2025-05-06,SPY,0.4697185582880367,0.24474705093184707,0.6946900656442263,0.5301602936835494,1,3
2025-05-07,DIA,0.42624870295472717,0.20127719559853752,0.6512202103109168,0.48109688994262945,1,3
2025-05-07,QQQ,0.2181696195531255,-0.006801887803064149,0.4431411269093152,0.24624292043446633,1,3
2025-05-07,SPY,0.3339174252931013,0.10894591793691166,0.558888932649291,0.3768847475489538,1,3
2025-05-08,DIA,0.4448736201611646,0.21990211280497496,0.6698451275173543,0.5021183961228083,1,3
2025-05-08,QQQ,0.27671696398412243,0.051745456627932784,0.501688471340312,0.3123239316490488,1,3
2025-05-08,SPY,0.3409900607784096,0.11601855342221995,0.5659615681345993,0.38486746494396973,1,3
2025-05-09,DIA,0.8020607809935208,0.5770892736373312,1.0270322883497105,0.9052671471047815,1,3
2025-05-09,QQQ,0.6541927484257273,0.42922124106953763,0.8791642557819169,0.7383719751144124,1,3
2025-05-09,SPY,0.703278464187035,0.47830695683084534,0.9282499715432246,0.7937738684918598,1,3
2025-05-12,DIA,0.4116221356107248,0.18665062825453516,0.6365936429669145,0.46458822725120685,1,3
2025-05-12,QQQ,0.5156177496049921,0.2906462422488024,0.7405892569611817,0.5819656318356617,1,3
2025-05-12,SPY,0.5024891292326292,0.2775176218764396,0.7274606365888189,0.567147666674482,1,3
2025-05-13,DIA,0.37282506885131955,0.1478535614951299,0.5977965762075093,0.4207988901166633,1,3
2025-05-13,QQQ,0.38299251003363627,0.15802100267744662,0.607964017389826,0.43227464194318965,1,3
2025-05-13,SPY,0.33831800115660315,0.1133464938004135,0.5632895085127928,0.3818515740688041,1,3
2025-05-14,DIA,0.39354351242051616,0.1685720050643265,0.6185150197767058,0.44418331028380476,1,3
2025-05-14,QQQ,0.3920206738703713,0.16704916651418167,0.616992181226561,0.4424645182141025,1,3
2025-05-14,SPY,0.33089555618484606,0.10592404882865641,0.5558670635410357,0.37347403493043424,1,3
2025-05-15,DIA,0.2851771611244796,0.06020565376828996,0.5101486684806693,0.3218727572626241,1,3
2025-05-15,QQQ,0.3547392247761839,0.12976771741999427,0.5797107321323736,0.4003858231062067,1,3
2025-05-15,SPY,0.3391228801945161,0.11415137283832644,0.5640943875507057,0.3827600221162368,1,3
2025-05-16,DIA,0.3876634109425408,0.16269190358635116,0.6126349182987305,0.43754657798645974,1,3
2025-05-16,QQQ,0.26086979756048617,0.035898290204296524,0.4858413049166758,0.29443760747265724,1,3
2025-05-16,SPY,0.3047515720116786,0.07978006465548892,0.5297230793678682,0.34396593463773695,1,3
2025-05-19,DIA,0.669033973774572,0.4440624664183823,0.8940054811307616,0.7551229172493032,1,3
2025-05-19,QQQ,0.45859557911843923,0.23362407176224959,0.6835670864746288,0.5176060485954221,1,3
2025-05-19,SPY,0.43198866680396136,0.20701715944777171,0.656960174160151,0.48757545219304177,1,3
2025-05-20,DIA,0.5942821883555237,0.36931068099933406,0.8192536957117134,0.6707523344569782,1,3
2025-05-20,QQQ,0.47057427237270183,0.24560276501651218,0.6955457797288915,0.5311261180531222,1,3
2025-05-20,SPY,0.439150585580681,0.21417907822449134,0.6641220929368706,0.49565894154002865,1,3
2025-05-21,DIA,0.3980086618340541,0.17303715447786444,0.6229801691902437,0.44922301945146037,1,3
2025-05-21,QQQ,0.4319626746866928,0.20699116733050316,0.6569341820428825,0.4875461155013539,1,3
2025-05-21,SPY,0.36814237502884256,0.1431708676726529,0.5931138823850322,0.41551364368909477,1,3
2025-05-22,DIA,0.6916777259418981,0.4667062185857085,0.9166492332980878,0.7806803879672596,1,3
2025-05-22,QQQ,0.7425284044316134,0.5175568970754237,0.967499911787803,0.8380743532820888,1,3
2025-05-22,SPY,0.5923201833250019,0.36734867596881227,0.8172916906811916,0.6685378655056533,1,3
2025-05-23,DIA,0.7581582962176598,0.5331867888614702,0.9831298035738495,0.8557154446831469,1,3
2025-05-23,QQQ,0.6112721445730604,0.3863006372168708,0.8362436519292501,0.6899284986068233,1,3
2025-05-23,SPY,0.6950545894579123,0.47008308210172267,0.920026096814102,0.7844917744279186,1,3
2025-05-27,DIA,0.6405475273985843,0.4155760200423947,0.865519034754774,0.7229709349394339,1,3
2025-05-27,QQQ,0.7021429963789362,0.47717148902274653,0.9271145037351258,0.7924922926716412,1,3
2025-05-27,SPY,0.6409171611962159,0.41594565384002624,0.8658886685524055,0.7233881319167514,1,3
2025-05-28,DIA,0.7075145797636385,0.48254307240744887,0.9324860871198282,0.7985550725523399,1,3
2025-05-28,QQQ,0.4503721363552099,0.22540062899902025,0.6753436437113995,0.5083244420812293,1,3
2025-05-28,SPY,0.5977910077151611,0.3728195003589715,0.8227625150713508,0.6747126563760607,1,3
2025-05-29,DIA,0.6524742438659888,0.4275027365097992,0.8774457512221785,0.7364323394197785,1,3
2025-05-29,QQQ,0.33105245302524156,0.10608094566905191,0.5560239603814312,0.3736511207055529,1,3
2025-05-29,SPY,0.4814216066570552,0.25645009930086554,0.7063931140132449,0.5433692492396697,1,3
2025-05-30,DIA,0.5760796291487388,0.35110812179254913,0.8010511365049284,0.6502075338213952,1,3
2025-05-30,QQQ,0.38854951220631684,0.1635780048501272,0.6135210195625065,0.43854669965069437,1,3
2025-05-30,SPY,0.2341451869488141,0.00917367959262444,0.45911669430500374,0.26427416776931384,1,3
2025-06-02,DIA,0.40313171698849404,0.1781602096323044,0.6281032243446837,0.4550052913615461,1,3
2025-06-02,QQQ,0.3971059209124634,0.17213441355627374,0.622077428268653,0.4482041169966478,1,3
2025-06-02,SPY,0.5193425199034749,0.29437101254728526,0.7443140272596646,0.586169692502425,1,3
2025-06-03,DIA,0.6608079892521254,0.4358364818959357,0.885779496608315,0.7458384419112385,1,3
2025-06-03,QQQ,0.37938319686301064,0.154411689506821,0.6043547042192003,0.4282008950222485,1,3
2025-06-03,SPY,0.6465613719211621,0.4215898645649725,0.8715328792773518,0.7297586198669302,1,3
2025-06-04,DIA,0.5368569819515021,0.31188547459531246,0.7618284893076918,0.6059378540520428,1,3
2025-06-04,QQQ,0.26878142912727404,0.04380992177108439,0.4937529364834637,0.30336728002008984,1,3
2025-06-04,SPY,0.32808991695305506,0.10311840959686541,0.5530614243092447,0.3703073758899279,1,3
2025-06-05,DIA,0.4326033187055717,0.20763181134938208,0.6575748260617613,0.48826919534395874,1,3
2025-06-05,QQQ,0.48614184118281006,0.2611703338266204,0.7111133485389998,0.5486968669764484,1,3
2025-06-05,SPY,0.45585031883571125,0.2308788114795216,0.6808218261919009,0.5145075378552176,1,3
2025-06-06,DIA,0.7537748362459238,0.5288033288897341,0.9787463436021134,0.8507679364679389,1,3
2025-06-06,QQQ,0.5622948641348201,0.33732335677863046,0.7872663714910098,0.6346489936292139,1,3
2025-06-06,SPY,0.5207402938826159,0.29576878652642624,0.7457118012388055,0.5877473271310959,1,3
2025-06-09,DIA,0.6931260194027817,0.4681545120465921,0.9180975267589714,0.7823150427472633,1,3
2025-06-09,QQQ,0.7516589061464708,0.5266873987902811,0.9766304135026604,0.8483797359100808,1,3
2025-06-09,SPY,0.5377944065755845,0.3128228992193949,0.7627659139317742,0.6069959031864459,1,3
2025-06-10,DIA,0.5566727422277693,0.33170123487157965,0.781644249583959,0.6283034368084868,1,3
2025-06-10,QQQ,0.641556862775916,0.4165853554197263,0.8665283701321056,0.7241101480504117,1,3
2025-06-10,SPY,0.7229769028442545,0.4980053954880649,0.9479484102004442,0.8160070330951092,1,3
2025-06-11,DIA,0.655977457348492,0.43100594999230235,0.8809489647046816,0.7403863341171333,1,3
2025-06-11,QQQ,0.5865221240895651,0.3615506167333754,0.8114936314457547,0.6619937323586532,1,3
2025-06-11,SPY,0.612921878861308,0.38795037150511835,0.8378933862174976,0.6917905149128105,1,3
2025-06-12,DIA,0.4566892164731939,0.23171770911700423,0.6816607238293835,0.5154543818962094,1,3
2025-06-12,QQQ,0.40618415981281847,0.18121265245662882,0.6311556671690082,0.45845051181460666,1,3
2025-06-12,SPY,0.4737782227618155,0.24880671540562588,0.6987497301180052,0.5347423415326262,1,3
2025-06-13,DIA,0.21445349077372403,-0.010518016582465622,0.43942499812991365,0.2420486132471287,1,3
2025-06-13,QQQ,0.2342397014758453,0.009268194119655654,0.4592112088320349,0.2643808440939429,1,3
2025-06-13,SPY,0.23439526137701042,0.009423754020820768,0.45936676873320004,0.2645564208971837,1,3
2025-06-16,DIA,0.6486426400715786,0.4236711327153889,0.8736141474277682,0.7321076982978114,1,3
2025-06-16,QQQ,0.5927791561602384,0.3678076488040487,0.817750663516428,0.6690558973543598,1,3
2025-06-16,SPY,0.5723768001711763,0.34740529281498667,0.797348307527366,0.6460282378077156,1,3
2025-06-17,DIA,0.42913043079030355,0.2041589234341139,0.6541019381464932,0.4843494284013896,1,3
2025-06-17,QQQ,0.2959647566100317,0.07099324925384204,0.5209362639662214,0.3340484626714203,1,3
2025-06-17,SPY,0.49976280912985604,0.2747913017736664,0.7247343164860457,0.56407053327011,1,3
2025-06-18,DIA,0.440688871445294,0.21571736408910436,0.6656603788014837,0.49739516863040556,1,3
2025-06-18,QQQ,0.4096580367469922,0.18468652939080255,0.6346295441031818,0.46237139503956265,1,3
2025-06-18,SPY,0.44836221702322276,0.22339070966703312,0.6733337243794124,0.5060558933843027,1,3
2025-06-20,DIA,0.5417233741363302,0.31675186678014056,0.7666948814925199,0.6114304365024593,1,3
2025-06-20,QQQ,0.5688699914471953,0.34389848409100565,0.793841498803385,0.6420701852458286,1,3
2025-06-20,SPY,0.5504408713940784,0.32546936403788873,0.775412378750268,0.621269670709423,1,3
2025-06-23,DIA,0.4548349789585327,0.22986347160234305,0.6798064863147224,0.5133615476064279,1,3
2025-06-23,QQQ,0.691513247541151,0.4665417401849613,0.9164847548973406,0.7804947450632138,1,3
2025-06-23,SPY,0.6304206579883802,0.40544915063219056,0.8553921653445699,0.7115409755182511,1,3
2025-06-24,DIA,0.5022716949436481,0.27730018758745845,0.7272432022998377,0.5669022537043766,1,3
2025-06-24,QQQ,0.6880401821133508,0.4630686747571612,0.9130116894695405,0.7765747777664234,1,3
2025-06-24,SPY,0.6626403143677505,0.43766880701156086,0.8876118217239402,0.7479065441913869,1,3
2025-06-25,DIA,0.4269939369440156,0.20202242958782596,0.6519654443002052,0.48193801802593134,1,3
2025-06-25,QQQ,0.4036479746697119,0.17867646731352227,0.6286194820259016,0.45558797926914846,1,3
2025-06-25,SPY,0.36491445280456614,0.1399429454483765,0.5898859601607558,0.4118703637628189,1,3
2025-06-26,DIA,0.5510333882702183,0.32606188091402866,0.776004895626408,0.6219384305774845,1,3
2025-06-26,QQQ,0.5525333594532641,0.32756185209707445,0.7775048668094537,0.6236314127875525,1,3
2025-06-26,SPY,0.5466462967341054,0.3216747893779157,0.771617804090295,0.6169868235009424,1,3
2025-06-27,DIA,0.6722652095397227,0.44729370218353304,0.8972367168959123,0.7587699370912627,1,3
2025-06-27,QQQ,0.3358892790900942,0.11091777173390455,0.5608607864462838,0.3791103325714509,1,3
2025-06-27,SPY,0.7593688309796146,0.534397323623425,0.9843403383358043,0.8570817468093629,1,3
2025-06-30,DIA,0.5130964666084007,0.28812495925221104,0.7380679739645903,0.5791199189926266,1,3
2025-06-30,QQQ,0.5082626755439033,0.2832911681877136,0.7332341829000929,0.5736641326602769,1,3
2025-06-30,SPY,0.4752642971170409,0.25029278976085123,0.7002358044732305,0.5364196387198471,1,3
2025-07-01,DIA,0.5144377730226604,0.2894662656664707,0.73940928037885,0.5806338200083653,1,3
2025-07-01,QQQ,0.5941891786963611,0.36921767134017147,0.8191606860525508,0.6706473566413332,1,3
2025-07-01,SPY,0.5491451599690504,0.3241736526128608,0.7741166673252401,0.6198072316860945,1,3
2025-07-02,DIA,0.44313889541864887,0.21816738806245922,0.6681104027748386,0.5001604530892092,1,3
2025-07-02,QQQ,0.5822606262834489,0.35728911892725923,0.8072321336396385,0.657183879972457,1,3
2025-07-02,SPY,0.49878917064235384,0.2738176632861642,0.7237606779985435,0.5629716103994509,1,3
2025-07-03,DIA,0.5619768973729551,0.33700539001676544,0.7869484047291447,0.634290112020477,1,3
2025-07-03,QQQ,0.5028309369214712,0.27785942956528153,0.7278024442776608,0.567533456976999,1,3
2025-07-03,SPY,0.5563334896375064,0.33136198228131675,0.781304996993696,0.6279205303856659,1,3
2025-07-07,DIA,0.38869031772889023,0.16371881037270059,0.6136618250850798,0.43870562353369325,1,3
2025-07-07,QQQ,0.38958152719141814,0.1646100198352285,0.6145530345476078,0.4397115107017655,1,3
2025-07-07,SPY,0.47348695439319916,0.2485154470370095,0.6984584617493887,0.5344135937726717,1,3
2025-07-08,DIA,0.6998940325338004,0.4749225251776108,0.9248655398899901,0.7899539400526466,1,3
2025-07-08,QQQ,0.5351699688475247,0.310198461491335,0.7601414762037143,0.604033762023164,1,3
2025-07-08,SPY,0.5090476772759891,0.28407616991979945,0.7340191846321787,0.5745501456599369,1,3
2025-07-09,DIA,0.6270081266303293,0.4020366192741397,0.851979633986519,0.707689331602834,1,3
2025-07-09,QQQ,0.5662936645298308,0.3413221571736411,0.7912651718860204,0.6391623456234963,1,3
2025-07-09,SPY,0.659519774608482,0.43454826725229234,0.8844912819646716,0.74438446432881,1,3
2025-07-10,DIA,0.623417023772459,0.39844551641626935,0.8483885311286486,0.7036361382337764,1,3
2025-07-10,QQQ,0.5429703657857136,0.3179988584295239,0.7679418731419032,0.6128378866604166,1,3
2025-07-10,SPY,0.5942940415817018,0.3693225342255122,0.8192655489378915,0.670765712914697,1,3
2025-07-11,DIA,0.507793530354715,0.2828220229985253,0.7327650377109046,0.5731346195148165,1,3
2025-07-11,QQQ,0.4886686784219678,0.26369717106577817,0.7136401857781575,0.5515488487624883,1,3
2025-07-11,SPY,0.35803609712130463,0.13306458976511498,0.5830076044774943,0.40410692541286614,1,3
2025-07-14,DIA,0.43945527136842294,0.2144837640122333,0.6644267787246125,0.4960028332255078,1,3
2025-07-14,QQQ,0.48786790652890333,0.2628963991727137,0.712839413885093,0.5506450363528873,1,3
2025-07-14,SPY,0.31534835743477385,0.0903768500785842,0.5403198647909635,0.3559262772149718,1,3
2025-07-15,DIA,0.639632617394141,0.41466111003795136,0.8646041247503307,0.7219382975269001,1,3
2025-07-15,QQQ,0.751696489110481,0.5267249817542914,0.9766679964666707,0.8484221549179858,1,3
2025-07-15,SPY,0.7351917039155446,0.5102201965593549,0.9601632112717342,0.829793591895007,1,3
2025-07-16,DIA,0.5923486360879736,0.36737712873178396,0.8173201434441633,0.6685699794702966,1,3
2025-07-16,QQQ,0.6957119894170792,0.4707404820608896,0.9206834967732689,0.7852337663063953,1,3
2025-07-16,SPY,0.6498318153915463,0.4248603080353567,0.874803322747736,0.733449892524016,1,3
2025-07-17,DIA,0.7154983165771376,0.49052680922094793,0.9404698239333272,0.8075661285965452,1,3
2025-07-17,QQQ,0.667607436122261,0.4426359287660714,0.8925789434784507,0.7535128177389576,1,3
2025-07-17,SPY,0.6099531962276924,0.38498168887150275,0.834924703583882,0.6884398326178057,1,3
2025-07-18,DIA,0.5797275794845316,0.3547560721283419,0.8046990868407212,0.6543248896023028,1,3
2025-07-18,QQQ,0.4757014459157308,0.2507299385595412,0.7006729532719205,0.5369130382915854,1,3
2025-07-18,SPY,0.7274137498731794,0.5024422425169898,0.9523852572293691,0.8210147980266396,1,3
2025-07-21,DIA,0.5612519809831267,0.336280473626937,0.7862234883393163,0.6334719159340202,1,3
2025-07-21,QQQ,0.6215179225538289,0.3965464151976392,0.8464894299100185,0.7014926673360684,1,3
2025-07-21,SPY,0.663066826685752,0.43809531932956236,0.8880383340419417,0.7483879386174354,1,3
2025-07-22,DIA,0.7255872962800787,0.500615788923889,0.9505588036362683,0.818953322795925,1,3
2025-07-22,QQQ,0.5598247548221027,0.33485324746591305,0.7847962621782923,0.6318610393200769,1,3
2025-07-22,SPY,0.6502644320206317,0.425292924664442,0.8752359393768213,0.7339381767424726,1,3
2025-07-23,DIA,0.463137572398143,0.23816606504195337,0.6881090797543327,0.5227324896282243,1,3
2025-07-23,QQQ,0.4669826027502452,0.24201109539405558,0.6919541101064348,0.5270722849902008,1,3
2025-07-23,SPY,0.5174441410407536,0.292472633684564,0.7424156483969433,0.5840270369108488,1,3
2025-07-24,DIA,0.5905208635273327,0.36554935617114304,0.8154923708835223,0.6665070155519284,1,3
2025-07-24,QQQ,0.5747050169475333,0.34973350959134364,0.7996765243037229,0.6486560413469479,1,3
2025-07-24,SPY,0.6904832640487293,0.46551175669253964,0.9154547714049189,0.7793322269101699,1,3
2025-07-25,DIA,0.6494087994982581,0.4244372921420685,0.8743803068544478,0.7329724444303407,1,3
2025-07-25,QQQ,0.666632398073274,0.44166089071708436,0.8916039054294637,0.7524123152161541,1,3
2025-07-25,SPY,0.7522403380592754,0.5272688307030857,0.977211845415465,0.8490359844406326,1,3
2025-07-28,DIA,0.4454929253950314,0.22052141803884173,0.670464432751221,0.5028173913804435,1,3
2025-07-28,QQQ,0.5008526276053893,0.27588112024919964,0.7258241349615789,0.565300585761875,1,3
2025-07-28,SPY,0.5486292367021343,0.3236577293459446,0.7736007440583239,0.6192249212240525,1,3
2025-07-29,DIA,0.49632451931881605,0.2713530119626264,0.7212960266750057,0.5601898163943839,1,3
2025-07-29,QQQ,0.3666945878866206,0.14172308053043098,0.5916660952428103,0.4138795603790608,1,3
2025-07-29,SPY,0.7251666188604036,0.5001951115042139,0.9501381262165932,0.8184785140824395,1,3
2025-07-30,DIA,0.764591104984132,0.5396195976279423,0.9895626123403216,0.8629760047029017,1,3
2025-07-30,QQQ,0.5455847338001165,0.32061322644392687,0.7705562411563062,0.6157886623746323,1,3
2025-07-30,SPY,0.7890764603400235,0.5641049529838339,1.014047967696213,0.8906120496438075,1,3
2025-07-31,DIA,0.5930791786302299,0.3681076712740402,0.8180506859864195,0.6693945256627283,1,3
2025-07-31,QQQ,0.7355376974680152,0.5105661901118256,0.9605092048242049,0.8301841066833922,1,3
2025-07-31,SPY,0.7393243585229979,0.5143528511668083,0.9642958658791876,0.8344580219919686,1,3
2025-08-01,DIA,0.29794965997778355,0.0729781526215939,0.5229211673339732,0.33628877643763844,1,3
2025-08-01,QQQ,0.590899183892913,0.3659276765367233,0.8158706912491026,0.6669340168542689,1,3
2025-08-01,SPY,0.5616371746810082,0.3366656673248185,0.7866086820371978,0.6339066750049374,1,3
2025-08-04,DIA,0.46576324144177683,0.24079173408558718,0.6907347487979665,0.5256960205484463,1,3
2025-08-04,QQQ,0.6903141146407283,0.4653426072845387,0.915285621996918,0.779141311950052,1,3
2025-08-04,SPY,0.693748987327884,0.4687774799716944,0.9187204946840737,0.7830181719983863,1,3
2025-08-05,DIA,0.6022601744826784,0.3772886671264888,0.8272316818388681,0.6797568998367051,1,3
2025-08-05,QQQ,0.38948527084358314,0.1645137634873935,0.6144567781997727,0.4396028684249454,1,3
2025-08-05,SPY,0.5233160268208149,0.29834451946462526,0.7482875341770046,0.5906544963431086,1,3
2025-08-06,DIA,0.6019298854498946,0.3769583780937049,0.8269013928060842,0.679384110370478,1,3
2025-08-06,QQQ,0.7570045077033747,0.532033000347185,0.9819760150595643,0.8544131907125745,1,3
2025-08-06,SPY,0.7678930718444232,0.5429215644882336,0.9928645792006129,0.8667028570690624,1,3
