date,ticker,direction,position_size,confidence,confidence_tier,can_trade,stop_loss_pct,take_profit_pct
2022-11-23,DIA,1.0,0.48791195133815146,0.6707450063880155,high,True,0.025,0.12
2022-11-23,QQQ,0.0,0.0,0.3980384234251318,low,False,0.025,0.12
2022-11-23,SPY,0.0,0.0,0.2843008537935518,low,False,0.025,0.12
2022-11-25,DIA,1.0,0.5161203624575209,0.7982011991496064,high,True,0.025,0.12
2022-11-25,QQQ,1.0,0.5489121197562175,0.9316395467242151,high,True,0.025,0.12
2022-11-25,SPY,1.0,0.5136546985545337,0.7876534215085778,high,True,0.025,0.12
2022-11-28,DIA,1.0,0.20960188831122498,0.5111479373415112,low,True,0.025,0.12
2022-11-28,QQQ,1.0,0.3071676501827214,0.6115513328573262,medium,True,0.025,0.12
2022-11-28,SPY,0.0,0.0,0.2513935030948051,low,False,0.025,0.12
2022-11-29,DIA,1.0,0.4803824404511712,0.633236535122015,high,True,0.025,0.12
2022-11-29,QQQ,1.0,0.2969008407109482,0.5328668532978291,medium,True,0.025,0.12
2022-11-29,SPY,1.0,0.30332785747775426,0.5836529513765442,medium,True,0.025,0.12
2022-11-30,DIA,1.0,0.2059424621958994,0.4566699560515367,low,True,0.025,0.12
2022-11-30,QQQ,1.0,0.2061440950595288,0.4600218717423019,low,True,0.025,0.12
2022-11-30,SPY,0.0,0.0,0.2563478305036084,low,False,0.025,0.12
2022-12-01,DIA,1.0,0.5003671911132034,0.7290758278122619,high,True,0.025,0.12
2022-12-01,QQQ,1.0,0.4896656960339211,0.6792090732176234,high,True,0.025,0.12
2022-12-01,SPY,1.0,0.20686499972490774,0.4715910077167471,low,True,0.025,0.12
2022-12-02,DIA,1.0,0.5129618358148818,0.7846730837139426,high,True,0.025,0.12
2022-12-02,QQQ,1.0,0.5285751105498763,0.850236873412682,high,True,0.025,0.12
2022-12-02,SPY,1.0,0.4882797274700253,0.6725277336794057,high,True,0.025,0.12
2022-12-05,DIA,0.0,0.0,0.29578574716513345,low,False,0.025,0.12
2022-12-05,QQQ,0.0,0.0,0.44436829806414285,low,False,0.025,0.12
2022-12-05,SPY,0.0,0.0,0.1704168423995402,low,False,0.025,0.12
2022-12-06,DIA,1.0,0.20937024551048458,0.5080083881258751,low,True,0.025,0.12
2022-12-06,QQQ,0.0,0.0,0.44329372348722595,low,False,0.025,0.12
2022-12-06,SPY,0.0,0.0,0.3316116552405637,low,False,0.025,0.12
2022-12-07,DIA,1.0,0.5047499748132263,0.7487517639728546,high,True,0.025,0.12
2022-12-07,QQQ,1.0,0.20902072356999013,0.5032087118136358,low,True,0.025,0.12
2022-12-07,SPY,0.0,0.0,0.32930349683168675,low,False,0.025,0.12
2022-12-08,DIA,1.0,0.20811134194869776,0.4903325598584438,low,True,0.025,0.12
2022-12-08,QQQ,1.0,0.5463190284672652,0.9214644150266126,high,True,0.025,0.12
2022-12-08,SPY,1.0,0.3089219501460668,0.6238434946249157,medium,True,0.025,0.12
2022-12-09,DIA,1.0,0.5084371182896361,0.7650227458044881,high,True,0.025,0.12
2022-12-09,QQQ,1.0,0.20945620395461806,0.50917716454429,low,True,0.025,0.12
2022-12-09,SPY,1.0,0.2976232058395726,0.5389028126309556,medium,True,0.025,0.12
2022-12-12,DIA,1.0,0.2981957672954923,0.5436187361402279,medium,True,0.025,0.12
2022-12-12,QQQ,0.0,0.0,0.4260771951743172,low,False,0.025,0.12
2022-12-12,SPY,1.0,0.20634171639761384,0.4632553135712184,low,True,0.025,0.12
2022-12-13,DIA,1.0,0.5083581247006026,0.7646766765525463,high,True,0.025,0.12
2022-12-13,QQQ,1.0,0.30096259656051166,0.5656559071579568,medium,True,0.025,0.12
2022-12-13,SPY,1.0,0.5044639479651034,0.7474791698469604,high,True,0.025,0.12
2022-12-14,DIA,1.0,0.2969083432944897,0.5329300589403299,medium,True,0.025,0.12
2022-12-14,QQQ,0.0,0.0,0.41643410657554364,low,False,0.025,0.12
2022-12-14,SPY,1.0,0.2967405502741622,0.5315138220043114,medium,True,0.025,0.12
2022-12-15,DIA,1.0,0.5261981215700533,0.8404527311067016,high,True,0.025,0.12
2022-12-15,QQQ,1.0,0.4996797760289018,0.7259541053567209,high,True,0.025,0.12
2022-12-15,SPY,1.0,0.5150186410676556,0.7934992469407599,high,True,0.025,0.12
2022-12-16,DIA,1.0,0.5005789178219577,0.7300353090967572,high,True,0.025,0.12
2022-12-16,QQQ,1.0,0.48739870225427073,0.6682500822308901,high,True,0.025,0.12
2022-12-16,SPY,1.0,0.48452812739273016,0.6541378904341835,high,True,0.025,0.12
2022-12-19,DIA,1.0,0.4887018025632019,0.6745685500431345,high,True,0.025,0.12
2022-12-19,QQQ,1.0,0.5196720594268937,0.8132427945574994,high,True,0.025,0.12
2022-12-19,SPY,1.0,0.4911840271358609,0.6864639868006345,high,True,0.025,0.12
2022-12-20,DIA,1.0,0.4804637095678491,0.6336527288382506,high,True,0.025,0.12
2022-12-20,QQQ,1.0,0.5127350159672185,0.7836958215384546,high,True,0.025,0.12
2022-12-20,SPY,1.0,0.30444372825710975,0.591915021805445,medium,True,0.025,0.12
2022-12-21,DIA,1.0,0.20994250216435137,0.5157077878011138,low,True,0.025,0.12
2022-12-21,QQQ,1.0,0.30333715120754073,0.5837223336319228,medium,True,0.025,0.12
2022-12-21,SPY,0.0,0.0,0.3717652094601647,low,False,0.025,0.12
2022-12-22,DIA,1.0,0.3017832990034352,0.5719801502828724,medium,True,0.025,0.12
2022-12-22,QQQ,1.0,0.48734116570256236,0.6679698776106334,high,True,0.025,0.12
2022-12-22,SPY,1.0,0.5083357539718777,0.7645786513930973,high,True,0.025,0.12
2022-12-23,DIA,1.0,0.30035921929075726,0.5609480745648957,medium,True,0.025,0.12
2022-12-23,QQQ,1.0,0.2995963128120527,0.5549204770624677,medium,True,0.025,0.12
2022-12-23,SPY,1.0,0.30080556264994585,0.5644355339696164,medium,True,0.025,0.12
2022-12-27,DIA,1.0,0.20567208452213098,0.4520853655099127,low,True,0.025,0.12
2022-12-27,QQQ,0.0,0.0,0.44357077668876427,low,False,0.025,0.12
2022-12-27,SPY,0.0,0.0,0.42439335769957665,low,False,0.025,0.12
2022-12-28,DIA,1.0,0.48973026019615823,0.6795189254855755,high,True,0.025,0.12
2022-12-28,QQQ,1.0,0.5149834037909676,0.7933485684421218,high,True,0.025,0.12
2022-12-28,SPY,1.0,0.5024008313582751,0.7382532789508555,high,True,0.025,0.12
2022-12-29,DIA,1.0,0.500812451795692,0.731092521229535,high,True,0.025,0.12
2022-12-29,QQQ,0.0,0.0,0.3462392874645902,low,False,0.025,0.12
2022-12-29,SPY,1.0,0.48494222525590647,0.6561908293195393,high,True,0.025,0.12
2022-12-30,DIA,1.0,0.49600579540923173,0.709091884191129,high,True,0.025,0.12
2022-12-30,QQQ,1.0,0.3037889283744255,0.5870833460743556,medium,True,0.025,0.12
2022-12-30,SPY,1.0,0.20901778366739748,0.5031680101254655,low,True,0.025,0.12
2023-01-03,DIA,1.0,0.5357345452219668,0.879338475740193,high,True,0.025,0.12
2023-01-03,QQQ,1.0,0.5071514875589456,0.7593769761961673,high,True,0.025,0.12
2023-01-03,SPY,1.0,0.5053053995357979,0.7512185805293774,high,True,0.025,0.12
2023-01-04,DIA,1.0,0.5389392174303891,0.8921992421273943,high,True,0.025,0.12
2023-01-04,QQQ,1.0,0.502686273891471,0.7395347002444769,high,True,0.025,0.12
2023-01-04,SPY,1.0,0.5118353877948102,0.7798118545657365,high,True,0.025,0.12
2023-01-05,DIA,1.0,0.5451899240553011,0.9170169304139344,high,True,0.025,0.12
2023-01-05,QQQ,0.0,0.0,0.4154485108796451,low,False,0.025,0.12
2023-01-05,SPY,1.0,0.30546215084675776,0.5993408408768606,medium,True,0.025,0.12
2023-01-06,DIA,1.0,0.5613085355194737,0.9795924498518455,high,True,0.025,0.12
2023-01-06,QQQ,1.0,0.5237326724929335,0.830235028687679,high,True,0.025,0.12
2023-01-06,SPY,1.0,0.5142772280144001,0.7903250133515253,high,True,0.025,0.12
2023-01-09,DIA,1.0,0.49758677430494913,0.7163856863232528,high,True,0.025,0.12
2023-01-09,QQQ,1.0,0.3020426425252371,0.5739604574160232,medium,True,0.025,0.12
2023-01-09,SPY,1.0,0.49247702572789837,0.6925914446350533,high,True,0.025,0.12
2023-01-10,DIA,1.0,0.4830179641096708,0.6465993078086341,high,True,0.025,0.12
2023-01-10,QQQ,0.0,0.0,0.42898553329286127,low,False,0.025,0.12
2023-01-10,SPY,0.0,0.0,0.31809247396226287,low,False,0.025,0.12
2023-01-11,DIA,1.0,0.3044218882226796,0.5917546062769398,medium,True,0.025,0.12
2023-01-11,QQQ,1.0,0.2957703477838532,0.5232112703132126,medium,True,0.025,0.12
2023-01-11,SPY,1.0,0.49337909415931824,0.6968397332071784,high,True,0.025,0.12
2023-01-12,DIA,1.0,0.4930200334401955,0.6951513035121862,high,True,0.025,0.12
2023-01-12,QQQ,0.0,0.0,0.3757906911283146,low,False,0.025,0.12
2023-01-12,SPY,1.0,0.20561096218543523,0.4510338416895668,low,True,0.025,0.12
2023-01-13,DIA,1.0,0.4815965073576667,0.6394260467441927,high,True,0.025,0.12
2023-01-13,QQQ,0.0,0.0,0.38443136669239875,low,False,0.025,0.12
2023-01-13,SPY,0.0,0.0,0.44149300423249005,low,False,0.025,0.12
2023-01-17,DIA,1.0,0.5244014304055074,0.8330137831276911,high,True,0.025,0.12
2023-01-17,QQQ,0.0,0.0,0.37971496497932855,low,False,0.025,0.12
2023-01-17,SPY,1.0,0.4935927759413502,0.6978429482736374,high,True,0.025,0.12
2023-01-18,DIA,1.0,0.4848699790117601,0.6558330899100698,high,True,0.025,0.12
2023-01-18,QQQ,1.0,0.30129501425882266,0.5682282154529381,medium,True,0.025,0.12
2023-01-18,SPY,1.0,0.4823886730198466,0.6434331725761915,high,True,0.025,0.12
2023-01-19,DIA,1.0,0.5040400823319362,0.7455904470027684,high,True,0.025,0.12
2023-01-19,QQQ,1.0,0.29802778948753506,0.5422412160522206,medium,True,0.025,0.12
2023-01-19,SPY,1.0,0.511557911165176,0.7786113352109884,high,True,0.025,0.12
2023-01-20,DIA,1.0,0.49239182852746316,0.6921890944747545,high,True,0.025,0.12
2023-01-20,QQQ,1.0,0.48694069127992623,0.6660166344722682,high,True,0.025,0.12
2023-01-20,SPY,1.0,0.30920585773009984,0.6258091441620747,medium,True,0.025,0.12
2023-01-23,DIA,1.0,0.48082213602314455,0.6354850591547401,high,True,0.025,0.12
2023-01-23,QQQ,1.0,0.20929303604834054,0.5069547296419229,low,True,0.025,0.12
2023-01-23,SPY,1.0,0.30508986715438485,0.5966385308484973,medium,True,0.025,0.12
2023-01-24,DIA,1.0,0.30757321048040465,0.6144161349152144,medium,True,0.025,0.12
2023-01-24,QQQ,0.0,0.0,0.4160697695716888,low,False,0.025,0.12
2023-01-24,SPY,1.0,0.5245628738694194,0.8336837865543328,high,True,0.025,0.12
2023-01-25,DIA,1.0,0.5319266789720247,0.8639266423080538,high,True,0.025,0.12
2023-01-25,QQQ,1.0,0.306389180314969,0.6060114118779112,medium,True,0.025,0.12
2023-01-25,SPY,1.0,0.5215780895301405,0.8212450160975655,high,True,0.025,0.12
2023-01-26,DIA,0.0,0.0,0.41929341282646043,low,False,0.025,0.12
2023-01-26,QQQ,0.0,0.0,0.27191044485041366,low,False,0.025,0.12
2023-01-26,SPY,1.0,0.20634721338704748,0.4633445509901769,low,True,0.025,0.12
2023-01-27,DIA,1.0,0.4869686210332853,0.6661530234722195,high,True,0.025,0.12
2023-01-27,QQQ,0.0,0.0,0.3457548178782165,low,False,0.025,0.12
2023-01-27,SPY,1.0,0.29667145762973285,0.5309290212480628,medium,True,0.025,0.12
2023-01-30,DIA,1.0,0.29793724798345894,0.5414966628214651,medium,True,0.025,0.12
2023-01-30,QQQ,1.0,0.5062184670788706,0.7552614063926409,high,True,0.025,0.12
2023-01-30,SPY,1.0,0.2073994422760954,0.47980246334971466,low,True,0.025,0.12
2023-01-31,DIA,1.0,0.5011710185581836,0.7327135434739559,high,True,0.025,0.12
2023-01-31,QQQ,0.0,0.0,0.44583537061764367,low,False,0.025,0.12
2023-01-31,SPY,1.0,0.30797439108421776,0.6172360785103209,medium,True,0.025,0.12
2023-02-01,DIA,1.0,0.5076329765194204,0.7614947825084994,high,True,0.025,0.12
2023-02-01,QQQ,0.0,0.0,0.29924066322825466,low,False,0.025,0.12
2023-02-01,SPY,1.0,0.20811677655577204,0.49041132482648686,low,True,0.025,0.12
2023-02-02,DIA,1.0,0.30596297719416476,0.6029547776016859,medium,True,0.025,0.12
2023-02-02,QQQ,0.0,0.0,0.26076410283339185,low,False,0.025,0.12
2023-02-02,SPY,0.0,0.0,0.26337633561987794,low,False,0.025,0.12
2023-02-03,DIA,1.0,0.5166505770803027,0.8004578317212666,high,True,0.025,0.12
2023-02-03,QQQ,1.0,0.20813018131881675,0.49060550371896666,low,True,0.025,0.12
2023-02-03,SPY,1.0,0.4960906321604881,0.7094847728885957,high,True,0.025,0.12
2023-02-06,DIA,1.0,0.48739213920798863,0.6682181253116709,high,True,0.025,0.12
2023-02-06,QQQ,0.0,0.0,0.160325429332732,low,False,0.025,0.12
2023-02-06,SPY,1.0,0.4975766373926626,0.7163391050148159,high,True,0.025,0.12
2023-02-07,DIA,1.0,0.5056216425864413,0.752620554475461,high,True,0.025,0.12
2023-02-07,QQQ,0.0,0.0,0.2450023968341185,low,False,0.025,0.12
2023-02-07,SPY,1.0,0.3065328296177124,0.6070378211242099,medium,True,0.025,0.12
2023-02-08,DIA,1.0,0.5090282631106235,0.7676091569941078,high,True,0.025,0.12
2023-02-08,QQQ,1.0,0.30482365233959785,0.5946976046441474,medium,True,0.025,0.12
2023-02-08,SPY,1.0,0.47995411327176124,0.6310384593350478,high,True,0.025,0.12
2023-02-09,DIA,1.0,0.5137511486154523,0.7880677203712388,high,True,0.025,0.12
2023-02-09,QQQ,1.0,0.5182559088305706,0.8072661385362704,high,True,0.025,0.12
2023-02-09,SPY,1.0,0.30670039868014837,0.6082327521578902,medium,True,0.025,0.12
2023-02-10,DIA,1.0,0.4920309272448262,0.6904825478950744,high,True,0.025,0.12
2023-02-10,QQQ,1.0,0.3061951807733482,0.604622202859991,medium,True,0.025,0.12
2023-02-10,SPY,0.0,0.0,0.3880064734952672,low,False,0.025,0.12
2023-02-13,DIA,1.0,0.5010388983537786,0.7321165603100172,high,True,0.025,0.12
2023-02-13,QQQ,1.0,0.490449448953635,0.6829622334044467,high,True,0.025,0.12
2023-02-13,SPY,0.0,0.0,0.41875195756822087,low,False,0.025,0.12
2023-02-14,DIA,1.0,0.530780204817327,0.8592573171733473,high,True,0.025,0.12
2023-02-14,QQQ,1.0,0.305338299696703,0.5984433664496103,medium,True,0.025,0.12
2023-02-14,SPY,1.0,0.30276595514927124,0.5794395562173368,medium,True,0.025,0.12
2023-02-15,DIA,1.0,0.55710730200227,0.9634618289311667,high,True,0.025,0.12
2023-02-15,QQQ,1.0,0.5039505031921743,0.7451908476988418,high,True,0.025,0.12
2023-02-15,SPY,1.0,0.3032745135872546,0.5832545226275336,medium,True,0.025,0.12
2023-02-16,DIA,0.0,0.0,0.4411952626809501,low,False,0.025,0.12
2023-02-16,QQQ,1.0,0.30929011764347664,0.6263913057764326,medium,True,0.025,0.12
2023-02-16,SPY,0.0,0.0,0.2759442766857455,low,False,0.025,0.12
2023-02-17,DIA,1.0,0.5145943468021067,0.7916837006401215,high,True,0.025,0.12
2023-02-17,QQQ,0.0,0.0,0.4449464555412846,low,False,0.025,0.12
2023-02-17,SPY,1.0,0.30506762281615285,0.5964766263604083,medium,True,0.025,0.12
2023-02-21,DIA,1.0,0.3049985064128905,0.595973246619124,medium,True,0.025,0.12
2023-02-21,QQQ,1.0,0.20906129065409382,0.503769771313307,low,True,0.025,0.12
2023-02-21,SPY,0.0,0.0,0.3290036463722362,low,False,0.025,0.12
2023-02-22,DIA,1.0,0.5495051742356816,0.9339592097986762,high,True,0.025,0.12
2023-02-22,QQQ,1.0,0.5100386421076634,0.7720161987463089,high,True,0.025,0.12
2023-02-22,SPY,1.0,0.5118078346414634,0.7796926987376421,high,True,0.025,0.12
2023-02-23,DIA,1.0,0.504059416504579,0.7456766737018831,high,True,0.025,0.12
2023-02-23,QQQ,1.0,0.2993935137697506,0.5533034599069053,medium,True,0.025,0.12
2023-02-23,SPY,1.0,0.29990421668620426,0.5573635620876874,medium,True,0.025,0.12
2023-02-24,DIA,1.0,0.5144878950435124,0.7912277776972477,high,True,0.025,0.12
2023-02-24,QQQ,1.0,0.5135028183677248,0.7870007379873742,high,True,0.025,0.12
2023-02-24,SPY,1.0,0.5388359901082544,0.891786477739861,high,True,0.025,0.12
2023-02-27,DIA,1.0,0.5236921143776527,0.8300663308945513,high,True,0.025,0.12
2023-02-27,QQQ,1.0,0.3044039855105692,0.5916230729692934,medium,True,0.025,0.12
2023-02-27,SPY,1.0,0.21025807382376174,0.5198753245814359,low,True,0.025,0.12
2023-02-28,DIA,1.0,0.5220008426385713,0.8230135450607152,high,True,0.025,0.12
2023-02-28,QQQ,1.0,0.3092875195100039,0.6263733632297015,medium,True,0.025,0.12
2023-02-28,SPY,1.0,0.3069079909112059,0.6097095558077151,medium,True,0.025,0.12
2023-03-01,DIA,1.0,0.49644267514910934,0.7111132902100843,high,True,0.025,0.12
2023-03-01,QQQ,1.0,0.2963475581534404,0.528174588487922,medium,True,0.025,0.12
2023-03-01,SPY,1.0,0.307088854043721,0.6109930603135598,medium,True,0.025,0.12
2023-03-02,DIA,1.0,0.517296793100996,0.8032027924567863,high,True,0.025,0.12
2023-03-02,QQQ,1.0,0.48708159855727845,0.6667044695146711,high,True,0.025,0.12
2023-03-02,SPY,1.0,0.486825749620252,0.6654550768718691,high,True,0.025,0.12
2023-03-03,DIA,1.0,0.5104165907894441,0.7736603753183138,high,True,0.025,0.12
2023-03-03,QQQ,1.0,0.5214011498300384,0.8205041376938135,high,True,0.025,0.12
2023-03-03,SPY,1.0,0.30234236938517234,0.5762386401872376,medium,True,0.025,0.12
2023-03-06,DIA,1.0,0.3083103845493612,0.619587402491062,medium,True,0.025,0.12
2023-03-06,QQQ,1.0,0.305867304140607,0.6022662735229481,medium,True,0.025,0.12
2023-03-06,SPY,1.0,0.3050191138201235,0.5961233824114596,medium,True,0.025,0.12
2023-03-07,DIA,1.0,0.4925978916481305,0.6931619103555812,high,True,0.025,0.12
2023-03-07,QQQ,1.0,0.5254279769756718,0.8372687282252724,high,True,0.025,0.12
2023-03-07,SPY,1.0,0.3065296841891261,0.6070153666037424,medium,True,0.025,0.12
2023-03-08,DIA,1.0,0.5025374971821841,0.73886700791703,high,True,0.025,0.12
2023-03-08,QQQ,1.0,0.5108556322096174,0.775567391585965,high,True,0.025,0.12
2023-03-08,SPY,1.0,0.20612452106240534,0.4596988675256997,low,True,0.025,0.12
2023-03-09,DIA,1.0,0.20981665525969118,0.5140306986326502,low,True,0.025,0.12
2023-03-09,QQQ,1.0,0.20708292238027629,0.4749737479681597,low,True,0.025,0.12
2023-03-09,SPY,0.0,0.0,0.448209000007017,low,False,0.025,0.12
2023-03-10,DIA,1.0,0.3026843885831832,0.5788248567068561,medium,True,0.025,0.12
2023-03-10,QQQ,1.0,0.549228454140904,0.9328771912713579,high,True,0.025,0.12
2023-03-10,SPY,1.0,0.48225028473771775,0.6427348900698723,high,True,0.025,0.12
2023-03-13,DIA,1.0,0.4798024086623994,0.6302581011944235,high,True,0.025,0.12
2023-03-13,QQQ,1.0,0.5482996136621907,0.9292409214708574,high,True,0.025,0.12
2023-03-13,SPY,1.0,0.5072772919535413,0.7599307148356528,high,True,0.025,0.12
2023-03-14,DIA,1.0,0.20892671431860438,0.5019043834923432,low,True,0.025,0.12
2023-03-14,QQQ,1.0,0.5406718950745639,0.8991130338259534,high,True,0.025,0.12
2023-03-14,SPY,1.0,0.2059087902615998,0.4561047608308296,low,True,0.025,0.12
2023-03-15,DIA,1.0,0.5049608030483113,0.7496887975916642,high,True,0.025,0.12
2023-03-15,QQQ,1.0,0.5279227153710415,0.8475578566596046,high,True,0.025,0.12
2023-03-15,SPY,1.0,0.531781297402145,0.8633353010502491,high,True,0.025,0.12
2023-03-16,DIA,1.0,0.49984907062827966,0.7267238522065762,high,True,0.025,0.12
2023-03-16,QQQ,1.0,0.5150910056479856,0.79380862870913,high,True,0.025,0.12
2023-03-16,SPY,1.0,0.5325687859288948,0.8665357934380026,high,True,0.025,0.12
2023-03-17,DIA,0.0,0.0,0.2277913670664166,low,False,0.025,0.12
2023-03-17,QQQ,1.0,0.49587724836017044,0.708496239175623,high,True,0.025,0.12
2023-03-17,SPY,1.0,0.20574821648243538,0.4533871436820923,low,True,0.025,0.12
2023-03-20,DIA,1.0,0.4844592174423862,0.6537956789874059,high,True,0.025,0.12
2023-03-20,QQQ,1.0,0.3074018335283835,0.6132073065342957,medium,True,0.025,0.12
2023-03-20,SPY,1.0,0.30075212629498,0.5640194842129976,medium,True,0.025,0.12
2023-03-21,DIA,1.0,0.5361332089280868,0.8809436905620173,high,True,0.025,0.12
2023-03-21,QQQ,1.0,0.500758436559228,0.7308480949329912,high,True,0.025,0.12
2023-03-21,SPY,1.0,0.5652419785101086,0.9945911455551788,high,True,0.025,0.12
2023-03-22,DIA,0.0,0.0,0.41111161383864214,low,False,0.025,0.12
2023-03-22,QQQ,1.0,0.4981753984661448,0.7190865315087167,high,True,0.025,0.12
2023-03-22,SPY,0.0,0.0,0.4221993883552302,low,False,0.025,0.12
2023-03-23,DIA,1.0,0.3037012016487732,0.5864324818472131,medium,True,0.025,0.12
2023-03-23,QQQ,1.0,0.30056989256609934,0.5625976425278592,medium,True,0.025,0.12
2023-03-23,SPY,1.0,0.4932953064996265,0.6964460350980523,high,True,0.025,0.12
2023-03-24,DIA,1.0,0.5078339522318609,0.7623775625156596,high,True,0.025,0.12
2023-03-24,QQQ,1.0,0.20991692205546628,0.5153676082540241,low,True,0.025,0.12
2023-03-24,SPY,1.0,0.4803072171430349,0.6328510596601956,high,True,0.025,0.12
2023-03-27,DIA,1.0,0.5018334087563563,0.735701125719189,high,True,0.025,0.12
2023-03-27,QQQ,1.0,0.49886691048364507,0.7222495185518377,high,True,0.025,0.12
2023-03-27,SPY,1.0,0.307459529868794,0.6136145584656942,medium,True,0.025,0.12
2023-03-28,DIA,1.0,0.547475771122666,0.9260100208202076,high,True,0.025,0.12
2023-03-28,QQQ,1.0,0.515065986364275,0.7937016719497532,high,True,0.025,0.12
2023-03-28,SPY,1.0,0.5260112124927685,0.839680631850052,high,True,0.025,0.12
2023-03-29,DIA,1.0,0.4966582021480398,0.7121088482353672,high,True,0.025,0.12
2023-03-29,QQQ,1.0,0.2974662097479036,0.5375993519212072,medium,True,0.025,0.12
2023-03-29,SPY,1.0,0.3023244954482242,0.5761030937599483,medium,True,0.025,0.12
2023-03-30,DIA,1.0,0.30085375018270305,0.5648103787271146,medium,True,0.025,0.12
2023-03-30,QQQ,0.0,0.0,0.3770244151818566,low,False,0.025,0.12
2023-03-30,SPY,1.0,0.2967667210902511,0.5317350821399273,medium,True,0.025,0.12
2023-03-31,DIA,1.0,0.4878493480781405,0.670441131093999,high,True,0.025,0.12
2023-03-31,QQQ,0.0,0.0,0.3993231874530497,low,False,0.025,0.12
2023-03-31,SPY,0.0,0.0,0.28434427024112374,low,False,0.025,0.12
2023-04-03,DIA,0.0,0.0,0.28822875135419346,low,False,0.025,0.12
2023-04-03,QQQ,0.0,0.0,0.25954162957070337,low,False,0.025,0.12
2023-04-03,SPY,0.0,0.0,0.29982007149726425,low,False,0.025,0.12
2023-04-04,DIA,1.0,0.48427811604497684,0.6528955186206392,high,True,0.025,0.12
2023-04-04,QQQ,0.0,0.0,0.4417918231487497,low,False,0.025,0.12
2023-04-04,SPY,1.0,0.30184776120545925,0.5724731697732818,medium,True,0.025,0.12
2023-04-05,DIA,1.0,0.48028503846719744,0.6327373621381316,high,True,0.025,0.12
2023-04-05,QQQ,1.0,0.5130660210603025,0.7851217041619304,high,True,0.025,0.12
2023-04-05,SPY,1.0,0.5133310416233965,0.786262129023788,high,True,0.025,0.12
2023-04-06,DIA,1.0,0.5381124422312026,0.8888905372812279,high,True,0.025,0.12
2023-04-06,QQQ,1.0,0.4969380170012947,0.7133997348869197,high,True,0.025,0.12
2023-04-06,SPY,1.0,0.3007119507344664,0.563706420822992,medium,True,0.025,0.12
2023-04-10,DIA,0.0,0.0,0.27855782211090563,low,False,0.025,0.12
2023-04-10,QQQ,1.0,0.5263718880422472,0.8411701755686334,high,True,0.025,0.12
2023-04-10,SPY,1.0,0.2074806844620194,0.48102654070324635,low,True,0.025,0.12
2023-04-11,DIA,1.0,0.20695593022441855,0.4730084838549282,low,True,0.025,0.12
2023-04-11,QQQ,1.0,0.5357375566518507,0.8793506070075683,high,True,0.025,0.12
2023-04-11,SPY,1.0,0.5356814126304325,0.8791244214894735,high,True,0.025,0.12
2023-04-12,DIA,1.0,0.4860013882249588,0.6614149704930303,high,True,0.025,0.12
2023-04-12,QQQ,1.0,0.5157050283167681,0.7964306932979605,high,True,0.025,0.12
2023-04-12,SPY,1.0,0.5418991442632406,0.9039937895333933,high,True,0.025,0.12
2023-04-13,DIA,1.0,0.20581483257254166,0.45451912533780986,low,True,0.025,0.12
2023-04-13,QQQ,1.0,0.29952726188899326,0.5543706114585186,medium,True,0.025,0.12
2023-04-13,SPY,1.0,0.4903580596047337,0.682525508527353,high,True,0.025,0.12
2023-04-14,DIA,1.0,0.5019338035483675,0.7361531549064448,high,True,0.025,0.12
2023-04-14,QQQ,1.0,0.5166459029563717,0.8004379557790903,high,True,0.025,0.12
2023-04-14,SPY,1.0,0.5372764551925422,0.8855384848229363,high,True,0.025,0.12
2023-04-17,DIA,1.0,0.30469256814643686,0.5937392297558252,medium,True,0.025,0.12
2023-04-17,QQQ,0.0,0.0,0.42166487451359985,low,False,0.025,0.12
2023-04-17,SPY,1.0,0.4826690968904539,0.6448459054477196,high,True,0.025,0.12
2023-04-18,DIA,1.0,0.4925617877588282,0.6929915471958976,high,True,0.025,0.12
2023-04-18,QQQ,1.0,0.4874579072519035,0.6685383028106029,high,True,0.025,0.12
2023-04-18,SPY,1.0,0.5596811873589923,0.9733581964426854,high,True,0.025,0.12
2023-04-19,DIA,1.0,0.5088843116073847,0.7669798792061302,high,True,0.025,0.12
2023-04-19,QQQ,1.0,0.3036529860047633,0.5860743962188111,medium,True,0.025,0.12
2023-04-19,SPY,1.0,0.5446026864712398,0.9146996719397249,high,True,0.025,0.12
2023-04-20,DIA,1.0,0.2967592405379845,0.5316718520761831,medium,True,0.025,0.12
2023-04-20,QQQ,1.0,0.3095439891020006,0.6281420069410001,medium,True,0.025,0.12
2023-04-20,SPY,1.0,0.5031256931557126,0.7415042021880858,high,True,0.025,0.12
2023-04-21,DIA,1.0,0.4954758324849974,0.7066336424628094,high,True,0.025,0.12
2023-04-21,QQQ,1.0,0.4871160945835019,0.6668727639380881,high,True,0.025,0.12
2023-04-21,SPY,1.0,0.5240668208335464,0.8316241255757406,high,True,0.025,0.12
2023-04-24,DIA,0.0,0.0,0.39953186994811285,low,False,0.025,0.12
2023-04-24,QQQ,1.0,0.2083890988738135,0.494328957848461,low,True,0.025,0.12
2023-04-24,SPY,1.0,0.4837997200295141,0.6505120458041264,high,True,0.025,0.12
2023-04-25,DIA,1.0,0.2994518886841051,0.5537695630090325,medium,True,0.025,0.12
2023-04-25,QQQ,0.0,0.0,0.3943396141855299,low,False,0.025,0.12
2023-04-25,SPY,0.0,0.0,0.42596788673728586,low,False,0.025,0.12
2023-04-26,DIA,1.0,0.54489904105658,0.9158694552230479,high,True,0.025,0.12
2023-04-26,QQQ,1.0,0.48396679701387096,0.6513453912909261,high,True,0.025,0.12
2023-04-26,SPY,1.0,0.512817371438315,0.7840507451617673,high,True,0.025,0.12
2023-04-27,DIA,1.0,0.5188016278253706,0.809572470664804,high,True,0.025,0.12
2023-04-27,QQQ,1.0,0.5191340773430468,0.8109755002346376,high,True,0.025,0.12
2023-04-27,SPY,1.0,0.3047041246988742,0.5938237925678771,medium,True,0.025,0.12
2023-04-28,DIA,1.0,0.295679419221923,0.5224227698127868,medium,True,0.025,0.12
2023-04-28,QQQ,1.0,0.30256338650401865,0.5779115003300992,medium,True,0.025,0.12
2023-04-28,SPY,1.0,0.5240963360601241,0.8317467588923445,high,True,0.025,0.12
2023-05-01,DIA,0.0,0.0,0.4412936308300676,low,False,0.025,0.12
2023-05-01,QQQ,0.0,0.0,0.40459496732297995,low,False,0.025,0.12
2023-05-01,SPY,1.0,0.4812357039238301,0.6375928014613531,high,True,0.025,0.12
2023-05-02,DIA,0.0,0.0,0.40055297897228803,low,False,0.025,0.12
2023-05-02,QQQ,0.0,0.0,0.39390412658016166,low,False,0.025,0.12
2023-05-02,SPY,0.0,0.0,0.4139934025371383,low,False,0.025,0.12
2023-05-03,DIA,1.0,0.48474933806150683,0.6552353120949586,high,True,0.025,0.12
2023-05-03,QQQ,1.0,0.49965388122568233,0.7258363127324391,high,True,0.025,0.12
2023-05-03,SPY,1.0,0.5098283608646038,0.7711004011699056,high,True,0.025,0.12
2023-05-04,DIA,1.0,0.3034605840424288,0.5846428908665527,medium,True,0.025,0.12
2023-05-04,QQQ,1.0,0.20790424753606612,0.4873134919106944,low,True,0.025,0.12
2023-05-04,SPY,1.0,0.30966414322171293,0.6289688649665051,medium,True,0.025,0.12
2023-05-05,DIA,1.0,0.20819717417053865,0.4915738446962443,low,True,0.025,0.12
2023-05-05,QQQ,1.0,0.49439409955480496,0.7015946551450126,high,True,0.025,0.12
2023-05-05,SPY,0.0,0.0,0.41984343668232926,low,False,0.025,0.12
2023-05-08,DIA,1.0,0.4921810629231572,0.6911929013097476,high,True,0.025,0.12
2023-05-08,QQQ,1.0,0.30437581046633466,0.5914159991169345,medium,True,0.025,0.12
2023-05-08,SPY,1.0,0.3061391025167206,0.6042199775022938,medium,True,0.025,0.12
2023-05-09,DIA,1.0,0.30602497707011606,0.6034004898297295,medium,True,0.025,0.12
2023-05-09,QQQ,1.0,0.5514206547470754,0.941432953025626,high,True,0.025,0.12
2023-05-09,SPY,1.0,0.5021511124466733,0.7371308929607068,high,True,0.025,0.12
2023-05-10,DIA,1.0,0.5417188259013925,0.903277497181845,high,True,0.025,0.12
2023-05-10,QQQ,1.0,0.5028163188282785,0.7401179664781021,high,True,0.025,0.12
2023-05-10,SPY,0.0,0.0,0.4019889332615703,low,False,0.025,0.12
2023-05-11,DIA,1.0,0.49274518628685243,0.6938565893734713,high,True,0.025,0.12
2023-05-11,QQQ,1.0,0.3057467813869785,0.6013976926885807,medium,True,0.025,0.12
2023-05-11,SPY,1.0,0.20929918300668773,0.5070387501909549,low,True,0.025,0.12
2023-05-12,DIA,1.0,0.30038908205067594,0.5611822837153633,medium,True,0.025,0.12
2023-05-12,QQQ,1.0,0.5218609778107199,0.8224286911285452,high,True,0.025,0.12
2023-05-12,SPY,0.0,0.0,0.29090785122673485,low,False,0.025,0.12
2023-05-15,DIA,1.0,0.20969868217458723,0.5124504525533299,low,True,0.025,0.12
2023-05-15,QQQ,1.0,0.4810355716957002,0.6365736908565691,high,True,0.025,0.12
2023-05-15,SPY,0.0,0.0,0.35657561783867664,low,False,0.025,0.12
2023-05-16,DIA,1.0,0.30548864493009725,0.5995326313174915,medium,True,0.025,0.12
2023-05-16,QQQ,1.0,0.5288784699234588,0.8514809855937799,high,True,0.025,0.12
2023-05-16,SPY,1.0,0.29589743042130695,0.5243102162879603,medium,True,0.025,0.12
2023-05-17,DIA,1.0,0.4819556158642302,0.6412455915054105,high,True,0.025,0.12
2023-05-17,QQQ,0.0,0.0,0.4158218940071921,low,False,0.025,0.12
2023-05-17,SPY,1.0,0.2987853883567082,0.5484157374807926,medium,True,0.025,0.12
2023-05-18,DIA,1.0,0.29813852397551643,0.5431498599027826,medium,True,0.025,0.12
2023-05-18,QQQ,1.0,0.49993389714427394,0.7271093090289557,high,True,0.025,0.12
2023-05-18,SPY,1.0,0.3045076236149921,0.5923840465807322,medium,True,0.025,0.12
2023-05-19,DIA,1.0,0.29553124673810394,0.5211338912908507,medium,True,0.025,0.12
2023-05-19,QQQ,1.0,0.494718028422811,0.7031066437466367,high,True,0.025,0.12
2023-05-19,SPY,1.0,0.3013971954847078,0.5690159456650087,medium,True,0.025,0.12
2023-05-22,DIA,1.0,0.30401792568086966,0.5887783463571581,medium,True,0.025,0.12
2023-05-22,QQQ,0.0,0.0,0.367624797509424,low,False,0.025,0.12
2023-05-22,SPY,1.0,0.4996126367944399,0.7256486664540442,high,True,0.025,0.12
2023-05-23,DIA,1.0,0.4981670574293833,0.7190483142291954,high,True,0.025,0.12
2023-05-23,QQQ,1.0,0.5523723361572294,0.9451359025923868,high,True,0.025,0.12
2023-05-23,SPY,1.0,0.5011808128594302,0.7327577844830254,high,True,0.025,0.12
2023-05-24,DIA,1.0,0.4952926399737487,0.7057823154720961,high,True,0.025,0.12
2023-05-24,QQQ,1.0,0.5616726330771064,0.9809849201564372,high,True,0.025,0.12
2023-05-24,SPY,1.0,0.5267160111469732,0.8425899549791822,high,True,0.025,0.12
2023-05-25,DIA,1.0,0.5033345285671958,0.7424388829022235,high,True,0.025,0.12
2023-05-25,QQQ,0.0,0.0,0.21973483264570892,low,False,0.025,0.12
2023-05-25,SPY,1.0,0.5175626971799471,0.8043305859834282,high,True,0.025,0.12
2023-05-26,DIA,0.0,0.0,0.443144305160521,low,False,0.025,0.12
2023-05-26,QQQ,1.0,0.48129689222020267,0.6379040637510134,high,True,0.025,0.12
2023-05-26,SPY,1.0,0.30775763063080613,0.6157141439236917,medium,True,0.025,0.12
2023-05-30,DIA,1.0,0.528866844103006,0.8514333254983283,high,True,0.025,0.12
2023-05-30,QQQ,0.0,0.0,0.4146905986137488,low,False,0.025,0.12
2023-05-30,SPY,1.0,0.5236193006270863,0.8297634182783338,high,True,0.025,0.12
2023-05-31,DIA,1.0,0.5032909473300953,0.742243897631384,high,True,0.025,0.12
2023-05-31,QQQ,1.0,0.30271300695094056,0.5790406197701893,medium,True,0.025,0.12
2023-05-31,SPY,1.0,0.49933524661272544,0.7243856912447831,high,True,0.025,0.12
2023-06-01,DIA,1.0,0.48141088809778404,0.6384835584420963,high,True,0.025,0.12
2023-06-01,QQQ,0.0,0.0,0.4230051063884799,low,False,0.025,0.12
2023-06-01,SPY,1.0,0.543088780426954,0.9087123885197176,high,True,0.025,0.12
2023-06-02,DIA,0.0,0.0,0.438655404858248,low,False,0.025,0.12
2023-06-02,QQQ,0.0,0.0,0.2802677646038432,low,False,0.025,0.12
2023-06-02,SPY,1.0,0.5287965717086976,0.8511452117765305,high,True,0.025,0.12
2023-06-05,DIA,1.0,0.5182259022099786,0.8071392059848811,high,True,0.025,0.12
2023-06-05,QQQ,1.0,0.29930385845384855,0.5525865602273625,medium,True,0.025,0.12
2023-06-05,SPY,1.0,0.5393888497697796,0.893995999938506,high,True,0.025,0.12
2023-06-06,DIA,1.0,0.5311366329544492,0.8607104517415418,high,True,0.025,0.12
2023-06-06,QQQ,1.0,0.4956250908686236,0.7073266672481183,high,True,0.025,0.12
2023-06-06,SPY,1.0,0.3036442011178914,0.5860091252187535,medium,True,0.025,0.12
2023-06-07,DIA,1.0,0.20597996615660463,0.4572976093725454,low,True,0.025,0.12
2023-06-07,QQQ,1.0,0.29892738049161344,0.5495622958364171,medium,True,0.025,0.12
2023-06-07,SPY,1.0,0.5340513773458424,0.8725440500838737,high,True,0.025,0.12
2023-06-08,DIA,0.0,0.0,0.38398705788093884,low,False,0.025,0.12
2023-06-08,QQQ,1.0,0.3083668696027954,0.6199817745911274,medium,True,0.025,0.12
2023-06-08,SPY,1.0,0.2994588711107407,0.5538252798428729,medium,True,0.025,0.12
2023-06-09,DIA,1.0,0.20738696297625994,0.47961389677378174,low,True,0.025,0.12
2023-06-09,QQQ,0.0,0.0,0.42785899324234,low,False,0.025,0.12
2023-06-09,SPY,1.0,0.2089586150971498,0.5023476427860954,low,True,0.025,0.12
2023-06-12,DIA,0.0,0.0,0.3510040410534258,low,False,0.025,0.12
2023-06-12,QQQ,1.0,0.49595953408220345,0.7088775700276668,high,True,0.025,0.12
2023-06-12,SPY,0.0,0.0,0.29358946881405323,low,False,0.025,0.12
2023-06-13,DIA,0.0,0.0,0.35380221152755353,low,False,0.025,0.12
2023-06-13,QQQ,1.0,0.2061152535815616,0.45954576219852106,low,True,0.025,0.12
2023-06-13,SPY,1.0,0.29676976702931734,0.5317608250223771,medium,True,0.025,0.12
2023-06-14,DIA,1.0,0.4983078892666255,0.7196933732413539,high,True,0.025,0.12
2023-06-14,QQQ,0.0,0.0,0.37830784272159496,low,False,0.025,0.12
2023-06-14,SPY,1.0,0.511006735990646,0.7762230017701,high,True,0.025,0.12
2023-06-15,DIA,0.0,0.0,0.34668789769828945,low,False,0.025,0.12
2023-06-15,QQQ,0.0,0.0,0.42417825262817876,low,False,0.025,0.12
2023-06-15,SPY,1.0,0.4942807497762739,0.7010649549077428,high,True,0.025,0.12
2023-06-16,DIA,1.0,0.20632445245622863,0.46297480989595735,low,True,0.025,0.12
2023-06-16,QQQ,1.0,0.20990207723393364,0.5151700272506703,low,True,0.025,0.12
2023-06-16,SPY,0.0,0.0,0.4320483913552937,low,False,0.025,0.12
2023-06-20,DIA,1.0,0.29967265881161625,0.5555275863543488,medium,True,0.025,0.12
2023-06-20,QQQ,1.0,0.5357572788667171,0.8794300539503322,high,True,0.025,0.12
2023-06-20,SPY,1.0,0.5552529934058656,0.9563040171435752,high,True,0.025,0.12
2023-06-21,DIA,1.0,0.4998186284842988,0.7265854836322713,high,True,0.025,0.12
2023-06-21,QQQ,1.0,0.3059447180432722,0.6028234443654648,medium,True,0.025,0.12
2023-06-21,SPY,1.0,0.5649734237795357,0.9935701875591852,high,True,0.025,0.12
2023-06-22,DIA,1.0,0.5232690648856073,0.8283054937514858,high,True,0.025,0.12
2023-06-22,QQQ,1.0,0.3034854372505869,0.5848280368159133,medium,True,0.025,0.12
2023-06-22,SPY,1.0,0.2975691847623404,0.5384548156173056,medium,True,0.025,0.12
2023-06-23,DIA,1.0,0.2983092439248269,0.5445465381348658,medium,True,0.025,0.12
2023-06-23,QQQ,1.0,0.5149967560211961,0.7934056662055863,high,True,0.025,0.12
2023-06-23,SPY,1.0,0.5104695950542553,0.7738907707158937,high,True,0.025,0.12
2023-06-26,DIA,1.0,0.5078200892896498,0.7623166925515922,high,True,0.025,0.12
2023-06-26,QQQ,1.0,0.20590985354096392,0.45612263273801495,low,True,0.025,0.12
2023-06-26,SPY,1.0,0.5132601657461734,0.7859572443708245,high,True,0.025,0.12
2023-06-27,DIA,1.0,0.49545050931138923,0.7065160101229456,high,True,0.025,0.12
2023-06-27,QQQ,1.0,0.30090254210382744,0.5651895994552032,medium,True,0.025,0.12
2023-06-27,SPY,1.0,0.5199734449939999,0.8145112843312498,high,True,0.025,0.12
2023-06-28,DIA,1.0,0.5266657302326744,0.842382591735805,high,True,0.025,0.12
2023-06-28,QQQ,0.0,0.0,0.2824943632180175,low,False,0.025,0.12
2023-06-28,SPY,1.0,0.5475237639228635,0.9261983842095574,high,True,0.025,0.12
2023-06-29,DIA,1.0,0.49319153843766406,0.6959582004098891,high,True,0.025,0.12
2023-06-29,QQQ,0.0,0.0,0.4370551096389981,low,False,0.025,0.12
2023-06-29,SPY,1.0,0.4915091475163613,0.6880090238263087,high,True,0.025,0.12
2023-06-30,DIA,1.0,0.4943646794317086,0.7014572016896577,high,True,0.025,0.12
2023-06-30,QQQ,1.0,0.29834863052452115,0.5448680509510053,medium,True,0.025,0.12
2023-06-30,SPY,1.0,0.5224496854117362,0.8248887431278479,high,True,0.025,0.12
2023-07-03,DIA,1.0,0.4868029563000963,0.665343667435192,high,True,0.025,0.12
2023-07-03,QQQ,0.0,0.0,0.3365652939590367,low,False,0.025,0.12
2023-07-03,SPY,1.0,0.5022282796230901,0.7374778620927794,high,True,0.025,0.12
2023-07-05,DIA,1.0,0.3021326165886106,0.5746455083412042,medium,True,0.025,0.12
2023-07-05,QQQ,0.0,0.0,0.2902824213184232,low,False,0.025,0.12
2023-07-05,SPY,1.0,0.30584856684614914,0.6021313295367742,medium,True,0.025,0.12
2023-07-06,DIA,1.0,0.5149047489036006,0.7930121655395649,high,True,0.025,0.12
2023-07-06,QQQ,0.0,0.0,0.26516769645091987,low,False,0.025,0.12
2023-07-06,SPY,1.0,0.5068631067984583,0.7581065855612614,high,True,0.025,0.12
2023-07-07,DIA,1.0,0.48992210193301766,0.6804388824709784,high,True,0.025,0.12
2023-07-07,QQQ,0.0,0.0,0.26900307419132086,low,False,0.025,0.12
2023-07-07,SPY,1.0,0.5290454613583163,0.8521654032134975,high,True,0.025,0.12
2023-07-10,DIA,1.0,0.4894415593972645,0.6781324613908699,high,True,0.025,0.12
2023-07-10,QQQ,0.0,0.0,0.3495774406056019,low,False,0.025,0.12
2023-07-10,SPY,0.0,0.0,0.4120067780442057,low,False,0.025,0.12
2023-07-11,DIA,1.0,0.2988557419685679,0.5489842403405826,medium,True,0.025,0.12
2023-07-11,QQQ,0.0,0.0,0.16740151614752846,low,False,0.025,0.12
2023-07-11,SPY,1.0,0.4936813359327836,0.6982583830269551,high,True,0.025,0.12
2023-07-12,DIA,0.0,0.0,0.4243988253350579,low,False,0.025,0.12
2023-07-12,QQQ,1.0,0.2080251626508471,0.4890804149661321,low,True,0.025,0.12
2023-07-12,SPY,1.0,0.4849846014423109,0.6564005780615662,high,True,0.025,0.12
2023-07-13,DIA,1.0,0.5405521615793354,0.8986361399130526,high,True,0.025,0.12
2023-07-13,QQQ,1.0,0.3038182753760157,0.5873008885342486,medium,True,0.025,0.12
2023-07-13,SPY,1.0,0.48680673519148054,0.6653621391027583,high,True,0.025,0.12
2023-07-14,DIA,1.0,0.4836926360142789,0.6499774030853233,high,True,0.025,0.12
2023-07-14,QQQ,0.0,0.0,0.3499656957596525,low,False,0.025,0.12
2023-07-14,SPY,1.0,0.5374288999394639,0.8861502318716463,high,True,0.025,0.12
2023-07-17,DIA,0.0,0.0,0.4353415673675427,low,False,0.025,0.12
2023-07-17,QQQ,0.0,0.0,0.30933411223265206,low,False,0.025,0.12
2023-07-17,SPY,1.0,0.2979504836852099,0.5416055951048708,medium,True,0.025,0.12
2023-07-18,DIA,1.0,0.4829129156805396,0.6460718151397196,high,True,0.025,0.12
2023-07-18,QQQ,0.0,0.0,0.40052669537785396,low,False,0.025,0.12
2023-07-18,SPY,1.0,0.5077252395495514,0.7619001326930166,high,True,0.025,0.12
2023-07-19,DIA,0.0,0.0,0.4163726824783279,low,False,0.025,0.12
2023-07-19,QQQ,1.0,0.3077177333338381,0.6154335801043955,medium,True,0.025,0.12
2023-07-19,SPY,1.0,0.5097579972667128,0.7707937966052624,high,True,0.025,0.12
2023-07-20,DIA,0.0,0.0,0.24476296968027714,low,False,0.025,0.12
2023-07-20,QQQ,0.0,0.0,0.33825542791941543,low,False,0.025,0.12
2023-07-20,SPY,1.0,0.5337504253477878,0.871326232537432,high,True,0.025,0.12
2023-07-21,DIA,1.0,0.2979958298178028,0.5419785665900618,medium,True,0.025,0.12
2023-07-21,QQQ,1.0,0.4938871529295886,0.6992230916674131,high,True,0.025,0.12
2023-07-21,SPY,1.0,0.4972519873910156,0.7148460201069541,high,True,0.025,0.12
2023-07-24,DIA,0.0,0.0,0.26335151878497354,low,False,0.025,0.12
2023-07-24,QQQ,0.0,0.0,0.2295886138147621,low,False,0.025,0.12
2023-07-24,SPY,0.0,0.0,0.25695223593393923,low,False,0.025,0.12
2023-07-25,DIA,1.0,0.30590664080174096,0.6025494626572349,medium,True,0.025,0.12
2023-07-25,QQQ,0.0,0.0,0.3425399281141593,low,False,0.025,0.12
2023-07-25,SPY,0.0,0.0,0.3558912191808462,low,False,0.025,0.12
2023-07-26,DIA,0.0,0.0,0.27992911736109155,low,False,0.025,0.12
2023-07-26,QQQ,1.0,0.30367784305015044,0.5862590355665896,medium,True,0.025,0.12
2023-07-26,SPY,1.0,0.2089773544779947,0.502607711658104,low,True,0.025,0.12
2023-07-27,DIA,1.0,0.2060962403159309,0.45923129352484005,low,True,0.025,0.12
2023-07-27,QQQ,1.0,0.49722439146920405,0.7147189928107586,high,True,0.025,0.12
2023-07-27,SPY,1.0,0.4965708255315182,0.711705371946714,high,True,0.025,0.12
2023-07-28,DIA,0.0,0.0,0.4229721765591909,low,False,0.025,0.12
2023-07-28,QQQ,1.0,0.49796874263817514,0.7181392059822902,high,True,0.025,0.12
2023-07-28,SPY,1.0,0.5183384555668586,0.8076152601877082,high,True,0.025,0.12
2023-07-31,DIA,0.0,0.0,0.3765828068607712,low,False,0.025,0.12
2023-07-31,QQQ,1.0,0.48097240622752657,0.6362517063015358,high,True,0.025,0.12
2023-07-31,SPY,1.0,0.3051463821657701,0.5970496489628058,medium,True,0.025,0.12
2023-08-01,DIA,1.0,0.2978736552243282,0.540972847590262,medium,True,0.025,0.12
2023-08-01,QQQ,1.0,0.3048111636207652,0.5946063740728253,medium,True,0.025,0.12
2023-08-01,SPY,1.0,0.5433299411050188,0.9096674472374298,high,True,0.025,0.12
2023-08-02,DIA,1.0,0.5039084647756248,0.7450032674208861,high,True,0.025,0.12
2023-08-02,QQQ,0.0,0.0,0.42115470058813453,low,False,0.025,0.12
2023-08-02,SPY,1.0,0.4845598214793671,0.6542952293542303,high,True,0.025,0.12
2023-08-03,DIA,1.0,0.2077033401461425,0.4843507976176746,low,True,0.025,0.12
2023-08-03,QQQ,1.0,0.30457368361985115,0.5928685111782157,medium,True,0.025,0.12
2023-08-03,SPY,1.0,0.5124829950261963,0.7826090453256613,high,True,0.025,0.12
2023-08-04,DIA,1.0,0.5152020814970666,0.794283364136313,high,True,0.025,0.12
2023-08-04,QQQ,1.0,0.5556351102326936,0.9577809929241317,high,True,0.025,0.12
2023-08-04,SPY,1.0,0.5581552322875929,0.967496435803035,high,True,0.025,0.12
2023-08-07,DIA,1.0,0.4868940050740561,0.6657885962714227,high,True,0.025,0.12
2023-08-07,QQQ,1.0,0.2978918284322372,0.5411226144129572,medium,True,0.025,0.12
2023-08-07,SPY,1.0,0.5377711629431279,0.887522904356364,high,True,0.025,0.12
2023-08-08,DIA,0.0,0.0,0.4116887834450434,low,False,0.025,0.12
2023-08-08,QQQ,1.0,0.2972147036933443,0.535501632427948,medium,True,0.025,0.12
2023-08-08,SPY,1.0,0.4857156856834297,0.6600095293352691,high,True,0.025,0.12
2023-08-09,DIA,1.0,0.2095528137735375,0.5104854747982555,low,True,0.025,0.12
2023-08-09,QQQ,1.0,0.20747683304166328,0.4809686480961179,low,True,0.025,0.12
2023-08-09,SPY,1.0,0.4940890580630676,0.7001684122074004,high,True,0.025,0.12
2023-08-10,DIA,1.0,0.49556152677798254,0.707031597642104,high,True,0.025,0.12
2023-08-10,QQQ,1.0,0.20792894237659784,0.48767532557418114,low,True,0.025,0.12
2023-08-10,SPY,1.0,0.5357112079798597,0.8792444608238105,high,True,0.025,0.12
2023-08-11,DIA,1.0,0.20706279329022922,0.4746633377867814,low,True,0.025,0.12
2023-08-11,QQQ,0.0,0.0,0.4229590204930522,low,False,0.025,0.12
2023-08-11,SPY,1.0,0.30413309680820977,0.5896286697133805,medium,True,0.025,0.12
2023-08-14,DIA,1.0,0.486787437714407,0.6652678059121231,high,True,0.025,0.12
2023-08-14,QQQ,0.0,0.0,0.41049811218504645,low,False,0.025,0.12
2023-08-14,SPY,1.0,0.48399559478681753,0.6514889272365635,high,True,0.025,0.12
2023-08-15,DIA,0.0,0.0,0.4421002124695201,low,False,0.025,0.12
2023-08-15,QQQ,0.0,0.0,0.27330209407663597,low,False,0.025,0.12
2023-08-15,SPY,0.0,0.0,0.3811198754813591,low,False,0.025,0.12
2023-08-16,DIA,1.0,0.30376591317988516,0.5869126734455697,medium,True,0.025,0.12
2023-08-16,QQQ,1.0,0.2964797343519053,0.5293012119168825,medium,True,0.025,0.12
2023-08-16,SPY,1.0,0.5023786580358043,0.7381536693985371,high,True,0.025,0.12
2023-08-17,DIA,1.0,0.49668728505205106,0.7122431036144856,high,True,0.025,0.12
2023-08-17,QQQ,1.0,0.4898246061997177,0.6799714858710536,high,True,0.025,0.12
2023-08-17,SPY,1.0,0.5248279346596587,0.8347831321015727,high,True,0.025,0.12
2023-08-18,DIA,1.0,0.49762057156600464,0.7165409750748234,high,True,0.025,0.12
2023-08-18,QQQ,1.0,0.508765313271559,0.7664594178441532,high,True,0.025,0.12
2023-08-18,SPY,1.0,0.49283027018304887,0.6942576045873143,high,True,0.025,0.12
2023-08-21,DIA,0.0,0.0,0.43176495826288186,low,False,0.025,0.12
2023-08-21,QQQ,1.0,0.30073470431516264,0.5638837529967254,medium,True,0.025,0.12
2023-08-21,SPY,1.0,0.20818458818651805,0.4913921882347646,low,True,0.025,0.12
2023-08-22,DIA,1.0,0.30242454125965157,0.576861285463846,medium,True,0.025,0.12
2023-08-22,QQQ,1.0,0.49226376869584887,0.6915839562908049,high,True,0.025,0.12
2023-08-22,SPY,1.0,0.5427233616022996,0.9072642849792842,high,True,0.025,0.12
2023-08-23,DIA,1.0,0.29751749658298743,0.5380256620959964,medium,True,0.025,0.12
2023-08-23,QQQ,1.0,0.30064770249012696,0.5632053066616388,medium,True,0.025,0.12
2023-08-23,SPY,1.0,0.48739472280491286,0.6682307055774547,high,True,0.025,0.12
2023-08-24,DIA,1.0,0.5171954041826745,0.8027725062326515,high,True,0.025,0.12
2023-08-24,QQQ,1.0,0.5239267068695598,0.8310418194767887,high,True,0.025,0.12
2023-08-24,SPY,1.0,0.5334585932947102,0.8701444476506159,high,True,0.025,0.12
2023-08-25,DIA,1.0,0.3078620246514534,0.6164476186539902,medium,True,0.025,0.12
2023-08-25,QQQ,1.0,0.20585948973330112,0.45527434098716646,low,True,0.025,0.12
2023-08-25,SPY,1.0,0.20851932939252152,0.4961828044468143,low,True,0.025,0.12
2023-08-28,DIA,1.0,0.5235671390726864,0.8295463810240623,high,True,0.025,0.12
2023-08-28,QQQ,1.0,0.30952106394169104,0.6279841186579023,medium,True,0.025,0.12
2023-08-28,SPY,1.0,0.48231159163779436,0.6430443241001981,high,True,0.025,0.12
2023-08-29,DIA,1.0,0.3008019379444198,0.5644073248873073,medium,True,0.025,0.12
2023-08-29,QQQ,0.0,0.0,0.44983797678733467,low,False,0.025,0.12
2023-08-29,SPY,1.0,0.30201276971395874,0.5737327857834396,medium,True,0.025,0.12
2023-08-30,DIA,1.0,0.4920456836474406,0.6905523935087159,high,True,0.025,0.12
2023-08-30,QQQ,0.0,0.0,0.28386301008603926,low,False,0.025,0.12
2023-08-30,SPY,0.0,0.0,0.33317408612913085,low,False,0.025,0.12
2023-08-31,DIA,1.0,0.5430526606833622,0.908569302119985,high,True,0.025,0.12
2023-08-31,QQQ,0.0,0.0,0.33623940962857984,low,False,0.025,0.12
2023-08-31,SPY,1.0,0.4993592001658032,0.7244948191934525,high,True,0.025,0.12
2023-09-01,DIA,1.0,0.3046872367355819,0.593700213541881,medium,True,0.025,0.12
2023-09-01,QQQ,0.0,0.0,0.347578505352965,low,False,0.025,0.12
2023-09-01,SPY,0.0,0.0,0.4210311686744538,low,False,0.025,0.12
2023-09-05,DIA,1.0,0.5112048773389258,0.7770821414650797,high,True,0.025,0.12
2023-09-05,QQQ,0.0,0.0,0.32147915469767563,low,False,0.025,0.12
2023-09-05,SPY,1.0,0.2958029573048588,0.5234936006791533,medium,True,0.025,0.12
2023-09-06,DIA,1.0,0.20648830570010704,0.46562243401843434,low,True,0.025,0.12
2023-09-06,QQQ,0.0,0.0,0.2738939789958235,low,False,0.025,0.12
2023-09-06,SPY,0.0,0.0,0.422437301968814,low,False,0.025,0.12
2023-09-07,DIA,0.0,0.0,0.3890534863395364,low,False,0.025,0.12
2023-09-07,QQQ,0.0,0.0,0.4185327854801175,low,False,0.025,0.12
2023-09-07,SPY,1.0,0.2961036582595599,0.5260860695816361,medium,True,0.025,0.12
2023-09-08,DIA,1.0,0.2094557136286464,0.5091705102362826,low,True,0.025,0.12
2023-09-08,QQQ,0.0,0.0,0.36257240458243134,low,False,0.025,0.12
2023-09-08,SPY,1.0,0.29865650465462135,0.5473721602955502,medium,True,0.025,0.12
2023-09-11,DIA,1.0,0.48571209658173764,0.6599918562612211,high,True,0.025,0.12
2023-09-11,QQQ,0.0,0.0,0.3014497104978313,low,False,0.025,0.12
2023-09-11,SPY,1.0,0.20719287934855452,0.4766622440209682,low,True,0.025,0.12
2023-09-12,DIA,1.0,0.2096119766875457,0.5112839465368787,low,True,0.025,0.12
2023-09-12,QQQ,0.0,0.0,0.3824989359171921,low,False,0.025,0.12
2023-09-12,SPY,1.0,0.4967612261474098,0.7125843483696247,high,True,0.025,0.12
2023-09-13,DIA,0.0,0.0,0.4131202273306779,low,False,0.025,0.12
2023-09-13,QQQ,0.0,0.0,0.24766767601569176,low,False,0.025,0.12
2023-09-13,SPY,1.0,0.20590323827713816,0.4560114155244656,low,True,0.025,0.12
2023-09-14,DIA,1.0,0.30718107981040343,0.6116464274175529,medium,True,0.025,0.12
2023-09-14,QQQ,1.0,0.29940224661721837,0.5533732222791053,medium,True,0.025,0.12
2023-09-14,SPY,1.0,0.3033930931188987,0.584139760080346,medium,True,0.025,0.12
2023-09-15,DIA,0.0,0.0,0.37014911859940414,low,False,0.025,0.12
2023-09-15,QQQ,0.0,0.0,0.317351144404316,low,False,0.025,0.12
2023-09-15,SPY,0.0,0.0,0.20555591595472048,low,False,0.025,0.12
2023-09-18,DIA,1.0,0.29988567776040354,0.5572168667843722,medium,True,0.025,0.12
2023-09-18,QQQ,1.0,0.48001062179281556,0.631328887295781,high,True,0.025,0.12
2023-09-18,SPY,1.0,0.5004956560662767,0.7296581048166688,high,True,0.025,0.12
2023-09-19,DIA,1.0,0.2991826478975022,0.551615332942278,medium,True,0.025,0.12
2023-09-19,QQQ,1.0,0.3092968372701202,0.6264377086624815,medium,True,0.025,0.12
2023-09-19,SPY,1.0,0.5045204457360919,0.7477306629346734,high,True,0.025,0.12
2023-09-20,DIA,1.0,0.3003467505410199,0.560850246232483,medium,True,0.025,0.12
2023-09-20,QQQ,1.0,0.30009926747727017,0.5589038791597137,medium,True,0.025,0.12
2023-09-20,SPY,1.0,0.3028590438657929,0.580140124519034,medium,True,0.025,0.12
2023-09-21,DIA,0.0,0.0,0.38751875730737906,low,False,0.025,0.12
2023-09-21,QQQ,0.0,0.0,0.32751117174564465,low,False,0.025,0.12
2023-09-21,SPY,0.0,0.0,0.36619022993101136,low,False,0.025,0.12
2023-09-22,DIA,1.0,0.4818940366518407,0.640933937054875,high,True,0.025,0.12
2023-09-22,QQQ,1.0,0.5276088179236273,0.8462671571848019,high,True,0.025,0.12
2023-09-22,SPY,1.0,0.30464623695887244,0.5934000714772271,medium,True,0.025,0.12
2023-09-25,DIA,1.0,0.4892865648772461,0.6773870984768415,high,True,0.025,0.12
2023-09-25,QQQ,1.0,0.20610968297855722,0.4594536772393154,low,True,0.025,0.12
2023-09-25,SPY,1.0,0.3072468012518206,0.6121115689515854,medium,True,0.025,0.12
2023-09-26,DIA,0.0,0.0,0.3811872295041673,low,False,0.025,0.12
2023-09-26,QQQ,0.0,0.0,0.15740251850137807,low,False,0.025,0.12
2023-09-26,SPY,0.0,0.0,0.1749675413951361,low,False,0.025,0.12
2023-09-27,DIA,1.0,0.49952888932775563,0.7252675346330123,high,True,0.025,0.12
2023-09-27,QQQ,1.0,0.3074005418832692,0.6131981860982489,medium,True,0.025,0.12
2023-09-27,SPY,1.0,0.511527566406823,0.7784799726295313,high,True,0.025,0.12
2023-09-28,DIA,0.0,0.0,0.2638727803533105,low,False,0.025,0.12
2023-09-28,QQQ,1.0,0.4885148545389758,0.6736652892408155,high,True,0.025,0.12
2023-09-28,SPY,1.0,0.3079341117100556,0.6169535659269703,medium,True,0.025,0.12
2023-09-29,DIA,1.0,0.5178644855736139,0.805609387920149,high,True,0.025,0.12
2023-09-29,QQQ,1.0,0.4854747397725041,0.6588221245244952,high,True,0.025,0.12
2023-09-29,SPY,0.0,0.0,0.4494527799512844,low,False,0.025,0.12
2023-10-02,DIA,1.0,0.20780692481780305,0.4858825723799679,low,True,0.025,0.12
2023-10-02,QQQ,1.0,0.20762676304843794,0.4832124501270097,low,True,0.025,0.12
2023-10-02,SPY,1.0,0.30008921526865107,0.5588246337782684,medium,True,0.025,0.12
2023-10-03,DIA,1.0,0.20835765341933904,0.49387945504438885,low,True,0.025,0.12
2023-10-03,QQQ,0.0,0.0,0.3188627588153854,low,False,0.025,0.12
2023-10-03,SPY,0.0,0.0,0.2733681899390696,low,False,0.025,0.12
2023-10-04,DIA,0.0,0.0,0.3863070581674974,low,False,0.025,0.12
2023-10-04,QQQ,1.0,0.30445110962617705,0.5919692267668504,medium,True,0.025,0.12
2023-10-04,SPY,0.0,0.0,0.4184324879697688,low,False,0.025,0.12
2023-10-05,DIA,1.0,0.51730423598969,0.8032343738008856,high,True,0.025,0.12
2023-10-05,QQQ,1.0,0.5045858874653173,0.7480218934852059,high,True,0.025,0.12
2023-10-05,SPY,1.0,0.3092774635094616,0.626303912172584,medium,True,0.025,0.12
2023-10-06,DIA,1.0,0.29847055023149494,0.5458616040645361,medium,True,0.025,0.12
2023-10-06,QQQ,1.0,0.20999340365708039,0.5163836369178717,low,True,0.025,0.12
2023-10-06,SPY,1.0,0.20617066875832113,0.4604595793545452,low,True,0.025,0.12
2023-10-09,DIA,0.0,0.0,0.4482547602579269,low,False,0.025,0.12
2023-10-09,QQQ,1.0,0.20881820864752554,0.5003916156642397,low,True,0.025,0.12
2023-10-09,SPY,1.0,0.20781465768981053,0.48599655750072,low,True,0.025,0.12
2023-10-10,DIA,1.0,0.20895687265563254,0.5023234490627839,low,True,0.025,0.12
2023-10-10,QQQ,1.0,0.29698805433110115,0.5336009036772903,medium,True,0.025,0.12
2023-10-10,SPY,1.0,0.20860273911466687,0.4973636978288293,low,True,0.025,0.12
2023-10-11,DIA,0.0,0.0,0.3775893914598519,low,False,0.025,0.12
2023-10-11,QQQ,1.0,0.4810017678820889,0.636401396685078,high,True,0.025,0.12
2023-10-11,SPY,1.0,0.3056529844210522,0.6007207496009528,medium,True,0.025,0.12
2023-10-12,DIA,0.0,0.0,0.4418125019288303,low,False,0.025,0.12
2023-10-12,QQQ,1.0,0.30471385577804516,0.593894987126369,medium,True,0.025,0.12
2023-10-12,SPY,1.0,0.3059727219972438,0.6030248564069571,medium,True,0.025,0.12
2023-10-13,DIA,1.0,0.4813085909894582,0.6379635579004655,high,True,0.025,0.12
2023-10-13,QQQ,0.0,0.0,0.4108902707412139,low,False,0.025,0.12
2023-10-13,SPY,0.0,0.0,0.3654769446649362,low,False,0.025,0.12
2023-10-16,DIA,1.0,0.4914879420282001,0.6879083402625256,high,True,0.025,0.12
2023-10-16,QQQ,1.0,0.513984666070813,0.7890702068714174,high,True,0.025,0.12
2023-10-16,SPY,1.0,0.4866632508175469,0.6646604458973118,high,True,0.025,0.12
2023-10-17,DIA,1.0,0.206900138062228,0.4721397978516711,low,True,0.025,0.12
2023-10-17,QQQ,1.0,0.30305489935533625,0.5816107710255218,medium,True,0.025,0.12
2023-10-17,SPY,1.0,0.20683768079962042,0.4711634317579614,low,True,0.025,0.12
2023-10-18,DIA,1.0,0.5050931729664382,0.7502766951479212,high,True,0.025,0.12
2023-10-18,QQQ,1.0,0.4805994815731837,0.6343474347314271,high,True,0.025,0.12
2023-10-18,SPY,1.0,0.4855918622147889,0.6593995602162314,high,True,0.025,0.12
2023-10-18,DIA,0.0,0.0,0.42118106323194365,low,False,0.025,0.12
2023-10-18,QQQ,0.0,0.0,0.3210524161353299,low,False,0.025,0.12
2023-10-18,SPY,0.0,0.0,0.2593553982509864,low,False,0.025,0.12
2023-10-19,DIA,1.0,0.3070739259986363,0.5977271197025225,medium,True,0.025,0.12
2023-10-19,QQQ,0.0,0.0,0.3433500713489433,low,False,0.025,0.12
2023-10-19,SPY,0.0,0.0,0.2723991149729145,low,False,0.025,0.12
2023-10-20,DIA,1.0,0.30031564210535605,0.54335104411047,medium,True,0.025,0.12
2023-10-20,QQQ,1.0,0.30334599059814843,0.5686010671584856,medium,True,0.025,0.12
2023-10-20,SPY,1.0,0.21036432186439746,0.4994349147732918,low,True,0.025,0.12
2023-10-23,DIA,1.0,0.5024116398645794,0.7315317044815384,high,True,0.025,0.12
2023-10-23,QQQ,1.0,0.5100678973149255,0.7665662419333544,high,True,0.025,0.12
2023-10-23,SPY,1.0,0.5382978837828293,0.887335424208238,high,True,0.025,0.12
2023-10-24,DIA,0.0,0.0,0.3111103456777039,low,False,0.025,0.12
2023-10-24,QQQ,0.0,0.0,0.24524531945466743,low,False,0.025,0.12
2023-10-24,SPY,0.0,0.0,0.29974048526310193,low,False,0.025,0.12
2023-10-25,DIA,1.0,0.3111342673940977,0.6276141772642482,medium,True,0.025,0.12
2023-10-25,QQQ,1.0,0.49920999458057114,0.7164871993589531,high,True,0.025,0.12
2023-10-25,SPY,0.0,0.0,0.34722673338132637,low,False,0.025,0.12
2023-10-26,DIA,1.0,0.5006954775149572,0.7234990047796218,high,True,0.025,0.12
2023-10-26,QQQ,1.0,0.5192024287030504,0.806906519732493,high,True,0.025,0.12
2023-10-26,SPY,1.0,0.5242083768695462,0.8284502815965226,high,True,0.025,0.12
2023-10-27,DIA,1.0,0.507648455815536,0.7556276972879797,high,True,0.025,0.12
2023-10-27,QQQ,1.0,0.5038757243825486,0.7383294996187467,high,True,0.025,0.12
2023-10-27,SPY,1.0,0.5323840554572228,0.8629068932768265,high,True,0.025,0.12
2023-10-30,DIA,1.0,0.2115089986103788,0.5159791581710415,low,True,0.025,0.12
2023-10-30,QQQ,0.0,0.0,0.3265974880020877,low,False,0.025,0.12
2023-10-30,SPY,0.0,0.0,0.3674818394354115,low,False,0.025,0.12
2023-10-31,DIA,1.0,0.30038593435867805,0.5439561592875435,medium,True,0.025,0.12
2023-10-31,QQQ,0.0,0.0,0.36317176732040984,low,False,0.025,0.12
2023-10-31,SPY,0.0,0.0,0.36341553817103944,low,False,0.025,0.12
2023-11-01,DIA,1.0,0.4846939132967241,0.6444683343485758,high,True,0.025,0.12
2023-11-01,QQQ,0.0,0.0,0.40587227804024073,low,False,0.025,0.12
2023-11-01,SPY,0.0,0.0,0.32272707449431687,low,False,0.025,0.12
2023-11-02,DIA,1.0,0.3075393124801005,0.6012402384226578,medium,True,0.025,0.12
2023-11-02,QQQ,0.0,0.0,0.19452585951273477,low,False,0.025,0.12
2023-11-02,SPY,0.0,0.0,0.4450001533674268,low,False,0.025,0.12
2023-11-03,DIA,1.0,0.20916572520654456,0.48092233248411914,low,True,0.025,0.12
2023-11-03,QQQ,1.0,0.2087227305416134,0.4736958007113633,low,True,0.025,0.12
2023-11-03,SPY,1.0,0.2079740309191831,0.46089390380481116,low,True,0.025,0.12
2023-11-06,DIA,1.0,0.30191046074131356,0.5568430443570195,medium,True,0.025,0.12
2023-11-06,QQQ,0.0,0.0,0.264860025683445,low,False,0.025,0.12
2023-11-06,SPY,1.0,0.21091018240380174,0.5074454133448174,low,True,0.025,0.12
2023-11-07,DIA,1.0,0.3063939549363297,0.5925487966657288,medium,True,0.025,0.12
2023-11-07,QQQ,1.0,0.30978197858254386,0.6178426493327268,medium,True,0.025,0.12
2023-11-07,SPY,1.0,0.2990237746147466,0.5320405886411875,medium,True,0.025,0.12
2023-11-08,DIA,1.0,0.5182108301460283,0.8025946248533403,high,True,0.025,0.12
2023-11-08,QQQ,1.0,0.20743073953360933,0.45104600513698534,low,True,0.025,0.12
2023-11-08,SPY,1.0,0.3045397116014166,0.5781330472590713,medium,True,0.025,0.12
2023-11-09,DIA,1.0,0.508733071707184,0.7605456744789535,high,True,0.025,0.12
2023-11-09,QQQ,1.0,0.2114447222681044,0.5150749664463649,low,True,0.025,0.12
2023-11-09,SPY,1.0,0.49283181775340723,0.6856953481622013,high,True,0.025,0.12
2023-11-10,DIA,1.0,0.48632152194040756,0.6529165508236856,high,True,0.025,0.12
2023-11-10,QQQ,0.0,0.0,0.3090332196963014,low,False,0.025,0.12
2023-11-10,SPY,1.0,0.20750710713919845,0.4524628746546306,low,True,0.025,0.12
2023-11-13,DIA,1.0,0.3046780900372243,0.5792246907633126,medium,True,0.025,0.12
2023-11-13,QQQ,0.0,0.0,0.2612187239235765,low,False,0.025,0.12
2023-11-13,SPY,1.0,0.2085068595691011,0.4700856217952907,low,True,0.025,0.12
2023-11-14,DIA,1.0,0.5210179449451352,0.8147622041399519,high,True,0.025,0.12
2023-11-14,QQQ,0.0,0.0,0.2150457331726563,low,False,0.025,0.12
2023-11-14,SPY,0.0,0.0,0.368566788995299,low,False,0.025,0.12
2023-11-15,DIA,1.0,0.5479290951284048,0.926351260757415,high,True,0.025,0.12
2023-11-15,QQQ,0.0,0.0,0.2705582861944637,low,False,0.025,0.12
2023-11-15,SPY,1.0,0.20841510358575027,0.4685321657923156,low,True,0.025,0.12
2023-11-16,DIA,1.0,0.5370360039577942,0.8821550339067799,high,True,0.025,0.12
2023-11-16,QQQ,0.0,0.0,0.29856759616883055,low,False,0.025,0.12
2023-11-16,SPY,1.0,0.2989054825840591,0.5309860012279459,medium,True,0.025,0.12
2023-11-17,DIA,1.0,0.5000505865739672,0.7204618414577297,high,True,0.025,0.12
2023-11-17,QQQ,0.0,0.0,0.4442912815050619,low,False,0.025,0.12
2023-11-17,SPY,1.0,0.5068575113578018,0.752026228154407,high,True,0.025,0.12
2023-11-20,DIA,1.0,0.5123607867296056,0.7768290315570522,high,True,0.025,0.12
2023-11-20,QQQ,1.0,0.3066768492569603,0.5947098561335358,medium,True,0.025,0.12
2023-11-20,SPY,1.0,0.3083282610892044,0.6071408194951982,medium,True,0.025,0.12
2023-11-21,DIA,1.0,0.5426350534359816,0.905015971776838,high,True,0.025,0.12
2023-11-21,QQQ,1.0,0.2988254703733785,0.5302707822549855,medium,True,0.025,0.12
2023-11-21,SPY,1.0,0.4975290495216309,0.7084836209922963,high,True,0.025,0.12
2023-11-22,DIA,1.0,0.5069641302230741,0.7525124578831258,high,True,0.025,0.12
2023-11-22,QQQ,1.0,0.20906045973748177,0.4792261596904162,low,True,0.025,0.12
2023-11-22,SPY,1.0,0.21178648371408418,0.5198518254814697,low,True,0.025,0.12
2023-11-24,DIA,1.0,0.5350470600052575,0.8739550423905078,high,True,0.025,0.12
2023-11-24,QQQ,1.0,0.5225370485013321,0.8212978178843358,high,True,0.025,0.12
2023-11-24,SPY,1.0,0.5465630042468643,0.9208705159943231,high,True,0.025,0.12
2023-11-27,DIA,1.0,0.5047319494228454,0.7422823933363698,high,True,0.025,0.12
2023-11-27,QQQ,0.0,0.0,0.42343580751273047,low,False,0.025,0.12
2023-11-27,SPY,1.0,0.483298500723525,0.6371339913148781,high,True,0.025,0.12
2023-11-28,DIA,1.0,0.5075477604920077,0.7551699077076759,high,True,0.025,0.12
2023-11-28,QQQ,1.0,0.29780077022303564,0.520968913611595,medium,True,0.025,0.12
2023-11-28,SPY,1.0,0.4984299816965996,0.712782622615586,high,True,0.025,0.12
2023-11-29,DIA,1.0,0.48549966274270656,0.6486645414514267,high,True,0.025,0.12
2023-11-29,QQQ,1.0,0.3040526852265058,0.574269395650214,medium,True,0.025,0.12
2023-11-29,SPY,1.0,0.4826255167111356,0.6335650089554868,high,True,0.025,0.12
2023-11-30,DIA,1.0,0.5209782559788242,0.8145909989250845,high,True,0.025,0.12
2023-11-30,QQQ,1.0,0.30435907840445886,0.576704013608243,medium,True,0.025,0.12
2023-11-30,SPY,1.0,0.298680815331431,0.5289737852188913,medium,True,0.025,0.12
2023-12-01,DIA,1.0,0.3022313563689334,0.559501311361851,medium,True,0.025,0.12
2023-12-01,QQQ,0.0,0.0,0.3041654986688647,low,False,0.025,0.12
2023-12-01,SPY,0.0,0.0,0.2419741915295732,low,False,0.025,0.12
2023-12-04,DIA,0.0,0.0,0.27647339628709056,low,False,0.025,0.12
2023-12-04,QQQ,0.0,0.0,0.4236639604891276,low,False,0.025,0.12
2023-12-04,SPY,0.0,0.0,0.19605114918275263,low,False,0.025,0.12
2023-12-05,DIA,0.0,0.0,0.38866915675141056,low,False,0.025,0.12
2023-12-05,QQQ,0.0,0.0,0.3355283297716213,low,False,0.025,0.12
2023-12-05,SPY,0.0,0.0,0.44227210189832683,low,False,0.025,0.12
2023-12-06,DIA,0.0,0.0,0.3905826210580649,low,False,0.025,0.12
2023-12-06,QQQ,1.0,0.5073090475834848,0.7540838216249186,high,True,0.025,0.12
2023-12-06,SPY,1.0,0.30320488920833033,0.5674601788068926,medium,True,0.025,0.12
2023-12-07,DIA,1.0,0.3039710006294987,0.573618023772714,medium,True,0.025,0.12
2023-12-07,QQQ,1.0,0.5349430310442411,0.8735249572891342,high,True,0.025,0.12
2023-12-07,SPY,1.0,0.21072537088851528,0.5047593872056796,low,True,0.025,0.12
2023-12-08,DIA,1.0,0.5069167923114162,0.7522966050052254,high,True,0.025,0.12
2023-12-08,QQQ,0.0,0.0,0.22281871834324876,low,False,0.025,0.12
2023-12-08,SPY,0.0,0.0,0.3709020488990517,low,False,0.025,0.12
2023-12-11,DIA,1.0,0.5066929261107599,0.7512751807343961,high,True,0.025,0.12
2023-12-11,QQQ,1.0,0.4847655787551379,0.6448426846068875,high,True,0.025,0.12
2023-12-11,SPY,0.0,0.0,0.28724073056893423,low,False,0.025,0.12
2023-12-12,DIA,1.0,0.4862487020266297,0.6525409278985701,high,True,0.025,0.12
2023-12-12,QQQ,1.0,0.29891945550934684,0.5311107454970225,medium,True,0.025,0.12
2023-12-12,SPY,0.0,0.0,0.23562791760866952,low,False,0.025,0.12
2023-12-13,DIA,1.0,0.5473990656748473,0.9242267712634881,high,True,0.025,0.12
2023-12-13,QQQ,1.0,0.5228653805021726,0.8227060233953748,high,True,0.025,0.12
2023-12-13,SPY,1.0,0.3034933649195015,0.569789380391926,medium,True,0.025,0.12
2023-12-14,DIA,1.0,0.304984855691135,0.581635274385855,medium,True,0.025,0.12
2023-12-14,QQQ,1.0,0.2996866626629502,0.537890229399087,medium,True,0.025,0.12
2023-12-14,SPY,0.0,0.0,0.33091765490794545,low,False,0.025,0.12
2023-12-15,DIA,1.0,0.3076676033937981,0.6022043815581584,medium,True,0.025,0.12
2023-12-15,QQQ,0.0,0.0,0.3624863684059094,low,False,0.025,0.12
2023-12-15,SPY,0.0,0.0,0.2662707954178437,low,False,0.025,0.12
2023-12-18,DIA,1.0,0.4945579403335794,0.6941456315539944,high,True,0.025,0.12
2023-12-18,QQQ,0.0,0.0,0.3234491986813743,low,False,0.025,0.12
2023-12-18,SPY,1.0,0.29770695875348696,0.5201035053982611,medium,True,0.025,0.12
2023-12-19,DIA,1.0,0.5055912577721049,0.746233252105583,high,True,0.025,0.12
2023-12-19,QQQ,0.0,0.0,0.4435245354754255,low,False,0.025,0.12
2023-12-19,SPY,1.0,0.3107488587061136,0.6248463706789105,medium,True,0.025,0.12
2023-12-20,DIA,1.0,0.4864081293257472,0.6533630124249521,high,True,0.025,0.12
2023-12-20,QQQ,1.0,0.30999746243393106,0.6194111524628236,medium,True,0.025,0.12
2023-12-20,SPY,1.0,0.2085947586347468,0.4715630403478975,low,True,0.025,0.12
2023-12-21,DIA,1.0,0.3109832922941937,0.6265315384971053,medium,True,0.025,0.12
2023-12-21,QQQ,1.0,0.5035678352573456,0.7369040516932288,high,True,0.025,0.12
2023-12-21,SPY,1.0,0.5264107406022092,0.8378167039741317,high,True,0.025,0.12
2023-12-22,DIA,1.0,0.49800588592783035,0.7107616758450839,high,True,0.025,0.12
2023-12-22,QQQ,1.0,0.20782033608718667,0.4581606425495906,low,True,0.025,0.12
2023-12-22,SPY,1.0,0.20807968574065352,0.4627505454572471,low,True,0.025,0.12
2023-12-26,DIA,0.0,0.0,0.3178616873676053,low,False,0.025,0.12
2023-12-26,QQQ,0.0,0.0,0.3635478488258627,low,False,0.025,0.12
2023-12-26,SPY,1.0,0.30077153679063584,0.5472578501216091,medium,True,0.025,0.12
2023-12-27,DIA,0.0,0.0,0.4416033437828618,low,False,0.025,0.12
2023-12-27,QQQ,1.0,0.2981097560648834,0.5238024361889165,medium,True,0.025,0.12
2023-12-27,SPY,1.0,0.5027258703387528,0.732994874169728,high,True,0.025,0.12
2023-12-28,DIA,0.0,0.0,0.3547842852443853,low,False,0.025,0.12
2023-12-28,QQQ,1.0,0.21086114198801056,0.506735177616259,low,True,0.025,0.12
2023-12-28,SPY,1.0,0.4968700109078274,0.7053248642964893,high,True,0.025,0.12
2023-12-29,DIA,1.0,0.3111539417081992,0.6277551120223829,medium,True,0.025,0.12
2023-12-29,QQQ,1.0,0.4883778054768729,0.6634366980369174,high,True,0.025,0.12
2023-12-29,SPY,1.0,0.48613407778177575,0.6519492299676177,high,True,0.025,0.12
2024-01-02,DIA,0.0,0.0,0.29710025694149095,low,False,0.025,0.12
2024-01-02,QQQ,0.0,0.0,0.3762219052761883,low,False,0.025,0.12
2024-01-02,SPY,1.0,0.29773681235032445,0.5203791666768897,medium,True,0.025,0.12
2024-01-03,DIA,0.0,0.0,0.26028761528559813,low,False,0.025,0.12
2024-01-03,QQQ,1.0,0.5151345938562936,0.7891177985636503,high,True,0.025,0.12
2024-01-03,SPY,1.0,0.48213828276336,0.6309677210063814,high,True,0.025,0.12
2024-01-04,DIA,0.0,0.0,0.4006645634105776,low,False,0.025,0.12
2024-01-04,QQQ,1.0,0.5128100956634477,0.778828794561697,high,True,0.025,0.12
2024-01-04,SPY,1.0,0.48693271058404064,0.6560607782183144,high,True,0.025,0.12
2024-01-05,DIA,1.0,0.20988652637950178,0.4922197110837429,low,True,0.025,0.12
2024-01-05,QQQ,1.0,0.5250928460146354,0.8322197012067087,high,True,0.025,0.12
2024-01-05,SPY,1.0,0.49633080168364346,0.7027314485076653,high,True,0.025,0.12
2024-01-08,DIA,0.0,0.0,0.141953667780689,low,False,0.025,0.12
2024-01-08,QQQ,1.0,0.21027053853989297,0.4980344036107841,low,True,0.025,0.12
2024-01-08,SPY,1.0,0.4945727184855118,0.6942175839956248,high,True,0.025,0.12
2024-01-09,DIA,0.0,0.0,0.42841068659424963,low,False,0.025,0.12
2024-01-09,QQQ,0.0,0.0,0.4282765070045176,low,False,0.025,0.12
2024-01-09,SPY,1.0,0.4861376722082332,0.6519677927911938,high,True,0.025,0.12
2024-01-10,DIA,1.0,0.20856733520615023,0.4711032141806918,low,True,0.025,0.12
2024-01-10,QQQ,1.0,0.3081420583012104,0.6057542911163523,medium,True,0.025,0.12
2024-01-10,SPY,1.0,0.48366922428066134,0.6390910645698477,high,True,0.025,0.12
2024-01-11,DIA,1.0,0.3006901419869187,0.5465633878466772,medium,True,0.025,0.12
2024-01-11,QQQ,1.0,0.30198443561646565,0.5574574353325039,medium,True,0.025,0.12
2024-01-11,SPY,1.0,0.5315385148982775,0.859381810576701,high,True,0.025,0.12
2024-01-12,DIA,0.0,0.0,0.40506611714628193,low,False,0.025,0.12
2024-01-12,QQQ,1.0,0.30430668121223886,0.5762886197995815,medium,True,0.025,0.12
2024-01-12,SPY,1.0,0.311210756008676,0.6281619026174982,medium,True,0.025,0.12
2024-01-16,DIA,0.0,0.0,0.4045149836942007,low,False,0.025,0.12
2024-01-16,QQQ,1.0,0.4956014360216665,0.6992102889383378,high,True,0.025,0.12
2024-01-16,SPY,1.0,0.5005121290425694,0.7226365685838338,high,True,0.025,0.12
2024-01-17,DIA,0.0,0.0,0.3825615698022285,low,False,0.025,0.12
2024-01-17,QQQ,1.0,0.5310182782125548,0.8572087158272167,high,True,0.025,0.12
2024-01-17,SPY,1.0,0.5010859411859188,0.7253329001138634,high,True,0.025,0.12
2024-01-18,DIA,1.0,0.311150575580477,0.6277310015736821,medium,True,0.025,0.12
2024-01-18,QQQ,1.0,0.2990956864505834,0.5326800692443429,medium,True,0.025,0.12
2024-01-18,SPY,1.0,0.5525082174921288,0.9446041094901082,high,True,0.025,0.12
2024-01-19,DIA,1.0,0.5353012531310299,0.8750054430162814,high,True,0.025,0.12
2024-01-19,QQQ,1.0,0.21060209051765677,0.502953055753845,low,True,0.025,0.12
2024-01-19,SPY,1.0,0.504217489985566,0.7399092780396969,high,True,0.025,0.12
2024-01-22,DIA,1.0,0.504957873084868,0.7433226904441832,high,True,0.025,0.12
2024-01-22,QQQ,0.0,0.0,0.2316915757783379,low,False,0.025,0.12
2024-01-22,SPY,1.0,0.488897877403388,0.6660718094948467,high,True,0.025,0.12
2024-01-23,DIA,1.0,0.5049705282388759,0.7433809296939988,high,True,0.025,0.12
2024-01-23,QQQ,0.0,0.0,0.35205962215498704,low,False,0.025,0.12
2024-01-23,SPY,1.0,0.5170534945544762,0.7975424470049377,high,True,0.025,0.12
2024-01-24,DIA,1.0,0.2108509833775266,0.5065878290865959,low,True,0.025,0.12
2024-01-24,QQQ,1.0,0.2093865422375205,0.48444039560149565,low,True,0.025,0.12
2024-01-24,SPY,1.0,0.3107570906624013,0.6249056281744839,medium,True,0.025,0.12
2024-01-25,DIA,1.0,0.49804173826024956,0.7109327096020858,high,True,0.025,0.12
2024-01-25,QQQ,1.0,0.29791082876710867,0.521981135851028,medium,True,0.025,0.12
2024-01-25,SPY,1.0,0.5085834397910219,0.75986859938395,high,True,0.025,0.12
2024-01-26,DIA,1.0,0.3090205738319389,0.6122640959898935,medium,True,0.025,0.12
2024-01-26,QQQ,0.0,0.0,0.35913669622481775,low,False,0.025,0.12
2024-01-26,SPY,1.0,0.5584365954277405,0.9679805613704733,high,True,0.025,0.12
2024-01-29,DIA,1.0,0.3023862838478005,0.5607783741505717,medium,True,0.025,0.12
2024-01-29,QQQ,1.0,0.20861077672399658,0.4718311649455176,low,True,0.025,0.12
2024-01-29,SPY,1.0,0.508838572819291,0.7610227936120602,high,True,0.025,0.12
2024-01-30,DIA,0.0,0.0,0.38922328097830877,low,False,0.025,0.12
2024-01-30,QQQ,0.0,0.0,0.4451624422302478,low,False,0.025,0.12
2024-01-30,SPY,1.0,0.551693184526288,0.9413682965883099,high,True,0.025,0.12
2024-01-31,DIA,1.0,0.49453289573934317,0.694023678458556,high,True,0.025,0.12
2024-01-31,QQQ,1.0,0.4919279813236005,0.6812330305311528,high,True,0.025,0.12
2024-01-31,SPY,1.0,0.4938141249662108,0.6905155595513569,high,True,0.025,0.12
2024-02-01,DIA,1.0,0.21104917607671692,0.5094487745011261,low,True,0.025,0.12
2024-02-01,QQQ,1.0,0.4933973679767507,0.6884742129089182,high,True,0.025,0.12
2024-02-01,SPY,1.0,0.5421125345641421,0.9028958544451148,high,True,0.025,0.12
2024-02-02,DIA,0.0,0.0,0.23029626465203912,low,False,0.025,0.12
2024-02-02,QQQ,1.0,0.3003420026885565,0.5435780897284608,medium,True,0.025,0.12
2024-02-02,SPY,1.0,0.5025789605161204,0.7323110977580143,high,True,0.025,0.12
2024-02-05,DIA,0.0,0.0,0.3500515070934947,low,False,0.025,0.12
2024-02-05,QQQ,1.0,0.20919489209458103,0.48139008965861885,low,True,0.025,0.12
2024-02-05,SPY,1.0,0.3047999992575113,0.5801842077082671,medium,True,0.025,0.12
2024-02-06,DIA,1.0,0.48262270049865263,0.6335500292376809,high,True,0.025,0.12
2024-02-06,QQQ,1.0,0.29848192663846623,0.5271820941399,medium,True,0.025,0.12
2024-02-06,SPY,1.0,0.3106311335713444,0.6239982550727844,medium,True,0.025,0.12
2024-02-07,DIA,0.0,0.0,0.42485761942126987,low,False,0.025,0.12
2024-02-07,QQQ,1.0,0.20774496235546075,0.45680561318084273,low,True,0.025,0.12
2024-02-07,SPY,1.0,0.2986984511550799,0.529132184446574,medium,True,0.025,0.12
2024-02-08,DIA,0.0,0.0,0.3293510664602846,low,False,0.025,0.12
2024-02-08,QQQ,0.0,0.0,0.26870932828731947,low,False,0.025,0.12
2024-02-08,SPY,1.0,0.304350627981126,0.5766370469439959,medium,True,0.025,0.12
2024-02-09,DIA,1.0,0.30362509869450544,0.5708487641503852,medium,True,0.025,0.12
2024-02-09,QQQ,0.0,0.0,0.4450595032154646,low,False,0.025,0.12
2024-02-09,SPY,1.0,0.21012288098293078,0.4958140927336762,low,True,0.025,0.12
2024-02-12,DIA,0.0,0.0,0.40591258718978757,low,False,0.025,0.12
2024-02-12,QQQ,0.0,0.0,0.3079475001651346,low,False,0.025,0.12
2024-02-12,SPY,1.0,0.20816861010555085,0.4642996621240729,low,True,0.025,0.12
2024-02-13,DIA,0.0,0.0,0.3378306138948761,low,False,0.025,0.12
2024-02-13,QQQ,1.0,0.21084525700756523,0.5065047351231714,low,True,0.025,0.12
2024-02-13,SPY,1.0,0.21102473108084066,0.5090974617076857,low,True,0.025,0.12
2024-02-14,DIA,1.0,0.5157736918012026,0.7919304366560052,high,True,0.025,0.12
2024-02-14,QQQ,1.0,0.29999323374546394,0.5405624131471118,medium,True,0.025,0.12
2024-02-14,SPY,1.0,0.5158115894798166,0.7920970079015808,high,True,0.025,0.12
2024-02-15,DIA,1.0,0.5238677467361985,0.8269957221742453,high,True,0.025,0.12
2024-02-15,QQQ,0.0,0.0,0.3134787814346358,low,False,0.025,0.12
2024-02-15,SPY,1.0,0.3030637596611426,0.5663159369055257,medium,True,0.025,0.12
2024-02-16,DIA,1.0,0.4935216802036855,0.689083680427614,high,True,0.025,0.12
2024-02-16,QQQ,1.0,0.5034414787213985,0.7363184286696683,high,True,0.025,0.12
2024-02-16,SPY,1.0,0.49976681404956014,0.7191220751576792,high,True,0.025,0.12
2024-02-20,DIA,1.0,0.3080603062909424,0.6051443636637605,medium,True,0.025,0.12
2024-02-20,QQQ,1.0,0.2999528096275025,0.5402112223543442,medium,True,0.025,0.12
2024-02-20,SPY,1.0,0.29934904747272534,0.5349234861676109,medium,True,0.025,0.12
2024-02-21,DIA,1.0,0.4830792650446843,0.6359736583473286,high,True,0.025,0.12
2024-02-21,QQQ,1.0,0.48863994514561604,0.6647661679362715,high,True,0.025,0.12
2024-02-21,SPY,1.0,0.5074865357741609,0.7548914614150515,high,True,0.025,0.12
2024-02-22,DIA,1.0,0.30698511980339127,0.5970539128251532,medium,True,0.025,0.12
2024-02-22,QQQ,1.0,0.2083255289737826,0.46700428248265374,low,True,0.025,0.12
2024-02-22,SPY,1.0,0.2985607484113457,0.5278933402308937,medium,True,0.025,0.12
2024-02-23,DIA,1.0,0.49361834795647663,0.6895572821708702,high,True,0.025,0.12
2024-02-23,QQQ,1.0,0.3064457770899736,0.5929453941775801,medium,True,0.025,0.12
2024-02-23,SPY,0.0,0.0,0.4029264772561182,low,False,0.025,0.12
2024-02-26,DIA,1.0,0.21168038607156062,0.5183769093252251,low,True,0.025,0.12
2024-02-26,QQQ,0.0,0.0,0.24480502737792523,low,False,0.025,0.12
2024-02-26,SPY,0.0,0.0,0.2794347724000192,low,False,0.025,0.12
2024-02-27,DIA,1.0,0.5159809766916849,0.7928412219765478,high,True,0.025,0.12
2024-02-27,QQQ,0.0,0.0,0.29677525376452246,low,False,0.025,0.12
2024-02-27,SPY,0.0,0.0,0.2585213516046365,low,False,0.025,0.12
2024-02-28,DIA,0.0,0.0,0.3666563946843486,low,False,0.025,0.12
2024-02-28,QQQ,1.0,0.21089180676890723,0.5071794952992478,low,True,0.025,0.12
2024-02-28,SPY,1.0,0.3013884635630496,0.5524798375446254,medium,True,0.025,0.12
2024-02-29,DIA,1.0,0.5209986168905278,0.8146788321441446,high,True,0.025,0.12
2024-02-29,QQQ,1.0,0.29800243579718844,0.5228211641163826,medium,True,0.025,0.12
2024-02-29,SPY,1.0,0.31047676377339295,0.6228842217367335,medium,True,0.025,0.12
2024-03-01,DIA,1.0,0.48358347613525426,0.6386389524358606,high,True,0.025,0.12
2024-03-01,QQQ,1.0,0.48413140049623665,0.64152220371321,high,True,0.025,0.12
2024-03-01,SPY,1.0,0.3086426438690736,0.6094734909302816,medium,True,0.025,0.12
2024-03-04,DIA,1.0,0.20748089827716676,0.45197789204497296,low,True,0.025,0.12
2024-03-04,QQQ,0.0,0.0,0.26572103537601977,low,False,0.025,0.12
2024-03-04,SPY,0.0,0.0,0.3551929915474727,low,False,0.025,0.12
2024-03-05,DIA,1.0,0.2101728737980235,0.4965679514103727,low,True,0.025,0.12
2024-03-05,QQQ,0.0,0.0,0.39040213726072515,low,False,0.025,0.12
2024-03-05,SPY,1.0,0.2991153314246767,0.532854551825541,medium,True,0.025,0.12
2024-03-06,DIA,1.0,0.5357895368308686,0.8770211724444579,high,True,0.025,0.12
2024-03-06,QQQ,1.0,0.49133727600398497,0.6783021899612108,high,True,0.025,0.12
2024-03-06,SPY,1.0,0.5065770471979176,0.7507460538294959,high,True,0.025,0.12
2024-03-07,DIA,1.0,0.49090894163933296,0.6761696460661306,high,True,0.025,0.12
2024-03-07,QQQ,1.0,0.30299248694100367,0.565736875856151,medium,True,0.025,0.12
2024-03-07,SPY,1.0,0.29847409304407213,0.527111322652869,medium,True,0.025,0.12
2024-03-08,DIA,0.0,0.0,0.4493600431549986,low,False,0.025,0.12
2024-03-08,QQQ,0.0,0.0,0.4161786694966908,low,False,0.025,0.12
2024-03-08,SPY,1.0,0.2978694160695632,0.5216006437977979,medium,True,0.025,0.12
2024-03-11,DIA,0.0,0.0,0.28140469287816644,low,False,0.025,0.12
2024-03-11,QQQ,1.0,0.3112569582957688,0.6284925010397063,medium,True,0.025,0.12
2024-03-11,SPY,1.0,0.20897144583957086,0.47778187046299514,low,True,0.025,0.12
2024-03-12,DIA,1.0,0.5035452572912811,0.7367994366365295,high,True,0.025,0.12
2024-03-12,QQQ,1.0,0.48341415528079856,0.6377452140933674,high,True,0.025,0.12
2024-03-12,SPY,1.0,0.5023133895675483,0.7310737392521764,high,True,0.025,0.12
2024-03-13,DIA,0.0,0.0,0.43768415465406096,low,False,0.025,0.12
2024-03-13,QQQ,1.0,0.5206797579087075,0.8133026282609633,high,True,0.025,0.12
2024-03-13,SPY,1.0,0.5049817482300384,0.7434325613613773,high,True,0.025,0.12
2024-03-14,DIA,0.0,0.0,0.21512953000285362,low,False,0.025,0.12
2024-03-14,QQQ,1.0,0.20862723810992576,0.4721063577899502,low,True,0.025,0.12
2024-03-14,SPY,0.0,0.0,0.3781517113085393,low,False,0.025,0.12
2024-03-15,DIA,1.0,0.3084952843332418,0.6083813981736714,medium,True,0.025,0.12
2024-03-15,QQQ,1.0,0.3089471786497697,0.6117232956853743,medium,True,0.025,0.12
2024-03-15,SPY,1.0,0.30265633578651757,0.5629947541180789,medium,True,0.025,0.12
2024-03-18,DIA,1.0,0.5069476463276332,0.752437299389464,high,True,0.025,0.12
2024-03-18,QQQ,1.0,0.30095673938350315,0.5488331620552106,medium,True,0.025,0.12
2024-03-18,SPY,1.0,0.5018609489953687,0.7289618639893529,high,True,0.025,0.12
2024-03-19,DIA,1.0,0.4946891920438573,0.6947844454752156,high,True,0.025,0.12
2024-03-19,QQQ,1.0,0.523774939103264,0.8265991359896445,high,True,0.025,0.12
2024-03-19,SPY,1.0,0.5108633472005982,0.7701377224602177,high,True,0.025,0.12
2024-03-20,DIA,1.0,0.4848661219313107,0.6453675052197528,high,True,0.025,0.12
2024-03-20,QQQ,1.0,0.5008154079180824,0.7240626834132231,high,True,0.025,0.12
2024-03-20,SPY,1.0,0.4933672343352562,0.688326403520198,high,True,0.025,0.12
2024-03-21,DIA,1.0,0.526962852435074,0.8401546484347918,high,True,0.025,0.12
2024-03-21,QQQ,1.0,0.3071501937223553,0.5983045477592206,medium,True,0.025,0.12
2024-03-21,SPY,1.0,0.31026529584618145,0.6213545550583996,medium,True,0.025,0.12
2024-03-22,DIA,1.0,0.5588046602681616,0.9694229444450215,high,True,0.025,0.12
2024-03-22,QQQ,0.0,0.0,0.3706593311971558,low,False,0.025,0.12
2024-03-22,SPY,1.0,0.5408224927971584,0.8976500300443557,high,True,0.025,0.12
2024-03-25,DIA,1.0,0.5291378871032599,0.8493267423437109,high,True,0.025,0.12
2024-03-25,QQQ,1.0,0.2076104470223349,0.4543624154868472,low,True,0.025,0.12
2024-03-25,SPY,1.0,0.3057430272557418,0.5875389646366503,medium,True,0.025,0.12
2024-03-26,DIA,1.0,0.5651480484381526,0.9941273015016379,high,True,0.025,0.12
2024-03-26,QQQ,1.0,0.49724089021774354,0.7071039542796845,high,True,0.025,0.12
2024-03-26,SPY,1.0,0.5144178196358941,0.7859550941213368,high,True,0.025,0.12
2024-03-27,DIA,1.0,0.5377732186866192,0.8851835651517346,high,True,0.025,0.12
2024-03-27,QQQ,1.0,0.5172663454034517,0.7984732228215864,high,True,0.025,0.12
2024-03-27,SPY,1.0,0.509364394519969,0.7633975056563901,high,True,0.025,0.12
2024-03-28,DIA,1.0,0.5253030358240196,0.8331139210822327,high,True,0.025,0.12
2024-03-28,QQQ,1.0,0.5182123744394302,0.8026013520373589,high,True,0.025,0.12
2024-03-28,SPY,1.0,0.5163599532207707,0.7945045624361401,high,True,0.025,0.12
2024-04-01,DIA,1.0,0.49074687883608203,0.675361157815263,high,True,0.025,0.12
2024-04-01,QQQ,1.0,0.2079119697021227,0.4597949429013911,low,True,0.025,0.12
2024-04-01,SPY,1.0,0.30426630158138984,0.5759682307569085,medium,True,0.025,0.12
2024-04-02,DIA,1.0,0.48986588712182555,0.6709502100836946,high,True,0.025,0.12
2024-04-02,QQQ,1.0,0.3002532523082974,0.5428131050685603,medium,True,0.025,0.12
2024-04-02,SPY,1.0,0.4932242661134032,0.6876247380501228,high,True,0.025,0.12
2024-04-03,DIA,1.0,0.5354448968355219,0.875598704698253,high,True,0.025,0.12
2024-04-03,QQQ,1.0,0.4869232509733965,0.6560122275543563,high,True,0.025,0.12
2024-04-03,SPY,1.0,0.30541548336418844,0.5849977285416078,medium,True,0.025,0.12
2024-04-04,DIA,1.0,0.49697738133557967,0.7058403075415569,high,True,0.025,0.12
2024-04-04,QQQ,1.0,0.2081311536008892,0.4636486274612798,low,True,0.025,0.12
2024-04-04,SPY,1.0,0.4869816384197455,0.6563118396442535,high,True,0.025,0.12
2024-04-05,DIA,1.0,0.5302059430896696,0.8538089784202286,high,True,0.025,0.12
2024-04-05,QQQ,1.0,0.5053863197514659,0.745292464045194,high,True,0.025,0.12
2024-04-05,SPY,1.0,0.5348817165273047,0.8732714093296743,high,True,0.025,0.12
2024-04-08,DIA,1.0,0.48289923661196393,0.6350191635953429,high,True,0.025,0.12
2024-04-08,QQQ,1.0,0.30076635676573377,0.5472136929849973,medium,True,0.025,0.12
2024-04-08,SPY,1.0,0.31044819489572256,0.62267780938642,medium,True,0.025,0.12
2024-04-09,DIA,1.0,0.5091392129072742,0.7623812063571737,high,True,0.025,0.12
2024-04-09,QQQ,1.0,0.4990330354236219,0.7156481501054436,high,True,0.025,0.12
2024-04-09,SPY,1.0,0.5231041881677405,0.8237293003534737,high,True,0.025,0.12
2024-04-10,DIA,1.0,0.20782135983936673,0.4581789796611581,low,True,0.025,0.12
2024-04-10,QQQ,1.0,0.30782544968045233,0.603388135271801,medium,True,0.025,0.12
2024-04-10,SPY,1.0,0.48535410039385346,0.6479085223228029,high,True,0.025,0.12
2024-04-11,DIA,1.0,0.49926992288157174,0.7167711642942814,high,True,0.025,0.12
2024-04-11,QQQ,1.0,0.54046072367268,0.8961759591768013,high,True,0.025,0.12
2024-04-11,SPY,1.0,0.5415968113369044,0.9008006918082664,high,True,0.025,0.12
2024-04-12,DIA,1.0,0.21109266889804512,0.5100727704129492,low,True,0.025,0.12
2024-04-12,QQQ,1.0,0.2111099790090965,0.5103207435580788,low,True,0.025,0.12
2024-04-12,SPY,1.0,0.30135389724771383,0.5521891544471991,medium,True,0.025,0.12
2024-04-15,DIA,1.0,0.5079448635091882,0.7569740529389616,high,True,0.025,0.12
2024-04-15,QQQ,1.0,0.20953160938088586,0.48672331528684093,low,True,0.025,0.12
2024-04-15,SPY,1.0,0.30699415921071876,0.5971224791493513,medium,True,0.025,0.12
2024-04-16,DIA,1.0,0.48687776592763593,0.6557787297471669,high,True,0.025,0.12
2024-04-16,QQQ,1.0,0.4915195347329405,0.6792077237141338,high,True,0.025,0.12
2024-04-16,SPY,1.0,0.533048063380755,0.8656692949761722,high,True,0.025,0.12
2024-04-17,DIA,1.0,0.5425354792588915,0.9046121549617677,high,True,0.025,0.12
2024-04-17,QQQ,1.0,0.5315834318385037,0.8595692830394749,high,True,0.025,0.12
2024-04-17,SPY,1.0,0.5532413045662997,0.947509913002375,high,True,0.025,0.12
2024-04-18,DIA,1.0,0.5454854056983051,0.9165352831963618,high,True,0.025,0.12
2024-04-18,QQQ,1.0,0.5379374980362213,0.885857651268583,high,True,0.025,0.12
2024-04-18,SPY,1.0,0.5405295768863521,0.8964566109842369,high,True,0.025,0.12
2024-04-19,DIA,1.0,0.49734500554450933,0.707602706975841,high,True,0.025,0.12
2024-04-19,QQQ,1.0,0.4934289400889668,0.6886290477134998,high,True,0.025,0.12
2024-04-19,SPY,1.0,0.5131140729538597,0.7801796733259477,high,True,0.025,0.12
2024-04-22,DIA,1.0,0.49638862072291,0.7030099311032968,high,True,0.025,0.12
2024-04-22,QQQ,1.0,0.5139328248327188,0.783810095679293,high,True,0.025,0.12
2024-04-22,SPY,1.0,0.5184446193101248,0.8036126207904705,high,True,0.025,0.12
2024-04-23,DIA,1.0,0.3063628843436655,0.5923108552560811,medium,True,0.025,0.12
2024-04-23,QQQ,1.0,0.3077311441638527,0.6026812307929904,medium,True,0.025,0.12
2024-04-23,SPY,1.0,0.3063655415364963,0.59233120887955,medium,True,0.025,0.12
2024-04-24,DIA,1.0,0.5276179392185546,0.8429235004393044,high,True,0.025,0.12
2024-04-24,QQQ,1.0,0.5050190850152084,0.7436043562910029,high,True,0.025,0.12
2024-04-24,SPY,0.0,0.0,0.446834182082348,low,False,0.025,0.12
2024-04-25,DIA,1.0,0.4976048904687173,0.7088463590786691,high,True,0.025,0.12
2024-04-25,QQQ,1.0,0.5584301903554697,0.9679554520039703,high,True,0.025,0.12
2024-04-25,SPY,1.0,0.5231734033965374,0.8240257329135318,high,True,0.025,0.12
2024-04-26,DIA,1.0,0.483613937022199,0.6387995975196137,high,True,0.025,0.12
2024-04-26,QQQ,1.0,0.5027225737923167,0.7329795362762899,high,True,0.025,0.12
2024-04-26,SPY,1.0,0.5007863618649364,0.7239261982227835,high,True,0.025,0.12
2024-04-29,DIA,1.0,0.4930021754973117,0.686533475659835,high,True,0.025,0.12
2024-04-29,QQQ,0.0,0.0,0.3349313011673935,low,False,0.025,0.12
2024-04-29,SPY,0.0,0.0,0.346979968496722,low,False,0.025,0.12
2024-04-30,DIA,1.0,0.4900640741124941,0.6719448600859393,high,True,0.025,0.12
2024-04-30,QQQ,1.0,0.21068804013386896,0.5042136608130833,low,True,0.025,0.12
2024-04-30,SPY,1.0,0.49217820525231193,0.6824710631481092,high,True,0.025,0.12
2024-05-01,DIA,1.0,0.5566877872943288,0.9611132905627506,high,True,0.025,0.12
2024-05-01,QQQ,1.0,0.4849580024485097,0.6458467267963824,high,True,0.025,0.12
2024-05-01,SPY,1.0,0.5381276330262695,0.886637475667161,high,True,0.025,0.12
2024-05-02,DIA,1.0,0.5333964249840065,0.8671165072391321,high,True,0.025,0.12
2024-05-02,QQQ,1.0,0.3000817288617044,0.541330014747214,medium,True,0.025,0.12
2024-05-02,SPY,1.0,0.5049518225050407,0.7432948443241737,high,True,0.025,0.12
2024-05-03,DIA,1.0,0.5188278886140093,0.805279654908862,high,True,0.025,0.12
2024-05-03,QQQ,0.0,0.0,0.33313083666714177,low,False,0.025,0.12
2024-05-03,SPY,0.0,0.0,0.4435214165867679,low,False,0.025,0.12
2024-05-06,DIA,1.0,0.5203144119377918,0.8117239245810348,high,True,0.025,0.12
2024-05-06,QQQ,0.0,0.0,0.27624392793485636,low,False,0.025,0.12
2024-05-06,SPY,0.0,0.0,0.2716837688463726,low,False,0.025,0.12
2024-05-07,DIA,1.0,0.5583655819898597,0.9677021550239701,high,True,0.025,0.12
2024-05-07,QQQ,0.0,0.0,0.403724743843797,low,False,0.025,0.12
2024-05-07,SPY,1.0,0.2083117219829111,0.4667677563604946,low,True,0.025,0.12
2024-05-08,DIA,1.0,0.5016441319874512,0.7279480846480761,high,True,0.025,0.12
2024-05-08,QQQ,0.0,0.0,0.29177686067913533,low,False,0.025,0.12
2024-05-08,SPY,1.0,0.2086277086853267,0.4721142193946451,low,True,0.025,0.12
2024-05-09,DIA,1.0,0.5269929808108174,0.8402821138991123,high,True,0.025,0.12
2024-05-09,QQQ,0.0,0.0,0.21922149809666974,low,False,0.025,0.12
2024-05-09,SPY,0.0,0.0,0.3784573418292799,low,False,0.025,0.12
2024-05-10,DIA,1.0,0.5588741450588767,0.9696951297987964,high,True,0.025,0.12
2024-05-10,QQQ,0.0,0.0,0.4319320568863649,low,False,0.025,0.12
2024-05-10,SPY,1.0,0.3051112817562335,0.5826250102066779,medium,True,0.025,0.12
2024-05-13,DIA,1.0,0.5084485459049419,0.7592578311971181,high,True,0.025,0.12
2024-05-13,QQQ,0.0,0.0,0.41928074069426025,low,False,0.025,0.12
2024-05-13,SPY,1.0,0.3039838766113046,0.5737207648167483,medium,True,0.025,0.12
2024-05-14,DIA,1.0,0.5290412428376121,0.8489204653341109,high,True,0.025,0.12
2024-05-14,QQQ,1.0,0.3043802930685997,0.5768720876264407,medium,True,0.025,0.12
2024-05-14,SPY,1.0,0.5023951801118656,0.7314549980078809,high,True,0.025,0.12
2024-05-15,DIA,1.0,0.484804554291746,0.6450461830363601,high,True,0.025,0.12
2024-05-15,QQQ,0.0,0.0,0.39132670553722865,low,False,0.025,0.12
2024-05-15,SPY,0.0,0.0,0.3968718608200371,low,False,0.025,0.12
2024-05-16,DIA,1.0,0.5490089641335694,0.9306719641439518,high,True,0.025,0.12
2024-05-16,QQQ,1.0,0.5070015777271297,0.7526831792027219,high,True,0.025,0.12
2024-05-16,SPY,1.0,0.30973584047093133,0.6175062307226482,medium,True,0.025,0.12
2024-05-17,DIA,1.0,0.5466351040530071,0.9211601992871474,high,True,0.025,0.12
2024-05-17,QQQ,1.0,0.5071607229291036,0.7534083901182949,high,True,0.025,0.12
2024-05-17,SPY,1.0,0.5369520546752727,0.8818097964632654,high,True,0.025,0.12
2024-05-20,DIA,1.0,0.48859063330021846,0.664516273104681,high,True,0.025,0.12
2024-05-20,QQQ,1.0,0.4922582015844535,0.6828664290792057,high,True,0.025,0.12
2024-05-20,SPY,1.0,0.5205594210858943,0.8127828586205236,high,True,0.025,0.12
2024-05-21,DIA,1.0,0.5265700447217494,0.8384916950578765,high,True,0.025,0.12
2024-05-21,QQQ,1.0,0.4962838222953977,0.7025051047211075,high,True,0.025,0.12
2024-05-21,SPY,1.0,0.5340620715092843,0.8698779667209031,high,True,0.025,0.12
2024-05-22,DIA,0.0,0.0,0.2578601566964668,low,False,0.025,0.12
2024-05-22,QQQ,1.0,0.5239020664377673,0.8271423470367955,high,True,0.025,0.12
2024-05-22,SPY,1.0,0.4883029199557743,0.6630564359338209,high,True,0.025,0.12
2024-05-23,DIA,0.0,0.0,0.3965912545377668,low,False,0.025,0.12
2024-05-23,QQQ,1.0,0.5111407201449493,0.7713802917409158,high,True,0.025,0.12
2024-05-23,SPY,1.0,0.5272194280372908,0.8412397767789749,high,True,0.025,0.12
2024-05-24,DIA,1.0,0.5305699309774496,0.8553333069246131,high,True,0.025,0.12
2024-05-24,QQQ,1.0,0.5191190344769296,0.8065444731572151,high,True,0.025,0.12
2024-05-24,SPY,1.0,0.5329201928800829,0.8651377265784771,high,True,0.025,0.12
2024-05-28,DIA,1.0,0.3018755121460079,0.5565524471298379,medium,True,0.025,0.12
2024-05-28,QQQ,1.0,0.5236557895491453,0.8260898095771885,high,True,0.025,0.12
2024-05-28,SPY,1.0,0.5457310460381075,0.917524442775854,high,True,0.025,0.12
2024-05-29,DIA,0.0,0.0,0.40083703652637,low,False,0.025,0.12
2024-05-29,QQQ,1.0,0.522214472248375,0.8199127983839467,high,True,0.025,0.12
2024-05-29,SPY,1.0,0.5371092267967578,0.8824560977181056,high,True,0.025,0.12
2024-05-30,DIA,1.0,0.30586280238828223,0.5884647942452488,medium,True,0.025,0.12
2024-05-30,QQQ,1.0,0.5023705007075626,0.731339973974839,high,True,0.025,0.12
2024-05-30,SPY,1.0,0.4920213629545299,0.6816952947903351,high,True,0.025,0.12
2024-05-31,DIA,1.0,0.5058100746266083,0.7472367531158858,high,True,0.025,0.12
2024-05-31,QQQ,1.0,0.509410705556107,0.7636063958562095,high,True,0.025,0.12
2024-05-31,SPY,1.0,0.5626458938677983,0.9844167645578434,high,True,0.025,0.12
2024-06-03,DIA,1.0,0.5210502085041998,0.8149013614308334,high,True,0.025,0.12
2024-06-03,QQQ,1.0,0.5614105420388142,0.9796063451479974,high,True,0.025,0.12
2024-06-03,SPY,1.0,0.4989026263434989,0.715029295234901,high,True,0.025,0.12
2024-06-04,DIA,1.0,0.2982657807259525,0.5252236336713683,medium,True,0.025,0.12
2024-06-04,QQQ,1.0,0.5273308760571348,0.8417108550278897,high,True,0.025,0.12
2024-06-04,SPY,1.0,0.2091374574414567,0.48046808313045813,low,True,0.025,0.12
2024-06-05,DIA,1.0,0.21167260140475808,0.5182684102107867,low,True,0.025,0.12
2024-06-05,QQQ,1.0,0.5316524946968088,0.8598574880079464,high,True,0.025,0.12
2024-06-05,SPY,1.0,0.5356938878621409,0.8766265215968919,high,True,0.025,0.12
2024-06-06,DIA,0.0,0.0,0.3788627177429921,low,False,0.025,0.12
2024-06-06,QQQ,1.0,0.30480153787604336,0.5801963046899169,medium,True,0.025,0.12
2024-06-06,SPY,1.0,0.49799411711042285,0.710705525096483,high,True,0.025,0.12
2024-06-07,DIA,1.0,0.537039234779571,0.8821683189988556,high,True,0.025,0.12
2024-06-07,QQQ,1.0,0.4938512969010469,0.6906973727167455,high,True,0.025,0.12
2024-06-07,SPY,1.0,0.4984673962226197,0.7129606841678446,high,True,0.025,0.12
2024-06-10,DIA,0.0,0.0,0.2519914414048912,low,False,0.025,0.12
2024-06-10,QQQ,0.0,0.0,0.19968982731241147,low,False,0.025,0.12
2024-06-10,SPY,0.0,0.0,0.24693927729641033,low,False,0.025,0.12
2024-06-11,DIA,1.0,0.5287429384267794,0.8476657049841908,high,True,0.025,0.12
2024-06-11,QQQ,0.0,0.0,0.28132345703137546,low,False,0.025,0.12
2024-06-11,SPY,0.0,0.0,0.3397586843165927,low,False,0.025,0.12
2024-06-12,DIA,1.0,0.3108020516086782,0.6252291697899645,medium,True,0.025,0.12
2024-06-12,QQQ,1.0,0.5134543153928329,0.7816897709018749,high,True,0.025,0.12
2024-06-12,SPY,0.0,0.0,0.41208727267200257,low,False,0.025,0.12
2024-06-13,DIA,1.0,0.500681444629784,0.7234330262732429,high,True,0.025,0.12
2024-06-13,QQQ,0.0,0.0,0.38917721835423374,low,False,0.025,0.12
2024-06-13,SPY,0.0,0.0,0.3585857577848502,low,False,0.025,0.12
2024-06-14,DIA,1.0,0.20852063492651118,0.47031784657654274,low,True,0.025,0.12
2024-06-14,QQQ,1.0,0.20767909625377204,0.45561335474405584,low,True,0.025,0.12
2024-06-14,SPY,0.0,0.0,0.3756012055718491,low,False,0.025,0.12
2024-06-17,DIA,1.0,0.5055060111571759,0.7458420294243338,high,True,0.025,0.12
2024-06-17,QQQ,1.0,0.21129732007937913,0.5129909697889229,low,True,0.025,0.12
2024-06-17,SPY,0.0,0.0,0.39740994763003057,low,False,0.025,0.12
2024-06-18,DIA,1.0,0.49755879582707685,0.7086259126806187,high,True,0.025,0.12
2024-06-18,QQQ,1.0,0.2104469745287066,0.5006631117707432,low,True,0.025,0.12
2024-06-18,SPY,0.0,0.0,0.36610002254869173,low,False,0.025,0.12
2024-06-20,DIA,0.0,0.0,0.39533404642796677,low,False,0.025,0.12
2024-06-20,QQQ,1.0,0.5096421152660526,0.7646495659611386,high,True,0.025,0.12
2024-06-20,SPY,0.0,0.0,0.4188644641511185,low,False,0.025,0.12
2024-06-21,DIA,1.0,0.2996810953583684,0.5378415135373305,medium,True,0.025,0.12
2024-06-21,QQQ,1.0,0.49000881025198684,0.6716676443002189,high,True,0.025,0.12
2024-06-21,SPY,0.0,0.0,0.44670572513567697,low,False,0.025,0.12
2024-06-24,DIA,1.0,0.3042604882826657,0.575922086334852,medium,True,0.025,0.12
2024-06-24,QQQ,1.0,0.21075149532199625,0.5051406519258894,low,True,0.025,0.12
2024-06-24,SPY,0.0,0.0,0.39724262155394,low,False,0.025,0.12
2024-06-25,DIA,1.0,0.521849464188743,0.818343786488541,high,True,0.025,0.12
2024-06-25,QQQ,1.0,0.4943896582189856,0.6933258289924312,high,True,0.025,0.12
2024-06-25,SPY,1.0,0.3041910037750999,0.5753701604111428,medium,True,0.025,0.12
2024-06-26,DIA,1.0,0.30149100190763234,0.5533408277309448,medium,True,0.025,0.12
2024-06-26,QQQ,0.0,0.0,0.36492958596793645,low,False,0.025,0.12
2024-06-26,SPY,0.0,0.0,0.37292856327926466,low,False,0.025,0.12
2024-06-27,DIA,1.0,0.5132247556171068,0.7806711406255138,high,True,0.025,0.12
2024-06-27,QQQ,0.0,0.0,0.4325483071236903,low,False,0.025,0.12
2024-06-27,SPY,1.0,0.3089777764335361,0.6119488169382394,medium,True,0.025,0.12
2024-06-28,DIA,1.0,0.29772299800779883,0.5202516387801855,medium,True,0.025,0.12
2024-06-28,QQQ,1.0,0.30507598335307484,0.582348890718554,medium,True,0.025,0.12
2024-06-28,SPY,1.0,0.30913491579850694,0.6131055191486042,medium,True,0.025,0.12
2024-07-01,DIA,0.0,0.0,0.4473922986694854,low,False,0.025,0.12
2024-07-01,QQQ,0.0,0.0,0.2023081303455043,low,False,0.025,0.12
2024-07-01,SPY,0.0,0.0,0.3711823764742445,low,False,0.025,0.12
2024-07-02,DIA,0.0,0.0,0.3202853068361197,low,False,0.025,0.12
2024-07-02,QQQ,0.0,0.0,0.276103790309823,low,False,0.025,0.12
2024-07-02,SPY,0.0,0.0,0.2932224979229182,low,False,0.025,0.12
2024-07-03,DIA,0.0,0.0,0.4006153426698055,low,False,0.025,0.12
2024-07-03,QQQ,0.0,0.0,0.38576258003908576,low,False,0.025,0.12
2024-07-03,SPY,1.0,0.3038617660183226,0.5727454268236674,medium,True,0.025,0.12
2024-07-05,DIA,0.0,0.0,0.2915452496653266,low,False,0.025,0.12
2024-07-05,QQQ,1.0,0.21024489455226258,0.49765015011949415,low,True,0.025,0.12
2024-07-05,SPY,0.0,0.0,0.4200475224961275,low,False,0.025,0.12
2024-07-08,DIA,0.0,0.0,0.28425329185975845,low,False,0.025,0.12
2024-07-08,QQQ,0.0,0.0,0.3559499367347485,low,False,0.025,0.12
2024-07-08,SPY,1.0,0.29846334552138193,0.5270142005189336,medium,True,0.025,0.12
2024-07-09,DIA,0.0,0.0,0.34434120197396967,low,False,0.025,0.12
2024-07-09,QQQ,1.0,0.30101243606157824,0.549305610112586,medium,True,0.025,0.12
2024-07-09,SPY,1.0,0.49304246665237245,0.6867315656796432,high,True,0.025,0.12
2024-07-10,DIA,0.0,0.0,0.3259333781285376,low,False,0.025,0.12
2024-07-10,QQQ,1.0,0.3028754139545381,0.5647839416981585,medium,True,0.025,0.12
2024-07-10,SPY,1.0,0.4951613158724578,0.6970780656877864,high,True,0.025,0.12
2024-07-11,DIA,0.0,0.0,0.2295711282515496,low,False,0.025,0.12
2024-07-11,QQQ,0.0,0.0,0.4491807842428172,low,False,0.025,0.12
2024-07-11,SPY,1.0,0.30046081506750555,0.5445996626928292,medium,True,0.025,0.12
2024-07-12,DIA,0.0,0.0,0.4041250067004031,low,False,0.025,0.12
2024-07-12,QQQ,1.0,0.21046696622584435,0.500959338066244,low,True,0.025,0.12
2024-07-12,SPY,0.0,0.0,0.3567339311546381,low,False,0.025,0.12
2024-07-15,DIA,1.0,0.20948850908522146,0.4860473237445951,low,True,0.025,0.12
2024-07-15,QQQ,1.0,0.2091677092133489,0.4809541807313134,low,True,0.025,0.12
2024-07-15,SPY,0.0,0.0,0.27229387248660414,low,False,0.025,0.12
2024-07-16,DIA,1.0,0.5183431877251224,0.8031710591641301,high,True,0.025,0.12
2024-07-16,QQQ,1.0,0.30446456298639735,0.577539088377803,medium,True,0.025,0.12
2024-07-16,SPY,0.0,0.0,0.2709794785851827,low,False,0.025,0.12
2024-07-17,DIA,0.0,0.0,0.33318035284944,low,False,0.025,0.12
2024-07-17,QQQ,1.0,0.508563184233932,0.7597769100567336,high,True,0.025,0.12
2024-07-17,SPY,1.0,0.20887129182574,0.47614558693808434,low,True,0.025,0.12
2024-07-18,DIA,1.0,0.3112780413238189,0.6286432972458881,medium,True,0.025,0.12
2024-07-18,QQQ,1.0,0.5063447970459712,0.7496847027341615,high,True,0.025,0.12
2024-07-18,SPY,1.0,0.4834158105292739,0.6377539574568623,high,True,0.025,0.12
2024-07-19,DIA,1.0,0.30113522230749146,0.5503450461202576,medium,True,0.025,0.12
2024-07-19,QQQ,1.0,0.30537318864870666,0.584668569472219,medium,True,0.025,0.12
2024-07-19,SPY,1.0,0.20753964884135398,0.45306321126942334,low,True,0.025,0.12
2024-07-22,DIA,1.0,0.29776502337786676,0.5206394351659662,medium,True,0.025,0.12
2024-07-22,QQQ,0.0,0.0,0.37774923398647986,low,False,0.025,0.12
2024-07-22,SPY,0.0,0.0,0.3842557310558863,low,False,0.025,0.12
2024-07-23,DIA,1.0,0.48446280973306155,0.6432596235586702,high,True,0.025,0.12
2024-07-23,QQQ,1.0,0.21148740004982733,0.5156756306949606,low,True,0.025,0.12
2024-07-23,SPY,1.0,0.3056695710520032,0.5869702622127074,medium,True,0.025,0.12
2024-07-24,DIA,0.0,0.0,0.4467391267680531,low,False,0.025,0.12
2024-07-24,QQQ,1.0,0.48972407279859453,0.6702376258800581,high,True,0.025,0.12
2024-07-24,SPY,0.0,0.0,0.3643458359870078,low,False,0.025,0.12
2024-07-25,DIA,1.0,0.5345201540192425,0.8717754211534243,high,True,0.025,0.12
2024-07-25,QQQ,1.0,0.498383512883419,0.7125614185449377,high,True,0.025,0.12
2024-07-25,SPY,1.0,0.3089993309470809,0.6121076275487856,medium,True,0.025,0.12
2024-07-26,DIA,1.0,0.50972075270972,0.765003818823074,high,True,0.025,0.12
2024-07-26,QQQ,1.0,0.20852064542728618,0.47031802350034485,low,True,0.025,0.12
2024-07-26,SPY,1.0,0.2093287964002279,0.48352549676043277,low,True,0.025,0.12
2024-07-29,DIA,0.0,0.0,0.4432141809231234,low,False,0.025,0.12
2024-07-29,QQQ,1.0,0.30045221773515535,0.5445258376867327,medium,True,0.025,0.12
2024-07-29,SPY,0.0,0.0,0.39948333279656856,low,False,0.025,0.12
2024-07-30,DIA,1.0,0.21172053122074316,0.5189358224925843,low,True,0.025,0.12
2024-07-30,QQQ,1.0,0.4852655657283262,0.6474482549666244,high,True,0.025,0.12
2024-07-30,SPY,1.0,0.49734954445936297,0.7076244433529341,high,True,0.025,0.12
2024-07-31,DIA,1.0,0.304055083395533,0.5742885044435521,medium,True,0.025,0.12
2024-07-31,QQQ,0.0,0.0,0.212814035623352,low,False,0.025,0.12
2024-07-31,SPY,0.0,0.0,0.17425216770852864,low,False,0.025,0.12
2024-08-01,DIA,0.0,0.0,0.39580777810075835,low,False,0.025,0.12
2024-08-01,QQQ,0.0,0.0,0.3460754438200894,low,False,0.025,0.12
2024-08-01,SPY,1.0,0.21048333368683053,0.5012016194354594,low,True,0.025,0.12
2024-08-02,DIA,1.0,0.21076767837838511,0.5053765675363223,low,True,0.025,0.12
2024-08-02,QQQ,1.0,0.3022194375055736,0.5594028950743145,medium,True,0.025,0.12
2024-08-02,SPY,1.0,0.4886708309494942,0.664922640180536,high,True,0.025,0.12
2024-08-05,DIA,1.0,0.2995156322556047,0.5363905190081117,medium,True,0.025,0.12
2024-08-05,QQQ,1.0,0.3002747970903369,0.5429989600735867,medium,True,0.025,0.12
2024-08-05,SPY,1.0,0.4969127985848556,0.7055303095973895,high,True,0.025,0.12
2024-08-06,DIA,0.0,0.0,0.43877278624752,low,False,0.025,0.12
2024-08-06,QQQ,0.0,0.0,0.4293413324011442,low,False,0.025,0.12
2024-08-06,SPY,0.0,0.0,0.33440438322787785,low,False,0.025,0.12
2024-08-07,DIA,1.0,0.5133206305114725,0.7810966813471705,high,True,0.025,0.12
2024-08-07,QQQ,1.0,0.3016190575700796,0.5544133750660307,medium,True,0.025,0.12
2024-08-07,SPY,1.0,0.5041420172597092,0.7395606385537619,high,True,0.025,0.12
2024-08-08,DIA,1.0,0.207471720706866,0.45180775147114427,low,True,0.025,0.12
2024-08-08,QQQ,0.0,0.0,0.3622133849625628,low,False,0.025,0.12
2024-08-08,SPY,0.0,0.0,0.2613109624793396,low,False,0.025,0.12
2024-08-09,DIA,0.0,0.0,0.44955336488117564,low,False,0.025,0.12
2024-08-09,QQQ,1.0,0.5265975775105023,0.8386083210678559,high,True,0.025,0.12
2024-08-09,SPY,1.0,0.20817638194802782,0.4644344781135546,low,True,0.025,0.12
2024-08-12,DIA,0.0,0.0,0.18816044838256418,low,False,0.025,0.12
2024-08-12,QQQ,0.0,0.0,0.3909457866168933,low,False,0.025,0.12
2024-08-12,SPY,0.0,0.0,0.15678337552914726,low,False,0.025,0.12
2024-08-13,DIA,1.0,0.3053619963883103,0.584581426275708,medium,True,0.025,0.12
2024-08-13,QQQ,1.0,0.3090305247570528,0.6123373756567289,medium,True,0.025,0.12
2024-08-13,SPY,1.0,0.20976668810813576,0.49037751722797224,low,True,0.025,0.12
2024-08-14,DIA,1.0,0.5079800982131397,0.7571339790284495,high,True,0.025,0.12
2024-08-14,QQQ,1.0,0.49823201612671886,0.7118398539759089,high,True,0.025,0.12
2024-08-14,SPY,1.0,0.48483553687303116,0.6452079019230519,high,True,0.025,0.12
2024-08-15,DIA,1.0,0.49073457767231793,0.6752997538228762,high,True,0.025,0.12
2024-08-15,QQQ,0.0,0.0,0.3790637818623384,low,False,0.025,0.12
2024-08-15,SPY,1.0,0.21087589444045618,0.5069490211548733,low,True,0.025,0.12
2024-08-16,DIA,1.0,0.2988170244355188,0.5301951948930833,medium,True,0.025,0.12
2024-08-16,QQQ,0.0,0.0,0.3809170447134771,low,False,0.025,0.12
2024-08-16,SPY,1.0,0.20842474463972283,0.4686959395701454,low,True,0.025,0.12
2024-08-19,DIA,1.0,0.30290352986900215,0.565012996798026,medium,True,0.025,0.12
2024-08-19,QQQ,0.0,0.0,0.3130497372657824,low,False,0.025,0.12
2024-08-19,SPY,0.0,0.0,0.3792619009685089,low,False,0.025,0.12
2024-08-20,DIA,1.0,0.5216360451845398,0.8174254960986684,high,True,0.025,0.12
2024-08-20,QQQ,0.0,0.0,0.35626824184899336,low,False,0.025,0.12
2024-08-20,SPY,0.0,0.0,0.44545663044245853,low,False,0.025,0.12
2024-08-21,DIA,1.0,0.3112283920360883,0.6282881186391533,medium,True,0.025,0.12
2024-08-21,QQQ,0.0,0.0,0.4433014769591853,low,False,0.025,0.12
2024-08-21,SPY,1.0,0.29977194888974357,0.5386356632936253,medium,True,0.025,0.12
2024-08-22,DIA,1.0,0.5171000701511221,0.797746179934552,high,True,0.025,0.12
2024-08-22,QQQ,1.0,0.208713602999979,0.4735443827320212,low,True,0.025,0.12
2024-08-22,SPY,1.0,0.30374859547447225,0.5718395203729163,medium,True,0.025,0.12
2024-08-23,DIA,1.0,0.5322693942472805,0.8624293603398342,high,True,0.025,0.12
2024-08-23,QQQ,1.0,0.20885368206857927,0.4758566297803703,low,True,0.025,0.12
2024-08-23,SPY,1.0,0.30301761155871726,0.565941095297623,medium,True,0.025,0.12
2024-08-26,DIA,1.0,0.5162788752982961,0.7941489077461859,high,True,0.025,0.12
2024-08-26,QQQ,1.0,0.30724815860668897,0.5990452638791274,medium,True,0.025,0.12
2024-08-26,SPY,1.0,0.3041025344296978,0.574666425363865,medium,True,0.025,0.12
2024-08-27,DIA,1.0,0.5631219670002604,0.9862676945182511,high,True,0.025,0.12
2024-08-27,QQQ,1.0,0.5270811933561096,0.8406552507602304,high,True,0.025,0.12
2024-08-27,SPY,1.0,0.3077905779784105,0.603126854753786,medium,True,0.025,0.12
2024-08-28,DIA,1.0,0.5220942413978176,0.8193961904197912,high,True,0.025,0.12
2024-08-28,QQQ,1.0,0.29916131304784604,0.5332625978487319,medium,True,0.025,0.12
2024-08-28,SPY,1.0,0.5210312188735571,0.8148194583306724,high,True,0.025,0.12
2024-08-29,DIA,1.0,0.4862013014902837,0.6522963082644554,high,True,0.025,0.12
2024-08-29,QQQ,1.0,0.5138836971027404,0.7835925898616329,high,True,0.025,0.12
2024-08-29,SPY,1.0,0.5550539757316537,0.9546763018621179,high,True,0.025,0.12
2024-08-30,DIA,1.0,0.49613437357739426,0.7017846524519986,high,True,0.025,0.12
2024-08-30,QQQ,1.0,0.5133721100271771,0.7813251061983777,high,True,0.025,0.12
2024-08-30,SPY,1.0,0.5070361580436435,0.7528408033183965,high,True,0.025,0.12
2024-09-03,DIA,0.0,0.0,0.2486395123930267,low,False,0.025,0.12
2024-09-03,QQQ,0.0,0.0,0.17261336373793998,low,False,0.025,0.12
2024-09-03,SPY,0.0,0.0,0.17569649296310538,low,False,0.025,0.12
2024-09-04,DIA,0.0,0.0,0.43152833275925584,low,False,0.025,0.12
2024-09-04,QQQ,0.0,0.0,0.4362629367948277,low,False,0.025,0.12
2024-09-04,SPY,0.0,0.0,0.3007134484916235,low,False,0.025,0.12
2024-09-05,DIA,1.0,0.4875781080193633,0.659364915780098,high,True,0.025,0.12
2024-09-05,QQQ,0.0,0.0,0.23396588132828583,low,False,0.025,0.12
2024-09-05,SPY,0.0,0.0,0.38122167709097016,low,False,0.025,0.12
2024-09-06,DIA,0.0,0.0,0.35930436442513347,low,False,0.025,0.12
2024-09-06,QQQ,0.0,0.0,0.36123325950929286,low,False,0.025,0.12
2024-09-06,SPY,0.0,0.0,0.33629376838887975,low,False,0.025,0.12
2024-09-09,DIA,1.0,0.21170515740259335,0.518721904229509,low,True,0.025,0.12
2024-09-09,QQQ,0.0,0.0,0.33178074575747035,low,False,0.025,0.12
2024-09-09,SPY,0.0,0.0,0.38221510597925024,low,False,0.025,0.12
2024-09-10,DIA,1.0,0.30146463147964664,0.5531195864461464,medium,True,0.025,0.12
2024-09-10,QQQ,0.0,0.0,0.30746526293267623,low,False,0.025,0.12
2024-09-10,SPY,0.0,0.0,0.3282217400027058,low,False,0.025,0.12
2024-09-11,DIA,0.0,0.0,0.21946354208097027,low,False,0.025,0.12
2024-09-11,QQQ,0.0,0.0,0.1567960703478636,low,False,0.025,0.12
2024-09-11,SPY,0.0,0.0,0.21094025579154227,low,False,0.025,0.12
2024-09-11,DIA,1.0,0.30883496731339116,0.6287985428544137,medium,True,0.025,0.12
2024-09-11,QQQ,0.0,0.0,0.4322853924890233,low,False,0.025,0.12
2024-09-11,SPY,1.0,0.4955312478614834,0.7105627575934399,high,True,0.025,0.12
2024-09-12,DIA,1.0,0.5018772884587831,0.7390509285712537,high,True,0.025,0.12
2024-09-12,QQQ,1.0,0.30491989196365277,0.60177040988863,medium,True,0.025,0.12
2024-09-12,SPY,1.0,0.20498399579189033,0.45535427962280123,low,True,0.025,0.12
2024-09-13,DIA,1.0,0.30167247002124375,0.5783189312425097,medium,True,0.025,0.12
2024-09-13,QQQ,1.0,0.3006256280709432,0.5705210420321672,medium,True,0.025,0.12
2024-09-13,SPY,0.0,0.0,0.38784650454638137,low,False,0.025,0.12
2024-09-16,DIA,0.0,0.0,0.3860983217094474,low,False,0.025,0.12
2024-09-16,QQQ,1.0,0.20599140321311482,0.471166137974867,low,True,0.025,0.12
2024-09-16,SPY,0.0,0.0,0.3219453694254578,low,False,0.025,0.12
2024-09-17,DIA,0.0,0.0,0.26608849799385287,low,False,0.025,0.12
2024-09-17,QQQ,0.0,0.0,0.40730059240360766,low,False,0.025,0.12
2024-09-17,SPY,0.0,0.0,0.3036174495509789,low,False,0.025,0.12
2024-09-18,DIA,0.0,0.0,0.3579696634353464,low,False,0.025,0.12
2024-09-18,QQQ,0.0,0.0,0.3970507745730364,low,False,0.025,0.12
2024-09-18,SPY,0.0,0.0,0.302955211503175,low,False,0.025,0.12
2024-09-19,DIA,1.0,0.4938744498505133,0.7029833786478334,high,True,0.025,0.12
2024-09-19,QQQ,1.0,0.20591276994545785,0.4699709397151972,low,True,0.025,0.12
2024-09-19,SPY,0.0,0.0,0.3829383499945058,low,False,0.025,0.12
2024-09-20,DIA,1.0,0.29994498368209255,0.565380957985,medium,True,0.025,0.12
2024-09-20,QQQ,0.0,0.0,0.2806848974201007,low,False,0.025,0.12
2024-09-20,SPY,0.0,0.0,0.43201125858186956,low,False,0.025,0.12
2024-09-23,DIA,1.0,0.29693676808538894,0.5419145536653387,medium,True,0.025,0.12
2024-09-23,QQQ,0.0,0.0,0.2397855713541187,low,False,0.025,0.12
2024-09-23,SPY,0.0,0.0,0.23492209301588168,low,False,0.025,0.12
2024-09-24,DIA,0.0,0.0,0.44954044983138314,low,False,0.025,0.12
2024-09-24,QQQ,0.0,0.0,0.37739776735613667,low,False,0.025,0.12
2024-09-24,SPY,0.0,0.0,0.245767659300271,low,False,0.025,0.12
2024-09-25,DIA,1.0,0.49623139806715855,0.7137471524796236,high,True,0.025,0.12
2024-09-25,QQQ,0.0,0.0,0.26788763941043076,low,False,0.025,0.12
2024-09-25,SPY,0.0,0.0,0.25987971761443246,low,False,0.025,0.12
2024-09-26,DIA,1.0,0.48082372317832567,0.6407293244738612,high,True,0.025,0.12
2024-09-26,QQQ,1.0,0.20623766245149783,0.47487099898330376,low,True,0.025,0.12
2024-09-26,SPY,1.0,0.30415489319552,0.5963386332947299,medium,True,0.025,0.12
2024-09-27,DIA,1.0,0.2957021277791899,0.5318767376890828,medium,True,0.025,0.12
2024-09-27,QQQ,0.0,0.0,0.35806914963150566,low,False,0.025,0.12
2024-09-27,SPY,0.0,0.0,0.37623891790811514,low,False,0.025,0.12
2024-09-30,DIA,1.0,0.20811249858633188,0.5014686963332191,low,True,0.025,0.12
2024-09-30,QQQ,0.0,0.0,0.32769893994515303,low,False,0.025,0.12
2024-09-30,SPY,1.0,0.2964455266204742,0.537952074644431,medium,True,0.025,0.12
2024-10-01,DIA,1.0,0.20678920273447068,0.48297299282159367,low,True,0.025,0.12
2024-10-01,QQQ,1.0,0.2970101791467281,0.5425032859465473,medium,True,0.025,0.12
2024-10-01,SPY,0.0,0.0,0.38380243863648655,low,False,0.025,0.12
2024-10-02,DIA,1.0,0.30664313262445303,0.6138179613145556,medium,True,0.025,0.12
2024-10-02,QQQ,1.0,0.4787818797537295,0.6304944208080592,high,True,0.025,0.12
2024-10-02,SPY,1.0,0.30860636708909195,0.6272528251909669,medium,True,0.025,0.12
2024-10-03,DIA,1.0,0.20754952601528825,0.49374795909233005,low,True,0.025,0.12
2024-10-03,QQQ,0.0,0.0,0.39555614253063504,low,False,0.025,0.12
2024-10-03,SPY,1.0,0.30379351775030256,0.593753785351295,medium,True,0.025,0.12
2024-10-04,DIA,1.0,0.3070332342619616,0.6165111404141376,medium,True,0.025,0.12
2024-10-04,QQQ,1.0,0.49313474843706695,0.699578869430616,high,True,0.025,0.12
2024-10-04,SPY,1.0,0.48588430013916706,0.665464693453799,high,True,0.025,0.12
2024-10-07,DIA,0.0,0.0,0.35168866582098696,low,False,0.025,0.12
2024-10-07,QQQ,0.0,0.0,0.19860006489222784,low,False,0.025,0.12
2024-10-07,SPY,0.0,0.0,0.3925396386365103,low,False,0.025,0.12
2024-10-08,DIA,1.0,0.4874857518747195,0.6731239335206456,high,True,0.025,0.12
2024-10-08,QQQ,0.0,0.0,0.38818906259162517,low,False,0.025,0.12
2024-10-08,SPY,1.0,0.4958692635584677,0.71210145966351,high,True,0.025,0.12
2024-10-09,DIA,1.0,0.4910826219726453,0.6900643069807013,high,True,0.025,0.12
2024-10-09,QQQ,0.0,0.0,0.4174743882920423,low,False,0.025,0.12
2024-10-09,SPY,1.0,0.3008650522994946,0.5723157482219646,medium,True,0.025,0.12
2024-10-10,DIA,0.0,0.0,0.39592490499357963,low,False,0.025,0.12
2024-10-10,QQQ,1.0,0.20914493691082592,0.5151389320859902,low,True,0.025,0.12
2024-10-10,SPY,1.0,0.2062248387779144,0.47467946473608047,low,True,0.025,0.12
2024-10-11,DIA,1.0,0.29482526942047316,0.5245799833069481,medium,True,0.025,0.12
2024-10-11,QQQ,0.0,0.0,0.3029654460473941,low,False,0.025,0.12
2024-10-11,SPY,1.0,0.4886573586131967,0.678680568779417,high,True,0.025,0.12
2024-10-14,DIA,1.0,0.5056692776883853,0.755704053276938,high,True,0.025,0.12
2024-10-14,QQQ,1.0,0.30085682222888144,0.5722541691255404,medium,True,0.025,0.12
2024-10-14,SPY,1.0,0.30266504866822336,0.5855998559142952,medium,True,0.025,0.12
2024-10-15,DIA,0.0,0.0,0.40372497367510396,low,False,0.025,0.12
2024-10-15,QQQ,1.0,0.5096321875132309,0.7728460712768712,high,True,0.025,0.12
2024-10-15,SPY,1.0,0.2091263904346077,0.51489843299476,low,True,0.025,0.12
2024-10-16,DIA,1.0,0.5104587584137633,0.7763900568873076,high,True,0.025,0.12
2024-10-16,QQQ,1.0,0.4836366164073073,0.6545827604014173,high,True,0.025,0.12
2024-10-16,SPY,1.0,0.30851671878043163,0.6266456285897064,medium,True,0.025,0.12
2024-10-17,DIA,1.0,0.5274146849864297,0.8470461155189553,high,True,0.025,0.12
2024-10-17,QQQ,1.0,0.4977945704008411,0.7208183163443405,high,True,0.025,0.12
2024-10-17,SPY,1.0,0.3074762215565981,0.6195549181653169,medium,True,0.025,0.12
2024-10-18,DIA,1.0,0.5309645017729787,0.8614123255239206,high,True,0.025,0.12
2024-10-18,QQQ,1.0,0.48279382016484845,0.6504604692211114,high,True,0.025,0.12
2024-10-18,SPY,1.0,0.5070049648976958,0.7615103619097532,high,True,0.025,0.12
2024-10-21,DIA,1.0,0.3016612655319824,0.5782361312963867,medium,True,0.025,0.12
2024-10-21,QQQ,1.0,0.3087663817938684,0.6283351831584446,medium,True,0.025,0.12
2024-10-21,SPY,1.0,0.4940994822852416,0.704016543921692,high,True,0.025,0.12
2024-10-22,DIA,1.0,0.47958044591499566,0.6345161659305562,high,True,0.025,0.12
2024-10-22,QQQ,0.0,0.0,0.4161860433340539,low,False,0.025,0.12
2024-10-22,SPY,1.0,0.29614382000945066,0.535498156283921,medium,True,0.025,0.12
2024-10-23,DIA,1.0,0.48524341998153026,0.662378054990601,high,True,0.025,0.12
2024-10-23,QQQ,1.0,0.30167336573546166,0.5783255498696327,medium,True,0.025,0.12
2024-10-23,SPY,1.0,0.5265579351530167,0.8435590263966993,high,True,0.025,0.12
2024-10-24,DIA,1.0,0.30487578498129614,0.6014586801266852,medium,True,0.025,0.12
2024-10-24,QQQ,1.0,0.3030078257549145,0.5880901531124787,medium,True,0.025,0.12
2024-10-24,SPY,1.0,0.4928405432681757,0.6982211493250211,high,True,0.025,0.12
2024-10-25,DIA,1.0,0.49874455272948215,0.7250905154681772,high,True,0.025,0.12
2024-10-25,QQQ,1.0,0.4926743592896039,0.6974533075743602,high,True,0.025,0.12
2024-10-25,SPY,1.0,0.4983227440027533,0.7231958851809258,high,True,0.025,0.12
2024-10-28,DIA,1.0,0.3034665053078297,0.5914039169133511,medium,True,0.025,0.12
2024-10-28,QQQ,0.0,0.0,0.35809512430123147,low,False,0.025,0.12
2024-10-28,SPY,1.0,0.20867163559359814,0.5089453319460482,low,True,0.025,0.12
2024-10-29,DIA,1.0,0.3055397447663576,0.6061330870142695,medium,True,0.025,0.12
2024-10-29,QQQ,1.0,0.4936048427897157,0.7017439998874917,high,True,0.025,0.12
2024-10-29,SPY,1.0,0.49581181456777834,0.7118401214148609,high,True,0.025,0.12
2024-10-30,DIA,1.0,0.20700205387036205,0.4860328757863948,low,True,0.025,0.12
2024-10-30,QQQ,0.0,0.0,0.3702056442993635,low,False,0.025,0.12
2024-10-30,SPY,1.0,0.2055622162531555,0.464566531232459,low,True,0.025,0.12
2024-10-31,DIA,0.0,0.0,0.39502174727597517,low,False,0.025,0.12
2024-10-31,QQQ,0.0,0.0,0.2944715169521255,low,False,0.025,0.12
2024-10-31,SPY,1.0,0.20925133439225155,0.5165152739128803,low,True,0.025,0.12
2024-11-01,DIA,1.0,0.4876727378281304,0.6740133594805084,high,True,0.025,0.12
2024-11-01,QQQ,1.0,0.29560273454728087,0.5310569472994837,medium,True,0.025,0.12
2024-11-01,SPY,1.0,0.48314497037294485,0.6521808926217331,high,True,0.025,0.12
2024-11-04,DIA,1.0,0.30866566773966797,0.6276541558908983,medium,True,0.025,0.12
2024-11-04,QQQ,0.0,0.0,0.3675085976501464,low,False,0.025,0.12
2024-11-04,SPY,1.0,0.3041754914461134,0.596485596447235,medium,True,0.025,0.12
2024-11-05,DIA,1.0,0.4929548684191961,0.6987489931277038,high,True,0.025,0.12
2024-11-05,QQQ,0.0,0.0,0.2928733187521342,low,False,0.025,0.12
2024-11-05,SPY,1.0,0.20569843143237138,0.4666816833002666,low,True,0.025,0.12
2024-11-06,DIA,1.0,0.5128237215095397,0.7864733315695733,high,True,0.025,0.12
2024-11-06,QQQ,1.0,0.29513784959007394,0.5271980530119421,medium,True,0.025,0.12
2024-11-06,SPY,1.0,0.49516338271179117,0.7088852768095175,high,True,0.025,0.12
2024-11-07,DIA,1.0,0.4921468144021447,0.6950113607982724,high,True,0.025,0.12
2024-11-07,QQQ,1.0,0.5025417675915398,0.7419878582759101,high,True,0.025,0.12
2024-11-07,SPY,1.0,0.5353859908665806,0.8791311032496081,high,True,0.025,0.12
2024-11-08,DIA,1.0,0.30450664510947834,0.5988428666061172,medium,True,0.025,0.12
2024-11-08,QQQ,1.0,0.29742320453553284,0.5457995205646768,medium,True,0.025,0.12
2024-11-08,SPY,1.0,0.5343408421861763,0.8749595611150804,high,True,0.025,0.12
2024-11-11,DIA,1.0,0.5345616254055758,0.875841630349927,high,True,0.025,0.12
2024-11-11,QQQ,1.0,0.48159973998263605,0.6445786910721845,high,True,0.025,0.12
2024-11-11,SPY,1.0,0.5114665312502643,0.7806969330031566,high,True,0.025,0.12
2024-11-12,DIA,1.0,0.5393438435085381,0.894838414389392,high,True,0.025,0.12
2024-11-12,QQQ,1.0,0.4915975987062605,0.6924618009445336,high,True,0.025,0.12
2024-11-12,SPY,1.0,0.5477771669041454,0.9278674809019758,high,True,0.025,0.12
2024-11-13,DIA,1.0,0.5176668922703466,0.8068757455754882,high,True,0.025,0.12
2024-11-13,QQQ,1.0,0.4862821965675118,0.6673747898858368,high,True,0.025,0.12
2024-11-13,SPY,1.0,0.5539469483158286,0.9516882445640419,high,True,0.025,0.12
2024-11-14,DIA,1.0,0.5273292202559969,0.8466986159616718,high,True,0.025,0.12
2024-11-14,QQQ,1.0,0.5236715685710316,0.8317517859449154,high,True,0.025,0.12
2024-11-14,SPY,1.0,0.5051900747185041,0.7536135735650968,high,True,0.025,0.12
2024-11-15,DIA,1.0,0.5075275711961373,0.7637741010785603,high,True,0.025,0.12
2024-11-15,QQQ,1.0,0.49643884966507135,0.7146886059923044,high,True,0.025,0.12
2024-11-15,SPY,1.0,0.47992684594354773,0.6362530819279923,high,True,0.025,0.12
2024-11-18,DIA,1.0,0.4975631051702533,0.7197745420221182,high,True,0.025,0.12
2024-11-18,QQQ,1.0,0.5047683454034124,0.7517705438176383,high,True,0.025,0.12
2024-11-18,SPY,1.0,0.5158434224597517,0.7992316002226383,high,True,0.025,0.12
2024-11-19,DIA,1.0,0.5004801660662673,0.7328486021628757,high,True,0.025,0.12
2024-11-19,QQQ,1.0,0.4823277841769523,0.6481707305278865,high,True,0.025,0.12
2024-11-19,SPY,1.0,0.4871619924536404,0.6715815515624473,high,True,0.025,0.12
2024-11-20,DIA,1.0,0.4860344418870792,0.6661860062034041,high,True,0.025,0.12
2024-11-20,QQQ,1.0,0.48776806744961254,0.6744664251042564,high,True,0.025,0.12
2024-11-20,SPY,1.0,0.29897600968480376,0.5579615546405927,medium,True,0.025,0.12
2024-11-21,DIA,1.0,0.5163595433153723,0.801399694532172,high,True,0.025,0.12
2024-11-21,QQQ,1.0,0.5198902993219103,0.8161383102202745,high,True,0.025,0.12
2024-11-21,SPY,1.0,0.5089664494235525,0.7699839831620492,high,True,0.025,0.12
2024-11-22,DIA,1.0,0.30505297964554623,0.6027099656367256,medium,True,0.025,0.12
2024-11-22,QQQ,1.0,0.30361910468542075,0.5925017693931752,medium,True,0.025,0.12
2024-11-22,SPY,1.0,0.3087579037877576,0.6282778829528429,medium,True,0.025,0.12
2024-11-25,DIA,1.0,0.4988575401814415,0.7255974011428558,high,True,0.025,0.12
2024-11-25,QQQ,1.0,0.4970895191089537,0.7176354167955116,high,True,0.025,0.12
2024-11-25,SPY,1.0,0.5170521671083413,0.8043036624683977,high,True,0.025,0.12
2024-11-26,DIA,1.0,0.20667167115901272,0.48126796866470445,low,True,0.025,0.12
2024-11-26,QQQ,1.0,0.5039509587897057,0.7481895711554757,high,True,0.025,0.12
2024-11-26,SPY,1.0,0.5341597759738949,0.8742358268378978,high,True,0.025,0.12
2024-11-27,DIA,1.0,0.530455480446524,0.8593602236621433,high,True,0.025,0.12
2024-11-27,QQQ,1.0,0.30725106845371364,0.6180097912355552,medium,True,0.025,0.12
2024-11-27,SPY,1.0,0.511907739939525,0.782577741007596,high,True,0.025,0.12
2024-11-29,DIA,1.0,0.5059764228733783,0.7570418861125321,high,True,0.025,0.12
2024-11-29,QQQ,1.0,0.5275879372761285,0.8477503203761966,high,True,0.025,0.12
2024-11-29,SPY,1.0,0.5463005706627284,0.922125102611984,high,True,0.025,0.12
2024-12-02,DIA,1.0,0.5205578544949476,0.8189072318195165,high,True,0.025,0.12
2024-12-02,QQQ,1.0,0.5105897972344974,0.7769509372449839,high,True,0.025,0.12
2024-12-02,SPY,1.0,0.5227131392756055,0.8278102829604668,high,True,0.025,0.12
2024-12-03,DIA,1.0,0.5038050855920706,0.7475492579038061,high,True,0.025,0.12
2024-12-03,QQQ,1.0,0.496710825676245,0.7159214659910872,high,True,0.025,0.12
2024-12-03,SPY,1.0,0.5319576486998138,0.8654087380184696,high,True,0.025,0.12
2024-12-04,DIA,1.0,0.5361395544812212,0.8821325683513808,high,True,0.025,0.12
2024-12-04,QQQ,1.0,0.5213627814358321,0.8222387256701049,high,True,0.025,0.12
2024-12-04,SPY,1.0,0.5228453902384762,0.8283547936347346,high,True,0.025,0.12
2024-12-05,DIA,1.0,0.49660844940703297,0.7154575851316345,high,True,0.025,0.12
2024-12-05,QQQ,1.0,0.2050780360270192,0.45687984502778367,low,True,0.025,0.12
2024-12-05,SPY,1.0,0.5219620799780011,0.8247140898404608,high,True,0.025,0.12
2024-12-06,DIA,1.0,0.5568197942415543,0.9626895891734283,high,True,0.025,0.12
2024-12-06,QQQ,1.0,0.488486232130577,0.6778713540918212,high,True,0.025,0.12
2024-12-06,SPY,1.0,0.5639851108710724,0.9898975427263865,high,True,0.025,0.12
2024-12-09,DIA,1.0,0.48517237585447726,0.6620351113809809,high,True,0.025,0.12
2024-12-09,QQQ,0.0,0.0,0.34306159447411144,low,False,0.025,0.12
2024-12-09,SPY,1.0,0.5045550399742454,0.7508371844146491,high,True,0.025,0.12
2024-12-10,DIA,1.0,0.500567428495666,0.7332370890660936,high,True,0.025,0.12
2024-12-10,QQQ,1.0,0.4818340425464785,0.6457367174646576,high,True,0.025,0.12
2024-12-10,SPY,1.0,0.554367645162093,0.9533027418491721,high,True,0.025,0.12
2024-12-11,DIA,1.0,0.5163537751698326,0.8013754836854665,high,True,0.025,0.12
2024-12-11,QQQ,1.0,0.4874715927361328,0.6730565427819849,high,True,0.025,0.12
2024-12-11,SPY,1.0,0.4887008185030104,0.6788859510888292,high,True,0.025,0.12
2024-12-12,DIA,1.0,0.4968161954494765,0.7163986746057057,high,True,0.025,0.12
2024-12-12,QQQ,1.0,0.29648339248701433,0.5382589499559481,medium,True,0.025,0.12
2024-12-12,SPY,1.0,0.30687092302896324,0.6153920490690159,medium,True,0.025,0.12
2024-12-13,DIA,1.0,0.525434681426525,0.8389751546601479,high,True,0.025,0.12
2024-12-13,QQQ,1.0,0.519879402228743,0.8160930651354543,high,True,0.025,0.12
2024-12-13,SPY,1.0,0.528299409043979,0.8506388491489609,high,True,0.025,0.12
2024-12-16,DIA,1.0,0.5160188328905118,0.7999688560937925,high,True,0.025,0.12
2024-12-16,QQQ,0.0,0.0,0.4306722034115007,low,False,0.025,0.12
2024-12-16,SPY,1.0,0.5208427224791853,0.8200871627997307,high,True,0.025,0.12
2024-12-17,DIA,1.0,0.30571304089322715,0.6073468189423467,medium,True,0.025,0.12
2024-12-17,QQQ,0.0,0.0,0.34063138223234246,low,False,0.025,0.12
2024-12-17,SPY,1.0,0.5167304377389226,0.8029555348224222,high,True,0.025,0.12
2024-12-18,DIA,0.0,0.0,0.3019291855354216,low,False,0.025,0.12
2024-12-18,QQQ,0.0,0.0,0.35336668666098753,low,False,0.025,0.12
2024-12-18,SPY,1.0,0.20874960610492418,0.5099738637302119,low,True,0.025,0.12
2024-12-19,DIA,1.0,0.4944691205073757,0.7057110662661384,high,True,0.025,0.12
2024-12-19,QQQ,1.0,0.29837710674271856,0.5533122237958176,medium,True,0.025,0.12
2024-12-19,SPY,1.0,0.3082086552583939,0.6245546322998355,medium,True,0.025,0.12
2024-12-20,DIA,1.0,0.29948150640560833,0.5618475154139939,medium,True,0.025,0.12
2024-12-20,QQQ,1.0,0.2980791564298146,0.550980182883918,medium,True,0.025,0.12
2024-12-20,SPY,1.0,0.20788111354710204,0.49832003296377075,low,True,0.025,0.12
2024-12-23,DIA,1.0,0.49240878125837106,0.6962248281980713,high,True,0.025,0.12
2024-12-23,QQQ,1.0,0.4797267050800197,0.6352500931904188,high,True,0.025,0.12
2024-12-23,SPY,1.0,0.29819819439977097,0.5519134364886057,medium,True,0.025,0.12
2024-12-24,DIA,1.0,0.5092559110035635,0.7712292637923472,high,True,0.025,0.12
2024-12-24,QQQ,1.0,0.5138479710084677,0.7908150792800842,high,True,0.025,0.12
2024-12-24,SPY,1.0,0.533009389304291,0.8696303910067039,high,True,0.025,0.12
2024-12-26,DIA,1.0,0.3084402323216062,0.6261271186479881,medium,True,0.025,0.12
2024-12-26,QQQ,1.0,0.3009344332478505,0.572834553819174,medium,True,0.025,0.12
2024-12-26,SPY,1.0,0.4976885049134439,0.7203401620103751,high,True,0.025,0.12
2024-12-27,DIA,1.0,0.48442671706780016,0.6584261523963186,high,True,0.025,0.12
2024-12-27,QQQ,1.0,0.3022193461065213,0.5823435332721273,medium,True,0.025,0.12
2024-12-27,SPY,1.0,0.304537354541794,0.5990609539959305,medium,True,0.025,0.12
2024-12-30,DIA,1.0,0.5354566677171494,0.8794128326730121,high,True,0.025,0.12
2024-12-30,QQQ,1.0,0.5126960932849283,0.7859312698405817,high,True,0.025,0.12
2024-12-30,SPY,1.0,0.505377582555551,0.7544320284662722,high,True,0.025,0.12
2024-12-31,DIA,1.0,0.48810869418422664,0.6760831929418293,high,True,0.025,0.12
2024-12-31,QQQ,1.0,0.5300071260938468,0.8575505367464875,high,True,0.025,0.12
2024-12-31,SPY,1.0,0.5051114951925307,0.7532704009038718,high,True,0.025,0.12
2025-01-02,DIA,1.0,0.5401599916753218,0.8980603225192318,high,True,0.025,0.12
2025-01-02,QQQ,1.0,0.5581934478243529,0.9679306287880524,high,True,0.025,0.12
2025-01-02,SPY,1.0,0.5230868805583602,0.8293485448443901,high,True,0.025,0.12
2025-01-03,DIA,1.0,0.5125779368760635,0.7854292270734304,high,True,0.025,0.12
2025-01-03,QQQ,1.0,0.4881284841672098,0.6761770246481515,high,True,0.025,0.12
2025-01-03,SPY,1.0,0.4902396588296899,0.6861252068383702,high,True,0.025,0.12
2025-01-06,DIA,1.0,0.5146462950130923,0.79418888208571,high,True,0.025,0.12
2025-01-06,QQQ,1.0,0.556097258764803,0.9599278775620956,high,True,0.025,0.12
2025-01-06,SPY,1.0,0.5299799196284278,0.8574406580823577,high,True,0.025,0.12
2025-01-07,DIA,1.0,0.3041395041816755,0.5962288106933576,medium,True,0.025,0.12
2025-01-07,QQQ,1.0,0.4843110525232654,0.6578647657704516,high,True,0.025,0.12
2025-01-07,SPY,1.0,0.5238795181835018,0.8326055732962501,high,True,0.025,0.12
2025-01-08,DIA,1.0,0.20666294990401685,0.4811410012366497,low,True,0.025,0.12
2025-01-08,QQQ,1.0,0.30149787428352304,0.5770270949611663,medium,True,0.025,0.12
2025-01-08,SPY,0.0,0.0,0.43766651105972243,low,False,0.025,0.12
2025-01-10,DIA,1.0,0.30582003790389745,0.6080949263548666,medium,True,0.025,0.12
2025-01-10,QQQ,1.0,0.4982083947476912,0.7226816340853653,high,True,0.025,0.12
2025-01-10,SPY,1.0,0.4926965904224542,0.6975560638059827,high,True,0.025,0.12
2025-01-13,DIA,1.0,0.4796821808196581,0.6350267571152474,high,True,0.025,0.12
2025-01-13,QQQ,1.0,0.5104061045538135,0.7761646111797764,high,True,0.025,0.12
2025-01-13,SPY,1.0,0.29691090554289656,0.5417069358531895,medium,True,0.025,0.12
2025-01-14,DIA,1.0,0.29618313933310186,0.5358188535532008,medium,True,0.025,0.12
2025-01-14,QQQ,1.0,0.5206123662258906,0.8191330973469624,high,True,0.025,0.12
2025-01-14,SPY,1.0,0.4896510106968311,0.6833634905712777,high,True,0.025,0.12
2025-01-15,DIA,1.0,0.5355501393945478,0.8797853553158678,high,True,0.025,0.12
2025-01-15,QQQ,1.0,0.5505489485807993,0.9386027905372407,high,True,0.025,0.12
2025-01-15,SPY,1.0,0.5309829314467954,0.8614865754494765,high,True,0.025,0.12
2025-01-16,DIA,1.0,0.20637656953696026,0.47693621618950227,low,True,0.025,0.12
2025-01-16,QQQ,1.0,0.536629942531561,0.8840830167181323,high,True,0.025,0.12
2025-01-16,SPY,1.0,0.5028633819946691,0.7434064288368026,high,True,0.025,0.12
2025-01-17,DIA,1.0,0.4944837608088354,0.7057781164036858,high,True,0.025,0.12
2025-01-17,QQQ,1.0,0.5408204929555331,0.9006636342485218,high,True,0.025,0.12
2025-01-17,SPY,1.0,0.5652873308419257,0.9948087313252783,high,True,0.025,0.12
2025-01-21,DIA,1.0,0.48155702430930997,0.6443673628287445,high,True,0.025,0.12
2025-01-21,QQQ,1.0,0.5224333857750993,0.826657792967916,high,True,0.025,0.12
2025-01-21,SPY,1.0,0.5365628424134913,0.8838162641972034,high,True,0.025,0.12
2025-01-22,DIA,1.0,0.30527158668256005,0.6042498570214848,medium,True,0.025,0.12
2025-01-22,QQQ,1.0,0.5228401061249913,0.8283330415155602,high,True,0.025,0.12
2025-01-22,SPY,1.0,0.5511911844379114,0.9410822367018605,high,True,0.025,0.12
2025-01-23,DIA,0.0,0.0,0.419246420291917,low,False,0.025,0.12
2025-01-23,QQQ,1.0,0.4808555949657565,0.6408878491024899,high,True,0.025,0.12
2025-01-23,SPY,1.0,0.49983650954252157,0.7299784828554263,high,True,0.025,0.12
2025-01-24,DIA,0.0,0.0,0.4291636022107606,low,False,0.025,0.12
2025-01-24,QQQ,1.0,0.29666688229759985,0.5397425671615373,medium,True,0.025,0.12
2025-01-24,SPY,1.0,0.48914303509307705,0.6809728302794753,high,True,0.025,0.12
2025-01-27,DIA,0.0,0.0,0.19625203972975613,low,False,0.025,0.12
2025-01-27,QQQ,0.0,0.0,0.4378455884694305,low,False,0.025,0.12
2025-01-27,SPY,1.0,0.3033019385170019,0.590217402567397,medium,True,0.025,0.12
2025-01-28,DIA,0.0,0.0,0.32750955758088385,low,False,0.025,0.12
2025-01-28,QQQ,1.0,0.500915751715755,0.7347863328471799,high,True,0.025,0.12
2025-01-28,SPY,1.0,0.5043197975333148,0.7498069110809855,high,True,0.025,0.12
2025-01-29,DIA,1.0,0.20687395978110437,0.48419568256543954,low,True,0.025,0.12
2025-01-29,QQQ,1.0,0.30835756701229217,0.6255662433588413,medium,True,0.025,0.12
2025-01-29,SPY,1.0,0.3005903596865228,0.5702560941707949,medium,True,0.025,0.12
2025-01-30,DIA,1.0,0.30508871085860556,0.6029619483559086,medium,True,0.025,0.12
2025-01-30,QQQ,1.0,0.20718415306980806,0.4886231640558204,low,True,0.025,0.12
2025-01-30,SPY,1.0,0.4978181326850213,0.7209245055929344,high,True,0.025,0.12
2025-01-31,DIA,1.0,0.506800782831296,0.7606246995834598,high,True,0.025,0.12
2025-01-31,QQQ,1.0,0.3000785832240614,0.5663944007009643,medium,True,0.025,0.12
2025-01-31,SPY,1.0,0.2971774019392333,0.5438411104216505,medium,True,0.025,0.12
2025-02-03,DIA,1.0,0.4865441263719544,0.6686295968293768,high,True,0.025,0.12
2025-02-03,QQQ,1.0,0.2949223848393845,0.5253954538084298,medium,True,0.025,0.12
2025-02-03,SPY,1.0,0.2945135912048534,0.5219500079671308,medium,True,0.025,0.12
2025-02-04,DIA,1.0,0.29696774928104874,0.5421631192786001,medium,True,0.025,0.12
2025-02-04,QQQ,1.0,0.29507008252590305,0.526632085847928,medium,True,0.025,0.12
2025-02-04,SPY,1.0,0.29814020155571896,0.5514590339419355,medium,True,0.025,0.12
2025-02-05,DIA,1.0,0.4843872300385447,0.6582345471020512,high,True,0.025,0.12
2025-02-05,QQQ,1.0,0.20938504026918806,0.5182368884230336,low,True,0.025,0.12
2025-02-05,SPY,1.0,0.5072828068768923,0.7627144287354057,high,True,0.025,0.12
2025-02-06,DIA,1.0,0.5029797272382762,0.7439191355269124,high,True,0.025,0.12
2025-02-06,QQQ,1.0,0.30313959676871155,0.5890442954602291,medium,True,0.025,0.12
2025-02-06,SPY,1.0,0.5002037358548691,0.7316169721737696,high,True,0.025,0.12
2025-02-07,DIA,1.0,0.4940107448420944,0.7036092752069438,high,True,0.025,0.12
2025-02-07,QQQ,0.0,0.0,0.3597454480444317,low,False,0.025,0.12
2025-02-07,SPY,0.0,0.0,0.3651038911311115,low,False,0.025,0.12
2025-02-10,DIA,1.0,0.29863399950516895,0.5553126628676774,medium,True,0.025,0.12
2025-02-10,QQQ,1.0,0.3036451209657598,0.5926887129141372,medium,True,0.025,0.12
2025-02-10,SPY,1.0,0.3082779452753016,0.6250255465877457,medium,True,0.025,0.12
2025-02-11,DIA,1.0,0.2957955791722681,0.5326458700741704,medium,True,0.025,0.12
2025-02-11,QQQ,1.0,0.4811983472167666,0.6425903129618296,high,True,0.025,0.12
2025-02-11,SPY,1.0,0.5001056360861261,0.7311795307798323,high,True,0.025,0.12
2025-02-12,DIA,1.0,0.49934203415283884,0.7277680109668856,high,True,0.025,0.12
2025-02-12,QQQ,1.0,0.30681962019052755,0.6150378955717727,medium,True,0.025,0.12
2025-02-12,SPY,1.0,0.517326874785785,0.8054536813510633,high,True,0.025,0.12
2025-02-13,DIA,1.0,0.5120642140407861,0.783244078315765,high,True,0.025,0.12
2025-02-13,QQQ,0.0,0.0,0.38228180196524053,low,False,0.025,0.12
2025-02-13,SPY,1.0,0.5032264641177376,0.7450056324780103,high,True,0.025,0.12
2025-02-14,DIA,1.0,0.5438047414450021,0.9123806591725807,high,True,0.025,0.12
2025-02-14,QQQ,0.0,0.0,0.4179656800259245,low,False,0.025,0.12
2025-02-14,SPY,1.0,0.20770433354729012,0.4958915250754584,low,True,0.025,0.12
2025-02-18,DIA,1.0,0.50058735447003,0.7333257775169042,high,True,0.025,0.12
2025-02-18,QQQ,0.0,0.0,0.38906299160141755,low,False,0.025,0.12
2025-02-18,SPY,1.0,0.2070771967212971,0.48710476347524173,low,True,0.025,0.12
2025-02-19,DIA,1.0,0.5065737527961252,0.7596391203635,high,True,0.025,0.12
2025-02-19,QQQ,1.0,0.29940606532385283,0.5612697303657411,medium,True,0.025,0.12
2025-02-19,SPY,1.0,0.3031626094774719,0.5892107492166588,medium,True,0.025,0.12
2025-02-20,DIA,1.0,0.5139013677200439,0.7910410176779316,high,True,0.025,0.12
2025-02-20,QQQ,0.0,0.0,0.36212163601066755,low,False,0.025,0.12
2025-02-20,SPY,1.0,0.30175610488133486,0.5789365435062956,medium,True,0.025,0.12
2025-02-21,DIA,0.0,0.0,0.3354745144831558,low,False,0.025,0.12
2025-02-21,QQQ,0.0,0.0,0.2605208550084927,low,False,0.025,0.12
2025-02-21,SPY,0.0,0.0,0.265886893289026,low,False,0.025,0.12
2025-02-24,DIA,1.0,0.29581548679279285,0.5328095104445797,medium,True,0.025,0.12
2025-02-24,QQQ,1.0,0.2093684891234393,0.5180242500422255,low,True,0.025,0.12
2025-02-24,SPY,1.0,0.30884263583676597,0.6288503301211269,medium,True,0.025,0.12
2025-02-25,DIA,1.0,0.2986438297455023,0.5553890260013928,medium,True,0.025,0.12
2025-02-25,QQQ,1.0,0.4925303544496936,0.6967874005858671,high,True,0.025,0.12
2025-02-25,SPY,1.0,0.20943826113185626,0.5189197325888706,low,True,0.025,0.12
2025-02-26,DIA,1.0,0.4845511411373376,0.659029578352005,high,True,0.025,0.12
2025-02-26,QQQ,1.0,0.512637710008417,0.7856832264136226,high,True,0.025,0.12
2025-02-26,SPY,1.0,0.2086662770252318,0.5088745231944066,low,True,0.025,0.12
2025-02-27,DIA,1.0,0.49477868568126404,0.7071277753723113,high,True,0.025,0.12
2025-02-27,QQQ,1.0,0.4982164812475236,0.7227180095486906,high,True,0.025,0.12
2025-02-27,SPY,1.0,0.3089044276272332,0.6292674715619938,medium,True,0.025,0.12
2025-02-28,DIA,1.0,0.3031762459362103,0.5893093583476975,medium,True,0.025,0.12
2025-02-28,QQQ,0.0,0.0,0.32802388401871646,low,False,0.025,0.12
2025-02-28,SPY,1.0,0.20747285559832876,0.4926803252310898,low,True,0.025,0.12
2025-03-03,DIA,0.0,0.0,0.4096874788477686,low,False,0.025,0.12
2025-03-03,QQQ,1.0,0.20655486164353976,0.4795621728601231,low,True,0.025,0.12
2025-03-03,SPY,0.0,0.0,0.29863987876279335,low,False,0.025,0.12
2025-03-04,DIA,1.0,0.20598614585520467,0.4710864160358263,low,True,0.025,0.12
2025-03-04,QQQ,1.0,0.48963395139656735,0.68328331764945,high,True,0.025,0.12
2025-03-04,SPY,1.0,0.4973663788540966,0.718886532877683,high,True,0.025,0.12
2025-03-05,DIA,1.0,0.5061246100394364,0.7576867740334671,high,True,0.025,0.12
2025-03-05,QQQ,1.0,0.30530584066481203,0.6044907654017904,medium,True,0.025,0.12
2025-03-05,SPY,1.0,0.3053201571549146,0.6045914229621292,medium,True,0.025,0.12
2025-03-06,DIA,1.0,0.3069572459418756,0.6159874812214874,medium,True,0.025,0.12
2025-03-06,QQQ,1.0,0.30113870499772677,0.5743587553760547,medium,True,0.025,0.12
2025-03-06,SPY,1.0,0.295073426248917,0.526660032425941,medium,True,0.025,0.12
2025-03-07,DIA,1.0,0.2075604320565294,0.4938994991559439,low,True,0.025,0.12
2025-03-07,QQQ,1.0,0.48619014364210966,0.6669333136267201,high,True,0.025,0.12
2025-03-07,SPY,1.0,0.5041675212680841,0.7491394788681105,high,True,0.025,0.12
2025-03-10,DIA,1.0,0.2079078123292673,0.4986850591110494,low,True,0.025,0.12
2025-03-10,QQQ,1.0,0.2061507131660855,0.4735693673081291,low,True,0.025,0.12
2025-03-10,SPY,0.0,0.0,0.38085404715078813,low,False,0.025,0.12
2025-03-11,DIA,1.0,0.4824930189340418,0.6489834135761295,high,True,0.025,0.12
2025-03-11,QQQ,1.0,0.3060986610109129,0.6100384892143077,medium,True,0.025,0.12
2025-03-11,SPY,1.0,0.30550994387033936,0.6059241077462758,medium,True,0.025,0.12
2025-03-12,DIA,1.0,0.5428497089933332,0.9086388504809323,high,True,0.025,0.12
2025-03-12,QQQ,1.0,0.2988764641485133,0.5571922368931244,medium,True,0.025,0.12
2025-03-12,SPY,1.0,0.5062601567441413,0.7582763286029469,high,True,0.025,0.12
2025-03-13,DIA,1.0,0.5089068330425648,0.7697273465808442,high,True,0.025,0.12
2025-03-13,QQQ,1.0,0.30883148784774844,0.6287750438591665,medium,True,0.025,0.12
2025-03-13,SPY,1.0,0.5033874935499214,0.745714124612962,high,True,0.025,0.12
2025-03-14,DIA,1.0,0.5034270190600224,0.7458879561083905,high,True,0.025,0.12
2025-03-14,QQQ,1.0,0.29631314023060845,0.5368772523215857,medium,True,0.025,0.12
2025-03-14,SPY,1.0,0.5025929650276415,0.7422138061454857,high,True,0.025,0.12
2025-03-17,DIA,1.0,0.5171597880413527,0.8047543176757103,high,True,0.025,0.12
2025-03-17,QQQ,1.0,0.49815427644145244,0.7224381591149824,high,True,0.025,0.12
2025-03-17,SPY,1.0,0.5144044968668205,0.7931679548046723,high,True,0.025,0.12
2025-03-18,DIA,1.0,0.47937583834316055,0.6334880737076973,high,True,0.025,0.12
2025-03-18,QQQ,1.0,0.30132601539322657,0.5757521569672344,medium,True,0.025,0.12
2025-03-18,SPY,1.0,0.5001375740303774,0.731321967545826,high,True,0.025,0.12
2025-03-19,DIA,1.0,0.4985309476006117,0.7241315255058688,high,True,0.025,0.12
2025-03-19,QQQ,1.0,0.5048823829922283,0.7522692120231258,high,True,0.025,0.12
2025-03-19,SPY,1.0,0.4987627507207547,0.7251721730862125,high,True,0.025,0.12
2025-03-20,DIA,1.0,0.4841212855715282,0.6569427898093564,high,True,0.025,0.12
2025-03-20,QQQ,0.0,0.0,0.44341029921052366,low,False,0.025,0.12
2025-03-20,SPY,1.0,0.4931071918487236,0.6994517875192602,high,True,0.025,0.12
2025-03-21,DIA,1.0,0.5387938873088716,0.8926641197039781,high,True,0.025,0.12
2025-03-21,QQQ,1.0,0.3061349739264017,0.6102913155264742,medium,True,0.025,0.12
2025-03-21,SPY,1.0,0.5197735889140853,0.8156536483532228,high,True,0.025,0.12
2025-03-24,DIA,1.0,0.5449426120491483,0.9168293027975638,high,True,0.025,0.12
2025-03-24,QQQ,1.0,0.48658023279664797,0.6688024095097977,high,True,0.025,0.12
2025-03-24,SPY,1.0,0.5348652272309706,0.8770538304010803,high,True,0.025,0.12
2025-03-25,DIA,1.0,0.49791209905098693,0.7213478727529983,high,True,0.025,0.12
2025-03-25,QQQ,1.0,0.48454331618313096,0.6589916437484943,high,True,0.025,0.12
2025-03-25,SPY,1.0,0.4947132971266971,0.7068287108307376,high,True,0.025,0.12
2025-03-26,DIA,1.0,0.5259695428608566,0.8411595883271039,high,True,0.025,0.12
2025-03-26,QQQ,1.0,0.48666844950844623,0.6692244706711311,high,True,0.025,0.12
2025-03-26,SPY,1.0,0.47872832484103195,0.6302238154586396,high,True,0.025,0.12
2025-03-27,DIA,1.0,0.5547965343812807,0.9549474406436057,high,True,0.025,0.12
2025-03-27,QQQ,1.0,0.5219554248990504,0.8246866249512156,high,True,0.025,0.12
2025-03-27,SPY,1.0,0.5421686113250834,0.905965792101045,high,True,0.025,0.12
2025-03-28,DIA,1.0,0.20639779170618994,0.4772502290989314,low,True,0.025,0.12
2025-03-28,QQQ,0.0,0.0,0.2725832411527082,low,False,0.025,0.12
2025-03-28,SPY,0.0,0.0,0.37400917265699735,low,False,0.025,0.12
2025-03-31,DIA,1.0,0.5541863078904151,0.9526069764779518,high,True,0.025,0.12
2025-03-31,QQQ,1.0,0.5516175478020514,0.9427266495508898,high,True,0.025,0.12
2025-03-31,SPY,1.0,0.5377111943057895,0.8883758971206246,high,True,0.025,0.12
2025-04-01,DIA,1.0,0.5388100267709013,0.89272796567656,high,True,0.025,0.12
2025-04-01,QQQ,1.0,0.5529114058247057,0.9477089978906631,high,True,0.025,0.12
2025-04-01,SPY,1.0,0.5390236940926327,0.8935729973130553,high,True,0.025,0.12
2025-04-02,DIA,1.0,0.523054152498019,0.829213906056691,high,True,0.025,0.12
2025-04-02,QQQ,1.0,0.5135717246067439,0.7896455513777512,high,True,0.025,0.12
2025-04-02,SPY,1.0,0.5457555763841135,0.920001441968516,high,True,0.025,0.12
2025-04-03,DIA,0.0,0.0,0.36811236005142245,low,False,0.025,0.12
2025-04-03,QQQ,0.0,0.0,0.3434713076670883,low,False,0.025,0.12
2025-04-03,SPY,0.0,0.0,0.31552575252382253,low,False,0.025,0.12
2025-04-04,DIA,1.0,0.29510191372786154,0.5268980402470594,medium,True,0.025,0.12
2025-04-04,QQQ,1.0,0.48216972226868215,0.64739244761294,high,True,0.025,0.12
2025-04-04,SPY,1.0,0.29965220303138146,0.563152090631018,medium,True,0.025,0.12
2025-04-07,DIA,1.0,0.49899241608683653,0.7262021432735857,high,True,0.025,0.12
2025-04-07,QQQ,1.0,0.5274110030905703,0.8470311465385099,high,True,0.025,0.12
2025-04-07,SPY,1.0,0.5363879556793923,0.8831208210572075,high,True,0.025,0.12
2025-04-08,DIA,1.0,0.30361899602798614,0.5925009884824657,medium,True,0.025,0.12
2025-04-08,QQQ,1.0,0.4985112572002147,0.7240430775202279,high,True,0.025,0.12
2025-04-08,SPY,1.0,0.47947139904513153,0.6339684378209688,high,True,0.025,0.12
2025-04-09,DIA,0.0,0.0,0.4498654429446708,low,False,0.025,0.12
2025-04-09,QQQ,1.0,0.2981855308427223,0.5518142531989875,medium,True,0.025,0.12
2025-04-09,SPY,1.0,0.2974048999110019,0.5456540073484341,medium,True,0.025,0.12
2025-04-10,DIA,0.0,0.0,0.4320326532884956,low,False,0.025,0.12
2025-04-10,QQQ,0.0,0.0,0.41177373873220313,low,False,0.025,0.12
2025-04-10,SPY,0.0,0.0,0.43786299477345336,low,False,0.025,0.12
2025-04-11,DIA,1.0,0.48329253854513016,0.6529026566322089,high,True,0.025,0.12
2025-04-11,QQQ,1.0,0.3020404387932161,0.5810304893883791,medium,True,0.025,0.12
2025-04-11,SPY,1.0,0.5112084605582005,0.7795954775383703,high,True,0.025,0.12
2025-04-14,DIA,1.0,0.2995942717848576,0.5627097674801277,medium,True,0.025,0.12
2025-04-14,QQQ,1.0,0.4937672777874377,0.7024909153500069,high,True,0.025,0.12
2025-04-14,SPY,1.0,0.5149972947399664,0.7956694459082204,high,True,0.025,0.12
2025-04-15,DIA,1.0,0.3012939991710662,0.5755142732913787,medium,True,0.025,0.12
2025-04-15,QQQ,1.0,0.20507149750254428,0.4567741337964163,low,True,0.025,0.12
2025-04-15,SPY,1.0,0.30444472128696787,0.5984028423431427,medium,True,0.025,0.12
2025-04-16,DIA,0.0,0.0,0.41117718755280763,low,False,0.025,0.12
2025-04-16,QQQ,1.0,0.2053516781951263,0.46125743668387625,low,True,0.025,0.12
2025-04-16,SPY,0.0,0.0,0.3893603309072603,low,False,0.025,0.12
2025-04-17,DIA,1.0,0.5249714235139891,0.8370805980578474,high,True,0.025,0.12
2025-04-17,QQQ,1.0,0.5197452281317007,0.8155358493854804,high,True,0.025,0.12
2025-04-17,SPY,1.0,0.5458546018541639,0.9203874818768802,high,True,0.025,0.12
2025-04-21,DIA,1.0,0.29979008425245385,0.5642031132403516,medium,True,0.025,0.12
2025-04-21,QQQ,1.0,0.48814531047994936,0.6762567958442219,high,True,0.025,0.12
2025-04-21,SPY,1.0,0.29907534201092223,0.558727874903864,medium,True,0.025,0.12
2025-04-22,DIA,1.0,0.48479579273668605,0.660214648484862,high,True,0.025,0.12
2025-04-22,QQQ,1.0,0.5068208383620515,0.7607117232105768,high,True,0.025,0.12
2025-04-22,SPY,1.0,0.5277337036948628,0.8483425583969019,high,True,0.025,0.12
2025-04-23,DIA,1.0,0.20652791861940198,0.47916709433113175,low,True,0.025,0.12
2025-04-23,QQQ,1.0,0.29494374735857914,0.5255745819555813,medium,True,0.025,0.12
2025-04-23,SPY,1.0,0.3027002414936285,0.5858560904328909,medium,True,0.025,0.12
2025-04-24,DIA,1.0,0.20910109128691362,0.514570087256798,low,True,0.025,0.12
2025-04-24,QQQ,1.0,0.20606678103664006,0.4723062333948271,low,True,0.025,0.12
2025-04-24,SPY,0.0,0.0,0.4356797024848711,low,False,0.025,0.12
2025-04-25,DIA,0.0,0.0,0.42149303020439227,low,False,0.025,0.12
2025-04-25,QQQ,0.0,0.0,0.3539632443850191,low,False,0.025,0.12
2025-04-25,SPY,1.0,0.20950237347585374,0.51974050271506,low,True,0.025,0.12
2025-04-28,DIA,1.0,0.2972154501146205,0.5441448805267756,medium,True,0.025,0.12
2025-04-28,QQQ,0.0,0.0,0.4450228188351406,low,False,0.025,0.12
2025-04-28,SPY,1.0,0.2090943465321107,0.514482495110295,low,True,0.025,0.12
2025-04-29,DIA,1.0,0.2995284226862289,0.5622064590512665,medium,True,0.025,0.12
2025-04-29,QQQ,0.0,0.0,0.3805400796314749,low,False,0.025,0.12
2025-04-29,SPY,0.0,0.0,0.44293860439616034,low,False,0.025,0.12
2025-04-30,DIA,1.0,0.5197849665880158,0.8157009037040343,high,True,0.025,0.12
2025-04-30,QQQ,1.0,0.5086576940969278,0.7686542463900319,high,True,0.025,0.12
2025-04-30,SPY,1.0,0.5014762067394047,0.7372741893772922,high,True,0.025,0.12
2025-05-01,DIA,1.0,0.49045120788014357,0.6871154892654915,high,True,0.025,0.12
2025-05-01,QQQ,1.0,0.29866087269126285,0.5555213866185347,medium,True,0.025,0.12
2025-05-01,SPY,1.0,0.5136776771774243,0.7900942438451813,high,True,0.025,0.12
2025-05-02,DIA,0.0,0.0,0.2732481351316759,low,False,0.025,0.12
2025-05-02,QQQ,0.0,0.0,0.20186109814676312,low,False,0.025,0.12
2025-05-02,SPY,0.0,0.0,0.27116126343086777,low,False,0.025,0.12
2025-05-05,DIA,0.0,0.0,0.4139368844261928,low,False,0.025,0.12
2025-05-05,QQQ,0.0,0.0,0.2963806142252889,low,False,0.025,0.12
2025-05-05,SPY,0.0,0.0,0.4047311143410745,low,False,0.025,0.12
2025-05-06,DIA,0.0,0.0,0.44856531214675066,low,False,0.025,0.12
2025-05-06,QQQ,1.0,0.20558384865930757,0.4649037642324111,low,True,0.025,0.12
2025-05-06,SPY,1.0,0.29549427498084446,0.5301602936835494,medium,True,0.025,0.12
2025-05-07,DIA,1.0,0.2066599209529977,0.48109688994262945,low,True,0.025,0.12
2025-05-07,QQQ,0.0,0.0,0.24624292043446633,low,False,0.025,0.12
2025-05-07,SPY,0.0,0.0,0.3768847475489538,low,False,0.025,0.12
2025-05-08,DIA,1.0,0.20816054706250317,0.5021183961228083,low,True,0.025,0.12
2025-05-08,QQQ,0.0,0.0,0.3123239316490488,low,False,0.025,0.12
2025-05-08,SPY,0.0,0.0,0.38486746494396973,low,False,0.025,0.12
2025-05-09,DIA,1.0,0.5419907555430096,0.9052671471047815,high,True,0.025,0.12
2025-05-09,QQQ,1.0,0.5017239404540318,0.7383719751144124,high,True,0.025,0.12
2025-05-09,SPY,1.0,0.5145479793312069,0.7937738684918598,high,True,0.025,0.12
2025-05-12,DIA,1.0,0.20556360700577905,0.46458822725120685,low,True,0.025,0.12
2025-05-12,QQQ,1.0,0.30216780748352395,0.5819656318356617,medium,True,0.025,0.12
2025-05-12,SPY,1.0,0.300178075872724,0.567147666674482,medium,True,0.025,0.12
2025-05-13,DIA,0.0,0.0,0.4207988901166633,low,False,0.025,0.12
2025-05-13,QQQ,0.0,0.0,0.43227464194318965,low,False,0.025,0.12
2025-05-13,SPY,0.0,0.0,0.3818515740688041,low,False,0.025,0.12
2025-05-14,DIA,0.0,0.0,0.44418331028380476,low,False,0.025,0.12
2025-05-14,QQQ,0.0,0.0,0.4424645182141025,low,False,0.025,0.12
2025-05-14,SPY,0.0,0.0,0.37347403493043424,low,False,0.025,0.12
2025-05-15,DIA,0.0,0.0,0.3218727572626241,low,False,0.025,0.12
2025-05-15,QQQ,0.0,0.0,0.4003858231062067,low,False,0.025,0.12
2025-05-15,SPY,0.0,0.0,0.3827600221162368,low,False,0.025,0.12
2025-05-16,DIA,0.0,0.0,0.43754657798645974,low,False,0.025,0.12
2025-05-16,QQQ,0.0,0.0,0.29443760747265724,low,False,0.025,0.12
2025-05-16,SPY,0.0,0.0,0.34396593463773695,low,False,0.025,0.12
2025-05-19,DIA,1.0,0.5055359727425736,0.7551229172493032,high,True,0.025,0.12
2025-05-19,QQQ,1.0,0.20933596792830741,0.5176060485954221,low,True,0.025,0.12
2025-05-19,SPY,1.0,0.20711028810283483,0.48757545219304177,low,True,0.025,0.12
2025-05-20,DIA,1.0,0.48698819504968227,0.6707523344569782,high,True,0.025,0.12
2025-05-20,QQQ,1.0,0.2956111124494273,0.5311261180531222,medium,True,0.025,0.12
2025-05-20,SPY,1.0,0.20768748044912475,0.49565894154002865,low,True,0.025,0.12
2025-05-21,DIA,0.0,0.0,0.44922301945146037,low,False,0.025,0.12
2025-05-21,QQQ,1.0,0.20710822392823222,0.4875461155013539,low,True,0.025,0.12
2025-05-21,SPY,0.0,0.0,0.41551364368909477,low,False,0.025,0.12
2025-05-22,DIA,1.0,0.5114626530350188,0.7806803879672596,high,True,0.025,0.12
2025-05-22,QQQ,1.0,0.5252143442249206,0.8380743532820888,high,True,0.025,0.12
2025-05-22,SPY,1.0,0.4865249638626737,0.6685378655056533,high,True,0.025,0.12
2025-05-23,DIA,1.0,0.5295529934062655,0.8557154446831469,high,True,0.025,0.12
2025-05-23,QQQ,1.0,0.4910534938229776,0.6899284986068233,high,True,0.025,0.12
2025-05-23,SPY,1.0,0.5123574335258303,0.7844917744279186,high,True,0.025,0.12
2025-05-27,DIA,1.0,0.49827271650744864,0.7229709349394339,high,True,0.025,0.12
2025-05-27,QQQ,1.0,0.5142445776073642,0.7924922926716412,high,True,0.025,0.12
2025-05-27,SPY,1.0,0.4983655075520057,0.7233881319167514,high,True,0.025,0.12
2025-05-28,DIA,1.0,0.5156825473958184,0.7985550725523399,high,True,0.025,0.12
2025-05-28,QQQ,1.0,0.20862468950518237,0.5083244420812293,low,True,0.025,0.12
2025-05-28,SPY,1.0,0.4878198998095754,0.6747126563760607,high,True,0.025,0.12
2025-05-29,DIA,1.0,0.5012864067340996,0.7364323394197785,high,True,0.025,0.12
2025-05-29,QQQ,0.0,0.0,0.3736511207055529,low,False,0.025,0.12
2025-05-29,SPY,1.0,0.2971183570840593,0.5433692492396697,medium,True,0.025,0.12
2025-05-30,DIA,1.0,0.4827422656568268,0.6502075338213952,high,True,0.025,0.12
2025-05-30,QQQ,0.0,0.0,0.43854669965069437,low,False,0.025,0.12
2025-05-30,SPY,0.0,0.0,0.26427416776931384,low,False,0.025,0.12
2025-06-02,DIA,1.0,0.20496258006877477,0.4550052913615461,low,True,0.025,0.12
2025-06-02,QQQ,0.0,0.0,0.4482041169966478,low,False,0.025,0.12
2025-06-02,SPY,1.0,0.3027433374949283,0.586169692502425,medium,True,0.025,0.12
2025-06-03,DIA,1.0,0.503415759953635,0.7458384419112385,high,True,0.025,0.12
2025-06-03,QQQ,0.0,0.0,0.4282008950222485,low,False,0.025,0.12
2025-06-03,SPY,1.0,0.49978727812550106,0.7297586198669302,high,True,0.025,0.12
2025-06-04,DIA,1.0,0.30551190378809695,0.6059378540520428,medium,True,0.025,0.12
2025-06-04,QQQ,0.0,0.0,0.30336728002008984,low,False,0.025,0.12
2025-06-04,SPY,0.0,0.0,0.3703073758899279,low,False,0.025,0.12
2025-06-05,DIA,1.0,0.20715916602531564,0.48826919534395874,low,True,0.025,0.12
2025-06-05,QQQ,1.0,0.2977890363620045,0.5486968669764484,medium,True,0.025,0.12
2025-06-05,SPY,1.0,0.20909627468629924,0.5145075378552176,low,True,0.025,0.12
2025-06-06,DIA,1.0,0.5283312351495755,0.8507679364679389,high,True,0.025,0.12
2025-06-06,QQQ,1.0,0.4796069041610633,0.6346489936292139,high,True,0.025,0.12
2025-06-06,SPY,1.0,0.30296053917776616,0.5877473271310959,medium,True,0.025,0.12
2025-06-09,DIA,1.0,0.511846074452059,0.7823150427472633,high,True,0.025,0.12
2025-06-09,QQQ,1.0,0.5277428559767723,0.8483797359100808,high,True,0.025,0.12
2025-06-09,SPY,1.0,0.3056628995829289,0.6069959031864459,medium,True,0.025,0.12
2025-06-10,DIA,1.0,0.3087616845834009,0.6283034368084868,medium,True,0.025,0.12
2025-06-10,QQQ,1.0,0.4985261883626271,0.7241101480504117,high,True,0.025,0.12
2025-06-10,SPY,1.0,0.5198586827408577,0.8160070330951092,high,True,0.025,0.12
2025-06-11,DIA,1.0,0.5021791930822999,0.7403863341171333,high,True,0.025,0.12
2025-06-11,QQQ,1.0,0.4851638059755277,0.6619937323586532,high,True,0.025,0.12
2025-06-11,SPY,1.0,0.49145326261672156,0.6917905149128105,high,True,0.025,0.12
2025-06-12,DIA,1.0,0.20916928374526703,0.5154543818962094,low,True,0.025,0.12
2025-06-12,QQQ,1.0,0.20517557340816744,0.45845051181460666,low,True,0.025,0.12
2025-06-12,SPY,1.0,0.2960512842176825,0.5347423415326262,medium,True,0.025,0.12
2025-06-13,DIA,0.0,0.0,0.2420486132471287,low,False,0.025,0.12
2025-06-13,QQQ,0.0,0.0,0.2643808440939429,low,False,0.025,0.12
2025-06-13,SPY,0.0,0.0,0.2645564208971837,low,False,0.025,0.12
2025-06-16,DIA,1.0,0.5003138355402343,0.7321076982978114,high,True,0.025,0.12
2025-06-16,QQQ,1.0,0.4866332095614911,0.6690558973543598,high,True,0.025,0.12
2025-06-16,SPY,1.0,0.4818930871400854,0.6460282378077156,high,True,0.025,0.12
2025-06-17,DIA,1.0,0.206884645370683,0.4843494284013896,low,True,0.025,0.12
2025-06-17,QQQ,0.0,0.0,0.3340484626714203,low,False,0.025,0.12
2025-06-17,SPY,1.0,0.29977267370677424,0.56407053327011,medium,True,0.025,0.12
2025-06-18,DIA,1.0,0.20781361552213973,0.49739516863040556,low,True,0.025,0.12
2025-06-18,QQQ,1.0,0.20542220098886937,0.46237139503956265,low,True,0.025,0.12
2025-06-18,SPY,1.0,0.20845394768509928,0.5060558933843027,low,True,0.025,0.12
2025-06-20,DIA,1.0,0.30629877840185726,0.6114304365024593,medium,True,0.025,0.12
2025-06-20,QQQ,1.0,0.4810935407666505,0.6420701852458286,high,True,0.025,0.12
2025-06-20,SPY,1.0,0.30772675825119955,0.621269670709423,medium,True,0.025,0.12
2025-06-23,DIA,1.0,0.20900818984476513,0.5133615476064279,low,True,0.025,0.12
2025-06-23,QQQ,1.0,0.5114191412679604,0.7804947450632138,high,True,0.025,0.12
2025-06-23,SPY,1.0,0.49574607417819094,0.7115409755182511,high,True,0.025,0.12
2025-06-24,DIA,1.0,0.30014564340625216,0.5669022537043766,medium,True,0.025,0.12
2025-06-24,QQQ,1.0,0.5105019081428548,0.7765747777664234,high,True,0.025,0.12
2025-06-24,SPY,1.0,0.5038864702476629,0.7479065441913869,high,True,0.025,0.12
2025-06-25,DIA,1.0,0.2067177672295117,0.48193801802593134,low,True,0.025,0.12
2025-06-25,QQQ,1.0,0.20499835702007058,0.45558797926914846,low,True,0.025,0.12
2025-06-25,SPY,0.0,0.0,0.4118703637628189,low,False,0.025,0.12
2025-06-26,DIA,1.0,0.307824657571896,0.6219384305774845,medium,True,0.025,0.12
2025-06-26,QQQ,1.0,0.3080729642140654,0.6236314127875525,medium,True,0.025,0.12
2025-06-26,SPY,1.0,0.3071023180093372,0.6169868235009424,medium,True,0.025,0.12
2025-06-27,DIA,1.0,0.5063736987263365,0.7587699370912627,high,True,0.025,0.12
2025-06-27,QQQ,0.0,0.0,0.3791103325714509,low,False,0.025,0.12
2025-06-27,SPY,1.0,0.5298910645203523,0.8570817468093629,high,True,0.025,0.12
2025-06-30,DIA,1.0,0.30178095714202635,0.5791199189926266,medium,True,0.025,0.12
2025-06-30,QQQ,1.0,0.30104553169828063,0.5736641326602769,medium,True,0.025,0.12
2025-06-30,SPY,1.0,0.2962568882750741,0.5364196387198471,medium,True,0.025,0.12
2025-07-01,DIA,1.0,0.3019864834887967,0.5806338200083653,medium,True,0.025,0.12
2025-07-01,QQQ,1.0,0.48696620564792903,0.6706473566413332,high,True,0.025,0.12
2025-07-01,SPY,1.0,0.3075130423554184,0.6198072316860945,medium,True,0.025,0.12
2025-07-02,DIA,1.0,0.20801606252572374,0.5001604530892092,low,True,0.025,0.12
2025-07-02,QQQ,1.0,0.48417088530798513,0.657183879972457,high,True,0.025,0.12
2025-07-02,SPY,1.0,0.29962855857469617,0.5629716103994509,medium,True,0.025,0.12
2025-07-03,DIA,1.0,0.4795354299836498,0.634290112020477,high,True,0.025,0.12
2025-07-03,QQQ,1.0,0.30022909479130816,0.567533456976999,medium,True,0.025,0.12
2025-07-03,SPY,1.0,0.30870504787341907,0.6279205303856659,medium,True,0.025,0.12
2025-07-07,DIA,0.0,0.0,0.43870562353369325,low,False,0.025,0.12
2025-07-07,QQQ,0.0,0.0,0.4397115107017655,low,False,0.025,0.12
2025-07-07,SPY,1.0,0.2960110927205904,0.5344135937726717,medium,True,0.025,0.12
2025-07-08,DIA,1.0,0.5136445423328375,0.7899539400526466,high,True,0.025,0.12
2025-07-08,QQQ,1.0,0.3052408732447328,0.604033762023164,medium,True,0.025,0.12
2025-07-08,SPY,1.0,0.3011644008715453,0.5745501456599369,medium,True,0.025,0.12
2025-07-09,DIA,1.0,0.4949015240103468,0.707689331602834,high,True,0.025,0.12
2025-07-09,QQQ,1.0,0.48050907850233393,0.6391623456234963,high,True,0.025,0.12
2025-07-09,SPY,1.0,0.5030853698315051,0.74438446432881,high,True,0.025,0.12
2025-07-10,DIA,1.0,0.49401659664080816,0.7036361382337764,high,True,0.025,0.12
2025-07-10,QQQ,1.0,0.30650160750638195,0.6128378866604166,medium,True,0.025,0.12
2025-07-10,SPY,1.0,0.48699099760893144,0.670765712914697,high,True,0.025,0.12
2025-07-11,DIA,1.0,0.3009745961983846,0.5731346195148165,medium,True,0.025,0.12
2025-07-11,QQQ,1.0,0.2981516591416222,0.5515488487624883,medium,True,0.025,0.12
2025-07-11,SPY,0.0,0.0,0.40410692541286614,low,False,0.025,0.12
2025-07-14,DIA,1.0,0.20771240378992112,0.4960028332255078,low,True,0.025,0.12
2025-07-14,QQQ,1.0,0.2980364726577512,0.5506450363528873,medium,True,0.025,0.12
2025-07-14,SPY,0.0,0.0,0.3559262772149718,low,False,0.025,0.12
2025-07-15,DIA,1.0,0.49804321218392833,0.7219382975269001,high,True,0.025,0.12
2025-07-15,QQQ,1.0,0.5277532988657678,0.8484221549179858,high,True,0.025,0.12
2025-07-15,SPY,1.0,0.5231950842918833,0.829793591895007,high,True,0.025,0.12
2025-07-16,DIA,1.0,0.486531672154133,0.6685699794702966,high,True,0.025,0.12
2025-07-16,QQQ,1.0,0.5125319477889806,0.7852337663063953,high,True,0.025,0.12
2025-07-16,SPY,1.0,0.500615242771296,0.733449892524016,high,True,0.025,0.12
2025-07-17,DIA,1.0,0.5178320932541823,0.8075661285965452,high,True,0.025,0.12
2025-07-17,QQQ,1.0,0.5051670011634471,0.7535128177389576,high,True,0.025,0.12
2025-07-17,SPY,1.0,0.4907345100784539,0.6884398326178057,high,True,0.025,0.12
2025-07-18,DIA,1.0,0.48358375369789874,0.6543248896023028,high,True,0.025,0.12
2025-07-18,QQQ,1.0,0.2963175420427966,0.5369130382915854,medium,True,0.025,0.12
2025-07-18,SPY,1.0,0.5210668464429132,0.8210147980266396,high,True,0.025,0.12
2025-07-21,DIA,1.0,0.4793726252294508,0.6334719159340202,high,True,0.025,0.12
2025-07-21,QQQ,1.0,0.4935502148166454,0.7014926673360684,high,True,0.025,0.12
2025-07-21,SPY,1.0,0.5039961674598897,0.7483879386174354,high,True,0.025,0.12
2025-07-22,DIA,1.0,0.5205689776551335,0.818953322795925,high,True,0.025,0.12
2025-07-22,QQQ,1.0,0.47905268631508896,0.6318610393200769,high,True,0.025,0.12
2025-07-22,SPY,1.0,0.5007249917784687,0.7339381767424726,high,True,0.025,0.12
2025-07-23,DIA,1.0,0.29460607830800745,0.5227324896282243,medium,True,0.025,0.12
2025-07-23,QQQ,1.0,0.2951227813028308,0.5270722849902008,medium,True,0.025,0.12
2025-07-23,SPY,1.0,0.3024494147824745,0.5840270369108488,medium,True,0.025,0.12
2025-07-24,DIA,1.0,0.48610130571168,0.6665070155519284,high,True,0.025,0.12
2025-07-24,QQQ,1.0,0.48242643471062424,0.6486560413469479,high,True,0.025,0.12
2025-07-24,SPY,1.0,0.5111468154470837,0.7793322269101699,high,True,0.025,0.12
2025-07-25,DIA,1.0,0.5005079800658867,0.7329724444303407,high,True,0.025,0.12
2025-07-25,QQQ,1.0,0.5049151179959982,0.7524123152161541,high,True,0.025,0.12
2025-07-25,SPY,1.0,0.5279044458169215,0.8490359844406326,high,True,0.025,0.12
2025-07-28,DIA,1.0,0.2082123566784224,0.5028173913804435,low,True,0.025,0.12
2025-07-28,QQQ,1.0,0.299934401100363,0.565300585761875,medium,True,0.025,0.12
2025-07-28,SPY,1.0,0.3074280871077902,0.6192249212240525,medium,True,0.025,0.12
2025-07-29,DIA,1.0,0.29926532415939894,0.5601898163943839,medium,True,0.025,0.12
2025-07-29,QQQ,0.0,0.0,0.4138795603790608,low,False,0.025,0.12
2025-07-29,SPY,1.0,0.5204544092759679,0.8184785140824395,high,True,0.025,0.12
2025-07-30,DIA,1.0,0.531352802182889,0.8629760047029017,high,True,0.025,0.12
2025-07-30,QQQ,1.0,0.30692841261161896,0.6157886623746323,medium,True,0.025,0.12
2025-07-30,SPY,1.0,0.5382754552718334,0.8906120496438075,high,True,0.025,0.12
2025-07-31,DIA,1.0,0.4867040069482797,0.6693945256627283,high,True,0.025,0.12
2025-07-31,QQQ,1.0,0.5232900568148446,0.8301841066833922,high,True,0.025,0.12
2025-07-31,SPY,1.0,0.5243311166133444,0.8344580219919686,high,True,0.025,0.12
2025-08-01,DIA,0.0,0.0,0.33628877643763844,low,False,0.025,0.12
2025-08-01,QQQ,1.0,0.48619029023120225,0.6669340168542689,high,True,0.025,0.12
2025-08-01,SPY,1.0,0.4794591084140577,0.6339066750049374,high,True,0.025,0.12
2025-08-04,DIA,1.0,0.2949582360404385,0.5256960205484463,medium,True,0.025,0.12
2025-08-04,QQQ,1.0,0.5111021174231697,0.779141311950052,high,True,0.025,0.12
2025-08-04,SPY,1.0,0.5120111556487864,0.7830181719983863,high,True,0.025,0.12
2025-08-05,DIA,1.0,0.48888523768729775,0.6797568998367051,high,True,0.025,0.12
2025-08-05,QQQ,0.0,0.0,0.4396028684249454,low,False,0.025,0.12
2025-08-05,SPY,1.0,0.3033625192425705,0.5906544963431086,medium,True,0.025,0.12
2025-08-06,DIA,1.0,0.4888062771275623,0.679384110370478,high,True,0.025,0.12
2025-08-06,QQQ,1.0,0.529231039385184,0.8544131907125745,high,True,0.025,0.12
2025-08-06,SPY,1.0,0.5322797679661901,0.8667028570690624,high,True,0.025,0.12
